Phrase	Grammar	Transcription	Translation	Notes
de	det, prep	də, dy, de	of, from, some, any	
je	pro	ʒə, ʒ	I	
le pas	adv,nm(pl)	pɑ	not, n’t; footstep	
le	det, pro	lə	the; him, her, it, them	
que	adv,conj,pro	kə	that, which, who, whom	
tu	pro	ty	you	
vous	pro	vu	you(pl)	
un	adj, det, nm, pro	œ͂	a, an, one	
et	conj	e	and	
à	prep	a	to, at, in	
il	pro	il	he, it	
ne	adv	nə	not	
en	adv,prep,pro	ɑ͂	in, by	
on	pro	ɔ͂	one, we	
ce	det,pro	sə	this, that	
pour	prep	puʀ	for, in order to	
qui	pro	ki	who, whom	
mais	adv,conj,intj	mɛ	but	
dans	prep	dɑ͂	in, into, from	
nous	pro	nu	we, us	
elle	pro	ɛl	she, her	
bien	adji,adv,nm	bjɛ͂	well	
me	pro	mə	me, to me, myself	
le si	adv,conj,nmi	si	if, whether	
y	adv,nmi,pro	igʀɛk	there	
le non	adv,nmi	nɔ͂	no, not	
avec	prep	avɛk	with	
tout	adv,det,nadj,pro	tu	all, very	
plus	adv	ply	more, no more	
mon	det	mɔ͂, me	my	
te	pro	tə	you, to you, from you	
le fait	adj,nm	fɛ	done, fact	
le moi	nm,pro	mwa	me	
oui	adv,nmi	ˊwi	yes	
faire	nm,v	fɛʀ	to do, make	
sur	adj,prep	syʀ	on, upon	
quoi	pro	kwa	what	
se	pro	sə	oneself, himself, herself, itself, themselves	
comme	adv,conj	kɔm	like, as	
être	nm,v	ɛtʀ	to be; being	
ici	adv	isi	here	
toi	nm,pro	twa	you, yourself	
dit	nadj	di, dit	said, so-called; tale	
lui	pro	lɥi	him, her	
votre	det	vɔtʀ	your	
pourquoi	adv,conj,nmi	puʀkwa	why	
où	adv,pro	u	where	
la rien	adv,nm,pro	ʀjɛ͂	nothing	
là	adv,intj	la	there, here	
quand	adv,conj	kɑ͂	when	
dire	nm,v	diʀ	to say	
le son	det,nm	sɔ͂	his, her, its; sound	
le ton, la ton	det,nm	tɔ͂	your; tone	
alors	adv	alɔʀ	then, so	
comment	adv,conj,intj,nmi	kɔmɑ͂	how	
par	prep	paʀ	by	
ou	conj	u	or	
la chose	adj(f),nf	ʃoz	thing	
le bon	adj,adv,intj,nm	bɔ͂	good	
le merci, la merci	intj,nm,nf	mɛʀsi	thank you; favor	
juste	adv,nadj(f)	ʒyst	just, only; fair	
très	adv	tʀɛ	very	
jamais	adv	ʒamɛ	never	
un été	nm	ete	summer	
avoir	nm,v	avwaʀ	to have	
vraiment	adv	vʀɛmɑ͂	truly, really, very	
aussi	adv,conj	osi	too, also, as	
voir	v	vwaʀ	to see	
oh	intj	o	oh	
même	adj(f),adv,pro	mɛm	same, even, self	
maintenant	adv	mɛ͂t(ə)nɑ͂	now	
le deux	det,nmi	dø	two	
autre	det,nadj(f),pro	otʀ	other	
peu	adv	pø	little	
quelque	adv,adj,det	kɛlk	some	
le temps	nm(pl)	tɑ͂	time	
toujours	adv	tuʒuʀ	always	
encore	adv	ɑ͂kɔʀ	again, yet	
notre	det	nɔtʀ, no	our	
le besoin	nm	bəzwɛ͂	need	
un accord	nm	akɔʀ	agreement	
la vie	nf	vi	life	
aller	nm,v	ale	to go	
la fois	nf(pl)	fwa	time, times	
sans	prep	sɑ͂	without	
donc	conj	dɔ͂k	so, then, therefore, thus	
le monde	nm	mɔ͂d	world, people	
un avant	adji,adv,nm,prep	avɑ͂	before;&nbsp;forward	
sûr	adj	syʀ	sure	
trop	adv	tʀo	too much, too many	
parler	nm,v	paʀle	to speak	
le père	nm	pɛʀ	father	
la personne	nf,pro	pɛʀsɔn	person, people, anybody, anyone, nobody	
après	adv,prep	apʀɛ	after	
ouais	intj	ˊwɛ	yeah	
le dieu	intj,nm	djø	god	
un homme	nm	ɔm	man	
la femme	nf	fam	woman, wife	
leur	det,adj(f),pro	lœʀ	them, their, theirs	
le vrai	adv,nadj	vʀɛ	true	
le mal	adji,adv,nm	mal	bad	
chez	prep, n	ʃe	at, with; home	
depuis	adv,prep	dəpɥi	since, for	
déjà	adv	deʒa	already	
beaucoup	adv	boku	a lot of, many	
le mort, la mort	adj,nf	mɔʀ	dead; death	
le mieux	adji(pl),adv,nm	mjø	better	
la mère	adj,nf	mɛʀ	mother	
la fille	nf	fij	girl, daughter	
le gens	nmpl	ʒɑ͂	people	
quel	det,adj,pro	kɛl	which, what	
voilà	prep	vwala	right, there, here	
le petit	nadj	p(ə)ti, it	small, little	
la maison	nf	mɛzɔ͂	house	
soit	adv,conj	swat	either...or	
le soir	nm	swaʀ	evening	
cela	pro	s(ə)la	that, it	
le passé	nadj,prep	pɑse	past	
le jour	nm	ʒuʀ	day	
prendre	v	pʀɑ͂dʀ	to take	
le monsieur	nm	məsjø, mesjø	mister, sir, gentleman	
savoir	nm,v	savwaʀ	to know	
un argent	nm	aʀʒɑ͂	money; silver	
le salut	intj,nm	saly	salute, hi, bye	
le nom	nm	nɔ͂	name	
la nuit	nf	nɥi	night	
le bonjour	nm	bɔ͂ʒuʀ	hello	
la raison	nf	ʀɛzɔ͂	reason	
le moins	adji(pl),adv,nm(pl),prep	mwɛ͂	less	
la maman	nf	mamɑ͂	mom	
le reste	nm	ʀɛst	rest	
un air	nm	ɛʀ	air, appearance	
seul	adj	sœl	alone, only	
le moment	nm	mɔmɑ͂	moment	
aider	v	ede	to help, assist	
le papa	nm	papa	dad, daddy	
entre	prep	ɑ͂tʀ	between	
le passe, la passe	nm,nf	pɑs	pass, channel	
le problème	nm	pʀɔblɛm	problem	
la peur	nf	pœʀ	fear	
le gars	nm(pl)	gɑ	guy	
le fils	nm(pl)	fis	son	
eh	intj	e, ɛ	hey, uh	
trois	det,nmi	tʀwɑ	three	
assez	adv	ase	enough	
la famille	nf	famij	family	
trouver	v	tʀuve	to find	
le travail	nm	tʀavaj, o	work	
la tête	nf	tɛt	head	
ah	intj	ˊɑ	ah, oh	
la voiture	nf	vwatyʀ	car	
vite	adv	vit	fast, quickly	
partir	v	paʀtiʀ	to leave	
hé	intj	he, ˊe	hey	
la merde	intj,nf	mɛʀd	sh*t, crap	
tuer	v	tɥe	to kill	
la chance	nf	ʃɑ͂s	luck; chance	
le pendant	adj,prep,nm	pɑ͂dɑ͂	during	
une idée	nf	ide	idea	
le part, la part	nf	paʀ	share	
demain	adv,nm	dəmɛ͂	tomorrow	
grand	adv,nadj	gʀɑ͂, gʀɑ͂d	great, big, tall	
un ami	nadj	ami	friend	
venir	v	v(ə)niʀ	to come	
tard	adv	taʀ	late	
le mec	nm	mɛk	guy	
hein	intj	ˊɛ͂	eh, huh	
passer	v	pɑse	to pass	
le truc	nm	tʀyk	trick; thing	
tant	adv	tɑ͂	so much, so many	
combien	adv,conj	kɔ͂bjɛ͂	how much, how many	
le sens	nm(pl)	sɑ͂s	sense, meaning	
puis	adv	pɥi	then, so	
la porte	nf	pɔʀt	door	
super	adji,nm	sypɛʀ	great	
sortir	v	sɔʀtiʀ	to go out, leave	
une heure	nf	œʀ	hour	
contre	adv,nm,prep	kɔ͂tʀ	against	
le coup	nm	ku	coup, blow, knock, stroke	
un ensemble	adv,nm	ɑ͂sɑ͂bl	together	
le nouveau	adj,nm	nuvo	new	
un amour	nm	amuʀ	love	
le sang	nm	sɑ͂	blood	
sous	prep	su	under	
le cas	nm(pl)	kɑ	case	
rester	v	ʀɛste	to stay	
la question	nf	kɛstjɔ͂	question	
la partie	nf	paʀti	part	
une histoire	nf	istwaʀ	history, story	
chercher	v	ʃɛʀʃe	to look for	
seulement	adv	sœlmɑ͂	only	
la police	nf	pɔlis	police	
un aide, une aide	nm,nf	ɛd	help, assistance	
la demande	nf	d(ə)mɑ͂d	request, demand	
le genre	nm	ʒɑ͂ʀ	type, kind, sort	
le mois	nm(pl)	mwa	month	
le frère	nm	fʀɛʀ	brother	
laisser	v	lese	to leave, to let	
le car	conj,nm	kaʀ	because; bus	
mettre	v	mɛtʀ	to put, place	
aucun	det,adj,pro	okœ͂, okyn	none, either, neither, not any	
eux	pro	ø	them	
la ville	nf	vil	city	
chaque	det,adj	ʃak	each	
arrivé	adj	aʀive	arrived	
le bébé	nadj(f)	bebe	baby	
longtemps	adv	lɔ͂tɑ͂	a long time, a long while	
la putain	nf	pytɛ͂	whore, bitch; stupid	
revoir	v	ʀ(ə)vwaʀ	to see again, revise	
la place	nf	plas	room, space, square, place	
ni	conj	ni	nor	
une attention	nf	atɑ͂sjɔ͂	attention	
voici	prep	vwasi	here is, here are, this is, these are	
une affaire	nf	afɛʀ	business, matter	
donner	v	dɔne	to give	
le type	nm	tip	type; guy	
le train	nm	tʀɛ͂	train	
le corps	nm(pl)	kɔʀ	body	
un endroit	nm	ɑ͂dʀwa	place, spot	
la façon	nf	fasɔ͂	way, manner	
une écoute	nf	ekut	listening	
dont	pro	dɔ͂	whose, of which	
le premier	det,nadj	pʀəmje	first	
perdu	nadj	pɛʀdy	lost, stray, wasted	
la main	nf	mɛ͂	hand	
le côté	nm	kote	side	
pouvoir	nm,v	puvwaʀ	can, to be able to	
le vieux	adj(pl),nm(pl)	vjø	old	
tiens	nadjpl,intj	t(ə)niʀ	ah, well	
le matin	nm	matɛ͂	morning	
tellement	adv	tɛlmɑ͂	so much, indeed	
un enfant, une enfant	nm,nf,adj(f)	ɑ͂fɑ͂	child	
le point	adv,nm	pwɛ͂	point; at all	
venu	nadj	v(ə)ny	come	
la suite	nf	sɥit	result, follow-up, rest	
le pardon	nm	paʀdɔ͂	forgiveness	
le devant	adv,nm,prep	d(ə)vɑ͂	in front, ahead	
le vers	nm(pl),prep	vɛʀ	toward	
la chambre	nf	ʃɑ͂bʀ	bedroom, chamber	
le droit	adj,adv,nm	dʀwa	right	
le mari, la mari	nm	maʀi	husband	
la cause	nf	koz	cause	
enfin	adv	ɑ͂fɛ͂	at last, finally	
une eau	nf	o	water	
le parti	nadj	paʀti	political party; gone	
le boulot	adj,nm	bulo	work, job	
arrêter	v	aʀete	to stop, arrest	
la terre	nf	tɛʀ	earth, world, soil, land	
le compte	nm	kɔ͂t	account, count	
loin	adv,nm	lwɛ͂	far	
le fin, la fin	adj,adv,nf,nm	fɛ͂	end; gist; clever person	
croire	v	kʀwaʀ	to believe	
gros	adv,nadj(pl)	gʀo	big	
plutôt	adv	plyto	rather	
jouer	v	ʒwe	to play	
le bureau	nm	byʀo	office, desk	
hier	adv	jɛʀ	yesterday	
le prêt	adj,nm	pʀɛ	ready	
mourir	v	muʀiʀ	to die	
celui	pro	səlɥi	that, the one, he, him	
demander	v	d(ə)mɑ͂de	to ask for	
possible	adj(f)	pɔsibl	possible	
le jeune, la jeune	nadj(f)	ʒœn	young	
le dehors	adv,nm(pl),prep	dəɔʀ	outside	
euh	intj	ø	er, um, uh	
une école	nf	ekɔl	school	
beau	adj,nm	bo	handsome, fine, right	
appeler	v	aple	to call	
la semaine	nf	s(ə)mɛn	week	
le propos	nm(pl)	pʀɔpo	remark, about	
la vérité	nf	veʀite	truth	
le chef	nm	ʃɛf	head, leader, chief	
la confiance	nf	kɔ͂fjɑ͂s	confidence, trust	
le feu	adj(f),nm	fø	fire	
vivre	nm,v	vivʀ	to live	
le docteur	nm	dɔktœʀ	doctor	
la journée	nf	ʒuʀne	day	
près	adv,prep	pʀɛ	near, nearby, close by	
la madame	nf	madam, medam	madam, lady	
le meilleur	nadj	mɛjœʀ	better, best	
le dessus	adv,nm(pl),prep	d(ə)sy	above, on top	
le téléphone	nm	telefɔn	telephone	
le dur	adv,nadj	dyʀ	hard	
manger	nm,v	mɑ͂ʒe	to eat	
le garçon	nm	gaʀsɔ͂	boy	
le mariage	nm	maʀjaʒ	marriage	
une équipe	nf	ekip	team	
arriver	v	aʀive	to arrive, happen	
la marche	nf	maʀʃ	walk, step, march	
la guerre	nf	gɛʀ	war	
le derrière	adv,nm,prep	dɛʀjɛʀ	last; behind	
plein	adv,nadj,prep	plɛ͂	full	
important	nadj	ɛ͂pɔʀtɑ͂	important	
le fort	adv,adj,nm	fɔʀ	strong	
exactement	adv	ɛgzaktəmɑ͂	exactly	
presque	adv	pʀɛsk	almost	
dernier	nadj	dɛʀnje	last, previous	
le fou	adj,nm	fu	mad, crazy	
la fête	nf	fɛt	holiday, celebration	
tomber	v	tɔ͂be	to fall	
attendre	v	atɑ͂dʀ	to wait	
la sécurité	nf	sekyʀite	security, safety	
la vue	nf	vy	view	
le jeu	nm	ʒø	game	
génial	adj	ʒenjal, jo	inspired, great, brilliant	
une envie	nf	ɑ͂vi	envy, desire	
le capitaine	nm	kapitɛn	captain	
le pays	nm(pl)	pei	country	
le garde, la garde	nm,nf	gaʀd	guard	
le cours, la cours	nfpl,nm(pl)	kuʀ	course	
le numéro	nm	nymeʀo	number	
bientôt	adv	bjɛ͂to	soon	
cinq	det,nm(pl)	sɛ͂k,	five	
le parfait	nadj	paʀfɛ	perfect	
la minute	nf	minyt	minute	
ainsi	adv	ɛ͂si	thus	
autant	adv	otɑ͂	as much, as many	
le retour	nm	ʀ(ə)tuʀ	return	
la peine	nf	pɛn	effort, trouble	
un instant	adj,nm	ɛ͂stɑ͂	instant, moment	
mauvais	adv,nadj(pl)	movɛ	bad, wrong	
une arme	nf	aʀm	weapon	
le prison, la prison	nf	pʀizɔ͂	prison	
penser	nm,v	pɑ͂se	to think	
le mot	nm	mo	word	
le film	nm	film	film	
quatre	det,nmi	katʀ(ə)	four	
essayer	v	eseje	to try	
rentrer	v	ʀɑ͂tʀe	to go in, come in, come back, return	
le plan	adj,nm	plɑ͂, plan	plan	
travailler	v	tʀavaje	to work	
regarder	v	ʀ(ə)gaʀde	to look, watch	
parfois	adv	paʀfwa	sometimes	
la faute	nf	fot	mistake, error, fault	
le choix	nm(pl)	ʃwa	choice	
le bas	adv,nadj(pl),nm(pl)	bɑ	low; stockings	
heureux	nadj(pl)	øʀø, -øz	happy, lucky, fortunate	
facile	adj(f)	fasil	easy	
entendre	v	ɑ͂tɑ͂dʀ	to hear	
changer	v	ʃɑ͂ʒe	to change	
le lit	nm	li	bed	
entrer	v	ɑ͂tʀe	to enter, go in, come in	
le plaisir	nm	pleziʀ	pleasure	
ensuite	adv	ɑ͂sɥit	next, following	
propre	nadj(f)	pʀɔpʀ	clean, proper, own	
la route	nf	ʀut	road	
le tour, la tour	nm,nf	tuʀ	tower; turn; tour	
garder	v	gaʀde	to keep	
une année	nf	ane	year	
drôle	adj(f),nm	dʀol	funny, strange	
le service	nm	sɛʀvis	service	
rendre	v	ʀɑ͂dʀ	to render, return, yield, give up	
un agent, une agent	nm,nf	aʒɑ͂	agent	
le lieu	nm	ljø	the place	
devoir	nm,v	d(ə)vwaʀ	to have to, owe; duty	
le sujet	nm	syʒɛ	subject, topic	
difficile	nadj(f)	difisil	difficult	
le pire	nadj(f)	piʀ	worse, worst	
la sorte	nf	sɔʀt	sort, kind	
ceci	pro	səsi	this	
un état	nm	eta	state	
bizarre	nadj(f)	bizaʀ	strange, odd	
le chien	nm	ʃjɛ͂	dog	
perdre	v	pɛʀdʀ	to lose	
impossible	nadj(f)	ɛ͂pɔsibl	impossible	
tôt	adji,adv	to	early	
dès	prep	dɛ	from, as soon	
payer	v	peje	to pay	
le calme	nadj(f)	kalm	calm	
le café	nm	kafe	coffee, café	
le verre	nm	vɛʀ	glass, cup	
la ferme	adj(f),adv,nf	fɛʀm	farm; firm	
la photo	nf	fɔto	photo	
sûrement	adv	syʀmɑ͂	surely	
montrer	v	mɔ͂tʀe	to show	
le cœur	nm	kœʀ	heart	
le meurtre	nm	mœʀtʀ	murder	
un hôpital	nm	ɔpital, o	hospital	
la musique	nf	myzik	music	
un avis	nm(pl)	avi	opinion, mind	
sauf	adj,prep	sof	except; safe	
le courant	adj,nm	kuʀɑ͂	current	
le doute, la doute	nm	dut	doubt	
la seconde	det,nf	s(ə)gɔ͂d	second	
sérieux	nadj(pl)	seʀjø	serious	
le marché	nm	maʀʃe	market	
le gentil	nadj	ʒɑ͂ti, ij	nice, kind	
un haut	adv,nadj	ˊo	top, high	
le malade, la malade	nadj(f)	malad	ill, sick	
dîner	nm,v	dine	dinner; to dine	
un esprit	nm	ɛspʀi	mind, spirit	
le moyen	adj,nm	mwajɛ͂	means, way; medium	
le six	det,nmi	sis	six	
la salle	nf	sal	the room, the hall	
comprendre	v	kɔ͂pʀɑ͂dʀ	to understand	
sauver	v	sove	to rescue, save	
le cul	nm	ky	bum, arse, ass	
le seigneur	nm	sɛɲœʀ	lord	
le simple	nadj(f)	sɛ͂pl	simple	
le bras	nm(pl)	bʀa	arm	
le chéri	nadj	ʃeʀi	darling, love, dear	
partout	adv	paʀtu	everywhere	
le visage	nm	vizaʒ	face	
le chemin	nm	ʃ(ə)mɛ͂	path, way	
le retard	nm	ʀ(ə)taʀ	delay	
la soirée	nf	swaʀe	evening, party	
un écrit	nadj	ekʀi	writing	
le livre, la livre	nm,nf	livʀ	book	
la face	nf	fas	front, side, face	
boire	nm,v	bwaʀ	to drink	
le surtout	adv,nm	syʀtu	especially, above all	
le bois	nm(pl)	bwɑ	wood	
la joue	nf	ʒu	cheek	
le rapport	nm	ʀapɔʀ	relationship, report	
le message	nm	mesaʒ	message	
le pauvre	nadj(f)	povʀ	poor	
une erreur	nf	eʀœʀ	mistake, error	
sinon	conj	sinɔ͂	otherwise, or else	
un honneur	nm	ɔnœʀ	honor	
rencontrer	v	ʀɑ͂kɔ͂tʀe	to meet	
un an	nm	ɑ͂	year	
devenir	nm,v	dəv(ə)niʀ	to become	
souvent	adv	suvɑ͂	often	
revenir	v	ʀ(ə)vəniʀ, ʀəvniʀ	to come back	
messieurs	nmpl	mesjø	gentlemen	
le sort	nm	sɔʀ	fate, curse	
la pièce	nf	pjɛs	piece, part, component; room	
dormir	v	dɔʀmiʀ	to sleep	
la grave	adv,nadj(f),nm	gʀav	serious, grave	
commencer	v	kɔmɑ͂se	to begin, start	
le roi	nm	ʀwa	king	
le groupe	nm	gʀup	group	
la carte	nf	kaʀt	card, map	
un intérieur	nadj	ɛ͂teʀjœʀ	interior, inside	
le reçu	nm	ʀ(ə)sy	receipt, accepted	
le rêve	nm	ʀɛv	dream	
bonsoir	intj,nm	bɔ͂swaʀ	good evening	
le faux, la faux	adv,adj(pl),nm(pl),nf(pl)	fo	false; scythe	
le manque, la manque	nm	mɑ͂k	lack	
un appel	nm	apɛl	call	
le sac	nm	sak	bag, sack	
content	adj	kɔ͂tɑ͂	glad, pleased, happy	
cher	adj,adv	ʃɛʀ	expensive	
le président	nm	pʀezidɑ͂, ɑ͂t	president	
acheter	v	aʃ(ə)te	to buy	
le début	nm	deby	the beginning	
le secret	nadj	səkʀɛ	secret	
le maître	nm	mɛtʀ	master	
la venue	nf	v(ə)ny	coming	
le patron	nm	patʀɔ͂	boss	
la rue	nf	ʀy	street	
occuper	v	ɔkype	to occupy	
le âge	nm	ɑʒ	age	
le prix	nm(pl)	pʀi	price; prize	
gagner	v	gaɲe	to win, earn	
un effet	nm	efɛ	effect	
tirer	v	tiʀe	to pull, fire	
un avocat	nm	avɔka	lawyer	
la grâce	nf	gʀɑs	thanks, grace, favour	
la voix	nf(pl)	vwɑ	voice	
le général	nadj	ʒeneʀal	general	
le noir	nadj	nwaʀ	black	
long	adv,nadj	lɔ͂	long, lengthy	
apprendre	v	apʀɑ͂dʀ	to learn	
dix	det,nmi	dis,	ten	
un accident	nm	aksidɑ͂	accident	
probablement	adv	pʀɔbabləmɑ͂	probably	
le bout	nm	bu	bit, tip, end	
un ordre	nm	ɔʀdʀ	order	
incroyable	nadj(f)	ɛ͂kʀwajabl	incredible, unbelievable	
la scène	nf	sɛn	scene	
le voyage	nm	vwajaʒ	trip, journey	
retrouver	v	ʀ(ə)tʀuve	to find, recall	
la force	nf	fɔʀs	force	
simplement	adv	sɛ͂pləmɑ͂	simply	
ailleurs	adv	ajœʀ	elsewhere, somewhere else	
la situation	nf	sitɥasjɔ͂	situation	
protéger	v	pʀɔteʒe	to protect	
un hôtel	nm	ɔtɛl, otɛl	hotel	
utiliser	v	ytilize	to use	
la sœur	nf	sœʀ	sister	
le complètement	adv,nm	kɔ͂plɛtmɑ͂	completely	
le crime	nm	kʀim	crime	
le dos	nm(pl)	do	back	
un idiot	nadj	idjo, idjɔt	idiot, fool, stupid	
une armée	nf	aʀme	army	
la sale	nadj(f)	sal	dirty	
la liste	nf	list	list	
un anniversaire	nadj(f)	anivɛʀsɛʀ	anniversary, birthday	
un oncle	nm	ɔ͂kl	uncle	
la victime	nf	viktim	victim	
un arrêté	nadj	aʀete	decree, order	
la paix	nf(pl)	pɛ	peace	
battre	v	batʀ	to beat, hit	
absolument	adv	apsɔlymɑ͂	absolutely	
finir	v	finiʀ	to finish	
libre	adj(f)	libʀ	free	
un avion	nm	avjɔ͂	plane	
le rouge	nadj(f)	ʀuʒ	red	
retourner	v	ʀ(ə)tuʀne	to return, go back	
réussi	adj	ʀeysi	successful	
le bateau	nm	bato	boat, ship	
stupide	adj(f)	stypid	stupid, silly, bemused	
le médecin, la médecin	nm	medsɛ͂	physician, doctor	
la balle	nf	bal	ball, bullet	
la faim	nf	fɛ͂	hungry	
le contrôle	nm	kɔ͂tʀol	control	
la table	nf	tabl	table	
le fond	nm	fɔ͂	bottom	
le bordel	nm	bɔʀdɛl	brothel, mess, chaos	
une habitude	nf	abityd	habit	
une impression	nf	ɛ͂pʀesjɔ͂	impression	
la surprise	nf	syʀpʀiz	surprise	
porter	nm,v	pɔʀte	to wear, carry	
un autour	adv,nm	otuʀ	around	
la colère	nf	kɔlɛʀ	anger	
un or	conj,nm	ɔʀ	gold; hence, thus	
la ligne	nf	liɲ	line	
magnifique	adj(f)	maɲifik	magnificent	
le gauche, la gauche	nadj(f)	goʃ	left	
le clair	adv,nadj	klɛʀ	clear	
neuf	det,adj,nmi	nœf	nine; new	
le cadeau	nm	kado	present, gift	
le risque	nm	ʀisk	risk	
le système	nm	sistɛm	system	
un inspecteur	nm	ɛ͂spɛktœʀ, -tʀis	inspector	
hors	adv,prep	ˊɔʀ	except, outside	
le dedans, la dedans	adv,nm(pl),prep	d(ə)dɑ͂	inside, indoors	
expliquer	v	ɛksplike	to explain	
une espèce	nf	ɛspɛs	species	
la montre	nf	mɔ͂tʀ	watch	
le pied	nm	pje	foot	
le présent	nadj	pʀezɑ͂	present;&nbsp;gift	
plusieurs	det,adj,pro	plyzjœʀ	several	
marcher	v	maʀʃe	to walk	
la lumière	nf	lymjɛʀ	light	
la réponse	nf	ʀepɔ͂s	the answer,&nbsp;the&nbsp;response	
le coin	nm	kwɛ͂	corner	
suivre	v	sɥivʀ	to follow	
la moitié	nf	mwatje	half	
le club	nm	klœb	club	
pareil	nadj	paʀɛj	similar, likewise; peer, equal	
joli	adj	ʒɔli	pretty, attractive	
le camp	nm	kɑ͂	camp	
vouloir	nm,v	vulwaʀ	to want	
envoyer	v	ɑ͂vwaje	to send	
la mission	nf	misjɔ͂	mission	
le soleil	nm	sɔlɛj	sun	
selon	prep	s(ə)lɔ͂	according to	
un arrière	adji,adv,nm	aʀjɛʀ	back, rear	
lire	v	liʀ	to read; lira	
doucement	adv	dusmɑ͂	gently, softly	
tenir	v	t(ə)niʀ	to hold	
la sortie	nf	sɔʀti	the exit	
exact	adj	ɛgza(kt), ɛgzakt	exact, correct	
la recherche	nf	ʀ(ə)ʃɛʀʃ	research, search	
continuer	v	kɔ͂tinɥe	to continue	
poser	v	poze	to put, pose, ask	
le chaud	adv,nadj	ʃo	warm, hot	
la lettre	nf	lɛtʀ	letter	
le tueur	nm	tɥœʀ, -øz	killer, hit man	
une avance	nf	avɑ͂s	advance	
une arrivée	nf	aʀive	arrival	
le bar	nm	baʀ	bar	
quitter	v	kite	to leave	
connaître	v	kɔnɛtʀ	to know	
la loi	nf	lwa	law	
le gamin	nm	gamɛ͂, in	kid	
le professeur, la professeur	nm,nf	pʀɔfesœʀ	professor, teacher	
le froid	nadj	fʀwa	cold	
la forme	nf	fɔʀm	form	
normal	adj	nɔʀmal	normal	
le but	nm	by(t)	goal, aim, objective, purpose	
une offre	nf	ɔfʀ	offer	
le conseil	nm	kɔ͂sɛj	advice, counsel, council	
debout	adv	d(ə)bu	standing	
dangereux	adj(pl)	dɑ͂ʒʀø, -øz	dangerous	
tranquille	adj(f)	tʀɑ͂kil	quiet	
la boîte	nf	bwat	box	
le ciel	nm	sjɛl, sjø	sky	
la classe	nf	klɑs	class	
le danger	nm	dɑ͂ʒe	danger	
une enquête	nf	ɑ͂kɛt	inquiry, enquiry, investigation	
la télé	nf	tele	TV	
oublier	v	ublije	to forget	
la visite	nf	vizit	visit	
le juge, la juge	nm,nf	ʒyʒ	judge	
le poste, la poste	nm,nf	pɔst	post, position; post office	
une attaque	nf	atak	attack	
la touche	nf	tuʃ	button, key, touch, touchline	
la droite	nf	dʀwat	right	
triste	adj(f)	tʀist	sad	
aimer	v	eme	to like, love	
le vivant	nadj	vivɑ͂	alive, living	
coucher	nm,v	kuʃe	to lie down, sleep	
la tombe	nf	tɔ͂b	grave, tomb	
la preuve	nf	pʀœv	proof	
la dame	intj,nf	dam	lady	
le flic, la flic	nm,nf	flik, flikɛt	cop	
écouter	v	ekute	to listen to	
la cuisine	nf	kɥizin	cooking, kitchen	
la relation	nf	ʀ(ə)lasjɔ͂	relationship	
le dossier	nm	dosje	file, record; case	
sentir	v	sɑ͂tiʀ	to feel, smell	
le blanc	adj,nm	blɑ͂	white	
la chanson	nf	ʃɑ͂sɔ͂	song	
la gueule	nf	gœl	mouth, trap	
foutre	v,nm	futʀ	to f*ck, shove off	
la santé	nf	sɑ͂te	health	
déjeuner	nm,v	deʒœne	lunch; to have lunch	
pourtant	adv	puʀtɑ͂	yet, nonetheless, nevertheless	
le change	nm	ʃɑ͂ʒ	exchange	
le travers	nm(pl)	tʀavɛʀ	breadth, across; fault, amiss	
ouvrir	v	uvʀiʀ	to open	
la âme	nf	ɑm	soul	
voler	v	vɔle	to steal, rob; fly	
le centre	nm	sɑ͂tʀ	center	
chacun	pro	ʃakœ͂, ʃakyn	each	
le lieutenant	nm	ljøt(ə)nɑ͂	lieutenant	
le certain	adj,det,nm,pro	sɛʀtɛ͂, ɛn	certain, sure	
la compagnie	nf	kɔ͂paɲi	company	
la clé	nf	kle	key	
la manière	nf	manjɛʀ	manner, way	
différent	adj	difeʀɑ͂, ɑ͂t	different	
le bord	nm	bɔʀ	edge, side	
la décision	nf	desizjɔ͂	decision	
vendre	v	vɑ͂dʀ	to sell	
un enfer	nm	ɑ͂fɛʀ	hell	
le diable	intj,nm	djɑbl	devil	
un appartement	nm	apaʀtəmɑ͂	appartment, flat	
étrange	nadj(f)	etʀɑ͂ʒ	strange, odd	
monter	v	mɔ͂te	to go up, rise, assemble	
le signe	nm	siɲ	sign	
la bouche	nf	buʃ	mouth	
écrire	v	ekʀiʀ	to write	
le cheval	nm	ʃ(ə)val, o	horse	
le responsable, la responsable	nadj(f)	ʀɛspɔ͂sabl	responsible	
le coupable, la coupable	nadj(f)	kupabl	guilty	
une honte	nf	ˊɔ͂t	shame	
emmener	v	ɑ͂m(ə)ne	to take (a person, from a place)	
le soin	nm	swɛ͂	care	
le milieu	nm	miljø	middle	
le prochain	nadj	pʀɔʃɛ͂	next	
rire	nm,v	ʀiʀ	to laugh	
le cerveau	nm	sɛʀvo	brain	
la voie	nf	vwa	road, lane, route, track, way	
un amoureux	nadj(pl)	amuʀø, -øz	in love, amorous	
le silence	nm	silɑ͂s	silence	
la drogue	nf	dʀɔg	drug	
la blague	nf	blag	joke	
le trou	nm	tʀu	hole	
un intérêt	nm	ɛ͂teʀɛ	interest	
tel	adj,det,pro	tɛl	such	
le public	nadj	pyblik	public, audience	
la réunion	nf	ʀeynjɔ͂	meeting	
capable	adj(f)	kapabl	able, capable	
le client	nm	klijɑ͂, jɑ͂t	client	
une époque	nf	epɔk	era, period	
la prise	nf	pʀiz	grip, hold, seizure, catch	
une adresse	nf	adʀɛs	address	
cacher	v	kaʃe	to hide	
le combat	nm	kɔ͂ba	fight, combat	
la peau	nf	po	skin	
le blessé	nadj	blese	injured	
la robe	nf	ʀɔb	dress	
la fiche	nf	fiʃ	card, sheet, slip, form	
la bière	nf	bjɛʀ	beer; coffin	
le colonel	nm	kɔlɔnɛl	colonel	
lequel	pro	ləkɛl, lakɛl, lekɛl	who, whom, which	
le don	nm	dɔ͂	gift, talent	
le journal	nm	ʒuʀnal, o	newspaper, paper	
la société	nf	sɔsjete	society	
sept	det,nmi	sɛt	seven	
le contact	nm	kɔ͂takt	contact	
la base	nf	bɑz	base	
le vin	nm	vɛ͂	wine	
servir	v	sɛʀviʀ	to serve	
un exemple	nm	ɛgzɑ͂pl	example	
jeter	v	ʒ(ə)te	to throw	
la mer	nf	mɛʀ	sea	
le tort	nm	tɔʀ	wrong	
ouvert	adj	uvɛʀ, ɛʀt	open	
récupérer	v	ʀekypeʀe	to get back, recover, recuperate	
le dommage	nm	dɔmaʒ	damage, harm; too bad	
le gouvernement	nm	guvɛʀnəmɑ͂	government	
le vol	nm	vɔl	flight, theft	
le nez	nm(pl)	ne	nose	
un héros	nm(pl)	ˊeʀo, eʀɔin	hero	
horrible	adj(f)	ɔʀibl	horrible, terrible, dreadful, hideous	
prévu	nadj	pʀevwaʀ	planned, expected	
une enceinte	adjf,nf	ɑ͂sɛ͂t	pregnant; enclosure	
le secours	nm(pl)	s(ə)kuʀ	help, aid, assistance	
une entrée	nf	ɑ͂tʀe	entrance	
une opération	nf	ɔpeʀasjɔ͂	operation	
le témoin	nm	temwɛ͂	witness	
environ	adv,prep,nm	ɑ͂viʀɔ͂	about, thereabouts, or so	
répondre	v	ʀepɔ͂dʀ	to answer	
le départ	nm	depaʀ	departure	
la danse	nf	dɑ͂s	dance, dancing	
vérifier	v	veʀifje	to check, verify	
la lune	nf	lyn	moon	
le sexe	nm	sɛks	sex	
la justice	nf	ʒystis	justice	
terrible	adj(f)	teʀibl	terrible, dreadful	
le peuple	nm	pœpl	people	
le bruit	nm	bʀɥi	noise	
le commandant	nadj	kɔmɑ͂dɑ͂, ɑ͂t	commander	
intéressant	adj	ɛ͂teʀesɑ͂, ɑ͂t	interesting	
le lycée	nm	lise	high school	
ramener	v	ʀamne	to bring back, return, take back	
la mise	nf	mi	putting, placing	
le radio, la radio	adji,nm,nf	ʀadjo	radio	
inutile	nadj(f)	inytil	useless	
une excuse	nf	ɛkskyz	excuse, apology	
le tas	nm(pl)	tɑ	pile, lots of	
la banque	nf	bɑ͂k	bank	
apparemment	adv	apaʀamɑ͂	apparently	
baiser	nm,v	beze	to kiss	
la bête	nadj(f)	bɛt	animal, beast; stupid	
ridicule	nadj(f)	ʀidikyl	ridiculous, silly	
un avenir	nm	av(ə)niʀ	future	
le thé	nm	te	tea	
la bande	nf	bɑ͂d	band, strip	
le œil	nm	œj, jø	eye	
plupart		plypaʀ	most, the majority	
le procès	nm(pl)	pʀɔsɛ	trial, proceedings	
le bravo	intj,nm	bʀavo	bravo, well done	
la position	nf	pozisjɔ͂	position	
sérieusement	adv	seʀjøzmɑ͂	seriously	
la pitié	nf	pitje	pity, mercy	
un humain	nadj	ymɛ͂	human	
une approche	nf	apʀɔʃ	approach	
la liberté	nf	libɛʀte	liberty, freedom	
le revenu	nm	ʀ(ə)vəny, ʀəvny	income	
un anglais	nadj(pl)	ɑ͂glɛ	English	
la nourriture	nf	nuʀityʀ	food	
le nord	adji,nm	nɔʀ	north	
le deuxième, la deuxième	det,nm,nf	døzjɛm	second	
le vaisseau	nm	vɛso	ship, vessel	
éviter	v	evite	to avoid	
la cour	nf	kuʀ	yard, court	
le rôle	nm	ʀol	role	
une expérience	nf	ɛkspeʀjɑ͂s	experience	
le match	nm	matʃ	match, game	
empêcher	v	ɑ͂peʃe	to prevent	
le directeur	nadj		director	
le mur	nm	myʀ	wall	
conduire	v	kɔ͂dɥiʀ	to lead, drive	
la défense	nf	defɑ͂s	defense	
la tante	nf	tɑ͂t	aunt	
marier	v	maʀje	to marry	
le vide	nadj(f)	vid	empty	
spécial	adj	spesjal, jo	special	
le sud	adji,nm	syd	south	
censé	adj	sɑ͂se	supposed	
une église	nf	egliz	church	
merveilleux	adj(pl)	mɛʀvɛjø	marvellous, wonderful	
huit	det,nmi	ˊɥit	eight	
le sol	nm	sɔl	floor, ground	
excuser	v	ɛkskyze	to excuse	
le personnel	nadj	pɛʀsɔnɛl	personnel, personal	
hum	intj	ˊœm	um, uh	
la bombe	nf	bɔ͂b	bomb	
le code	nm	kɔd	code	
le niveau	nm	nivo	level	
la fenêtre	nf	f(ə)nɛtʀ	window	
le magasin	nm	magazɛ͂	store	
asseoir	v	aswaʀ	to sit	
la vidéo	adji,nf	video	video	
obtenir	v	ɔptəniʀ	to get, obtain	
la reine	nf	ʀɛn	queen	
un espoir	nm	ɛspwaʀ	hope	
certainement	adv	sɛʀtɛnmɑ͂	certainly	
la glace	nf	glas	ice, ice cream; mirror	
mien	nadj,pro	mjɛ͂, mjɛn	mine	
la presse	nf	pʀɛs	press	
souvenir	nm,v	suv(ə)niʀ	memory; to remember	
le terrain	nm	teʀɛ͂	ground, terrain	
danser	v	dɑ͂se	to dance	
le quartier	nm	kaʀtje	district, quarter	
lorsque	conj	lɔʀsk(ə)	when	
la douleur	nf	dulœʀ	pain	
le rose, la rose	nadj(f),nf	ʀoz	rose; pink	
la zone	nf	zon	zone, area	
le spectacle	nm	spɛktakl	the sight,&nbsp;the&nbsp;show	
le proche, la proche	adv,nadj(f),prep	pʀɔʃ	nearby, close	
présenter	v	pʀezɑ͂te	to present	
honnête	adj(f)	ɔnɛt	honest, decent, fair	
le rapide	nadj(f)	ʀapid	fast, quick	
le camion	nm	kamjɔ͂	truck	
le village	nm	vilaʒ	village	
une importance	nf	ɛ͂pɔʀtɑ͂s	importance	
nul	adj,det,pro	nyl	nil, null	
le mérite	nm	meʀit	merit	
assurer	v	asyʀe	to assure, insure	
fier	adj,v	fje	to rely on; proud	
prouver	v	pʀuve	to prove	
une occasion	nf	ɔkazjɔ͂	chance, opportunity	
le projet	nm	pʀɔʒɛ	project	
la rencontre	nm	ʀɑ͂kɔ͂tʀ	meeting	
la machine	nf	maʃin	machine	
la parole	nf	paʀɔl	word	
le gosse, la gosse	nm,nf	gɔs	kid	
un officier, une officier	nm,nf,v	ɔfisje	officer; officiate	
discuter	v	diskyte	to discuss, debate; to question	
remettre	v	ʀ(ə)mɛtʀ	to deliver, replace, set, put	
le copain	nm	kɔpɛ͂, kɔpin	friend, buddy, mate	
le respect	nm	ʀɛspɛ	respect	
épouser	v	epuze	to marry, wed	
la réalité	nf	ʀealite	reality	
le portable	adj(f),nm	pɔʀtabl	portable, wearable; cell phone	
choisir	v	ʃwaziʀ	to choose	
le programme	nm	pʀɔgʀam	program	
rappeler	v	ʀap(ə)le	to recall, call back	
la planète	nf	planɛt	planet	
offrir	v	ɔfʀiʀ	to offer	
la pression	nf	pʀɛsjɔ͂	pressure	
découvrir	v	dekuvʀiʀ	to discover	
le court	adj,adv,nm	kuʀ	short	
le bain	nm	bɛ͂	bath, bathing	
détruire	v	detʀɥiʀ	to destroy	
chanter	v	ʃɑ͂te	to sing	
la mademoiselle	nf	mad(ə)mwazɛl, med(ə)mwazɛl	Miss	
la charge	nf	ʃaʀʒ	to charge, load	
énorme	adj(f)	enɔʀm	enormous	
la nature	nf	natyʀ	nature	
le monstre	nadj(f)	mɔ͂stʀ	monster	
riche	nadj(f)	ʀiʃ	rich	
la solution	nf	sɔlysjɔ͂	solution	
un envers	nm(pl),prep	ɑ͂vɛʀ	towards	
réfléchir	v	ʀefleʃiʀ	to reflect	
la pierre	nf	pjɛʀ	stone	
le test	nm	tɛst	test	
enlever	v	ɑ͂lve	to remove &nbsp;&nbsp;	
sauter	v	sote	to jump	
préparer	v	pʀepaʀe	to prepare	
le nécessaire	nadj(f)	nesesɛʀ	necessary, required	
le patient	nadj	pasjɑ͂, jɑ͂t	patient	
finalement	adv	finalmɑ͂	finally, eventually	
immédiatement	adv	imedjatmɑ͂	immediately	
arranger	v	aʀɑ͂ʒe	to arrange	
toucher	nm,v	tuʃe	to touch	
le bus, la bus	nm(pl)	bys	bus	
un ennemi	nadj	en(ə)mi	enemy	
un invité	nm	ɛ͂vite	guest	
le suspect	nadj	syspɛ, ɛkt	suspicious, suspect	
le couteau	nm	kuto	knife	
durant	prep	dyʀɑ͂	during, for	
ancien	adj,nm	ɑ͂sjɛ͂	ancient; former	
le vent	nm	vɑ͂	wind	
le futur	nadj	fytyʀ	future	
tourner	v	tuʀne	to turn	
le repas	nm(pl)	ʀ(ə)pɑ	meal	
un espace, une espace	nm,nf	ɛspas	space	
la taille	nf	tɑj	the size, the height	
la politique	nadj(f)	pɔlitik	politics; political	
le papier	nm	papje	paper	
accepter	v	aksɛpte	to accept	
une université	nf	ynivɛʀsite	university	
descendre	v	desɑ͂dʀ	to go down, come down	
la conversation	nf	kɔ͂vɛʀsasjɔ͂	conversation	
le contrat	nm	kɔ͂tʀa	contract	
le chat	nm	ʃa	cat; chat	
la beauté	nf	bote	beauty	
le double	nadj(f)	dubl	double	
excellent	adj	ɛkselɑ͂, ɑ͂t	excellent	
un ordinateur	nadj	ɔʀdinatœʀ	computer	
la course	nf	kuʀs	race, shopping	
la carrière	nf	kaʀjɛʀ	career	
le mille	det,nm,nmi	mil	a thousand	
le bonheur	nm	bɔnœʀ	happiness	
le mémoire, la mémoire	nm,nf	memwaʀ	memory	
le permis	nm(pl)	pɛʀmi	license, permit, permitted	
le contraire	nadj(f)	kɔ͂tʀɛʀ	opposite, contrary	
une énergie	nf	enɛʀʒi	energy	
une urgence	nf	yʀʒɑ͂s	emergency	
le taxi	nm	taksi	taxi	
joyeux	nadj(pl)	ʒwajø, -jøz	merry, joyful, happy	
parmi	prep	paʀmi	among	
le courage	nm	kuʀaʒ	courage	
la différence	nf	difeʀɑ͂s	difference	
le couple, la couple	nm,nf	kupl	couple	
le prince	nm	pʀɛ͂s, pʀɛ͂sɛs	prince	
la crise	nf	kʀiz	crisis	
la série	nf	seʀi	series	
la piste	nf	pist	track, trail	
puisque	conj	pɥisk(ə)	since	
une action	nf	aksjɔ͂	action	
la coupe	nf	kup	bowl, dish, cut	
la maladie	nf	maladi	illness, disease	
la cible	nf	sibl	target	
le restaurant	nm	ʀɛstɔʀɑ͂	restaurant	
le fil	nm	fil	thread, wire	
un alcool	nm	alkɔl	alcohol	
la caméra	nf	kameʀa	camera	
lors	adv	lɔʀ	at the time of	
un accès	nm(pl)	aksɛ	access	
pleurer	v	plœʀe	to cry	
totalement	adv	tɔtalmɑ͂	totally	
remercier	v	ʀ(ə)mɛʀsje	to thank	
un entier	nadj	ɑ͂tje	whole, full	
la couleur	nf	kulœʀ	color	
la île	nf	il	island	
fermer	v	fɛʀme	to close, shut	
le soldat	nm	sɔlda	soldier	
un étage	nm	etaʒ	floor, level	
amuser	v	amyze	to amuse	
régler	v	ʀegle	to pay, adjust, settle	
le frais	adj(pl),nm(pl)	fʀɛ	cool, fresh; fee, expense	
une image	nf	imaʒ	picture, image	
la langue	nf	lɑ͂g	language, tongue	
le suivi	nadj	sɥivi	follow-up; consistent, continuous	
la direction	nf	diʀɛksjɔ͂	direction, management	
mentir	v	mɑ͂tiʀ	to lie	
le salaud	nadj	salo	bastard__	
sacré	nadj	sakʀe	sacred	
le troisième, la troisième	det,nm,nf	tʀwɑzjɛm	third	
le poisson	nm	pwasɔ͂	fish	
frapper	v	fʀape	to hit, strike, knock	
courir	v	kuʀiʀ	to run	
bouger	v	buʒe	to move, shift, budge	
rejoindre	v	ʀ(ə)ʒwɛ͂dʀ	to rejoin, reunite	
le bleu	adj,nm	blø	blue	
un américain	nadj	ameʀikɛ͂	American	
superbe	nadj(f)	sypɛʀb	superb, magnificient, handsome, gorgeous	
le destin	nm	dɛstɛ͂	fate, destiny	
le mark	nm	maʀk	mark	
le faible	nadj(f)	fɛbl	weak	
le lait	nm	lɛ	milk	
un adieu	intj,nm	adjø	goodbye, farewell, adieu	
le pont	nm	pɔ͂	bridge	
le costume	nm	kɔstym	suit, costume, dress	
le procureur	nm	pʀɔkyʀœʀ, pʀɔkyʀatʀis	prosecutor	
attraper	v	atʀape	to catch, get, pick up	
la princesse	nf	pʀɛ͂s, pʀɛ͂sɛs	princess	
le partenaire, la partenaire	nm,nf	paʀtənɛʀ	partner	
un arrêt	nm	aʀɛ	stop	
le goût	nm	gu	taste	
sourire	nm,v	suʀiʀ	smile, to smile	
la bouteille	nf	butɛj	bottle	
une intention	nf	ɛ͂tɑ͂sjɔ͂	intention	
formidable	adj(f)	fɔʀmidabl	tremendous, considerable	
moindre	adj(f)	mwɛ͂dʀ	lesser, least, slightest	
unique	adj(f)	ynik	unique	
le tribunal	nm	tʀibynal, o	court	
le français	nadj(pl)	fʀɑ͂sɛ	French	
la foi	nf	fwa	faith	
un art	nm	aʀ	art	
évidemment	adv	evidamɑ͂	obviously	
la date	nf	dat	date	
la chasse	nf	ʃas	chase, hunt, hunting	
amener	v	am(ə)ne	to bring someone (to a place)	
un os	nm(pl)	ɔs, o	bone	
afin		afɛ͂	in order to, so that	
le gâteau	nadj	gɑto	cake	
le cou	nm	ku	neck	
couper	v	kupe	to cut	
ha	intj	ɛktaʀ	oh	
chier	v	ʃje	to sh*t, piss off, get pissed off	
la pause	nf	poz	break, pause	
utile	adj(f)	ytil	useful	
la jambe	nf	ʒɑ͂b	leg	
le bref	adj,adv,nm	bʀɛf	brief	
intelligent	adj	ɛ͂teliʒɑ͂, ʒɑ͂t	intelligent, clever, bright	
le morceau	nm	mɔʀso	piece, bit_	
obligé	nadj	ɔbliʒe	necessary, required	
la présence	nf	pʀezɑ͂s	presence	
le signal	nm	siɲal, o	signal	
raconter	v	ʀakɔ͂te	to tell	
une identité	nf	idɑ͂tite	identity	
vendu	nadj	vɑ͂dy	sold, bribed	
privé	nadj	pʀive	private	
une entreprise	nf	ɑ͂tʀəpʀiz	enterprise, business	
justement	adv	ʒystəmɑ͂	exactly, rightly, precisely	
le cinéma	nm	sinema	cinema	
le discours	nm(pl)	diskuʀ	speech, talk, discourse	
rapidement	adv	ʀapidmɑ͂	quickly, rapidly	
le méchant	nadj	meʃɑ͂, ɑ͂t	nasty, wicked, mean	
la campagne	nf	kɑ͂paɲ	countryside	
le regard	nm	ʀ(ə)gaʀ	look, glance	
le lien	nm	ljɛ͂	link, bond	
un appareil	nm	apaʀɛj	apparatus, device	
un ange	nm	ɑ͂ʒ	angel	
le joie, la joie	nf	ʒwa	joy	
compter	v	kɔ͂te	to count	
malgré	prep	malgʀe	despite, in spite of	
reprendre	v	ʀ(ə)pʀɑ͂dʀ	to resume, recover, start again, take back	
le nombre	nm	nɔ͂bʀ	number	
la star	nf	staʀ	star	
le chapeau	nm	ʃapo	hat	
décider	v	deside	to decide	
la menace	nf	mənas	threat	
agir	v	aʒiʀ	to act	
le produit	nm	pʀɔdɥi	product	
le vendredi	nm	vɑ͂dʀədi	Friday	
malheureusement	adv	maløʀøzmɑ͂	unfortunately	
une odeur	nf	ɔdœʀ	smell, odor	
mince	adj(f),intj	mɛ͂s	thin, slim, slender	
fermé	adj	fɛʀme	shut, closed, locked	
une aise	nadj(f)	ɛz	comfort, joy, pleasure, ease	
la saison	nf	sɛzɔ͂	season	
le succès	nm(pl)	syksɛ	success	
gérer	v	ʒeʀe	to manage	
le pain	nm	pɛ͂	bread	
la règle	nf	ʀɛgl	rule	
million	nm	miljɔ͂	million	
parfaitement	adv	paʀfɛtmɑ͂	perfectly	
le malin	nadj	malɛ͂, maliɲ	smart, shrewd, cunning	
la majesté	nf	maʒɛste	majesty	
le toit	nm	twa	roof	
la faveur	nf	favœʀ	favor	
doux	adv,nadj(pl)	du	soft, sweet	
le coffre	nm	kɔfʀ	trunk, boot, chest	
la couverture	nf	kuvɛʀtyʀ	blanket	
un arbre	nm	aʀbʀ	tree	
réparer	v	ʀepaʀe	to repair, fix, correct, make up	
un article	nm	aʀtikl	article	
lever	v	l(ə)ve	to lift, raise	
une unité	nf	ynite	unity; unit	
un échange	nm	eʃɑ͂ʒ	exchange	
surpris	adj(pl)	syʀpʀi	surprised, amazed	
le parc	nm	paʀk	park	
apporter	v	apɔʀte	to bring_	
imaginer	v	imaʒine	to imagine	
le jardin	nm	ʒaʀdɛ͂	garden	
falloir	v	falwaʀ	to take, require, need	
partager	v	paʀtaʒe	to share	
la plage	nf	plaʒ	beach	
échapper	v	eʃape	to escape	
la valeur	nf	valœʀ	value, worth	
également	adv	egalmɑ͂	too, as well, equally	
la folie	nf	fɔli	madness, folly, insanity	
le ministre, la ministre	nm,nf	ministʀ	minister	
le samedi	nm	samdi	Saturday	
le mode, la mode	nm,nf	mɔd	mode, way, fashion	
le maire, la maire	nm	mɛʀ	mayor	
un extérieur	nadj	ɛksteʀjœʀ	exterior	
le génie	nm	ʒeni	genius	
inquiéter	v	ɛ͂kjete	to worry, disturb	
recevoir	v	ʀəs(ə)vwaʀ, ʀ(ə)səvwaʀ	to receive	
un hasard	nm	ˊazaʀ	chance, luck	
un ouest	adji,nm	wɛst	west	
le membre	nm	mɑ͂bʀ	member	
le réel	nadj	ʀeɛl	real	
le poids	nm(pl)	pwɑ	weight	
prévenir	v	pʀev(ə)niʀ	to prevent, warn; to notify	
la poche	nf	pɔʃ	pocket	
la vitesse	nf	vitɛs	speed	
la frappe	nf	fʀap	strike, striking, stamp, impression, punch	
fantastique	nadj(f)	fɑ͂tastik	fantastic, terrific, great, weird, eerie	
le fantôme	nm	fɑ͂tom	ghost, phantom	
la viande	nf	vjɑ͂d	meat	
le poulet	nm	pulɛ	chicken	
le page, la page	nm,nf	paʒ	page	
le trésor	nm	tʀezɔʀ	treasure, treasury	
la file	nf	fil	line, queue	
abandonner	v	abɑ͂dɔne	to give up, abandon	
embrasser	v	ɑ͂bʀase	to kiss, embrace	
le dimanche	nm	dimɑ͂ʃ	Sunday	
le passage	nm	pɑsaʒ	passage, way	
la naissance	nf	nɛsɑ͂s	birth	
amusant	nadj	amyzɑ͂, ɑ͂t	funny, amusing, entertaining	
le cent	det,nm	sɑ͂	one hundred, cent	
la retraite	nf	ʀ(ə)tʀɛt	retirement, pension	
un étranger	nadj	etʀɑ͂ʒe, -ɛʀ	foreigner; foreign	
le paradis	nm(pl)	paʀadi	paradise, heaven	
directement	adv	diʀɛktəmɑ͂	directly	
le champ	nm	ʃɑ͂	field, realm	
débarrasser	v	debaʀɑse	to clear, get rid of	
manquer	v	mɑ͂ke	to miss	
le doigt	nm	dwa	finger	
agréable	nadj(f)	agʀeabl	pleasant, nice, agreeable	
le changement	nm	ʃɑ͂ʒmɑ͂	change	
un univers	nm(pl)	ynivɛʀ	universe	
le piège	nm	pjɛʒ	trap	
la marque	nf	maʀk	brand, mark	
la perte	nf	pɛʀt	the loss	
créer	v	kʀee	to create	
nettoyer	v	netwaje	to clean	
la note	nf	nɔt	note, grade	
un animal	nadj	animal, o	animal	
franchement	adv	fʀɑ͂ʃmɑ͂	frankly	
le bâtiment	nm	bɑtimɑ͂	building	
le cancer	nm	kɑ͂sɛʀ	cancer	
heureusement	adv	øʀøzmɑ͂	fortunately, luckily	
compliqué	nadj	kɔ͂plike	complicated, complex	
la source	nf	suʀs	source, spring	
la connaissance	nf	kɔnɛsɑ͂s	knowledge	
une émission	nf	emisjɔ͂	transmission, broadcasting, programme	
le mensonge	nm	mɑ͂sɔ͂ʒ	the lie	
joindre	v	ʒwɛ͂dʀ	to join	
convaincre	v	kɔ͂vɛ͂kʀ	to convince	
nerveux	nadj(pl)	nɛʀvø, -øz	nervous, irritable	
le pantalon	nm	pɑ͂talɔ͂	trousers, pants	
vôtre	nadj(f)	votʀ	yours	
la bataille	nf	bataj	battle	
la conscience	nf	kɔ͂sjɑ͂s	conscience, consciousness	
le sentiment	nm	sɑ͂timɑ͂	the feel	
le salon	nm	salɔ͂	lounge, living room	
le traitement	nm	tʀɛtmɑ͂	treatment, salary, wage	
la volonté	nf	vɔlɔ͂te	will	
un interdit	nadj	ɛ͂tɛʀdi	prohibited, banned	
direct	nadj	diʀɛkt	direct	
le cousin	nm	kuzɛ͂, in	cousin	
le souci	nm	susi	worry, concern	
la lance	nf	lɑ͂s	lance	
signer	v	siɲe	to sign	
contrôler	v	kɔ͂tʀole	to control, check, inspect, monitor	
reposer	v	ʀ(ə)poze	to rest	
le gaz	nm(pl)	gɑz	gas	
la victoire	nf	viktwaʀ	victory	
la trace	nf	tʀas	trace, mark, track	
une information	nf	ɛ͂fɔʀmasjɔ͂	information	
la queue	nf	kø	tail, handle, stalk, stem, rear	
désormais	adv	dezɔʀmɛ	from now on, henceforth, now	
un acte	nm	akt	act	
le paquet	nm	pakɛ	packet	
le semblant	nm	sɑ͂blɑ͂	semblance, pretence	
le style	nm	stil	style	
un aéroport	nm	aeʀopɔʀ	airport	
supporter	nm,v	sypɔʀte	to support, endure	
le chinois	nadj(pl)	ʃinwa	Chinese	
innocent	nadj	inɔsɑ͂, ɑ͂t	innocent	
autrement	adv	otʀəmɑ͂	differently, something else, otherwise	
le suicide	nm	sɥisid	suicide	
lancer	nm,v	lɑ͂se	to launch	
la théorie	nf	teɔʀi	theory	
un immeuble	nadj(f)	imœbl	building	
le métier	nm	metje	job, occupation, trade	
un aveugle, une aveugle	nadj(f)	avœgl	blind	
la leçon	nf	l(ə)sɔ͂	lesson	
le militaire	nadj(f)	militɛʀ	military	
la protection	nf	pʀɔtɛksjɔ͂	protection	
le propriétaire, la propriétaire	nm,nf	pʀɔpʀijetɛʀ	owner	
le mandat	nm	mɑ͂da	term, mandate	
la surveillance	nf	syʀvɛjɑ͂s	surveillance, monitoring	
le pilote, la pilote	nm,nf	pilɔt	pilot, experimental	
fuir	v	fɥiʀ	to flee	
un oiseau	nm	wazo	bird	
retirer	v	ʀ(ə)tiʀe	to remove, withdraw	
récemment	adv	ʀesamɑ͂	recently	
un assassin	nadj	asasɛ͂	murderer, assassin	
célèbre	adj(f)	selɛbʀ	famous	
défendre	v	defɑ͂dʀ	to defend, forbid	
le vert	nadj	vɛʀ	green	
une assurance	nf	asyʀɑ͂s	insurance, confidence	
charmant	adj	ʃaʀmɑ͂, ɑ͂t	charming	
la chemise	nf	ʃ(ə)miz	shirt, folder	
le ventre	nm	vɑ͂tʀ	belly, stomach	
le sport	adji,nm	spɔʀ	sport	
un est	nmi	ɛst	east	
commun	nadj	kɔmœ͂	common	
atteindre	v	atɛ͂dʀ	to reach, to attain	
virer	v	viʀe	to turn, change, transfer, kick out	
la pluie	nf	plɥi	rain	
le talent	nm	talɑ͂	talent	
le jury	nm	ʒyʀi	jury, board of examiners	
la commande	nf	kɔmɑ͂d	order, control	
la tente	nf	tɑ͂t	tent	
la couche	nf	kuʃ	layer, coat	
le voleur	nadj	vɔlœʀ, -øz	thief, light-fingered	
le chocolat	adji,nm	ʃɔkɔla	chocolate	
réveiller	v	ʀeveje	to wake up	
la souris	nf(pl)	suʀi	mouse	
accusé	nadj	akyze	defendant	
le terme	nm	tɛʀm	term, deadline	
un emploi	nm	ɑ͂plwa	employment, work, use	
un ombre, une ombre	nm,nf	ɔ͂bʀ	shade, shadow	
le repos	nm(pl)	ʀ(ə)po	rest	
blesser	v	blese	to hurt	
la neige	nf	nɛʒ	snow	
le lundi	nm	lœ͂di	Monday	
le théâtre	nm	teɑtʀ	theater	
permettre	v	pɛʀmɛtʀ	to allow	
le policier	nadj	pɔlisje	policeman	
surveiller	v	syʀveje	to watch	
le saint	nadj	sɛ͂, sɛ͂t	saint, holy	
la chaise	nf	ʃɛz	chair	
réfléchi	adj	ʀefleʃi	thoughtful, well thought out	
le site	nm	sit	site	
une hâte	nf	ˊɑt	haste, impatience	
le zéro	nm	zeʀo	zero	
facilement	adv	fasilmɑ͂	easily	
un épisode	nm	epizɔd	episode	
le siège	nm	sjɛʒ	seat, bench	
la traduction	nf	tʀadyksjɔ͂	translation	
la montagne	nf	mɔ͂taɲ	mountain	
la gorge	nf	gɔʀʒ	throat	
le sommeil	nm	sɔmɛj	sleep, sleepiness	
la rivière	nf	ʀivjɛʀ	river	
le miracle	nm	miʀɑkl	miracle	
le titre	nm	titʀ	title	
le second	adj,det,nm	s(ə)gɔ͂	second	
la cellule	nf	selyl	cell	
le mouvement	nm	muvmɑ͂	movement	
la mine	nf	min	mine; appearance, look	
clairement	adv	klɛʀmɑ͂	clearly	
le choc	nm	ʃɔk	shock, clash	
la fortune	nf	fɔʀtyn	fortune	
le divorce	nm	divɔʀs	divorce	
un ours	adji,nm(pl)	uʀs	bear	
exploser	v	ɛksploze	to explode, blow up	
évident	adj	evidɑ͂, ɑ͂t	obvious	
le minuit	nm	minɥi	midnight	
un examen	nm	ɛgzamɛ͂	exam	
respirer	v	ʀɛspiʀe	to breath	
le tableau	nm	tablo	frame, picture, painting, panel	
le plat	adj,nm	pla	dish, flat	
le meurtrier	nadj	mœʀtʀije, -ijɛʀ	murderer, deadly, lethal	
survivre	v	syʀvivʀ	to survive	
auprès	adv	opʀɛ	nearby, close to	
le principal	nadj	pʀɛ͂sipal, o	principal	
la forêt	nf	fɔʀɛ	forest	
la violence	nf	vjɔlɑ͂s	violence	
une amitié	nf	amitje	friendship	
la blessure	nf	blesyʀ	injury, wound	
la distance	nf	distɑ͂s	distance	
une humeur	nf	ymœʀ	mood, temper	
le modèle	nm	mɔdɛl	model	
le démon	nm	demɔ͂	demon, fiend	
la puissance	nf	pɥisɑ͂s	power	
casser	v	kɑse	to break	
le romantique, la romantique	nadj(f)	ʀɔmɑ͂tik	romantic	
la responsabilité	nf	ʀɛspɔ͂sabilite	responsibility	
le crédit	nm	kʀedi	credit	
crier	v	kʀije	to shout, scream, cry out	
le concert	nm	kɔ͂sɛʀ	concert	
pousser	v	puse	to push	
le tir	nm	tiʀ	fire, shot, launch	
la fuite	nf	fɥit	the escape_	
la gare	intj,nf	gaʀ	station, railway station; beware	
le midi	nm	midi	noon	
la permission	nf	pɛʀmisjɔ͂	permission, leave	
le dessous	adv,nm(pl),prep	d(ə)su	underneath, below, bottom, underside	
une explosion	nf	ɛksplozjɔ͂	explosion	
une annonce	nf	anɔ͂s	announcement	
le secrétaire, la secrétaire	nm,nf	s(ə)kʀetɛʀ	secretary	
le chauffeur	nm	ʃofœʀ	driver, chauffeur	
une oreille	nf	ɔʀɛj	ear	
attaquer	v	atake	to attack	
le cabinet	nm	kabinɛ	cabinet, agency, office	
une usine	nf	yzin	factory	
nombreux	adj(pl)	nɔ͂bʀø, -øz	numerous	
la vache	adj(f),nf	vaʃ	cow	
prudent	adj	pʀydɑ͂, ɑ͂t	prudent, careful, cautious	
la station	nf	stasjɔ͂	station	
la vente	nf	vɑ͂t	sale	
la logique	nadj(f)	lɔʒik	logic, logical	
le sage, la sage	nadj(f)	saʒ	wise, good, sound, sensible	
le souffle	nm	sufl	breath, puff	
la rentrée	nf	ʀɑ͂tʀe	reopening, return, start	
le liquide	nadj(f)	likid	liquid	
libérer	v	libeʀe	to free, liberate, release	
la mesure	nf	m(ə)zyʀ	measure	
le garage	nm	gaʀaʒ	garage	
la vision	nf	vizjɔ͂	vision, view	
le château	nm	ʃɑto	castle	
le physique, la physique	nadj(f)	fizik	physical, physics	
une alerte	adj(f),nf	alɛʀt	agile, alert, warning	
le moteur	nadj	mɔtœʀ	motor	
le fer	nm	fɛʀ	iron	
la version	nf	vɛʀsjɔ͂	version	
le lac	nm	lak	lake	
le canon	nm	kanɔ͂	gun, cannon	
réellement	adv	ʀeɛlmɑ͂	really	
un artiste, une artiste	nadj(f)	aʀtist	artist	
la côte	nf	kot	coast	
quiconque	pro	kikɔ͂k	whoever, anyone who	
la chaleur	nf	ʃalœʀ	the heat	
une essence	nf	esɑ͂s	gas, petrol	
le soutien	nm	sutjɛ͂	the support_	
le particulier	nadj	paʀtikylje	particular, peculiar; person	
traiter	v	tʀete	to treat, handle, deal with	
le fusil	nm	fyzi	rifle, gun	
une herbe	nf	ɛʀb	grass, herb	
le virus	nm(pl)	viʀys	virus	
la tournée	nf	tuʀne	tour, round	
traverser	v	tʀavɛʀse	to cross, traverse	
sombre	adj(f)	sɔ͂bʀ	dark	
bosser	v	bɔse	to work, bash on	
avancer	v	avɑ͂se	to advance, move forward	
puissant	nadj	pɥisɑ͂, ɑ͂t	powerful	
cependant	adv,conj	s(ə)pɑ͂dɑ͂	however	
construire	v	kɔ͂stʀɥiʀ	to build, construct	
une agence	nf	aʒɑ͂s	agency	
le criminel	nadj	kʀiminɛl	criminal	
le chèque	nm	ʃɛk	check	
le comportement	nm	kɔ͂pɔʀtəmɑ͂	behavior	
le période, la période	nm,nf	peʀjɔd	period	
le lendemain	nm	lɑ͂dmɛ͂	next day	
disparaître	v	dispaʀɛtʀ	to disappear, vanish	
fumer	v	fyme	to smoke	
inviter	v	ɛ͂vite	to invite	
souffrir	v	sufʀiʀ	to suffer	
le rock	nm	ʀɔk	rock music	
le fromage	nm	fʀɔmaʒ	cheese	
un adulte, une adulte	nadj(f)	adylt	adult	
le billet	nm	bijɛ	ticket	
résoudre	v	ʀezudʀ	to solve, resolve	
la chair	nf	ʃɛʀ	flesh	
le résultat	nm	ʀezylta	result, follow-up	
taire	v	tɛʀ	to keep quiet	
déranger	v	deʀɑ͂ʒe	to disturb, bother	
le concours	nm(pl)	kɔ͂kuʀ	entrance exam, competition	
le crâne	adj(f),nm	kʀɑn	skull	
élevé	adj	el(ə)ve	high, heavy, tall	
une attente	nf	atɑ͂t	the wait	
le russe	nadj(f)	ʀys	Russian	
la chaîne	nf	ʃɛn	chain, channel	
le gardien	nadj	gaʀdjɛ͂, jɛn	guardian, keeper	
laver	v	lave	to wash, clean	
le gouverneur, la gouverneur	nm,nf	guvɛʀnœʀ	governor	
enfuir	v	ɑ͂fɥiʀ	to run away, flee	
une arrestation	nf	aʀɛstasjɔ͂	arrest	
une enfance	nf	ɑ͂fɑ͂s	childhood	
le demi	adji,adv,nm	d(ə)mi	half	
un objet	nm	ɔbʒɛ	objective; object	
le sénateur	nm	senatœʀ, -tʀis	senator	
profiter	v	pʀɔfite	to take advantage, profit	
le vote	nm	vɔt	vote	
la caisse	nf	kɛs	cash desk, box	
la science	nf	sjɑ͂s	science	
la poitrine	nf	pwatʀin	chest, breast, breasts, bosom	
magique	adj(f)	maʒik	magic; magical	
inquiet	nadj	ɛ͂kjɛ, -ɛt	worried, anxious	
le sucre	nm	sykʀ	sugar	
le siècle	nm	sjɛkl	century	
le geste, la geste	nm	ʒɛst	gesture	
étudier	v	etydje	to study	
la réputation	nf	ʀepytasjɔ͂	reputation	
forcément	adv	fɔʀsemɑ͂	without question, inevitably	
le traité	nm	tʀete	treaty	
refaire	v	ʀ(ə)fɛʀ	to redo, make again	
le département	nm	depaʀtəmɑ͂	department	
la cloche	nf	klɔʃ	bell	
la chute	nf	ʃyt	fall	
le joueur	nadj	ʒwœʀ, -øz	player	
la peinture	nf	pɛ͂tyʀ	painting, paint, picture	
une horreur	nf	ɔʀœʀ	horror	
la tenue	nf	t(ə)ny	dress, outfit	
la marine	adj,nf	maʀin	marine, navy	
la promesse	nf	pʀɔmɛs	promise	
la barre	nf	baʀ	bar, rod	
la plainte	nf	plɛ͂t	the moan, groan, complaint	
la soupe	nf	sup	soup	
le studio	nm	stydjo	studio, studio apartment	
une opinion	nf	ɔpinjɔ͂	opinion	
le crème, la crème	adji,nf	kʀɛm	cream	
le foyer	nm	fwaje	home, hearth	
le somme, la somme	nm,nf	sɔm	amount, sum; nap	
le manteau	nm	mɑ͂to	coat, overcoat	
un incendie	nm	ɛ͂sɑ͂di	fire, blaze	
le journaliste, la journaliste	nm,nf	ʒuʀnalist	journalist	
une aventure	nf	avɑ͂tyʀ	adventure	
mener	v	məne	to lead	
le cauchemar	nm	koʃmaʀ	nightmare, bad dream	
un uniforme	adj(f),nm	ynifɔʀm	uniform, steady, regular	
le prêtre	nm	pʀɛtʀ, -ɛs	priest	
le scientifique, la scientifique	nadj(f)	sjɑ͂tifik	scientific	
réglé	adj	ʀegle	regular, steady, well-ordered, ruled	
la corde	nf	kɔʀd	rope, chord, string	
la propriété	nf	pʀɔpʀijete	property	
recommencer	v	ʀ(ə)kɔmɑ͂se	to resume, restart	
calmer	v	kalme	to calm down	
deviner	v	d(ə)vine	to guess, solve	
un hiver	nm	ivɛʀ	winter	
le champion	nadj	ʃɑ͂pjɔ͂, -jɔn	champion	
la conférence	nf	kɔ͂feʀɑ͂s	conference	
complet	adj,nm	kɔ͂plɛ	full, complete; suit	
le couloir	nm	kulwaʀ	corridor, aisle	
le matériel	nadj	mateʀjɛl	material, equipment	
admettre	v	admɛtʀ	to admit	
la foule	nf	ful	crowd	
la réaction	nf	ʀeaksjɔ͂	reaction	
le désert	adj,nm	dezɛʀ	desert, wilderness	
le réseau	nm	ʀezo	network	
le commissaire, la commissaire	nm,nf	kɔmisɛʀ	superintendent, commissioner	
un entraînement	nm	ɑ͂tʀɛnmɑ͂	training, coaching, drive	
ex	nmfi	ɛks	ex	
le fonds	nm(pl)	fɔ͂	funds	
le cadavre	nm	kadɑvʀ	corpse	
pardonner	v	paʀdɔne	to forgive, excuse	
uniquement	adv	ynikmɑ͂	only, uniquely	
la liaison	nf	ljɛzɔ͂	liaison, connection	
traîner	v	tʀene	to drag; to hang out	
le vélo	nm	velo	bike, bicycle	
la discussion	nf	diskysjɔ͂	discussion	
filer	v	file	slip, get out	
soi	nmi,pro	swa	one, oneself, self	
répéter	v	ʀepete	to repeat	
la boutique	nf	butik	shop	
le front	nm	fʀɔ͂	front, forehead	
le curieux	nadj(pl)	kyʀjø, -jøz	curious	
le mardi	nm	maʀdi	Tuesday	
un empire	nm	ɑ͂piʀ	empire	
la médecine	nf	medsin	medecine, medical science	
le ménage	nm	menaʒ	housekeeping, housework	
soudain	adj,adv	sudɛ͂, ɛn	sudden, suddenly	
le ballon	nm	balɔ͂	ball	
combattre	v	kɔ͂batʀ	to fight	
remonter	v	ʀ(ə)mɔ͂te	to go back up (previously)	
un acteur	nm	aktœʀ, -tʀis	actor	
rare	adj(f)	ʀɑʀ	rare	
le bouton	nm	butɔ͂	button, knob, spot	
la tâche	nf	tɑʃ	task	
réussir	v	ʀeysiʀ	to succeed	
conseiller	nm,v	kɔ͂seje	adviser, to advise	
la cérémonie	nf	seʀemɔni	ceremony	
brûler	v	bʀyle	to burn	
couvrir	v	kuvʀiʀ	to cover	
un océan	nm	ɔseɑ͂	ocean	
rater	v	ʀate	to miss, misfire	
la communauté	nf	kɔmynote	community	
le prisonnier	nadj	pʀizɔnje, -jɛʀ	prisoner, captive	
le prénom	nm	pʀenɔ͂	first name	
la surface	nf	syʀfas	surface	
la gloire	nf	glwaʀ	glory, fame	
lourd	adj	luʀ, luʀd	heavy	
remplacer	v	ʀɑ͂plase	to replace	
affreux	nadj(pl)	afʀø, -øz	dreadful, awful, horrible	
une humanité	nf	ymanite	humanity	
le tapis	nm(pl)	tapi	carpet, mat, covering	
la réserve	nf	ʀezɛʀv	reserve	
tenter	v	tɑ͂te	to tempt, try	
le véhicule	nm	veikyl	vehicule	
la déclaration	nf	deklaʀasjɔ͂	declaration	
réaliser	v	ʀealize	to realize, achieve	
lâcher	v	lɑʃe	to let go, release	
la baisse	nf	bɛs	the fall of, the drop of	
venger	v	vɑ͂ʒe	to avenge, take revenge	
installer	v	ɛ͂stale	to install	
brillant	adj,nm	bʀijɑ͂	brilliant	
un inconnu	nadj	ɛ͂kɔny	unknown	
la récompense	nf	ʀekɔ͂pɑ͂s	reward, award	
poursuivre	v	puʀsɥivʀ	to pursue	
la frontière	nf	fʀɔ͂tjɛʀ	border	
traite	nf	tʀɛt	trade, draft, stretch, milking	
le loup	nm	lu	wolf	
le navire	nm	naviʀ	ship	
une origine	nf	ɔʀiʒin	origin, source	
la fleur	nf	flœʀ	flower	
une absence	nf	apsɑ͂s	absence	
la pratique	nadj(f)	pʀatik	practice, practical	
le jeudi	nm	ʒødi	Thursday	
le célibataire, la célibataire	nadj(f)	selibatɛʀ	single, unmarried	
attirer	v	atiʀe	to attract	
étonnant	nadj	etɔnɑ͂	surprising, amazing, incredible__	
la vengeance	nf	vɑ͂ʒɑ͂s	revenge	
le professionnel	nadj	pʀɔfesjɔnɛl	professional	
la veille	nf	vɛj	the day before, the eve of, night watch	
le salaire	nm	salɛʀ	salary, wage	
le rythme	nm	ʀitm	rhythm, rate	
la tempête	nf	tɑ͂pɛt	storm, gale, turmoil	
la lutte	nf	lyt	struggle, fight, conflict	
accompagner	v	akɔ͂paɲe	to accompany	
la ceinture	nf	sɛ͂tyʀ	belt, waist	
la panique	nadj(f)	panik	panic	
une opportunité	nf	ɔpɔʀtynite	opportunity, timeliness	
le personnage	nm	pɛʀsɔnaʒ	character, individual	
le mars	nm(pl)	maʀs	March; Mars	
le vingt	det,nmi	vɛ͂	twenty	
profond	adv,nadj	pʀɔfɔ͂	deep	
nourrir	v	nuʀiʀ	to feed, nourish	
le singe	nm	sɛ͂ʒ	monkey	
la pêche	nf	pɛʃ	fishing; peach	
une haine	nf	ˊɛn	hatred, hate	
tromper	v	tʀɔ͂pe	to deceive_	
le pis	adv,nm(pl)	pi	worse	
un écran	nm	ekʀɑ͂	screen	
assistant	nm	asistɑ͂, ɑ͂t	assistant	
le malheur	nm	malœʀ	misfortune, bad luck	
le couvert	nadj	kuvɛʀ	covered, overcast; place, seat, cutlery	
le porc	nm	pɔʀ	pig, pork	
une explication	nf	ɛksplikasjɔ͂	explanation	
la limite	nf	limit	limit	
un entretien	nm	ɑ͂tʀətjɛ͂	interview, discussion, maintenance	
la région	nf	ʀeʒjɔ͂	region	
vierge	nadj(f)	vjɛʀʒ	virgin	
le comité	nm	kɔmite	committee	
la cigarette	nf	sigaʀɛt	cigarette	
le palais	nm(pl)	palɛ	palace, palate	
identifier	v	idɑ͂tifje	to identify	
gâcher	v	gɑʃe	to waste, spoil	
quant	adv	kɑ͂t	as for	
annoncer	v	anɔ͂se	to announce	
le bloc	nm	blɔk	block	
un élève, une élève	nm,nf	elɛv	pupil, student	
engager	v	ɑ͂gaʒe	to hire, involve	
le masque	nm	mask	mask	
extraordinaire	adj(f)	ɛkstʀaɔʀdinɛʀ	extraordinary	
un incident	adj,nm	ɛ͂sidɑ͂	incident	
la monnaie	nf	mɔnɛ	currency, coin, change	
le temple	nm	tɑ͂pl	temple	
davantage	adv	davɑ͂taʒ	more	
final	nadj	final, o	final	
une alarme	nf	alaʀm	alarm	
le roman	adj,nm	ʀɔmɑ͂	novel	
le classique	nadj(f)	klasik	classic	
la soif	nf	swaf	thirst	
normalement	adv	nɔʀmalmɑ͂	normally	
naturel	nadj	natyʀɛl	natural	
le piano	adv,nm	pjano	piano	
la passion	nf	pasjɔ͂	passion	
le pot	nm	po	jar, pot	
le japonais	nadj(pl)	ʒapɔnɛ	Japanese	
la technique	nadj(f)	tɛknik	technique, technics, technical	
une étoile	nf	etwal	star	
concentrer	v	kɔ͂sɑ͂tʀe	to concentrate	
le voisin	nadj	vwazɛ͂, in	neighbor	
la créature	nf	kʀeatyʀ	creature	
entièrement	adv	ɑ͂tjɛʀmɑ͂	entirely, completely	
le volant	adj,nm	vɔlɑ͂	steering wheel	
la portée	nf	pɔʀte	range, reach, scope	
le courrier	nm	kuʀje	mail, post	
central	nadj	sɑ͂tʀal, o	central	
affronter	v	afʀɔ͂te	to confront, face	
impressionnant	adj	ɛ͂pʀesjɔnɑ͂, ɑ͂t	impressive, upsetting	
le golf	nm	gɔlf	golf, golf course	
le jaune	adv,nadj(f)	ʒon	yellow	
la bibliothèque	nf	biblijɔtɛk	library	
lentement	adv	lɑ͂tmɑ͂	slowly	
personnellement	adv	pɛʀsɔnɛlmɑ͂	personally	
le mystère	nm	mistɛʀ	mystery	
la clinique	nadj(f)	klinik	clinic	
une étape	nf	etap	the step, the stage of	
la fumée	nf	fyme	smoke	
le royaume	nm	ʀwajom	kingdom	
la qualité	nf	kalite	quality	
la tension	nf	tɑ͂sjɔ͂	tension	
courageux	nadj(pl)	kuʀaʒø, -ʒøz	courageous	
le port	nm	pɔʀ	harbour, port	
une alliance	nf	aljɑ͂s	alliance	
la copie	nf	kɔpi	copy, replica, paper	
un essai	nm	esɛ	attempt, try, test	
un expert	nadj	ɛkspɛʀ, ɛʀt	expert	
le désir	nm	deziʀ	desire	
avouer	v	avwe	to admit_	
la conduite	nf	kɔ͂dɥit	behavior, driving	
un hall	nm	ˊol	foyer, lobby	
soigner	v	swaɲe	to treat, look after, take care over	
contacter	v	kɔ͂takte	to contact, get in touch with	
la pile	nf	pil	pile, stack, battery, tails	
approcher	v	apʀɔʃe	to approach	
le disque	nm	disk	disc	
le jugement	nm	ʒyʒmɑ͂	judgement	
un équipage	nm	ekipaʒ	crew, gear	
une analyse	nf	analiz	analysis	
une aube	nf	ob	dawn, daybreak	
la section	nf	sɛksjɔ͂	section	
la cage	nf	kaʒ	cage	
le miroir	nm	miʀwaʀ	mirror	
une épreuve	nf	epʀœv	test, ordeal, trial	
la condition	nf	kɔ͂disjɔ͂	condition	
remplir	v	ʀɑ͂pliʀ	to fill, fulfill	
une existence	nf	ɛgzistɑ͂s	existence	
égal	nadj	egal, o	equal	
retenir	v	ʀ(ə)təniʀ, ʀət(ə)niʀ	to retain, hold back, remember	
le précis	nadj(pl)	pʀesi	precise	
annuler	v	anyle	to cancel	
le rayon	nm	ʀɛjɔ͂	ray, beam, radius; department, section, shelf	
le football	nm	futbol	football, soccer	
une assise	nf	asiz	basis, foundation	
le secteur	nm	sɛktœʀ	sector	
la séance	nf	seɑ͂s	session, meeting	
le profil	nm	pʀɔfil	profile, outline, contour	
la valise	nf	valiz	suitcase	
un avantage	nm	avɑ͂taʒ	advantage	
le nu	nadj	ny	naked, nude	
la technologie	nf	tɛknɔlɔʒi	technology	
la procédure	nf	pʀɔsedyʀ	procedure	
la pointe	nf	pwɛ͂t	point, tip	
le cochon	nadj	kɔʃɔ͂	pig	
la figure	nf	figyʀ	face; figure	
la patience	nf	pasjɑ͂s	patience	
la poussière	nf	pusjɛʀ	dust	
le printemps	nm(pl)	pʀɛ͂tɑ͂	spring	
interroger	v	ɛ͂teʀɔʒe	to question, interrogate	
une accusation	nf	akyzasjɔ͂	accusation, indictment	
un intéressé	nadj	ɛ͂teʀese	concerned, involved	
idéal	nadj	ideal, o	ideal	
la poule	nf	pul	hen, chick	
correct	adj	kɔʀɛkt	correct	
briser	v	bʀize	to break	
le boule, la boule	nf	bul	ball	
le partage	nm	paʀtaʒ	division, cutting, sharing	
le mobile	nadj(f)	mɔbil	mobile, portable	
la proposition	nf	pʀɔpozisjɔ͂	proposition, proposal	
une objection	nf	ɔbʒɛksjɔ͂	objection	
le sauvage	nadj(f)	sovaʒ	savage, wild	
le rat	adj(f),nm	ʀa	rat	
urgent	adj	yʀʒɑ͂, ʒɑ͂t	urgent	
reconnaître	v	ʀ(ə)kɔnɛtʀ	to recognize	
la œuvre	nf	œvʀ	work, task	
un échec	adji,nm	eʃɛk	failure	
une attitude	nf	atityd	attitude	
la paire	nf	pɛʀ	pair	
médical	adj	medikal, o	medical	
suffisamment	adv	syfizamɑ͂	sufficiently	
la fièvre	nf	fjɛvʀ	fever	
la télévision	nf	televizjɔ͂	television	
le magazine	nm	magazin	magazine	
auparavant	adv	opaʀavɑ͂	beforehand	
séparer	v	sepaʀe	to separate	
le musée	nm	myze	museum	
juger	v	ʒyʒe	to judge	
carrément	adv	kaʀemɑ͂	(emphasis word) completely, directly, straight out	
une épaule	nf	epol	shoulder	
la plaque	nf	plak	plate, tag, plaque	
organiser	v	ɔʀganize	to organize	
le sable	adji,nm	sɑbl	sand	
la légende	nf	leʒɑ͂d	legend, caption, key	
la possibilité	nf	pɔsibilite	possibility	
diriger	v	diʀiʒe	to lead, direct	
une éducation	nf	edykasjɔ͂	education	
une imagination	nf	imaʒinasjɔ͂	imagination	
le maximum	nadj	maksimɔm, maksima	maximum	
le collègue, la collègue	nm,nf	kɔ(l)lɛg	colleague	
ajouter	v	aʒute	to add	
une audience	nf	odjɑ͂s	audience, hearing	
visiter	v	vizite	to visit	
le beurre	nm	bœʀ	butter	
une organisation	nf	ɔʀganizasjɔ͂	organisation	
exprès	adj(pl),adv	ɛkspʀɛ, -ɛs	deliberately, on purpose, intentionally_	
le camarade, la camarade	nm,nf	kamaʀad	friend, comrade, pal, mate	
le domaine	nm	dɔmɛn	domain, field	
un empereur	nm	ɑ͂pʀœʀ	emperor	
profondément	adv	pʀɔfɔ͂demɑ͂	profoundly, deeply	
un effort	nm	efɔʀ	effort	
le cirque	nm	siʀk	circus; cirque	
terminer	v	tɛʀmine	to finish, end,	
déposer	v	depoze	to deposit, put down	
la balance	nf	balɑ͂s	scales, balance	
raisonnable	adj(f)	ʀɛzɔnabl	reasonable, fair	
refuser	v	ʀ(ə)fyze	to refuse	
sensible	nadj(f)	sɑ͂sibl	sensitive	
forcer	v	fɔʀse	to force	
malheureux	nadj(pl)	maløʀø, -øz	unhappy, miserable	
le critique, la critique	nadj(f)	kʀitik	criticism, critic, critical	
la pensée	nf	pɑ͂se	thought	
chasser	v	ʃase	to hunt, chase away	
la disparition	nf	dispaʀisjɔ͂	disappearance	
un ordinaire	nadj(f)	ɔʀdinɛʀ	ordinary	
un étudiant	nadj	etydjɑ͂, jɑ͂t	student	
un orange, une orange	adji,nf	ɔʀɑ͂ʒ	orange	
la coïncidence	nf	kɔɛ͂sidɑ͂s	coincidence	
voyager	v	vwajaʒe	to travel	
fêter	v	fete	to celebrate	
un allemand	nadj	almɑ͂	German	
le congé	nm	kɔ͂ʒe	holiday, time off, day off, notice	
la thérapie	nf	teʀapi	therapy	
la croix	nf(pl)	kʀwa	cross	
une autorisation	nf	otoʀizasjɔ͂	authorization, permission, permit	
le scénario	nm	senaʀjo, senaʀi	scenario, script	
le parfum	nm	paʀfœ͂	perfume, scent, fragrance	
adorer	v	adɔʀe	to adore, worship	
la donnée	nf	dɔne	fact, datum	
le portefeuille	nm	pɔʀtəfœj	wallet	
une huile	nf	ɥil	oil	
examiner	v	ɛgzamine	to examine	
le solide	nadj(f)	sɔlid	solid	
extrêmement	adv	ɛkstʀɛmmɑ͂	extremely	
guérir	v	geʀiʀ	to cure, heal, get better	
le géant	nadj	ʒeɑ͂	giant, gigantic	
emprunter	v	ɑ͂pʀœ͂te	to borrow	
publique	adj,nf	pyblik	public	
le poil	nm	pwal	hair, bristle	
entraîner	v	ɑ͂tʀene	to carry along, train	
taper	v	tape	to beat, slam, bang, type	
digne	adj(f)	diɲ	dignified, worthy	
le stade	nm	stad	stadium, stage	
renvoyer	v	ʀɑ͂vwaje	to send back, dismiss	
le large	adj(f),adv,nm	laʀʒ	wide; the width	
le taux	nm(pl)	to	the rate of	
armé	adj	aʀme	armed	
le loyer	nm	lwaje	rent	
la jeunesse	nf	ʒœnɛs	youth	
une adaptation	nf	adaptasjɔ͂	adaptation	
le détail	nm	detaj	detail	
le juif	nadj	ʒɥif, -iv	Jew, Jewish	
éloigner	v	elwaɲe	to move away, take away, distance	
livrer	v	livʀe	to deliver	
le moral	nadj	mɔʀal, o	moral, morale	
un incapable	nadj(f)	ɛ͂kapabl	incapable, incompetent	
une invitation	nf	ɛ͂vitasjɔ͂	invitation	
le péché	nm	peʃe	sin	
le cercle	nm	sɛʀkl	circle, cycle	
le territoire	nm	teʀitwaʀ	territory	
le plateau	nm	plato	plateau, tray, set, stage	
éliminer	v	elimine	to eliminate	
le supérieur	nadj	sypeʀjœʀ	superior	
suffisant	adj	syfizɑ͂, ɑ͂t	sufficient	
le viol	nm	vjɔl	rape	
une ouverture	nf	uvɛʀtyʀ	opening	
furieux	nadj(pl)	fyʀjø, -jøz	furious, raging, violent	
un exercice	nm	ɛgzɛʀsis	exercise,	
respecter	v	ʀɛspɛkte	to respect	
une expression	nf	ɛkspʀesjɔ͂	expression	
un original	nadj	ɔʀiʒinal, o	original	
la remise	nf	ʀ(ə)miz	presentation, delivery	
le tribu, la tribu	nf	tʀiby	tribe	
la cabine	nf	kabin	hut, cubicle, booth, box, room	
la race	nf	ʀas	breed, race	
la tentative	nf	tɑ͂tativ	the attempt	
le décès	nm(pl)	desɛ	death_	
le cap	nm	kap	cape	
la bourse	nf	buʀs	purse, scholarship	
le populaire	nadj(f)	pɔpylɛʀ	popular	
la signature	nf	siɲatyʀ	signature	
sexuel	adj	sɛksɥɛl	sexual	
un humour	nm	ymuʀ	humour	
le cave, la cave	adj(f),nm,nf	kav	cellar, basement	
précieux	nadj(pl)	pʀesjø, -jøz	precious	
la matière	nf	matjɛʀ	matter, subject, material	
la cassette	nf	kasɛt	cassette	
injuste	adj(f)	ɛ͂ʒyst	unfair, unjust	
la réception	nf	ʀesɛpsjɔ͂	reception	
le sommet	nm	sɔmɛ	summit	
un employé	nm	ɑ͂plwaje	employee	
le progrès	nm(pl)	pʀɔgʀɛ	progress	
le mercredi	nm	mɛʀkʀədi	Wednesday	
un angle	nm	ɑ͂gl	angle, point of view	
un instinct	nm	ɛ͂stɛ͂	instinct	
officiellement	adv	ɔfisjɛlmɑ͂	officially	
nôtre	nadj(f)	notʀ	ours, our own	
la panne	nf	pan	the breakdown, the failure (of a machine)	
la compétition	nf	kɔ͂petisjɔ͂	competition	
illégal	adj	i(l)legal, o	illegal	
électrique	adj(f)	elɛktʀik	electric	
participer	v	paʀtisipe	to participate	
la comédie	nf	kɔmedi	comedy, playacting	
témoigner	v	temwaɲe	to testify	
la nation	nf	nasjɔ͂	nation	
la commission	nf	kɔmisjɔ͂	commission	
rattraper	v	ʀatʀape	to recapture, recover, catch up, make up for	
la poudre	nf	pudʀ	powder	
un objectif	adj,nm	ɔbʒɛktif	objective, aim, goal; lens	
un accueil	nm	akœj	welcome, reception	
une union	nf	ynjɔ͂	union	
le témoignage	nm	temwaɲaʒ	testimony	
ranger	nm,v	ʀɑ͂ʒe	to tidy up, put away	
absurde	nadj(f)	apsyʀd	absurd	
le trafic	nm	tʀafik	traffic, circulation	
une agression	nf	agʀesjɔ͂	agression	
déplacer	v	deplase	to move, displace	
la division	nf	divizjɔ͂	division	
élever	v	el(ə)ve	to grow, lift, raise	
un enregistrement	nm	ɑ͂ʀ(ə)ʒistʀəmɑ͂	recording, registration, check-in, logging	
pur	nadj	pyʀ	pure	
durer	v	dyʀe	to last	
le comte	nm	kɔ͂t	the count	
négatif	nadj	negatif	negative	
le gagnant	nadj	gaɲɑ͂, ɑ͂t	winner, winning	
le langage	nm	lɑ͂gaʒ	language	
le noble, la noble	nadj(f)	nɔbl	noble	
une échelle	nf	eʃɛl	ladder, scale	
la température	nf	tɑ͂peʀatyʀ	temperature	
prier	v	pʀije	to pray	
un indice	nm	ɛ͂dis	indication, sign, clue	
la matinée	nf	matine	morning	
le guide, la guide	nm,nf	gid	guide	
la souffrance	nf	sufʀɑ͂s	suffering	
le finale, finale	nm,nf	final	finale, final event	
une influence	nf	ɛ͂flyɑ͂s	influence	
une autorité	nf	otoʀite	authority	
la production	nf	pʀɔdyksjɔ͂	production	
le tunnel	nm	tynɛl	tunnel	
transformer	v	tʀɑ͂sfɔʀme	to transform	
le fauteuil	nm	fotœj	armchair, seat	
le foie	nm	fwa	liver	
causer	v	koze	to cause	
violent	nadj	vjɔlɑ͂, ɑ͂t	violent	
commander	v	kɔmɑ͂de	to order, command	
fouiller	v	fuje	to search, frisk, go through, rummage through	
la rage	nf	ʀaʒ	rage, fury, rabies	
une hauteur	nf	ˊotœʀ	height	
le ministère	nm	ministɛʀ	ministry	
la culture	nf	kyltyʀ	culture	
le stress	nm(pl)	stʀɛs	stress	
le pari	nm	paʀi	the bet	
interne	nadj(f)	ɛ͂tɛʀn	internal, interior, intern	
le diplôme	nm	diplom	diploma, certificate	
une activité	nf	aktivite	activity	
un auteur, une auteur	nm,nf	otœʀ	author	
paraître	v	paʀɛtʀ	to appear	
le serment	nm	sɛʀmɑ͂	oath, vow	
le clan	nm	klɑ͂	clan	
un album	nm	albɔm	album	
le charme	nm	ʃaʀm	charm	
apprécier	v	apʀesje	to appreciate	
la livraison	nf	livʀɛzɔ͂	the delivery	
habiller	v	abije	to dress, get dressed	
la promotion	nf	pʀɔmosjɔ͂	promotion, advertising	
pervers	nadj(pl)	pɛʀvɛʀ, ɛʀs	pervert, perverse, perverted	
rompre	v	ʀɔ͂pʀ	to break	
la collection	nf	kɔlɛksjɔ͂	collection, series	
le plastique	nadj(f)	plastik	plastic	
naturellement	adv	natyʀɛlmɑ͂	naturally	
une électricité	nf	elɛktʀisite	electricity	
la flotte	nf	flɔt	fleet	
une étude	nf	etyd	study	
national	nadj	nasjɔnal, o	national	
le terroriste, la terroriste	nm,nf	teʀɔʀist	terrorist	
autrefois	adv	otʀəfwɑ	in the past; once	
la caution	nf	kosjɔ͂	deposit, guarantee, bail	
la cité	nf	site	city	
le total	nadj	tɔtal, o	total	
le commerce	nm	kɔmɛʀs	trade, commerce	
gratuit	adj	gʀatɥi, ɥit	free, gratuitous, unwarranted	
un écart	nm	ekaʀ	space, gap	
charger	v	ʃaʀʒe	to load, charge	
le cimetière	nm	simtjɛʀ	cemetery, graveyard	
une empreinte	nf	ɑ͂pʀɛ͂t	imprint, print, mark, impression	
le septembre	nm	sɛptɑ͂bʀ	September	
la phase	nf	fɑz	phase	
rêver	v	ʀeve, ʀɛve	to dream	
le vague, la vague	nadj(f),nf	vag	vague; wave	
le dollar	nm	dɔlaʀ	dollar	
emporter	v	ɑ͂pɔʀte	to take, remove (an object)	
ignorer	v	iɲɔʀe	to ignore	
le micro	nm	mikʀo	mike, micro, microphone	
le rang	nm	ʀɑ͂	rank, row	
la révolution	nf	ʀevɔlysjɔ͂	revolution	
léger	adj	leʒe, -ɛʀ	something light	
douze	det,nmi	duz	twelve	
plaindre	v	plɛ͂dʀ	complain	
un esclave, une esclave	nadj(f)	ɛsklav	slave	
le métro	nm	metʀo	underground, metro	
soutenir	v	sut(ə)niʀ	to sustain, support	
la culpabilité	nf	kylpabilite	guilt	
la dette	nf	dɛt	debt	
le parent	nadj	paʀɑ͂	parent	
interrompre	v	ɛ͂teʀɔ͂pʀ	to interrupt	
le sein	nm	sɛ͂	breast, bosom	
le commissariat	nm	kɔmisaʀja	police station	
produire	v	pʀɔdɥiʀ	to product	
sain	adj	sɛ͂, sɛn	healthy, sane	
le régime	nm	ʀeʒim	regime	
efficace	adj(f)	efikas	effective	
la fierté	nf	fjɛʀte	pride	
éteindre_	v	etɛ͂dʀ	to extinguish, put out, turn off	
écraser_	v	ekʀɑze	to crush, grind	
un adjoint	nadj	adʒwɛ͂, wɛ͂t	assistant, deputy	
le laboratoire	nm	labɔʀatwaʀ	laboratory	
la religion	nf	ʀ(ə)liʒjɔ͂	religion	
couler	v	kule	to flow; to sink	
le rond	nadj	ʀɔ͂	round	
le comté	nm	kɔ͂te	county, earldom	
pratiquement	adv	pʀatikmɑ͂	practically	
la communication	nf	kɔmynikasjɔ͂	communication	
une option	nf	ɔpsjɔ͂	option	
un escalier	nm	ɛskalje	stairs, staircase	
un espagnol	nadj	ɛspaɲɔl	Spanish	
la lecture	nf	lɛktyʀ	the (act of) reading	
le quatrième, la quatrième	det,nm,nf	katʀijɛm	fourth	
le chirurgien	nm	ʃiʀyʀʒjɛ͂, jɛn	surgeon	
tandis		tɑ͂dikə	while	
un amant	nm	amɑ͂, ɑ͂t	lover	
jusque	adv,prep	ʒysk	to, up to, until	
la personnalité	nf	pɛʀsɔnalite	personality	
une évidence	nf	evidɑ͂s	evidence	
le remède	nm	ʀ(ə)mɛd	cure, remedy	
la formation	nf	fɔʀmasjɔ͂	training	
le manuel	adj,nm	manɥɛl	manual	
enterrer	v	ɑ͂teʀe	to bury, lay aside	
le caractère	nm	kaʀaktɛʀ	character	
particulièrement	adv	paʀtikyljɛʀmɑ͂	particularly	
le fidèle	nadj(f)	fidɛl	faithful	
la dose	nf	doz	dose, amount	
généreux	adj(pl)	ʒeneʀø, -øz	generous	
rouler	v	ʀule	to roll	
le congrès	nm(pl)	kɔ͂gʀɛ	congress, conference	
la lampe	nf	lɑ͂p	lamp, light	
actuellement	adv	aktɥɛlmɑ͂	at present, at the moment	
grandir	v	gʀɑ͂diʀ	to grow, increase, expand	
améliorer	v	ameljɔʀe	to improve	
résister	v	ʀeziste	to resist	
le réveil	nm	ʀevɛj	waking up, awakening, alarm clock	
la boisson	nf	bwasɔ͂	drink, beverage	
le dessin	nm	desɛ͂	drawing, pattern, design	
crever	v	kʀəve	to burst, puncture	
nucléaire	adj(f)	nykleɛʀ	nuclear	
goûter	nm,v	gute	to taste, snack	
le portrait	nm	pɔʀtʀɛ	portrait, photograph	
exprimer	v	ɛkspʀime	to express	
une avenue	nf	av(ə)ny	avenue	
un accent	nm	aksɑ͂	accent	
la découverte	nf	dekuvɛʀt	discovery	
centrale	nf	sɑ͂tʀal	power station, central office	
une exécution	nf	ɛgzekysjɔ͂	execution, accomplishment	
espérer	v	ɛspeʀe	to hope	
détendre_	v	detɑ͂dʀ	to release, to relax	
plaire	v	plɛʀ	to please	
la brigade	nf	bʀigad	team, squad, brigade	
la tradition	nf	tʀadisjɔ͂	tradition	
officiel	nadj	ɔfisjɛl	official	
le défi	nm	defi	challenge	
le désastre	nm	dezastʀ	disaster	
disponible	adj(f)	dispɔnibl	available	
un italien	nadj	italjɛ͂	Italian	
le budget	nm	bydʒɛ	budget	
ressentir	v	ʀ(ə)sɑ͂tiʀ	to feel	
la reconnaissance	nf	ʀ(ə)kɔnɛsɑ͂s	recognition, gratitude	
le drapeau	nm	dʀapo	flag	
un indien	nadj	ɛ͂djɛ͂, jɛn	Indian	
la phrase	nf	fʀɑz	sentence, phrase	
le métal	nm	metal, o	metal	
le processus	nm(pl)	pʀɔsesys	process	
correctement	adv	kɔʀɛktəmɑ͂	properly, correctly	
la rumeur	nf	ʀymœʀ	rumour	
assister	v	asiste	to attend; to assist, help	
la jungle	nf	ʒœ͂gl, ʒɔ͂gl	jungle	
mortel	nadj	mɔʀtɛl	mortal, deadly, lethal	
la survie	nf	syʀvi	survival	
une intelligence	nf	ɛ͂teliʒɑ͂s	intelligence	
le chasseur	nm	ʃasœʀ	hunter, fighter, page, messenger	
quoique	conj	kwak(ə)	although, though; whatever	
le passeport	nm	pɑspɔʀ	passport	
risquer	v	ʀiske	to risk	
la stratégie	nf	stʀateʒi	strategy	
accueillir	v	akœjiʀ	to welcome, greet, accommodate	
serré	adj,adv	seʀe	tight, packed, crowded	
la remarque	nf	ʀ(ə)maʀk	remark	
le commercial	nadj	kɔmɛʀsjal	commercial	
définitivement	adv	definitivmɑ͂	definitely, permanently, for good	
le commandement	nm	kɔmɑ͂dmɑ͂	command, order, commandment	
une interview	nf	ɛ͂tɛʀvju	interview	
complexe	nadj(f)	kɔ͂plɛks	complex	
le pétrole	nm	petʀɔl	crude oil, petroleum	
la pomme	nf	pɔm	apple	
une intervention	nf	ɛ͂tɛʀvɑ͂sjɔ͂	intervention; talk	
le lot	nm	lo	the share, the lot	
la charité	nf	ʃaʀite	charity	
promener	v	pʀɔm(ə)ne	to take for a walk, go for a walk	
la méthode	nf	metɔd	method, procedure	
le câble	nm	kɑbl	cable, wire	
creuser	v	kʀøze	to dig	
tendre	nadj(f),v	tɑ͂dʀ	to tighten; to extend, stretch; tender	
la batterie	nf	batʀi	battery; drum set	
un écrivain	nm	ekʀivɛ͂	writer	
reconnaissant	adj	ʀ(ə)kɔnɛsɑ͂, ɑ͂t	grateful	
sincèrement	adv	sɛ͂sɛʀmɑ͂	sincerely	
timide	nadj(f)	timid	timid, shy, bashful	
une héroïne	nf	eʀɔin	heroine	
la tendance	nf	tɑ͂dɑ͂s	tendency, trend	
le complice, la complice	nadj(f)	kɔ͂plis	accomplice	
la torture	nf	tɔʀtyʀ	torture	
un otage, une otage	nm	ɔtaʒ	hostage	
techniquement	adv	tɛknikmɑ͂	technically	
la masse	nf	mas	mass	
opérer	v	ɔpeʀe	to operate, carry out	
sincère	adj(f)	sɛ͂sɛʀ	sincere	
le collège	nm	kɔlɛʒ	secondary school, college	
un échantillon	nm	eʃɑ͂tijɔ͂	sample	
le sacrifice	nm	sakʀifis	sacrifice	
le pasteur	nm	pastœʀ	minister, clergyman, pastor	
le dent, la dent	nf	dɑ͂	tooth	
le quart	nadj	kaʀ	quarter	
un équipement	nm	ekipmɑ͂	equipment	
cruel	adj	kʀyɛl	cruel, ferocious, bitter	
arracher	v	aʀaʃe	to pull up, tear up_	
le juillet	nm	ʒɥijɛ	July	
la génération	nf	ʒeneʀasjɔ͂	generation	
un événement	nm	evɛnmɑ͂	event_	
solitaire	nadj(f)	sɔlitɛʀ	solitary, lone, lonely	
le bâton	nm	bɑtɔ͂	tick, club, baton	
la marge	nf	maʀʒ	margin	
un héritage	nm	eʀitaʒ	heritage	
ressembler	v	ʀ(ə)sɑ͂ble	to look like, resemble	
le volontaire, la volontaire	nadj(f)	vɔlɔ͂tɛʀ	volunteer; voluntary	
énormément	adv	enɔʀmemɑ͂	enormously	
la priorité	nf	pʀijɔʀite	priority	
le mélange	nm	melɑ͂ʒ	mixing, mixture, blend	
la rupture	nf	ʀyptyʀ	the break, rupture	
le sel	nm	sɛl	salt	
déménager	v	demenaʒe	to move	
tester	v	tɛste	to test	
le conducteur	nadj	kɔ͂dyktœʀ	driver, operator, conductor	
la trahison	nf	tʀaizɔ͂	betrayal, treachery, treason	
le transfert	nm	tʀɑ͂sfɛʀ	the transfer	
débrouiller	v	debʀuje	to untangle, sort out, manage, get by	
la moyenne	nf	mwajɛn	average	
moderne	nadj(f)	mɔdɛʀn	modern	
effacer	v	efase	to erase, clean	
le positif	nadj	pozitif	positive	
la publicité	nf	pyblisite	advertising, advertisement, publicity	
un environnement	nm	ɑ͂viʀɔnmɑ͂	environment	
médias	nmpl	medja	media	
le scandale	nm	skɑ͂dal	scandal, uproar	
le vendeur	nm	vɑ͂dœʀ, -øz	salesman, seller	
invisible	adj(f)	ɛ͂vizibl	invisible	
la tragédie	nf	tʀaʒedi	tragedy	
une issue	nf	isy	the exit, outcome	
voter	v	vɔte	to vote	
probable	adj(f)	pʀɔbabl	probable, likely	
la destruction	nf	dɛstʀyksjɔ͂	destruction	
négocier	v	negɔsje	to negotiate	
aimable	adj(f)	ɛmabl	pleasant, kind, nice	
un avril	nm	avʀil	April	
la connerie	nf	kɔnʀi	crap, bullsh*t, stupidity	
le saut	nm	so	jump, leap	
quinze	det,nmi	kɛ͂z	fifteen	
le leader, la leader	nm,nf	lidœʀ	leader	
le séjour	nm	seʒuʀ	the stay	
le marin, la marin	nadj	maʀɛ͂	sea, marine, sailor	
la sensation	nf	sɑ͂sasjɔ͂	sensation	
une exception	nf	ɛksɛpsjɔ͂	exception	
sien	nadj	sjɛ͂, sjɛn	his, hers	
la possession	nf	pɔsesjɔ͂	possession, ownership	
le motif	nm	mɔtif	motive, purpose	
le serveur	nm	sɛʀvœʀ	waiter, server	
la prière	nf	pʀijɛʀ	prayer	
protégé	nadj	pʀɔteʒe	protected, protégé	
baisser	v	bese	to lower	
abattre	v	abatʀ	to pull down, kill, beat	
une association	nf	asɔsjasjɔ͂	association	
le poing	nm	pwɛ͂	fist, punch	
le producteur	nadj	pʀɔdyktœʀ, -tʀis	producer	
une écriture	nf	ekʀityʀ	the writing	
craindre	v	kʀɛ͂dʀ	to fear, be afraid of	
la vallée	nf	vale	valley	
le règlement	nm	ʀɛgləmɑ͂	rule, regulation	
net	adj,nm	nɛt	clear; Internet	
précisément	adv	pʀesizemɑ͂	precisely	
la morale	nf	mɔʀal	ethics; moral	
immense	adj(f)	i(m)mɑ͂s	immense	
informer	v	ɛ͂fɔʀme	to inform	
le chapitre	nm	ʃapitʀ	chapter	
le potentiel	nadj	pɔtɑ͂sjɛl	potential	
une audition	nf	odisjɔ͂	hearing, examination, audition	
confirmer	v	kɔ͂fiʀme	to confirm	
la capacité	nf	kapasite	capacity, ability	
le fruit	nm	fʀɥi	fruit	
le chaos	nm(pl)	kao	chaos	
éclater	v	eklate	to burst, explode	
un acier	nm	asje	steel	
le cri	nm	kʀi	the shout, cry	
la population	nf	pɔpylasjɔ͂	population	
effectivement	adv	efɛktivmɑ͂	effectively	
regretter	v	ʀ(ə)gʀete	to regret	
proposer	v	pʀɔpoze	to propose	
le panneau	nm	pano	sign, notice, panel	
légal	adj	legal, o	legal, lawful	
la construction	nf	kɔ͂stʀyksjɔ͂	construction, building	
la boue	nf	bu	mud	
rarement	adv	ʀɑʀmɑ͂	rarely, seldom	
la combinaison	nf	kɔ͂binɛzɔ͂	combination	
le franc	adj,adv,adj,nm	fʀɑ͂	frank; franc (money)	
la plante	nf	plɑ͂t	plant	
une apparence	nf	apaʀɑ͂s	appearance	
le menu	adv,nadj	məny	menu, slender, slim, minor	
le luxe	nm	lyks	luxury	
un essentiel	nadj	esɑ͂sjɛl	essential	
maintenir	v	mɛ͂t(ə)niʀ	to maintain	
stable	adj(f)	stabl	stable	
le satellite	nm	satelit	satellite	
la branche	nf	bʀɑ͂ʃ	branch	
une autoroute	nf	otoʀut	motorway, highway, freeway	
rembourser	v	ʀɑ͂buʀse	to reimburse, pay back, pay off, repay	
le transport	nm	tʀɑ͂spɔʀ	transportation	
la statue	nf	staty	statue	
le principe	nm	pʀɛ͂sip	principle	
la couronne	nf	kuʀɔn	crown, wreath	
subir	v	sybiʀ	to undergo, be subjected to, suffer	
le sec	adj,adv,nm	sɛk	dry	
accuser	v	akyze	to accuse	
la goutte	nf	gut	the drop (of one liquid)	
la colline	nf	kɔlin	hill	
la revanche	nf	ʀ(ə)vɑ͂ʃ	revenge; return	
le trente	det,nmi	tʀɑ͂t	thirty	
une aile	nf	ɛl	wing, sail, blade	
le bienvenu	nadj	bjɛ͂v(ə)ny	welcome	
hélas	intj	elɑs	alas	
la résistance	nf	ʀezistɑ͂s	resistance	
la prime	nadj(f),nf	pʀim	free gift, premium, bonus	
littéralement	adv	liteʀalmɑ͂	literally	
fédéral	nadj	fedeʀal, o	federal	
un engagement	nm	ɑ͂gaʒmɑ͂	agreement, commitment	
le médicament	nm	medikamɑ͂	medicine, drug, medication	
le symbole	nm	sɛ͂bɔl	symbol	
un avertissement	nm	avɛʀtismɑ͂	warning	
le réalisateur	nadj	ʀealizatœʀ, -tʀis	director	
douter	v	dute	to doubt	
douloureux	adj(pl)	duluʀø, -øz	painful, grievous, distressing	
louer	v	lwe	to rent, praise	
un impact	nm	ɛ͂pakt	impact	
le chagrin	adj,nm	ʃagʀɛ͂	grief, sorrow,	
révéler	v	ʀevele	to reveal	
le juin	nm	ʒɥɛ͂	June	
téléphoner	v	telefɔne	to telephone, phone, call	
une excellence	nf	ɛkselɑ͂s	excellence	
remarquer	v	ʀ(ə)maʀke	to remark; to notice, point out	
la pension	nf	pɑ͂sjɔ͂	pension; room and board, boarding school	
roue_	nf	ʀu	wheel	
un arrangement	nm	aʀɑ͂ʒmɑ͂	arrangement, layout, order, agreement	
la routine	nf	ʀutin	routine	
la poignée	nf	pwaɲe	handful, fistful, handle	
le local	nadj	lɔkal, o	local	
le légitime, la légitime	nadj(f)	leʒitim	legitimate	
un hélicoptère	nm	elikɔptɛʀ	helicopter	
filmer	v	filme	to film, shoot	
un octobre	nm	ɔktɔbʀ	October	
une obscurité	nf	ɔpskyʀite	darkness	
le domicile	nm	dɔmisil	home, place of residence	
une administration	nf	administʀasjɔ͂	administration	
la médaille	nf	medaj	medal	
le casque	nm	kask	helmet	
la boucle	nf	bukl	loop, buckle, curl	
tarder	v	taʀde	to delay	
un asile	nm	azil	shelter, asylum, hospital	
le texte	nm	tɛkst	text	
le deuil	nm	dœj	mourning, grief	
un auto, une auto	nm,nf	oto	car	
la fonction	nf	fɔ͂ksjɔ͂	function	
la république	nf	ʀepyblik	republic	
allumer	v	alyme	to switch on, light up, turn on	
enquêter	v	ɑ͂kete	to investigate, hold inquiry, conduct a survey	
piquer	v	pike	to sting, bite, prick, be hot; to steal	
le manche, la manche	nm,nf	mɑ͂ʃ	handle, sleeve	
la circulation	nf	siʀkylasjɔ͂	circulation, traffic	
une enveloppe	nf	ɑ͂vlɔp	envelope	
le blé	nm	ble	wheat	
le record	nm	ʀ(ə)kɔʀ	record	
le puits	nm(pl)	pɥi	well, shaft, pit	
renoncer	v	ʀ(ə)nɔ͂se	renounce	
décrire	v	dekʀiʀ	to describe	
accomplir	v	akɔ͂pliʀ	to accomplish	
réduire	v	ʀedɥiʀ	to reduce	
enseigner	v	ɑ͂seɲe	to teach	
un entraîneur	nm	ɑ͂tʀɛnœʀ	coach, trainer	
contrairement	adv	kɔ͂tʀɛʀmɑ͂	contrary	
la facture	nf	faktyʀ	invoice, bill	
un époux	nm(pl)	epu, epuz	husband, spouse	
la revue	nf	ʀ(ə)vy	review, magazine, journal	
le pouce	nm	pus	thumb, inch	
avaler	v	avale	to swallow	
remarquable	adj(f)	ʀ(ə)maʀkabl	remarkable, outstanding	
le délit	nm	deli	crime, offence	
le réduit	nm	ʀedɥi	reduced, scaled-down, cut-down, tiny room, hideout	
ruiner	v	ʀɥine	to ruin, bankrupt oneself	
la détention	nf	detɑ͂sjɔ͂	detention, possession	
coûter	v	kute	to cost	
mêler	v	mele	to mingle, mix	
la douzaine	nf	duzɛn	dozen	
suprême	nadj(f)	sypʀɛm	supreme	
le gris	nadj(pl)	gʀi	grey	
le restant	adj,nm	ʀɛstɑ͂	remaining, the rest, the remainder	
la crainte	nf	kʀɛ͂t	fear	
le panier	nm	panje	basket	
informé	nadj	ɛ͂fɔʀme	informed	
sortant	nadj	sɔʀtɑ͂, ɑ͂t	outgoing	
terriblement	adv	teʀibləmɑ͂	terribly, awfully	
le conflit	nm	kɔ͂fli	conflict	
le sourd	nadj	suʀ	deaf	
observer	v	ɔpsɛʀve	to observe, watch	
le protocole	nm	pʀɔtɔkɔl	etiquette, protocol	
placer	nm,v	plase	to place	
le silencieux	nadj(pl)	silɑ͂sjø	silent, noiseless, silencer	
le malentendu	nm	malɑ͂tɑ͂dy	misunderstanding	
punir	v	pyniʀ	to punish	
la faiblesse	nf	fɛblɛs	weakness	
rapporter	v	ʀapɔʀte	to bring back, report	
la quantité	nf	kɑ͂tite	quantity	
un historique	nadj(f)	istɔʀik	historical	
serrer	v	seʀe	to tighten, squeeze	
avertir	v	avɛʀtiʀ	to warn	
enfermer	v	ɑ͂fɛʀme	to shut	
le candidat	nm	kɑ͂dida, at	candidate	
le compromis	nm(pl)	kɔ͂pʀɔmi	compromise, agreement	
une atmosphère	nf	atmɔsfɛʀ	atmosphere	
établir	v	etabliʀ	to establish	
le tube	nm	tyb	tube	
le cadre	nm	kɑdʀ	frame, executive	
le trône	nm	tʀon	throne	
le festival	nm	fɛstival	festival	
intéresser	v	ɛ͂teʀese	to interest, involve	
un ingénieur, une ingénieur	nm,nf	ɛ͂ʒenjœʀ	engineer	
différemment	adv	difeʀamɑ͂	differently	
balancer	v	balɑ͂se	to swing, sway	
le minimum	nadj	minimɔm, minima	minimum	
un ambassadeur	nm	ɑ͂basadœʀ	ambassador	
tragique	nadj(f)	tʀaʒik	tragic	
vaincre	v	vɛ͂kʀ	to defeat, overcome, conquer	
conscient	adj	kɔ͂sjɑ͂, jɑ͂t	conscious, aware	
le tissu	nadj	tisy	fabric, material, cloth, tissue, woven	
une intimité	nf	ɛ͂timite	privacy, intimacy	
obéir	v	ɔbeiʀ	to obey, comply with, respond to	
le lancement	nm	lɑ͂smɑ͂	the launch	
la demeure	nf	d(ə)mœʀ	residence, home	
mystérieux	nadj(pl)	misteʀjø	mysterious, secretive	
la fillette	nf	fijɛt	little girl, girl	
le genou	nm	ʒ(ə)nu	knee	
la sagesse	nf	saʒɛs	wisdom, moderation	
une industrie	nf	ɛ͂dystʀi	industry	
le guerrier	nadj	gɛʀje, -jɛʀ	warrior; warlike	
fragile	adj(f)	fʀaʒil	fragile	
la libération	nf	libeʀasjɔ͂	liberation	
promettre	v	pʀɔmɛtʀ	to promise	
un élément	nm	elemɑ͂	element	
ramasser	v	ʀamɑse	to pick up, collect, gather	
un atelier	nm	atəlje	workshop, studio	
la destinée	nf	dɛstine	fate, destiny	
accéder	v	aksede	to access, reach, attain	
la grossesse	nf	gʀosɛs	pregnancy	
un usage	nm	yzaʒ	use, usage	
royal	adj	ʀwajal, o	royal	
la résidence	nf	ʀezidɑ͂s	residence, block of flats	
quelconque	adj(f)	kɛlkɔ͂k	any, some	
suicider	v	sɥiside	to commit suicide	
communiquer	v	kɔmynike	to communicate	
le trouble	adj(f),nm	tʀubl	trouble	
la dépression	nf	depʀesjɔ͂	depression	
le novembre	nm	nɔvɑ͂bʀ	November	
la chaussure	nf	ʃosyʀ	shoe, sneaker	
un équilibre	nm	ekilibʀ	balance, equilibrium	
un élu	nadj	ely	elected, elected member	
endormir	v	ɑ͂dɔʀmiʀ	to put to sleep, fall asleep	
le gras	adj(pl),nm(pl)	gʀɑ	fatty, fat, greasy	
la grève	nf	gʀɛv	the strike (of workers)	
confortable	adj(f)	kɔ͂fɔʀtabl	comfortable	
le chant	nm	ʃɑ͂	song	
judiciaire	adj(f)	ʒydisjɛʀ	judiciary	
accrocher	v	akʀɔʃe	to hang up, hang on, put up	
le jouet	nm	ʒwɛ	toy	
augmenter	v	ɔgmɑ͂te	to increase, raise	
un automne	nm	otɔn	fall, autumn	
peindre	v	pɛ͂dʀ	to paint, depict, portray	
une exposition	nf	ɛkspozisjɔ͂	exhibition, show	
cesser	v	sese	to cease, stop	
la vedette	nf	vədɛt	star, patrol boat	
la curiosité	nf	kyʀjozite	curiosity	
le débat	nm	deba	debate	
le citoyen	nadj	sitwajɛ͂, jɛn	citizen	
le pape	nm	pap	pope	
une assiette	nf	asjɛt	plate, dish, bowl	
le tennis	nmi	tenis	tennis	
la solitude	nf	sɔlityd	solitude, loneliness	
la destination	nf	dɛstinasjɔ͂	destination	
une ambiance	nf	ɑ͂bjɑ͂s	the atmosphere (mood)	
archives	nfpl	aʀʃiv	archives, records	
la capitale	nf	kapital	capital	
le spécialiste, la spécialiste	nadj(f)	spesjalist	specialist	
le massacre	nm	masakʀ	massacre, slaughter	
veiller	v	veje	to look after, stay up	
parier	v	paʀje	to bet	
racheter	v	ʀaʃte	to repurchase, buy back, redeem	
la description	nf	dɛskʀipsjɔ͂	description	
un irlandais	nadj(pl)	iʀlɑ͂dɛ, ɛz	Irish	
la punition	nf	pynisjɔ͂	punishment	
le poème	nm	pɔɛm	poem	
prêter	v	pʀete	to lend	
dépenser	v	depɑ͂se	to spend	
échanger	v	eʃɑ͂ʒe	to exchange	
une économie	nf	ekɔnɔmi	economy	
la colonne	nf	kɔlɔn	column	
la connexion	nf	kɔnɛksjɔ͂	connection	
fonctionner	v	fɔ͂ksjɔne	to function, work	
la feuille	nf	fœj	leaf, sheet, slip	
le suisse	nadj(f)	sɥis	Swiss	
la répétition	nf	ʀepetisjɔ͂	repetition, rehearsal	
la météo	nf	meteo	weather forecast	
anonyme	adj(f)	anɔnim	anonymous	
un immobilier	nadj	imɔbilje	property, real estate, property business, real estate business	
la serre	nf	sɛʀ	greenhouse	
le plafond	nm	plafɔ͂	ceiling, roof, maximum	
fournir	v	fuʀniʀ	to provide, supply	
confier	v	kɔ͂fje	to entrust	
le diamant	nm	djamɑ͂	diamond	
le défaut	nm	defo	fault, flaw, shortcoming	
une inquiétude	nf	ɛ͂kjetyd	worry, anxiety	
un août	nm	u(t)	August	
un acide	nadj(f)	asid	acid	
la dignité	nf	diɲite	dignity	
une ambassade	nf	ɑ͂basad	embassy	
guère	adv	gɛʀ	hardly, scarcely	
la tache	nf	taʃ	stain, spot, mark	
familier	nadj	familje	familiar, informal	
saisir	v	seziʀ	to seize, to grab	
volontiers	adv	vɔlɔ͂tje	with pleasure, willingly, gladly	
signaler	v	siɲale	to indicate, signal	
le fixe	nadj	fiks	fixed	
la foire	nf	fwaʀ	the fair	
enregistrer	v	ɑ͂ʀ(ə)ʒistʀe	to record, check in	
le civil	nadj	sivil	civil; civilian	
une affection	nf	afɛksjɔ͂	affection, ailment	
la catastrophe	nf	katastʀɔf	catastrophe, disaster	
le duc	nm	dyk	duke	
la fermeture	nf	fɛʀmətyʀ	closing	
buter	v	byte	to stumble, trip, run into, prop up, score	
accorder	v	akɔʀde	to grant	
le canal	nm	kanal, o	canal, channel	
évacuer	v	evakɥe	to evacuate, clear	
un absent	nadj	apsɑ͂, ɑ͂t	absent	
la merveille	nf	mɛʀvɛj	marvel, wonder	
la plaie	nf	plɛ	wound	
la clef	nf	kle	key	
le cinquième, la cinquième	det,nm,nf	sɛ͂kjɛm	fifth	
le désordre	nm	dezɔʀdʀ	disorder, confusion	
intime	nadj(f)	ɛ͂tim	intimate, close, secret, private	
un adversaire, une adversaire	nm,nf	advɛʀsɛʀ	opponent, adversary	
la réussite	nf	ʀeysit	the success	
effrayer	v	efʀeje	to frighten, scare	
quasiment	adv	kazimɑ͂	almost, early	
le fichier	nm	fiʃje	file	
intervenir	v	ɛ͂tɛʀvəniʀ	to intervene	
le profit	nm	pʀɔfi	profit, benefit	
le sou	nm	su	penny	
une informatique	nadj(f)	ɛ͂fɔʀmatik	computer science, computing	
constamment	adv	kɔ͂stamɑ͂	constantly, continuously, consistent	
désespéré	nadj	dezɛspeʀe	desperate, hopeless	
la recette	nf	ʀ(ə)sɛt	recipe	
la douceur	nf	dusœʀ	softness, smoothness, mildness, gentleness,sweetness	
la formule	nf	fɔʀmyl	formula, expression	
la montée	nf	mɔ͂te	climb, ascent, rise, raising	
le bond	nm	bɔ͂	leap, rebound	
le verdict	nm	vɛʀdikt	verdict	
célébrer	v	selebʀe	to celebrate	
prétendre	v	pʀetɑ͂dʀ	to pretend	
la fréquence	nf	fʀekɑ͂s	frequency	
disputer	v	dispyte	to dispute	
un exposé	nadj	ɛkspoze	account, statement, talk	
cuire	v	kɥiʀ	to cook, bake, roast	
une illusion	nf	i(l)lyzjɔ͂	illusion	
le jet	nm	ʒɛ	jet, throw, spray, nozzle	
une antenne	nf	ɑ͂tɛn	antenna	
la compassion	nf	kɔ͂pasjɔ͂	compassion	
la quête	nf	kɛt	quest, pursuit, collection	
le photographe, la photographe	nm,nf	fɔtɔgʀaf	photographer	
déterminer	v	detɛʀmine	to determine, find out, specify	
un assaut	nm	aso	assault, attack, bout	
provoquer	v	pʀɔvɔke	to provoke	
coincer	v	kwɛ͂se	to jam, hinder, get stuck	
le document	nm	dɔkymɑ͂	document	
la poésie	nf	pɔezi	poetry	
délicat	nadj	delika, at	delicate, fine, gentle	
piéger	v	pjeʒe	to trap, booby-trap	
le syndicat	nm	sɛ͂dika	union (of workers)	
le tabac	nm	taba	tobacco	
un orchestre	nm	ɔʀkɛstʀ	orchestra	
discret	adj	diskʀɛ, -ɛt	discreet, tactful, quiet	
la ère	nf	ɛʀ	era	
relever	v	ʀəl(ə)ve, ʀ(ə)ləve	to raise	
le décembre	nm	desɑ͂bʀ	December	
appuyer	v	apɥije	to lean, support	
une évasion	nf	evazjɔ͂	evasion, escape	
réagir	v	ʀeaʒiʀ	to react	
la retenue	nf	ʀ(ə)təny, ʀət(ə)ny	deduction; restraint, self-control	
glisser	v	glise	to slide, slip	
la tristesse	nf	tʀistɛs	sadness, gloominess, dreariness	
la fatigue	nf	fatig	tiredness, fatigue	
la création	nf	kʀeasjɔ͂	creation	
la planche	nf	plɑ͂ʃ	plank, board	
le voile, la voile	nm,nf	vwal	veil, sail	
la galerie	nf	galʀi	gallery	
le bétail	nm	betaj	livestock, cattle	
le drame	nm	dʀam	drama	
une émotion	nf	emosjɔ͂	emotion, feeling	
la garantie	nf	gaʀɑ͂ti	guarantee	
la terreur	nf	teʀœʀ	terror, dread	
intense	adj(f)	ɛ͂tɑ͂s	intense, severe, dense	
le contenu	nadj	kɔ͂t(ə)ny	contents	
le sorcier	nm	sɔʀsje, -jɛʀ	sorcerer, witch	
le fleuve	nm	flœv	river	
la longueur	nf	lɔ͂gœʀ	length	
vider	v	vide	to empty, vacate	
certes	adv	sɛʀt	indeed, certainly, of course	
le thème	nm	tɛm	theme, topic	
le refuge	nm	ʀ(ə)fyʒ	refuge	
le compliment	nm	kɔ͂plimɑ͂	compliment	
la navette	nf	navɛt	shuttle	
la poursuite	nf	puʀsɥit	chase, pursuit	
un ennui	nm	ɑ͂nɥi	the boredom, trouble, worry	
la sauvetage	nm	sov(ə)taʒ	rescue, salvaging	
lutter	v	lyte	to struggle, fight	
le reporter, la reporter	nm,nf,v	ʀ(ə)pɔʀte	to report; to postpone	
britannique	nadj(f)	bʀitanik	British	
le janvier	nm	ʒɑ͂vje	January	
le représentant	nm	ʀ(ə)pʀezɑ͂tɑ͂, ɑ͂t	representative	
ci	adv,pro	si	this one, here	
la référence	nf	ʀefeʀɑ͂s	reference	
détester	v	detɛste	to hate, detest	
le nettoyage	nm	netwajaʒ	cleaning, cleansing	
généralement	adv	ʒeneʀalmɑ͂	generally	
la misère	nf	mizɛʀ	poverty, misery	
une innocence	nf	inɔsɑ͂s	innocence	
la conclusion	nf	kɔ͂klyzjɔ͂	conclusion	
un inverse	nadj(f)	ɛ͂vɛʀs	opposite, reverse	
coller	v	kɔle	to stick, paste	
le plomb	nm	plɔ͂	lead	
noyer	nm,v	nwaje	walnut; to drown, flood, blur, water down	
attacher	v	ataʃe	to attach	
confus	adj(pl)	kɔ͂fy, yz	confused, embarrassed	
insensé	nadj	ɛ͂sɑ͂se	insane; nonsense	
inhabituel	adj	inabitɥɛl	unusual	
le catholique, la catholique	nadj(f)	katɔlik	Catholic	
pêcher	nm,v	peʃe	to fish, go fishing; peach tree	
la marchandise	nf	maʀʃɑ͂diz	merchandise, commodity	
moquer	v	mɔke	to mock, make fun of	
le circuit	nm	siʀkɥi	circuit	
la centaine	nf	sɑ͂tɛn	hundred	
spécialement	adv	spesjalmɑ͂	especially, particularly	
éternel	nadj	etɛʀnɛl	eternal, everlasting	
un hôte	nm	ot	host, guest	
le règne	nm	ʀɛɲ	reign	
un assassinat	nm	asasina	murder, assassination	
fameux	adj(pl)	famø, -øz	famous	
la quarantaine	nf	kaʀɑ͂tɛn	forty	
le relevé	nadj	ʀəl(ə)ve, ʀ(ə)ləve	statement, list; relieved; put in relief; rolled up	
la structure	nf	stʀyktyʀ	structure	
le comptable, la comptable	nadj(f)	kɔ͂tabl	accountant, accountable	
trahir	v	tʀaiʀ	to betray, give away	
temporaire	adj(f)	tɑ͂pɔʀɛʀ	temporary	
le relais	nm(pl)	ʀ(ə)lɛ	shift, relay	
le vif	nadj	vif	lively	
international	nadj	ɛ͂tɛʀnasjɔnal, o	international	
le développement	nm	devlɔpmɑ͂	development	
le carton	nm	kaʀtɔ͂	cardboard, card, score	
impressionner	v	ɛ͂pʀesjɔne	to impress, upset	
boucher	nm,v	buʃe	butcher; to fill in, get clogged up	
dénoncer	v	denɔ͂se	to denounce	
une identification	nf	idɑ͂tifikasjɔ͂	identification	
dégager	v	degaʒe	to free, to clear_	
la génétique	nadj(f)	ʒenetik	genetic	
lent	adj	lɑ͂, lɑ͂t	slow	
le cocktail	nm	kɔktɛl	cocktail, cocktail party	
violer	v	vjɔle	to rape, infringe	
planter	v	plɑ͂te	to plant, pitch	
vain	adj	vɛ͂, vɛn	vain	
la descente	nf	desɑ͂t	descent, raid, downward slope	
le nuage	nm	nɥaʒ	cloud	
la vitre	nf	vitʀ	pane, window_	
la majorité	nf	maʒɔʀite	majority	
pénible	adj(f)	penibl	hard, difficult, painful, tiresome	
une élection	nf	elɛksjɔ͂	election	
le social	nadj	sɔsjal	social	
la confession	nf	kɔ͂fesjɔ͂	confession	
le degré	nm	dəgʀe	degree	
une inspiration	nf	ɛ͂spiʀasjɔ͂	inspiration	
dépêcher	v	depeʃe	to dispatch, send, hurry	
sacrifier	v	sakʀifje	to sacrifice, give away	
le concept	nm	kɔ͂sɛpt	concept	
le banc	nm	bɑ͂	bench, workbench, pew	
un engin	nm	ɑ͂ʒɛ͂	machine, tool, vehicle, device	
la spécialité	nf	spesjalite	specialty	
biologique	adj(f)	bjɔlɔʒik	biological, nature	
surprendre	v	syʀpʀɑ͂dʀ	to surprise	
hurler	v	ˊyʀle	to scream, yell	
un orage	nm	ɔʀaʒ	storm, thunderstorm	
rassembler	v	ʀasɑ͂ble	to gather together	
mordre	v	mɔʀdʀ	to bite, overlap into	
le chantier	nm	ʃɑ͂tje	construction site, roadworks	
pendre	v	pɑ͂dʀ	to hang down	
extrême	nadj(f)	ɛkstʀɛm	extreme	
le dépôt	nm	depo	deposit, depot	
un amateur, une amateur	nm,nf	amatœʀ, -tʀis	amateur	
le commentaire	nm	kɔmɑ͂tɛʀ	comment, remark	
la correction	nf	kɔʀɛksjɔ͂	correction	
la présentation	nf	pʀezɑ͂tasjɔ͂	presentation	
sonner	v	sɔne	to ring	
la flèche	nf	flɛʃ	arrow	
le tournoi	nm	tuʀnwa	tournament	
une ordonnance	nf	ɔʀdɔnɑ͂s	prescription, organisation, edict, ruling	
une élite	nf	elit	elite	
le trajet	nm	tʀaʒɛ	journey, route; traject	
inventer	v	ɛ͂vɑ͂te	to invent	
la pompe	nf	pɔ͂p	pump	
démarrer	v	demaʀe	to start up	
physiquement	adv	fizikmɑ͂	physically	
la requête	nf	ʀəkɛt	request, petition	
habituer	v	abitɥe	to accustom, get used to	
le statut	nm	staty	status	
une augmentation	nf	ɔgmɑ͂tasjɔ͂	the increase,&nbsp;the&nbsp;rise	
développer	v	dev(ə)lɔpe	to develop	
le col	nm	kɔl	collar, mountain pass	
le carnet	nm	kaʀnɛ	notebook, notepad	
la gravité	nf	gʀavite	seriousness, solemnity, graveness, gravity	
craquer	v	kʀake	to creak, squeak, crackle, give in, strike	
la licence	nf	lisɑ͂s	licence, permit	
réunir	v	ʀeyniʀ	to gather, reunite, raise	
la troupe	nf	tʀup	troup, troop	
saluer	v	salɥe	to greet, salute	
le conte	nm	kɔ͂t	tale	
le chiffre	nm	ʃifʀ	figure, number	
la tactique	nadj(f)	taktik	tactics, tactical	
un hommage	nm	ɔmaʒ	homage, tribute	
nier	v	nje	to deny	
commettre	v	kɔmɛtʀ	to commit	
la flamme	nf	flam	flame, fire, fervor, brilliance	
le croisé	nadj	kʀwaze	twill; alternate; crusader; crossed	
un impatient	nadj	ɛ͂pasjɑ͂, jɑ͂t	impatient	
le quai	nm	ke	platform, quay, embankment	
le complot	nm	kɔ͂plo	plot, conspiracy	
consulter	v	kɔ͂sylte	to consult	
ultime	adj(f)	yltim	ultimate; final	
onze	det,nmi	ɔ͂z	eleven	
la poussée	nf	puse	push, rise, upsurge	
accompli	adj	akɔ͂pli	accomplished	
aussitôt	adv	osito	as soon as	
le poète	nm	pɔɛt	poet	
un inconscient	nadj	ɛ͂kɔ͂sjɑ͂	unconscious, thoughtless	
reculer	v	ʀ(ə)kyle	to move back, back up	
ralentir	v	ʀalɑ͂tiʀ	to slow down	
le facteur	nm	faktœʀ	postman, mailman; factor	
le registre	nm	ʀəʒistʀ	log, register, registry	
pâle	adj(f)	pɑl	pale	
la toile	nf	twal	cloth, canvass, web	
le filet	nm	filɛ	dribble, trickle, wisp, streak, thread, fillet, net	
le fardeau	nm	faʀdo	burden	
honorable	adj(f)	ɔnɔʀabl	honorable	
conclure	v	kɔ͂klyʀ	to conclude	
le compagnon	nm	kɔ͂paɲɔ͂	companion, craftsman, journeyman	
fixer	v	fikse	to fix, arrange, set	
le député	nm	depyte	deputy, parliamentary delegate	
le montant	nadj	mɔ͂tɑ͂	upright, upwards, sum, total	
le standard	adji,nm	stɑ͂daʀ	standard, switchboard	
solaire	adj(f)	sɔlɛʀ	solar	
une évolution	nf	evɔlysjɔ͂	evolution	
la maîtrise	nf	metʀiz	mastery, command, control, master’s degree	
un institut	nm	ɛ͂stity	institute	
visiblement	adv	vizibləmɑ͂	obviously, clearly, visibly	
la mairie	nf	meʀi	town hall, city hall	
premièrement	adv	pʀəmjɛʀmɑ͂	firstly	
la civilisation	nf	sivilizasjɔ͂	civilization	
la grille	nf	gʀij	railings, gate, grid, scale	
le chanteur	nadj	ʃɑ͂tœʀ, -øz	singer	
le gré	nm	gʀe	liking	
un investissement	nm	ɛ͂vɛstismɑ͂	investment	
un arrivant	nm	aʀivɑ͂, ɑ͂t	person who arrived	
la discipline	nf	disiplin	discipline	
surprenant	adj	syʀpʀənɑ͂, ɑ͂t	surprising	
attentivement	adv	atɑ͂tivmɑ͂	attentively, carefully, closely	
âgé	adj	ɑʒe	old	
fabriquer	v	fabʀike	to manufacture, invent, make	
la levée	nf	l(ə)ve	raising, levying, levee	
la barrière	nf	baʀjɛʀ	fence, barrier, gate	
considérer	v	kɔ͂sideʀe	to consider	
la disposition	nf	dispozisjɔ͂	arrangement, disposition	
une affiche	nf	afiʃ	poster, public notice, bill	
la correspondance	nf	kɔʀɛspɔ͂dɑ͂s	correspondance, connection	
le trottoir	nm	tʀɔtwaʀ	pavement	
le championnat	nm	ʃɑ͂pjɔna	championship	
soucier	v	susje	to care about, show concern for	
le case, la case	nf	kɑz	box, hut, field	
plonger	v	plɔ͂ʒe	to dive	
automatique	adj(f)	otomatik	automatic	
le perdant	nadj	pɛʀdɑ͂, ɑ͂t	losing, loser	
visuel	adj	vizɥɛl	visual	
décevoir	v	des(ə)vwaʀ	to disappoint	
le renfort	nm	ʀɑ͂fɔʀ	help, back-up, support; reinforce	
le cinquante	det,nmi	sɛ͂kɑ͂t	fifty	
approprié	adj	apʀɔpʀije	appropriate	
artistique	adj(f)	aʀtistik	artistic	
blâmer	v	blɑme	to blame, reprimand	
le brouillard	nm	bʀujaʀ	fog, mist, haze	
le œuf	nm	œf, pl ø]<br>	egg	
analyser	v	analize	to analyse	
marquer	v	maʀke	to mark	
le foudre, la foudre	nf	fudʀ	lightning	
satisfaire	v	satisfɛʀ	to satisfy	
habiter	v	abite	to live (in a place)	
la patrie	nf	patʀi	homeland, home country	
vulnérable	adj(f)	vylneʀabl	vulnerable	
le domestique, la domestique	nadj(f)	dɔmɛstik	servant, domestic	
le ressort	nm	ʀ(ə)sɔʀ	spring; resort; spirit	
un individu	nm	ɛ͂dividy	individual	
allonger	v	alɔ͂ʒe	to lengthen, extend, stretch out	
la difficulté	nf	difikylte	difficulty	
impliquer	v	ɛ͂plike	to imply, implicate; involve	
le marchand	nadj	maʀʃɑ͂, ɑ͂d	merchant	
le rideau	nm	ʀido	curtain	
légèrement	adv	leʒɛʀmɑ͂	lightly, slightly	
la défaite	nf	defɛt	defeat	
dramatique	nadj(f)	dʀamatik	dramatic, tragic, drama	
la détresse	nf	detʀɛs	distress	
typique	nadj(f),nf	tipik	typical	
adopter	v	adɔpte	to adopt	
ennuyer	v	ɑ͂nɥije	to bore, worry, bother	
la toilette	nf	twalɛt	washing, toilet, lavatory, bathroom, restroom	
une insulte	nf	ɛ͂sylt	insult	
la corruption	nf	kɔʀypsjɔ͂	corruption	
fiable	adj(f)	fjabl	reliable, trustworthy	
voire	adv	vwaʀ	if ever; even; indeed	
une allure	nf	alyʀ	speed, pace, walk, look, appearance	
la démocratie	nf	demɔkʀasi	democracy	
rechercher	v	ʀ(ə)ʃɛʀʃe	to search for	
un instrument	nm	ɛ͂stʀymɑ͂	instrument	
pacifique	adj(f)	pasifik	peaceful, peace-loving	
repérer	v	ʀ(ə)peʀe	to spot, pick out; locate, find	
raser	v	ʀɑze	to shave, raze	
un arabe	nadj(f)	aʀab	Arabic, Arab	
transmettre	v	tʀɑ͂smɛtʀ	to forward, transmit	
le désespoir	nm	dezɛspwaʀ	despair	
la fondation	nf	fɔ͂dasjɔ͂	foundation	
souhaiter	v	swete	to wish	
le certificat	nm	sɛʀtifika	certificate	
la fraude	nf	fʀod	fraud	
rapprocher	v	ʀapʀɔʃe	to bring closer, get closer	
le carburant	nadj	kaʀbyʀɑ͂	fuel	
la fusion	nf	fyzjɔ͂	fusion, melting, merging	
secondaire	nadj(f)	s(ə)gɔ͂dɛʀ	secondary	
le février	nm	fevʀije	February	
une amende	nf	amɑ͂d	fine (payment)	
le syndrome	nm	sɛ͂dʀom	syndrome	
le grain	nm	gʀɛ͂	grain, bean, bead; spot, mole	
loyal	adj	lwajal, jo	loyal, faithful	
guider	v	gide	to guide	
vulgaire	nadj(f)	vylgɛʀ	vulgar, common, popular	
la séparation	nf	sepaʀasjɔ͂	separation	
la farce	nf	faʀs	joke, prank, hoax, farce	
gratuitement	adv	gʀatɥitmɑ͂	free, gratuitously	
former	v	fɔʀme	to form	
un héritier	nm	eʀitje, -jɛʀ	heir	
la transmission	nf	tʀɑ͂smisjɔ͂	transmission	
torturer	v	tɔʀtyʀe	to torture	
le rocher	nm	ʀɔʃe	rock, boulder	
un aîné	nadj	ene	oldest	
téléphonique	adj(f)	telefɔnik	telephone	
la profondeur	nf	pʀɔfɔ͂dœʀ	depth	
le triple	nadj(f)	tʀipl	triple	
assassiner	v	asasine	to murder, assassinate	
une édition	nf	edisjɔ͂	publishing, editing, edition	
scolaire	adj(f)	skɔlɛʀ	school, educational, academic	
infiniment	adv	ɛ͂finimɑ͂	infinitely	
la faille	nf	faj	fault	
le délai	nm	delɛ	delay	
le précédent	nadj	pʀesedɑ͂	precedent; previous	
la profession	nf	pʀɔfesjɔ͂	profession	
honorer	v	ɔnɔʀe	to honour, do credit to	
le raciste, la raciste	nadj(f)	ʀasist	racist	
la réplique	nf	ʀeplik	reply, retort; replica	
prévoir	v	pʀevwaʀ	to foresee, anticipate	
la dimension	nf	dimɑ͂sjɔ͂	dimension	
le vice	nm	vis	fault, defect, vice	
sembler	v	sɑ͂ble	to seem	
une angoisse	nf	ɑ͂gwas	distress, anguish, dread, fear	
une ambition	nf	ɑ͂bisjɔ͂	ambition	
une observation	nf	ɔpsɛʀvasjɔ͂	observation	
le vainqueur, la vainqueur	nm,nf	vɛ͂kœʀ	winner	
un aspect	nm	aspɛ	aspect	
surmonter	v	syʀmɔ͂te	to overcome, top, surmount	
repousser	v	ʀ(ə)puse	to push away, postpone	
coopérer	v	kɔɔpeʀe	to cooperate	
grossier	adj	gʀosje, -jɛʀ	unrefined, crude, coarse, rude, rough	
le mineur	nadj	minœʀ	minor; miner	
comparer	v	kɔ͂paʀe	to compare	
la durée	nf	dyʀe	length, duration	
le parcours	nm(pl)	paʀkuʀ	journey, course, route	
le regret	nm	ʀ(ə)gʀɛ	the regret, regretfully	
électronique	nadj(f)	elɛktʀɔnik	electronic	
la faillite	nf	fajit	bankruptcy, collapse, failure	
confidentiel	adj	kɔ͂fidɑ͂sjɛl	confidential	
le missile	nm	misil	missile	
modeste	adj(f)	mɔdɛst	modest	
représenter	v	ʀ(ə)pʀezɑ͂te	to represent	
le chômage	nm	ʃomaʒ	unemployment	
renverser	v	ʀɑ͂vɛʀse	to knock down, turn over, overturn	
alimentaire	adj(f)	alimɑ͂tɛʀ	food	
exister	v	ɛgziste	to exist	
le favori	nadj	favɔʀi	favorite	
dessiner	v	desine	to draw, design	
décoller	v	dekɔle	to take off; to loosen, unstick	
transporter	v	tʀɑ͂spɔʀte	to transport, carry	
exécuter	v	ɛgzekyte	to execute, carry out	
manipuler	v	manipyle	to handle, manipulate	
une impasse	nf	ɛ͂pɑs	dead end, cul-de-sac	
le détenu	nadj	det(ə)ny	prisoner	
le financier	nadj	finɑ͂sje	financial, financier	
une égalité	nf	egalite	equality	
capturer	v	kaptyʀe	to capture, catch	
le béton	nm	betɔ͂	concrete	
le distributeur	nadj	distʀibytœʀ	distributor, machine	
la location	nf	lɔkasjɔ͂	renting	
le score	nm	skɔʀ	score	
la ruine	nf	ʀɥin	ruin, ruins	
la conviction	nf	kɔ͂viksjɔ͂	conviction, belief	
le pacte	nm	pakt	pact, treaty	
le vœu	nm	vø	vow, wish, will	
une éthique	nadj(f)	etik	ethical, ethics	
le troupeau	nm	tʀupo	herd, flock	
une obsession	nf	ɔpsesjɔ͂	obsession	
un emplacement	nm	ɑ͂plasmɑ͂	site, location	
grimper	v	gʀɛ͂pe	to climb, go up	
la proie	nf	pʀwɑ	prey	
le tiers	nadj(pl)	tjɛʀ	third	
le char, la char	nm	ʃaʀ	tank	
le grec	nadj	gʀɛk	Greek	
le prétexte	nadj(f),nm	pʀetɛkst	pretext	
épargner	v	epaʀɲe	to save, spare	
la démonstration	nf	demɔ͂stʀasjɔ͂	demonstration	
outre	adv,prep	utʀ	besides	
une invasion	nf	ɛ͂vɑzjɔ͂	invasion	
dorénavant	adv	dɔʀenavɑ͂	from now on, henceforth	
valable	adj(f)	valabl	valid	
le barrage	nm	baʀaʒ	barrier, obstruction, dam, roadblock	
la commune	nf	kɔmyn	locality; common, joint	
le latin	nadj	latɛ͂	Latin	
la récolte	nf	ʀekɔlt	harvest, crop	
le diagnostic	nm	djagnɔstik	diagnosis	
un isolé	nadj	izɔle	remote, isolated, insolated	
démissionner	v	demisjɔne	to resign	
le peintre, la peintre	nm	pɛ͂tʀ	painter	
la messe	nf	mɛs	mass	
la confusion	nf	kɔ͂fyzjɔ͂	confusion, mix-up	
chimique	adj(f)	ʃimik	chemical	
le maigre	nadj(f)	mɛgʀ	thin, skinny, slim, lean	
franchir	v	fʀɑ͂ʃiʀ	to get over	
pointer	nm,v	pwɛ͂te	to mark off, clock in, clock out, aim	
la violation	nf	vjɔlasjɔ͂	violation, transgression	
la vertu	nf	vɛʀty	virtue	
raccrocher	v	ʀakʀɔʃe	to hang up	
mexicain	nadj	mɛksikɛ͂, ɛn	Mexican	
inscrire	v	ɛ͂skʀiʀ	to register, write down	
le religieux	nadj(pl)	ʀ(ə)liʒjø	religious	
le stock	nm	stɔk	stock, to supply	
séduire	v	sedɥiʀ	to seduce, charm, captivate, appeal to	
explorer	v	ɛksplɔʀe	to explore, investigate, examine	
fondre	v	fɔ͂dʀ	to melt, merge	
primaire	nadj(f)	pʀimɛʀ	primary	
une assistance	nf	asistɑ͂s	attendance, assistance	
le rappel	nm	ʀapɛl	reminder, summary, recall, return, remember	
sympathique	nadj(f)	sɛ͂patik	likeable, nice, pleasant person	
le passager	nadj	pɑsaʒe, -ɛʀ	passenger, temporary	
stopper	v	stɔpe	to stop, halt	
le soulagement	nm	sulaʒmɑ͂	relief	
déclarer	v	deklaʀe	to declare	
instable	adj(f)	ɛ͂stabl	unstable	
le plancher	nm,v	plɑ͂ʃe	floor	
inévitable	adj(f)	inevitabl	unavoidable, inevitable	
justifier	v	ʒystifje	to justify	
la confirmation	nf	kɔ͂fiʀmasjɔ͂	confirmation	
la séquence	nf	sekɑ͂s	sequence	
le voisinage	nm	vwazinaʒ	neighborhood	
insupportable	adj(f)	ɛ͂sypɔʀtabl	intolerable	
préserver	v	pʀezɛʀve	to preserve	
la performance	nf	pɛʀfɔʀmɑ͂s	performance	
dépasser	v	depɑse	to pass, go beyond	
le souhait	nm	swɛ	wish	
le dispositif	nm	dispozitif	device, apparatus	
rude	nadj(f)	ʀyd	rough, harsh, hard, tough	
sévère	adj(f)	sevɛʀ	severe	
la baie	nf	bɛ	bay; berry	
manifestement	adv	manifɛstəmɑ͂	manifestly, clearly	
la concentration	nf	kɔ͂sɑ͂tʀasjɔ͂	concentration	
le privilège	nm	pʀivilɛʒ	privilege	
humide	adj(f)	ymid	moist, damp, humid, wet	
exceptionnel	nadj	ɛksɛpsjɔnɛl	exceptional	
la préparation	nf	pʀepaʀasjɔ͂	preparation	
le réservoir	nm	ʀezɛʀvwaʀ	tank, reservoir	
le montage	nm	mɔ͂taʒ	assembly, setting, pitching, putting, editing	
le sixième, la sixième	det,nm,nf	sizjɛm	sixth	
le rebelle	nadj(f)	ʀəbɛl	rebel, rebellious	
le pneu	nm	pnø	tire	
naître	v	nɛtʀ	to be born	
divin	adj,nm	divɛ͂, in	divine, heavenly	
menacer	v	mənase	to threaten	
le charbon	nm	ʃaʀbɔ͂	coal	
la coopération	nf	kɔɔpeʀasjɔ͂	cooperation	
une invention	nf	ɛ͂vɑ͂sjɔ͂	invention	
néanmoins	adv,conj	neɑ͂mwɛ͂	nevertheless	
une expédition	nf	ɛkspedisjɔ͂	dispatch, shipping, shipment, expedition	
raide	adj(f)	ʀɛd	stiff, straight	
le pompier	adj,nm	pɔ͂pje	fireman, firefighter	
déclencher	v	deklɑ͂ʃe	to trigger, release, unleash	
la détente	nf	detɑ͂t	release, relaxation, loosening	
la philosophie	nf	filɔzɔfi	philosophy	
la croisière	nf	kʀwazjɛʀ	cruise	
une adoption	nf	adɔpsjɔ͂	adoption, passing	
une évaluation	nf	evalɥasjɔ͂	evaluation	
un attentat	nm	atɑ͂ta	attack, assassination attempt	
une altitude	nf	altityd	altitude, height	
authentique	adj(f)	otɑ͂tik	genuine, authentic	
publier	v	pyblije	to publish	
le capital	nadj	kapital, o	major, chief, principal; capital, assets	
le paiement	nm	pɛmɑ͂	payment	
humble	adj(f)	œ͂bl	humble, lowly	
un office	nm	ɔfis	office, bureau	
le fermier	nadj	fɛʀmje, -jɛʀ	farmer	
la photographie	nf	fɔtɔgʀafi	photography	
le communiste, la communiste	nadj(f)	kɔmynist	communist	
une hypothèse	nf	ipɔtɛz	hypothesis	
le calendrier	nm	kalɑ͂dʀije	calendar	
le mental	nadj	mɑ͂tal	mental	
ressortir	v	ʀ(ə)sɔʀtiʀ	to go out again, come out again, take out again	
psychologique	adj(f)	psikolɔʒik	psychological	
investir	v	ɛ͂vɛstiʀ	to invest	
régulièrement	adv	ʀegyljɛʀmɑ͂	regularly	
exposer	v	ɛkspoze	to display, exhibit, expose	
le musicien	nadj	myzisjɛ͂, jɛn	musician	
via	prep	vja	via	
le plume, la plume	nm,nf	plym	feather	
la substance	nf	sypstɑ͂s	substance	
la chimie	nf	ʃimi	chemistry	
assumer	v	asyme	to assume	
un agenda	nm	aʒɛ͂da	diary, planner	
le moine	nm	mwan	monk, friar	
actuel	adj	aktɥɛl	current, present	
le refus	nm(pl)	ʀ(ə)fy	refusal	
habituel	adj	abitɥɛl	customary, habitual	
renseigner	v	ʀɑ͂seɲe	to give information, get information	
la suggestion	nf	sygʒɛstjɔ͂	suggestion	
le réaliste, la réaliste	nadj(f)	ʀealist	realist, realistic	
familial	adj	familjal, jo	family	
féliciter	v	felisite	to congratulate	
le stage	nm	staʒ	internship, training course	
un abus	nm(pl)	aby	abuse, misuse, breach	
le carré	nadj	kaʀe	square, broad, plain	
juridique	adj(f)	ʒyʀidik	legal, judicial	
vaste	adj(f)	vast	vast, immense	
relâcher	v	ʀ(ə)lɑʃe	to loosen, release, let go	
un établissement	nm	etablismɑ͂	establishment, organization	
un achat	nm	aʃa	the purchase	
la proximité	nf	pʀɔksimite	proximity, nearness, closeness	
atroce	adj(f)	atʀɔs	atrocious	
redevenir	v	ʀəd(ə)vəniʀ, ʀ(ə)dəv(ə)niʀ	to become again	
le cycle	nm	sikl	cycle	
une immigration	nf	imigʀasjɔ͂	immigration	
débarquer	v	debaʀke	to unload, land, disembark	
une alimentation	nf	alimɑ͂tasjɔ͂	diet, food, groceries, supply	
le recours	nm(pl)	ʀ(ə)kuʀ	resort, recourse	
une inspection	nf	ɛ͂spɛksjɔ͂	inspection	
le coton	nm	kɔtɔ͂	cotton	
le féminin	nadj	feminɛ͂	feminine	
intégrer	v	ɛ͂tegʀe	to integrate	
le créateur	nadj	kʀeatœʀ, -tʀis	creator	
comporter	v	kɔ͂pɔʀte	to comprise, include; to behave	
prononcer	v	pʀɔnɔ͂se	to pronounce	
étouffer	v	etufe	to suffocate, smother, muffle	
maîtriser	v	metʀize	to control, overcome, master	
supprimer	v	sypʀime	to remove, withdraw_	
insulter	v	ɛ͂sylte	to insult	
une ironie	nf	iʀɔni	irony	
habituellement	adv	abitɥɛlmɑ͂	usually, generally	
envisager	v	ɑ͂vizaʒe	to view, contemplate	
le régiment	nm	ʀeʒimɑ͂	regiment	
transférer	v	tʀɑ͂sfeʀe	to transfer	
le vapeur, la vapeur	nm,nf	vapœʀ	vapor, steam, steamship	
décrocher	v	dekʀɔʃe	to take down, take off, pick up, lift	
un éditeur	nm	editœʀ	publisher, editor	
imposer	v	ɛ͂poze	to impose	
la guise	nf	giz	wish; like, by way of	
un écho	nm	eko	echo	
pénétrer	v	penetʀe	to penetrate	
la tonne	nf	tɔn	ton	
le comique	nadj(f)	kɔmik	comical; comic, comedian	
formé	nm	fɔʀme	formed	
la colonie	nf	kɔlɔni	colony	
élégant	adj	elegɑ͂, ɑ͂t	elegant, stylish	
rigoler	v	ʀigɔle	to laugh,	
un obstacle	nm	ɔpstakl	obstacle	
le confort	nm	kɔ͂fɔʀ	comfort	
obliger	v	ɔbliʒe	to require, force, oblige	
imaginaire	nadj(f)	imaʒinɛʀ	imaginary	
revivre	v	ʀ(ə)vivʀ	to live again, come back life, revive	
céder	v	sede	to give up, give way	
un acheteur	nm	aʃtœʀ, -øz	buyer, purchaser	
échouer	v	eʃwe	to fail	
la littérature	nf	liteʀatyʀ	literature	
embarquer	v	ɑ͂baʀke	to embark, board, take on board, load	
la démission	nf	demisjɔ͂	resignation	
le coude	nm	kud	elbow	
la permanence	nf	pɛʀmanɑ͂s	permanence, duty, service	
mentionner	v	mɑ͂sjɔne	to mention	
repasser	v	ʀ(ə)pɑse	to cross again, retake, show again, iron	
la conséquence	nf	kɔ͂sekɑ͂s	consequence	
la réflexion	nf	ʀeflɛksjɔ͂	reflection	
le ski	nm	ski	ski, skiing	
le bœuf	nm	bœf, bø	ox, steer, beef	
la sûreté	nf	syʀte	safety, reliability	
le phénomène	nm	fenɔmɛn	phenomenon	
soulever	v	sul(ə)ve	to lift up	
déterminé	nadj	detɛʀmine	determined, resolute, specific	
le logiciel	nm	lɔʒisjɛl	software, program, application	
une étiquette	nf	etikɛt	label, ticket, etiquette, sticker, tag	
la coupure	nf	kupyʀ	the cut,&nbsp;the&nbsp;cutting	
la clôture	nf	klotyʀ	enclosure; termination, closure	
la prudence	nf	pʀydɑ͂s	prudence, care, caution	
apparaître	v	apaʀɛtʀ	to appear	
procéder	v	pʀɔsede	to proceed	
mériter	v	meʀite	to deserve, merit	
une intégrité	nf	ɛ͂tegʀite	integrity	
un actif	nadj	aktif	active	
un enthousiasme	nm	ɑ͂tuzjasm	enthusiasm, enthusiastically	
un atout	nm	atu	trump, asset	
le calcul	nm	kalkyl	calculation	
le volume	nm	vɔlym	volume	
une alternative	nf	altɛʀnativ	alternative, choice	
adapter	v	adapte	to adapt	
la condamnation	nf	kɔ͂dɑnasjɔ͂	condemnation	
une utilisation	nf	ytilizasjɔ͂	the use	
une apparition	nf	apaʀisjɔ͂	appearance, apparition	
le chrétien	nadj	kʀetjɛ͂, jɛn	Christian	
encourager	v	ɑ͂kuʀaʒe	to encourage	
soulager	v	sulaʒe	to relieve, soothe, ease	
entretenir	v	ɑ͂tʀət(ə)niʀ	to maintain	
la définition	nf	definisjɔ͂	definition	
gai	adj	ge, gɛ	cheerful, merry, gay	
supplémentaire	adj(f)	syplemɑ͂tɛʀ	additional	
un arbitre, une arbitre	nm,nf	aʀbitʀ	referee, arbitrer, arbitrator	
spatial	adj	spasjal, jo	spatial, space	
honteux	adj(pl)	ˊɔ͂tø, -øz	ashamed, shameful	
la gestion	nf	ʒɛstjɔ͂	management	
économiser	v	ekɔnɔmize	to save, save on, conserve	
nuire	v	nɥiʀ	to harm	
le retrait	nadj	ʀ(ə)tʀɛ	the withdrawal	
un éclat	nm	ekla	splinter, fragment, brightness, burst	
mécanique	adj(f)	mekanik	mechanical	
un architecte, une architecte	nm,nf	aʀʃitɛkt	architect	
une épidémie	nf	epidemi	epidemic	
le mou	adj,nm	mu	soft	
déchirer	v	deʃiʀe	to tear up, tear, rip	
la richesse	nf	ʀiʃɛs	wealth, richness	
une indépendance	nf	ɛ͂depɑ͂dɑ͂s	independence	
la dépense	nf	depɑ͂s	expense, expenditure	
le sportif	nadj	spɔʀtif, -iv	sports, athletic, competitive	
reprocher	v	ʀ(ə)pʀɔʃe	to blame, reproach	
un exemplaire	nadj(f)	ɛgzɑ͂plɛʀ	exemplary; copy	
la catégorie	nf	kategɔʀi	category	
le terrorisme	nm	teʀɔʀism	terrorism	
une assemblée	nf	asɑ͂ble	assembly, meeting	
un égard	nm	egaʀ	consideration, respect, regard	
le mètre	nm	mɛtʀ	meter	
le décor	nm	dekɔʀ	scenery, décor, set	
un horizon	nm	ɔʀizɔ͂	horizon, skyline	
épouvantable	adj(f)	epuvɑ͂tabl	terrible, appalling, dreadful	
la grandeur	nf	gʀɑ͂dœʀ	size, greatness	
écarter	v	ekaʀte	to separate, move apart, keep away	
agressif	nadj	agʀesif, -iv	aggressive	
le prophète	nm	pʀɔfɛt, pʀɔfetɛs	prophet	
aérien	adj	aeʀjɛ͂, jɛn	aerial	
une initiative	nf	inisjativ	initiative	
garantir	v	gaʀɑ͂tiʀ	to guarantee	
noter	v	nɔte	to note, notice	
le logement	nm	lɔʒmɑ͂	accommodation	
bloquer	v	blɔke	to block	
muet	nadj	mɥɛ, mɥɛt	mute, silent, dumb	
le semestre	nm	s(ə)mɛstʀ	semester, six-month period	
le brutal	nadj	bʀytal, o	brutal	
quelquefois	adv	kɛlkəfwa	sometimes	
plaisanter	v	plɛzɑ͂te	to joke	
le mythe	nm	mit	myth	
parvenir	v	paʀvəniʀ	to reach, achieve	
un optimiste, une optimiste	nadj(f)	ɔptimist	optimistic	
la représentation	nf	ʀ(ə)pʀezɑ͂tasjɔ͂	representation	
le fouet	nm	fwɛ	whip	
économique	nadj(f)	ekɔnɔmik	economic, economical	
enfoncer	v	ɑ͂fɔ͂se	to ram, drive in, hammer in, sink in	
haïr	v	ˊaiʀ	to detest, hate, abhor	
la racine	nf	ʀasin	root	
la patte	nf	pat	paw, foot, leg	
posséder	v	pɔsede	to possess, own, have	
un outil	nm	uti	tool	
le reportage	nm	ʀ(ə)pɔʀtaʒ	report, reporting	
récent	adj	ʀesɑ͂, ɑ͂t	recent	
la constitution	nf	kɔ͂stitysjɔ͂	constitution	
contenir	v	kɔ͂t(ə)niʀ	to contain	
doubler	v	duble	to double, pass; to dub	
pleuvoir	v	pløvwaʀ	to rain	
la certitude	nf	sɛʀtityd	certainty	
le conséquent	nadj	kɔ͂sekɑ͂, ɑ͂t	logical, rational, consistent	
adresser	v	adʀese	to address	
le bilan	nm	bilɑ͂	balance sheet, outcome	
gravement	adv	gʀavmɑ͂	seriously, solemnly, gravely	
un argument	nm	aʀgymɑ͂	argument	
la banlieue	nf	bɑ͂ljø	suburbs, outskirts	
le curé	nm	kyʀe	parish priest	
la convention	nf	kɔ͂vɑ͂sjɔ͂	agreement, convention	
un excès	nm(pl)	ɛksɛ	excess, surplus, abuse	
le rassemblement	nm	ʀasɑ͂bləmɑ͂	gathering, collecting, assembling	
souffler	v	sufle	to blow, puff	
accélérer	v	akseleʀe	to speed up, accelerate	
le quotidien	nadj	kɔtidjɛ͂	daily	
encaisser	v	ɑ͂kese	to receive, collect, cash	
jurer	v	ʒyʀe	to swear	
ironique	adj(f)	iʀɔnik	ironic	
croiser	v	kʀwaze	to cross	
le paysage	nm	peizaʒ	landscape, scenery, countryside	
la province	nf	pʀɔvɛ͂s	province	
spirituel	nadj	spiʀitɥɛl	witty, spiritual, sacred	
supplier	v	syplije	to beg, implore	
mesurer	v	məzyʀe	to measure	
le convoi	nm	kɔ͂vwa	convoy, train	
touchant	adj,prep	tuʃɑ͂	with regard to, concerning, touching, moving	
la psychologie	nf	psikolɔʒi	psychology	
un isolement	nm	izɔlmɑ͂	loneliness, isolation, insulation	
contenter	v	kɔ͂tɑ͂te	to satisfy, please	
la perspective	nf	pɛʀspɛktiv	perspective, viewpoint	
la discrétion	nf	diskʀesjɔ͂	discretion	
largement	adv	laʀʒəmɑ͂	widely	
modifier	v	mɔdifje	to modify, adjust	
le visiteur	nm	vizitœʀ, -øz	visitor	
une obligation	nf	ɔbligasjɔ͂	obligation, bond	
la pâte	nf	pɑt	paste, dough, pasta	
le combattant	adj,nm	kɔ͂batɑ͂, ɑ͂t	fighter	
percer	v	pɛʀse	to pierce, drill, break into	
corriger	v	kɔʀiʒe	to correct	
le contexte	nm	kɔ͂tɛkst	context	
poster	nm,v	pɔste	poster; to post, mail	
la conception	nf	kɔ͂sɛpsjɔ͂	conception	
le dépit	nm	depi	spite, heartache	
le bassin	nm	basɛ͂	bowl, basin	
le continent	adj,nm	kɔ͂tinɑ͂	continent	
la fiction	nf	fiksjɔ͂	fiction	
le trait	nm	tʀɛ	line, feature	
le tournant	adj,nm	tuʀnɑ͂	revolving, swivel, encircling, bend, turning point	
une avancée	nf	avɑ͂se	advanced, overhung	
le mouton	nadj	mutɔ͂	sheep	
le croyant	nadj	kʀwajɑ͂, jɑ͂t	believer	
la croissance	nf	kʀwasɑ͂s	growth	
le commencement	nm	kɔmɑ͂smɑ͂	beginning, start	
la compréhension	nf	kɔ͂pʀeɑ͂sjɔ͂	understanding, comprehension	
le porteur	nm	pɔʀtœʀ, -øz	carrier, holder	
la réduction	nf	ʀedyksjɔ͂	reduction	
le triomphe	nm	tʀijɔ͂f	triumph	
fortement	adv	fɔʀtəmɑ͂	strongly	
piloter	v	pilɔte	to fly, pilot, drive	
le majeur	nadj	maʒœʀ	major	
vanter	v	vɑ͂te	to vaunt, boast, brag	
viser	v	vize	to aim	
le flux	nm(pl)	fly	flow	
le nœud	nm	nø	knot	
municipal	adj	mynisipal, o	municipal	
la distribution	nf	distʀibysjɔ͂	distribution	
le renseignement	nm	ʀɑ͂sɛɲmɑ͂	information	
la fidélité	nf	fidelite	loyalty, faithfulness, accuracy, reliability	
la trêve	nf	tʀɛv	truce	
secouer	v	s(ə)kwe	to shake	
le bijou	nm	biʒu	jewel	
la satisfaction	nf	satisfaksjɔ͂	satisfaction	
toutefois	adv,conj	tutfwa	however	
la concurrence	nf	kɔ͂kyʀɑ͂s	competition	
visible	adj(f)	vizibl	visible, obvious	
la signification	nf	siɲifikasjɔ͂	significance	
suggérer	v	sygʒeʀe	to suggest	
le survivant	nadj	syʀvivɑ͂, ɑ͂t	survivor, surviving	
le vieillard	nm	vjɛjaʀ	old man	
nommer	v	nɔme	to call, name, appoint	
un horaire	nadj(f)	ɔʀɛʀ	schedule, timetable, hourly	
le réacteur	nm	ʀeaktœʀ	reactor, jet engine	
rétablir	v	ʀetabliʀ	to restore, re-establish	
le bénéfice	nm	benefis	benefit, profit	
un organisme	nm	ɔʀganism	organism	
condamner	v	kɔ͂dɑne	to condemn	
librement	adv	libʀəmɑ͂	freely	
une harmonie	nf	aʀmɔni	harmony	
défaire	v	defɛʀ	to undo, dismantle, strip, break up	
la diffusion	nf	difyzjɔ͂	diffusion, spreading, circulation	
le visa	nm	viza	visa, stamp	
la déception	nf	desɛpsjɔ͂	disappointment, let-down	
le milliard	nm	miljaʀ	billion, thousand million	
envoler	v	ɑ͂vɔle	to fly away, fly off, take off	
la générosité	nf	ʒeneʀozite	generosity, generously	
plaider	v	plede	to plead	
reproduire	v	ʀ(ə)pʀɔdɥiʀ	to reproduce, repeat	
deuxièmement	adv	døzjɛmmɑ͂	secondly	
le péril	nm	peʀil	peril	
le tremblement	nm	tʀɑ͂bləmɑ͂	shiver, trembling, shaking	
rassurer	v	ʀasyʀe	to reassure, calm down	
romain	adj	ʀɔmɛ͂, ɛn	Roman	
toxique	nadj(f)	tɔksik	toxic, toxin	
la vérification	nf	veʀifikasjɔ͂	check, verification	
le reproche	nm	ʀ(ə)pʀɔʃ	reproach	
le protecteur	nadj	pʀɔtɛktœʀ, -tʀis	protective, protector, guardian	
presser	v	pʀese	to squeeze, press	
une impatience	nf	ɛ͂pasjɑ͂s	impatience	
verser	v	vɛʀse	to pour, deposit, shed	
un infini	nadj	ɛ͂fini	inifinite, infinity	
amical	adj	amikal, o	friendly	
flou	adj	flu	blurred, fuzzy, vague	
le danseur	nm	dɑ͂sœʀ	dancer	
semer	v	s(ə)me	to sow, scatter, spread	
appliquer	v	aplike	to apply	
indiquer	v	ɛ͂dike	to indicate, signal	
un acquis	nadj(pl)	aki	acquired, experience	
le sinistre	nadj(f)	sinistʀ	disaster, sinister	
jadis	adv	ʒadis	formerly, long ago	
supposer	v	sypoze	to suppose, assume	
le climat	nm	klima	climate	
soviétique	nadj(f)	sɔvjetik	Soviet	
un intermédiaire, une intermédiaire	nadj(f)	ɛ͂tɛʀmedjɛʀ	intermediate, intermediary	
le séminaire	nm	seminɛʀ	seminar, seminary	
principalement	adv	pʀɛ͂sipalmɑ͂	principally, mainly, primarily	
conserver	v	kɔ͂sɛʀve	to keep, preserve	
quarante	det,nmi	kaʀɑ͂t	forty	
le bulletin	nm	byltɛ͂	bulletin, report	
un extrait	nm	ɛkstʀɛ	extract, excerpt	
défier	v	defje	to challenge, defy, distrust	
boucler	v	bukle	to fasten, loop, resolve	
la pauvreté	nf	povʀəte	poverty	
une embauche	nf	ɑ͂boʃ	job vacancy, hiring	
le recul	nm	ʀ(ə)kyl	backward movement, setback, slip	
valoir	v	valwaʀ	to be worth	
la précision	nf	pʀesizjɔ͂	precision	
indispensable	adj(f)	ɛ͂dispɑ͂sabl	essential	
harceler	v	ˊaʀsəle	to harass, plague	
le comble	nadj(f)	kɔ͂bl	despair; summit, overmeasure; roof	
le cliché	nm	kliʃe	cliché; negative	
anormal	nadj	anɔʀmal, o	abnormal	
crédible	adj(f)	kʀedibl	credible	
un ouvrier	nadj	uvʀije, -jɛʀ	worker	
procurer	v	pʀɔkyʀe	to get, bring	
une installation	nf	ɛ͂stalasjɔ͂	installation, setup	
la révélation	nf	ʀevelasjɔ͂	diclosure, revelation	
un immédiat	nadj	imedja	immediate	
introduire	v	ɛ͂tʀɔdɥiʀ	to introduce	
hostile	adj(f)	ɔstil	hostile	
le préfet	nm	pʀefɛ	prefect	
insister	v	ɛ͂siste	to insist	
soumettre	v	sumɛtʀ	to submit	
une inscription	nf	ɛ͂skʀipsjɔ͂	registration, enrolment; engraving	
épais	adj(pl),adv	epɛ, ɛs	thick, pitch dark, thickly	
anéantir	v	aneɑ͂tiʀ	to annihilate, wipe out, ruin, vanish	
lier	v	lje	to link, join	
embaucher	v	ɑ͂boʃe	to hire	
étendre	v	etɑ͂dʀ	to spread out, stretch out	
citer	v	site	to quote	
la marée	nf	maʀe	tide	
indépendant	nadj	ɛ͂depɑ͂dɑ͂	independent	
le culte	nm	kylt	worship, cult	
le mépris	nm(pl)	mepʀi	contempt, scorn, disdain	
une utilité	nf	ytilite	use, usefulness,	
emmerder	v	ɑ͂mɛʀde	to bug, bother	
préférable	adj(f)	pʀefeʀabl	preferable	
une épargne	nf	epaʀɲ	savings, saving	
la sympathie	nf	sɛ͂pati	liking, warmth, friendship, sympathie	
bancaire	adj(f)	bɑ͂kɛʀ	banking	
un exclu, une exclu	nm,adj	ɛkskly	outcast	
aborder	v	abɔʀde	to reach, approach	
la motivation	nf	mɔtivasjɔ͂	motivation, application	
la gamme	nf	gam	range, scale	
massacrer	v	masakʀe	to slaughter, massacre	
conquérir	v	kɔ͂keʀiʀ	to conquer	
suffire	v	syfiʀ	to be sufficient, suffice	
le pavillon	nm	pavijɔ͂	country house, villa, wing pavilliion, flag	
jouir	v	ʒwiʀ	to enjoy	
exercer	v	ɛgzɛʀse	to exercise, exert, practise, carry out	
tenant	nadj	tənɑ͂, ɑ͂t	tenant; incumbent, holder	
plier	v	plije	to fold, fold up, fold back, bend	
une application	nf	aplikasjɔ͂	application	
la librairie	nf	libʀeʀi	bookstore, bookshop	
une opposition	nf	ɔpozisjɔ͂	opposition	
atomique	adj(f)	atɔmik	atomic	
convenable	adj(f)	kɔ͂vnabl	suitable, appropriate, correct, proper, acceptable	
la précaution	nf	pʀekosjɔ͂	precaution	
la contribution	nf	kɔ͂tʀibysjɔ͂	contribution	
volontairement	adv	vɔlɔ͂tɛʀmɑ͂	voluntarily, willingly	
asiatique	nadj(f)	azjatik	Asian	
le communiqué	nm	kɔmynike	communiqué, release, statement	
répandre	v	ʀepɑ͂dʀ	to spread, spill	
passionnant	adj	pasjɔnɑ͂, ɑ͂t	fascinating, exciting	
rejeter	v	ʀ(ə)ʒəte, ʀəʒ(ə)te	to reject	
le semblable, la semblable	nadj(f)	sɑ͂blabl	similar	
reconstruire	v	ʀ(ə)kɔ͂stʀɥiʀ	to rebuild, reconstruct	
le poumon	nm	kœʀpumɔ͂	lung	
distribuer	v	distʀibɥe	to distribute, give out	
pratiquer	v	pʀatike	to practice	
le banquier	nm	bɑ͂kje, -jɛʀ	banker	
le globe	nm	glɔb	globe	
achever	v	aʃ(ə)ve	to complete, finish, end	
le repère	nm	ʀ(ə)pɛʀ	reference, benchmark, landmark	
équitable	adj(f)	ekitabl	equitable, fair	
admirer	v	admiʀe	to admire	
la tranche	nf	tʀɑ͂ʃ	slice, edge, section, bracket, slot	
la thèse	nf	tɛz	thesis, argument	
un orgueil	nm	ɔʀgœj	pride	
baigner	v	beɲe	to bathe, wash, get a bath, go for a swim	
le millier	nm	milje	thousand	
briller	v	bʀije	to shine	
ambitieux	nadj(pl)	ɑ͂bisjø, -jøz	ambitious, man with ambition	
le cheveu	nm	ʃ(ə)vø	hair	
une onde	nf	ɔ͂d	wave	
inacceptable	adj(f)	inaksɛptabl	unacceptabe	
un explosif	nadj	ɛksplozif	explosive	
la distorsion	nf	distɔʀsjɔ͂	distortion	
le septième, la septième	det,nm,nf	sɛtjɛm	seventh	
la bulle	nf	byl	bubble	
une ignorance	nf	iɲɔʀɑ͂s	ignorance	
inattendu	adj	inatɑ͂dy	unexpected	
la franchise	nf	fʀɑ͂ʃiz	frankness, exemption, duty-free, franchise, deductible	
évaluer	v	evalɥe	to evaluate	
similaire	adj(f)	similɛʀ	similar	
un itinéraire	nadj(f)	itineʀɛʀ	itinerary, route	
disposer	v	dispoze	to arrange, set	
extraire	v	ɛkstʀɛʀ	to extract, mine, quarry, pull out, remove	
allié	nadj	alje	allied; ally	
fréquenter	v	fʀekɑ͂te	to frequent, go around with	
la citation	nf	sitasjɔ͂	quote, quotation, citation	
détourner	v	detuʀne	to redirect	
le reflet	nm	ʀ(ə)flɛ	reflection, glint, highlight	
le lecteur	nm	lɛktœʀ	reader	
le nazi	nadj	nazi	Nazi	
tracer	v	tʀase	to draw, write, mark out	
la cote	nf	kɔt	rating, share index, quoted value	
éclairer	v	ekleʀe	to light up	
la vingtaine	nf	vɛ͂tɛn	about twenty	
le révolutionnaire, la révolutionnaire	nadj(f)	ʀevɔlysjɔnɛʀ	revolutionary	
un aire, une aire	nf	ɛʀ	surface, area	
mélanger	v	melɑ͂ʒe	to mix, mix up, confuse	
naïf	nadj	naif, naiv	naïve, innocent	
méfier	v	mefje	to distrust, mistrust	
le phare	nm	faʀ	lighthouse, headlight	
un adolescent	nm	adɔlesɑ͂, ɑ͂t	teenager, adolescent	
le coût	nm	ku	cost	
le gène	nm	ʒɛn	gene	
la session	nf	sesjɔ͂	session	
un envoi	nm	ɑ͂vwa	sending, dispatching	
la consultation	nf	kɔ͂syltasjɔ͂	consultation	
un universitaire, une universitaire	nadj(f)	ynivɛʀsitɛʀ	university, academic	
exploiter	v	ɛksplwate	to exploit	
absolu	nadj	apsɔly	absolute	
creux	nadj(pl)	kʀø	hollow, empty, hole	
la notion	nf	nosjɔ͂	notion	
prétendu	nadj	pʀetɑ͂dy	so-called, alleged	
bâtir	v	bɑtiʀ	to build	
découper	v	dekupe	to carve, cut,	
spécifique	adj(f)	spesifik	specific	
contourner	v	kɔ͂tuʀne	to bypass, go round	
un enseignement	nm	ɑ͂sɛɲ(ə)mɑ͂	education, teaching	
la coutume	nf	kutym	custom	
une étendue	nf	etɑ͂dy	area, expanse, duration, extent, range	
ôter	v	ote	to remove, take away, take off, take out	
le blond	nadj	blɔ͂	blond, fair-haired	
un infirmier	nadj	ɛ͂fiʀmje, -jɛʀ	nurse	
barrer	v	baʀe	to close, block, bar, cross	
un entrepreneur	nm	ɑ͂tʀəpʀənœʀ, -øz	contractor, entrepreneur	
permanent	adj	pɛʀmanɑ͂	permanent	
la devise	nf	d(ə)viz	currency, motto, slogan	
identique	adj(f)	idɑ͂tik	identical	
la réparation	nf	ʀepaʀasjɔ͂	repair, repairing, correction, compensation	
musical	adj	myzikal, o	musical	
la prostitution	nf	pʀɔstitysjɔ͂	prostitution	
banal	adj	banal	banal, trite, commonplace, ordinary	
le cordon	nm	kɔʀdɔ͂	cord, string, lead	
critiquer	v	kʀitike	to criticize	
seize	det,nmi	sɛz	sixteen	
la brèche	nf	bʀɛʃ	breach, gap	
un appui	nm	apɥi	support	
une entrevue	nf	ɑ͂tʀəvy	meeting, interview	
inculper	v	ɛ͂kylpe	to charge	
financer	v	finɑ͂se	to finance	
persuader	v	pɛʀsɥade	to convince, persuade	
la candidature	nf	kɑ͂didatyʀ	application, candidacy, candidature	
la cruauté	nf	kʀyote	cruelty	
unir	v	yniʀ	to unite	
la transaction	nf	tʀɑ͂zaksjɔ͂	transaction	
le fondé, la fondé	adj,nm,nf	fɔ͂de	founded, justified; agent, clerk	
un amendement	nm	amɑ͂dmɑ͂	amendment	
une atteinte	nf	atɛ͂t	reach; attack, blow	
fatal	adj	fatal	fatal, deadly, fateful	
isoler	v	izɔle	to isolate, insulate	
traduire	v	tʀadɥiʀ	to translate	
la vitrine	nf	vitʀin	window, display cabinet	
le correspondant	nadj	kɔʀɛspɔ͂dɑ͂, ɑ͂t	correspondent	
une approbation	nf	apʀɔbasjɔ͂	approval	
mondial	adj	mɔ͂djal	world, global	
la transition	nf	tʀɑ͂zisjɔ͂	transition	
le consentement	nm	kɔ͂sɑ͂tmɑ͂	consent	
le parlement	nm	paʀləmɑ͂	parliament	
spectaculaire	adj(f)	spɛktakylɛʀ	spectacular	
le pêcheur	nadj	pɛʃœʀ, -øz	fisherman	
le détour	nm	detuʀ	bend, curve, detour	
terrestre	adj(f)	teʀɛstʀ	land, earth	
une institution	nf	ɛ͂stitysjɔ͂	institution	
le polonais	nadj(pl)	pɔlɔnɛ	Polish	
immobile	adj(f)	i(m)mɔbil	still, motionless	
la tentation	nf	tɑ͂tasjɔ͂	temptation	
la participation	nf	paʀtisipasjɔ͂	participation	
insensible	adj(f)	ɛ͂sɑ͂sibl	insensitive	
une injustice	nf	ɛ͂ʒystis	injustice, unfairness	
nécessairement	adv	nesesɛʀmɑ͂	necessarily	
réclamer	v	ʀeklɑme	to ask for, call for; to claim	
le cahier	nm	kaje	notebook	
relier	v	ʀəlje	to connect	
enthousiaste	adj(f)	ɑ͂tuzjast	enthusiastic	
une interdiction	nf	ɛ͂tɛʀdiksjɔ͂	ban, banning	
le nocturne	nadj(f)	nɔktyʀn	nocturnal, nocturne	
retarder	v	ʀ(ə)taʀde	to delay, hold up	
la suspension	nf	syspɑ͂sjɔ͂	hanging, suspending, breaking off, postponement, suspension	
confiant	adj	kɔ͂fjɑ͂, jɑ͂t	trusting, confident	
réserver	v	ʀezɛʀve	to reserve, keep	
strictement	adv	stʀiktəmɑ͂	strictly	
le solde, la solde	nm,nf	sɔld	balance; pay; sale	
un athlète, une athlète	nm,nf	atlɛt	athlete	
un élan	nm	elɑ͂	momentum, surge, rush; elk, moose	
une orientation	nf	ɔʀjɑ͂tasjɔ͂	orientation, trend	
le mécanisme	nm	mekanism	mechanism	
le masculin	nadj	maskylɛ͂	male, masculine	
affirmer	v	afiʀme	to affirm, maintain, declare, allege	
la négociation	nf	negɔsjasjɔ͂	negotiation	
compréhensible	adj(f)	kɔ͂pʀeɑ͂sibl	comprehensible, understandable	
effondrer	v	efɔ͂dʀe	to collapse, cave in, fall down	
le pôle	nm	pol	pole	
la manifestation	nf	manifɛstasjɔ͂	demonstration, event	
la sélection	nf	selɛksjɔ͂	selection	
un abandon	nm	abɑ͂dɔ͂	abandonment, desertion, withdrawal	
obscur	adj	ɔpskyʀ	dark, vague, obscure	
obligatoire	adj(f)	ɔbligatwaʀ	mandatory, compulsory	
le paysan	nadj	peizɑ͂, an	farmer, peasant	
trembler	v	tʀɑ͂ble	to shiver, tremble, shake, flicker	
opposer	v	ɔpoze	to oppose	
le désaccord	nm	dezakɔʀ	disagreement, discord, conflict	
le schéma	nm	ʃema	diagram, outline	
le dirigeant	nadj	diʀiʒɑ͂, ʒɑ͂t	leader	
une émeute	nf	emøt	riot, rioting	
treize	det,nmi	tʀɛz	thirteen	
vieillir	v	vjɛjiʀ	to grow old	
un enquêteur	nm	ɑ͂kɛtœʀ, -øz	investigator, pollster	
provisoire	adj(f)	pʀɔvizwaʀ	temporary, provisional	
amer	adj,nm	amɛʀ	bitter	
le fournisseur	nm	fuʀnisœʀ, -øz	supplier, provider	
la fédération	nf	fedeʀasjɔ͂	federation	
la recommandation	nf	ʀ(ə)kɔmɑ͂dasjɔ͂	recommendation	
convaincant	adj	kɔ͂vɛ͂kɑ͂, ɑ͂t	convincing	
détacher	v	detaʃe	to untie, detach, remove	
gêner	v	ʒene	to bother, trouble	
la résolution	nf	ʀezɔlysjɔ͂	resolution	
la juridiction	nf	ʒyʀidiksjɔ͂	jurisdiction, court of law	
le fossé	nm	fose	ditch	
intact	adj	ɛ͂takt	intact	
un évêque, une évêque	nm	evɛk	bishop	
la comparaison	nf	kɔ͂paʀɛzɔ͂	comparison	
la présidence	nf	pʀezidɑ͂s	presidency	
la nécessité	nf	nesesite	necessity, need	
le malaise	nm	malɛz	uneasiness, discomfort	
un exil	nm	ɛgzil	exile	
consacrer	v	kɔ͂sakʀe	to devote, consecrate	
une impulsion	nf	ɛ͂pylsjɔ͂	impulse, pulse	
une interprétation	nf	ɛ͂tɛʀpʀetasjɔ͂	interpretation	
délibérément	adv	delibeʀemɑ͂	deliberately	
le terminal	nadj	tɛʀminal, o	terminal	
affecter	v	afɛkte	to affect	
le récit	nm	ʀesi	account, narrative	
la clientèle	nf	klijɑ͂tɛl	customers, clientele	
le procédé	nm	pʀɔsede	processus	
un employeur	nm	ɑ͂plwajœʀ, -jøz	employer	
la rive	nf	ʀiv	shore, bank	
divers	adj(pl),det	divɛʀ, ɛʀs	diverse, various	
la finance	nf	finɑ͂s	finance	
gigantesque	nadj(f)	ʒigɑ͂tɛsk	gigantic, immense	
une agitation	nf	aʒitasjɔ͂	agitation, excitement	
expulser	v	ɛkspylse	to expel, evict, deport, throw out	
le voyageur	nadj	vwajaʒœʀ, -ʒøz	traveler	
le suédois	nadj(pl)	sɥedwa	Swedish, Swede	
acceptable	adj(f)	aksɛptabl	acceptable, satisfactory	
le travailleur	nadj	tʀavajœʀ	worker	
emparer	v	ɑ͂paʀe	to seize, grab, snatch	
neutre	adj(f)	nøtʀ	neutral	
une infraction	nf	ɛ͂fʀaksjɔ͂	offence, infrigement, infraction	
parcourir	v	paʀkuʀiʀ	to cover, travel	
le pair	adj,nm	pɛʀ	peer, pair, even	
pleinement	adv	plɛnmɑ͂	fully, thoroughly	
la collaboration	nf	ko(l)labɔʀasjɔ͂	collaboration	
la transformation	nf	tʀɑ͂sfɔʀmasjɔ͂	transformation, change	
lointain	nadj	lwɛ͂tɛ͂	distant, faraway	
la faculté	nf	fakylte	ability, right, option; faculty, university	
le seuil	nm	sœj	doorstep, threshold	
faciliter	v	fasilite	to make easier, facilitate	
la vocation	nf	vɔkasjɔ͂	vocation, calling	
régulier	adj	ʀegylje, -jɛʀ	regular	
le support	nm	sypɔʀ	support, stand	
encontre	adv	ɑ͂kɔ͂tʀ	contrary to	
le néant	nm	neɑ͂	nothingness	
la considération	nf	kɔ͂sideʀasjɔ͂	consideration	
le frein	nm	fʀɛ͂	brake	
le déplacement	nm	deplasmɑ͂	movement, displacement, trip, travel	
hésiter	v	ezite	to hesitate	
le descendant	nadj	desɑ͂dɑ͂, ɑ͂t	downward, descending, descendant	
influencer	v	ɛ͂flyɑ͂se	to influence	
une aviation	nf	avjasjɔ͂	aviation	
dévoiler	v	devwale	to unveil, reveal, disclose	
un autobus	nm(pl)	otobys	bus	
purement	adv	pyʀmɑ͂	purely	
manuscrit	adj	manyskʀi	manuscript, handwritten	
étroit	adj	etʀwa, wat	narrow, tight	
le kilo	nm	kilo	kilo	
audacieux	nadj(pl)	odasjø, -jøz	daring, audacious, bold	
une occupation	nf	ɔkypasjɔ͂	occupation, pastime	
défiler	v	defile	to unthread, parade	
compromettre	v	kɔ͂pʀɔmɛtʀ	to compromise	
planifier	v	planifje	to plan	
activer	v	aktive	to activate, speed up, stoke, get moving	
global	adj	glɔbal, o	global	
le fonctionnaire, la fonctionnaire	nm,nf	fɔ͂ksjɔnɛʀ	state employee, public servant	
éclaircir	v	eklɛʀsiʀ	to brighten up, clear up	
delà	adv	paʀdəla	beyond, above, over	
la projection	nf	pʀɔʒɛksjɔ͂	projection, ejection, discharge	
réviser	v	ʀevize	to review, revise, overhaul	
imiter	v	imite	to imitate	
la dizaine	nf	dizɛn	approximately ten	
la composition	nf	kɔ͂pozisjɔ͂	composition, essay, dialling	
une allusion	nf	a(l)lyzjɔ͂	allusion	
la lèvre	nf	lɛvʀ	lip	
un impuissant	nadj	ɛ͂pɥisɑ͂	powerless, helpless	
envahir	v	ɑ͂vaiʀ	to invade, overrun	
la révolte	nf	ʀevɔlt	revolt	
le cynique, la cynique	nadj(f)	sinik	cynical, cynic	
une implication	nf	ɛ͂plikasjɔ͂	implication	
débattre	v	debatʀ	to discuss, debate	
le spectre	nm	spɛktʀ	spectrum, ghost	
le contrôleur	nm	kɔ͂tʀolœʀ, -øz	inspector, controller	
la fabrication	nf	fabʀikasjɔ͂	manufacture, production	
la préférence	nf	pʀefeʀɑ͂s	preference, preferably	
la réalisation	nf	ʀealizasjɔ͂	realization, achievement	
renforcer	v	ʀɑ͂fɔʀse	to reinforce, strengthen	
la sensibilité	nf	sɑ͂sibilite	sensitivity, sensibility	
le soupçon	nm	supsɔ͂	suspicion	
le rédacteur	nm	ʀedaktœʀ, -tʀis	editor, writer, drafter, compiler	
odieux	adj(pl)	ɔdjø, -jøz	hateful, odious	
la rébellion	nf	ʀebeljɔ͂	rebellion	
une esthétique	nadj(f)	ɛstetik	aesthetics, attractiveness; attractive	
féroce	adj(f)	feʀɔs	ferocious, fierce	
un homosexuel	nadj	ɔmɔsɛksɥɛl	homosexual	
le trimestre	nm	tʀimɛstʀ	quarter; three months	
le pourcentage	nm	puʀsɑ͂taʒ	percentage, commission, cut	
autoriser	v	otoʀize	to authorize	
chaleureux	adj(pl)	ʃalœʀø, -øz	warm	
une extraction	nf	ɛkstʀaksjɔ͂	extraction	
un organe	nm	ɔʀgan	organ	
lumineux	adj(pl)	lyminø, -øz	luminous, illuminated; light	
quatorze	det,nmi	katɔʀz	fourteen	
la navigation	nf	navigasjɔ͂	navigation	
la maintenance	nf	mɛ͂tnɑ͂s	maintenance, servicing	
la reprise	nf	ʀ(ə)pʀiz	resumption, renewal; time	
un armement	nm	aʀməmɑ͂	arms, weapons, armament	
fonder	v	fɔ͂de	to found, set	
vital	adj	vital, o	vital	
connecter	v	kɔnɛkte	to connect, go on-line	
préciser	v	pʀesize	to state, specify, clarify	
le boulevard	nm	bulvaʀ	boulevard	
le gel	nm	ʒɛl	frost, freezing, gel	
un aveu	nm	avø	confession	
un émetteur	nm	emetœʀ	transmitter, issuer	
régner	v	ʀeɲe	to reign	
le slogan	nm	slɔgɑ͂	slogan	
circuler	v	siʀkyle	to drive, circulate	
la pente	nf	pɑ͂t	slope	
une exploitation	nf	ɛksplwatasjɔ͂	operation, exploitation	
trancher	v	tʀɑ͂ʃe	to cut, sever, settle, decide	
un emprunt	nm	ɑ͂pʀœ͂	loan	
un opérateur	nm	ɔpeʀatœʀ	operator	
la querelle	nf	kəʀɛl	quarrel	
effectuer	v	efɛktɥe	to carry out, undergo	
la tendresse	nf	tɑ͂dʀɛs	tenderness, fondness	
annuel	adj	anɥɛl	annual	
autrui	pro	otʀɥi	others	
la firme	nf	fiʀm	firm	
numérique	adj(f)	nymeʀik	numerical	
la consommation	nf	kɔ͂sɔmasjɔ͂	consumption	
un entourage	nm	ɑ͂tuʀaʒ	circle, entourage	
regagner	v	ʀ(ə)gaɲe	to win again, regain, get back, make up	
le technicien	nm	tɛknisjɛ͂, jɛn	technician	
le chancelier	nm	ʃɑ͂səlje	chancellor	
la complicité	nf	kɔ͂plisite	complicity	
la trentaine	nf	tʀɑ͂tɛn	about thirty	
délivrer	v	delivʀe	to set free, rid, relieve	
une automobile	nadj(f)	otomɔbil	automobile	
dresser	v	dʀese	to draw up, put up, raise	
un handicapé	nadj	ˊɑ͂dikape	disabled, handicapped	
crucial	adj	kʀysjal, jo	crucial, critical	
la mutation	nf	mytasjɔ͂	transfer, transformation, mutation	
le fondateur	nm	fɔ͂datœʀ, -tʀis	founder	
récolter	v	ʀekɔlte	to harvest, gather	
une entente	nf	ɑ͂tɑ͂t	understanding, agreement	
le turc	adj,nm	tyʀk	Turk, Turkish	
un oubli	nm	ubli	forgetting, leaving behind, missing	
la mention	nf	mɑ͂sjɔ͂	mention, note, comment, notice	
le chronique, la chronique	nadj(f)	kʀɔnik	chronic, column, page, chronicle	
dynamique	nadj(f)	dinamik	dynamic	
la maternité	nf	matɛʀnite	maternity, motherhood	
apercevoir	v	apɛʀsəvwaʀ	to see, notice	
scandaleux	adj(pl)	skɑ͂dalø, -øz	scandalous, outrageous	
quasi	adv,nm	kazi	almost, nearly	
inquiétant	adj	ɛ͂kjetɑ͂, ɑ͂t	worrying, disturbing	
brancher	v	bʀɑ͂ʃe	to plug in, connect	
durement	adv	dyʀmɑ͂	harshly, severely	
hautement	adv	ˊotmɑ͂	highly	
le kilomètre	nm	kilɔmɛtʀ	kilometer	
abuser	v	abyze	to abuse, mislead, take advantage	
une hausse	nf	ˊos	rise, raise, increase	
une annulation	nf	anylasjɔ͂	cancellation, annulment	
fâcher	v	fɑʃe	to anger, make angry, get angry	
la démarche	nf	demaʀʃ	walk, process	
susceptible	adj(f)	sysɛptibl	sensitive, touchy	
mutuellement	adv	mytɥɛlmɑ͂	mutually, one another	
doré	adj	dɔʀe	golden	
le musulman	nadj	myzylmɑ͂, an	Muslim, Moslem	
atlantique	nadj(f)	atlɑ͂tik	Atlantic	
dominer	v	dɔmine	to dominate	
la motion	nf	mosjɔ͂	motion	
distinguer	v	distɛ͂ge	to distinguish	
définir	v	definiʀ	to define	
loger	v	lɔʒe	to put up, accommodate, stay, find accommodation	
clandestin	nadj	klɑ͂dɛstɛ͂, in	underground, clandestine	
un axe	nm	aks	axis, axle, main line	
diplomatique	nadj(f)	diplɔmatik	diplomatic	
une architecture	nf	aʀʃitɛktyʀ	architecture	
vivement	adv	vivmɑ͂	sharply, brusquely, lively	
le républicain	nadj	ʀepyblikɛ͂, ɛn	republican	
la détermination	nf	detɛʀminasjɔ͂	determination, resolution	
photographier	v	fɔtɔgʀafje	to photograph	
naviguer	v	navige	to navigate, sail	
le noyau	nm	nwajo	core, nucleus, pit	
une efficacité	nf	efikasite	efficiency, effectiveness	
la réciproque	nadj(f)	ʀesipʀɔk	mutual, reciprocal, the opposite	
la provenance	nf	pʀɔv(ə)nɑ͂s	origin, strange	
le dialogue	nm	djalɔg	dialogue	
pertinent	adj	pɛʀtinɑ͂, ɑ͂t	pertinent, relevant	
le touriste, la touriste	nm,nf	tuʀist	tourist	
subtil	adj	syptil	subtle, nice	
le politicien	nadj	pɔlitisjɛ͂, jɛn	politician	
réjouir	v	ʀeʒwiʀ	to delight, rejoice	
redoutable	adj(f)	ʀ(ə)dutabl	fearsome, formidable	
difficilement	adv	difisilmɑ͂	with difficulty	
le fléau	nm	fleo	scourge, plague	
le collectif	nadj	kɔlɛktif	collective	
la perception	nf	pɛʀsɛpsjɔ͂	perception, collection	
claquer	v	klake	to flap, bang, slam, snap	
menaçant	adj	mənasɑ͂, ɑ͂t	threatening, menacing	
la dépendance	nf	depɑ͂dɑ͂s	dependence, dependency	
un enseignant	nadj	ɑ͂sɛɲɑ͂, ɑ͂t	teacher	
prévisible	adj(f)	pʀevizibl	predictable, forseeable	
le financement	nm	finɑ͂smɑ͂	financing	
le savant	nadj	savɑ͂, ɑ͂t	scientist, scholar, learned, scholarly, clever, skilfull	
diviser	v	divize	to divide	
la comptabilité	nf	kɔ͂tabilite	accountancy, accounting, book-keeping	
le jumeau	nadj	ʒymo, ɛl	twin	
priver	v	pʀive	to deprive	
la larme	nf	laʀm	tear	
assurément	adv	asyʀemɑ͂	most certainly	
la totalité	nf	tɔtalite	totality, entirety	
inférieur	nadj	ɛ͂feʀjœʀ	inferior	
un équivalent	nadj	ekivalɑ͂	equivalent	
le revers	nm(pl)	reˈveːɐ, reˈvɛːɐ, rə-	back, reverse, setback	
le supplément	nm	syplemɑ͂	supplement, extra	
imprimer	v	ɛ͂pʀime	to print, print out	
intimider	v	ɛ͂timide	to intimidate	
attentif	adj	atɑ͂tif, -iv	attentive, scrupulous, careful	
la crédibilité	nf	kʀedibilite	credibility	
improbable	adj(f)	ɛ͂pʀɔbabl	unlikely, improbable	
recruter	v	ʀ(ə)kʀyte	to recruit	
parallèle	nadj(f)	paʀalɛl	parallel, similar	
une aspiration	nf	aspiʀasjɔ͂	aspiration	
le prometteur	nadj	pʀɔmɛtœʀ, -øz	promising	
la milice	nf	milis	militia	
la façade	nf	fasad	front, façade	
une instruction	nf	ɛ͂stʀyksjɔ͂	instruction, direction	
publiquement	adv	pyblikmɑ͂	publicly	
un hymne, une hymne	nm,nf	imn	hymn, anthem	
employer	v	ɑ͂plwaje	to use, employ	
strict	adj	stʀikt	strict, absolute	
la clause	nf	kloz	clause	
interdire	v	ɛ͂tɛʀdiʀ	to forbid, prohibit, ban	
exclure	v	ɛksklyʀ	to exclude	
éventuellement	adv	evɑ͂tɥɛlmɑ͂	possibly	
antique	nadj(f)	ɑ͂tik	antique, ancient	
confondre	v	kɔ͂fɔ͂dʀ	to mix up, confuse	
un handicap	nm	(ˊ)ɑ͂dikap	handicap	
la famine	nf	famin	famine	
le barreau	nm	baʀo	bar	
interpréter	v	ɛ͂tɛʀpʀete	to interpret	
le danois	nadj(pl)	danwa	Danish, Dane	
la concession	nf	kɔ͂sesjɔ͂	concession	
une équation	nf	ekwasjɔ͂	equation	
le golfe	nm	gɔlf	gulf	
rassurant	adj	ʀasyʀɑ͂, ɑ͂t	reassuring, comforting	
caresser	v	kaʀese	to fondle, caress	
la légion	nf	leʒjɔ͂	legion	
désirer	v	deziʀe	to desire	
le fonctionnement	nm	fɔ͂ksjɔnmɑ͂	operation, functioning	
diffuser	v	difyze	to diffuse, broadcast	
concevoir	v	kɔ͂s(ə)vwaʀ	to conceive	
redire	v	ʀ(ə)diʀ	to say again, repeat	
le sursis	nm(pl)	syʀsi	reprieve, deferment	
le monument	nm	mɔnymɑ͂	monument	
un observateur	nadj	ɔpsɛʀvatœʀ, -tʀis	observer, observant	
un industriel	nadj	ɛ͂dystʀijɛl	industrial	
dissimuler	v	disimyle	to conceal, hide	
le préliminaire	nadj(f)	pʀeliminɛʀ	preliminary, introductory	
inspirer	v	ɛ͂spiʀe	to inspire	
précipiter	v	pʀesipite	to quicken, hasten, precipitate	
pencher	v	pɑ͂ʃe	to lean, tilt	
évoluer	v	evɔlɥe	to evolve	
contrarier	v	kɔ͂tʀaʀje	to annoy, bother, thwart	
la propagande	nf	pʀɔpagɑ͂d	propaganda	
la crête	nf	kʀɛt	crest, top, ridge	
une expertise	nf	ɛkspɛʀtiz	expertise	
le flot	nm	flo	floodtide, stream of, flood of	
clarifier	v	klaʀifje	to clarify	
la facilité	nf	fasilite	easiness, ease, aptitude	
le tarif	nm	taʀif	price, rate, fare, tariff	
tailler	v	tɑje	to cut, carve, engrave, sharpen, trim	
la traversée	nf	tʀavɛʀse	crossing	
le rival	nadj	ʀival, o	rival	
compenser	v	kɔ͂pɑ͂se	to compensate for, make up for	
le partenariat	nm	paʀtənaʀja	partnership	
appartenir	v	apaʀtəniʀ	to belong	
le dilemme	nm	dilɛm	dilemma	
remédier	v	ʀ(ə)medje	to cure, remedy, put right	
traditionnel	adj	tʀadisjɔnɛl	traditional	
subit	adj	sybi, it	sudden	
apaiser	v	apeze	to calm, appease, calm down	
une offensive	nf	ɔfɑ͂siv	offensive, offence	
la conquête	nf	kɔ͂kɛt	conquest	
prédire	v	pʀediʀ	to predict	
proprement	adv	pʀɔpʀəmɑ͂	cleanly, neatly, properly	
limiter	v	limite	to limit	
droguer	v	dʀɔge	to drug, take drugs	
le fabricant, la fabricant	nm	fabʀikɑ͂, ɑ͂t	manufacturer	
questionner	v	kɛstjɔne	to question	
barbare	nadj(f)	baʀbaʀ	barbaric; barbarian	
combler	v	kɔ͂ble	to fill, fill in, fulfill	
un apprentissage	nm	apʀɑ͂tisaʒ	learning, apprenticeship	
le vêtement	nm	vɛtmɑ͂	garment, item or article of clothing	
fermement	adv	fɛʀməmɑ͂	firmly	
définitif	nadj	definitif	definitive, final	
externe	nadj(f)	ɛkstɛʀn	external, outer	
la succession	nf	syksesjɔ͂	succession	
décharger	v	deʃaʀʒe	to unload	
essuyer	v	esɥije	to wipe, dry, mop, dust	
canadien	nadj	kanadjɛ͂, jɛn	Canadian	
décent	adj	desɑ͂, ɑ͂t	decent, proper	
une admiration	nf	admiʀasjɔ͂	admiration	
le stupéfiant	nadj	stypefjɑ͂	drug, narcotic; stunning, astounding	
soigneusement	adv	swaɲøzmɑ͂	tidily, neatly, carefully	
une ampleur	nf	ɑ͂plœʀ	extent, scope, range	
la tolérance	nf	tɔleʀɑ͂s	tolerance	
le yen	nm	jɛn	yen	
copier	v	kɔpje	to copy, reproduce	
la probabilité	nf	pʀɔbabilite	probability, likelihood	
détecter	v	detɛkte	to detect	
préoccuper	v	pʀeɔkype	to worry, preoccupy	
le bagage	nm	bagaʒ	luggage, baggage	
un enjeu	nm	ɑ͂ʒø	stake	
regrettable	adj(f)	ʀ(ə)gʀetabl	unfortunate, regrettable	
blindé	adj	blɛ͂de	armoured	
la croyance	nf	kʀwajɑ͂s	belief	
concret	nadj	kɔ͂kʀɛ	concrete	
essentiellement	adv	esɑ͂sjɛlmɑ͂	essentially	
le rejet	nm	ʀ(ə)ʒɛ	rejection	
la rubrique	nf	ʀybʀik	column, heading, rubric	
agrandir	v	agʀɑ͂diʀ	to enlarge, extend	
ouvertement	adv	uvɛʀtəmɑ͂	openly, overtly	
un islam	nm	islam	Islam	
le renvoi	nm	ʀɑ͂vwa	dismissal, expulsion, suspension, cross-reference	
la prospérité	nf	pʀɔspeʀite	prosperity	
perturber	v	pɛʀtyʀbe	to disrupt, disturb	
optique	nadj(f)	ɔptik	optical, optic, perspective	
la frustration	nf	fʀystʀasjɔ͂	frustration	
un exploit	nm	ɛksplwa	exploit	
la rédaction	nf	ʀedaksjɔ͂	writing, composition	
le sonore	nadj(f)	sɔnɔʀ	sound, resonant, sonorous, voiced	
le souverain	nadj	suv(ə)ʀɛ͂, ɛn	sovereign, supreme ruler, monarch	
inclure	v	ɛ͂klyʀ	to include	
etc		ɛtseteʀa	etc., et cetera	
résumer	v	ʀezyme	to summarize, sum up	
réconcilier	v	ʀekɔ͂silje	to reconcile	
la perturbation	nf	pɛʀtyʀbasjɔ͂	disruption, disturbance	
brusquement	adv	bʀyskəmɑ͂	abruptly, suddenly	
un inconvénient	nm	ɛ͂kɔ͂venjɑ͂	snag, drawback, disadvantage, inconvenience	
une agriculture	nf	agʀikyltyʀ	agriculture	
la restauration	nf	ʀɛstɔʀasjɔ͂	restoration; catering	
une amélioration	nf	ameljɔʀasjɔ͂	improvement	
le rétablissement	nm	ʀetablismɑ͂	restoring, re-establishment, recovery	
le titulaire, la titulaire	nadj(f)	titylɛʀ	holder, with tenure, occupant	
une interruption	nf	ɛ͂teʀypsjɔ͂	interruption, break	
le manœuvre, la manœuvre	nm,nf	manœvʀ	manoeuvre	
le souterrain	nadj	suteʀɛ͂	underground, underground passage	
geler	v	ʒ(ə)le	to freeze, ice over, suspend	
le réflexe	nadj(f)	ʀeflɛks	reflex	
la rigueur	nf	ʀigœʀ	harshness, severity, rigidness, rigor strictness	
une hiérarchie	nf	jeʀaʀʃi	hierarchy	
hormis	prep	ˊɔʀmi	save, but	
restaurer	v	ʀɛstɔʀe	to restore, feed	
redonner	v	ʀ(ə)dɔne	to give back, return, give more	
la courbe	nadj(f)	kuʀb	curve, curved	
remporter	v	ʀɑ͂pɔʀte	to take away, win	
retomber	v	ʀ(ə)tɔ͂be	to fall again, fall down again	
le comédien	nadj	kɔmedjɛ͂, jɛn	comedian, comedy	
correspondre	v	kɔʀɛspɔ͂dʀ	to correspond	
la reproduction	nf	ʀ(ə)pʀɔdyksjɔ͂	reproduction	
déguiser	v	degize	to disguise	
le vocabulaire	nm	vɔkabylɛʀ	vocabulary	
flotter	v	flɔte	to float, hang, stream	
comparaître	v	kɔ͂paʀɛtʀ	to appear	
une estimation	nf	ɛstimasjɔ͂	appraisal, valuation, assessment, estimate	
la douane	nf	dwan	customs, duty	
souple	adj(f)	supl	supple, agile, soft, floppy, flexible	
la manipulation	nf	manipylasjɔ͂	handling, manipulation	
tolérer	v	tɔleʀe	to tolerate, access, put up, bear, endure	
constater	v	kɔ͂state	to note, notice; to establish, certify	
un analyste, une analyste	nm,nf	analist	analyst	
grandissant	adj	gʀɑ͂disɑ͂, ɑ͂t	growing, increasing	
la contrainte	nf	kɔ͂tʀɛ͂t	constraint	
médiocre	nadj(f)	medjɔkʀ	mediocre, second-rate	
la dérive	nf	deʀiv	drift	
automatiquement	adv	otomatikmɑ͂	automatically	
le philosophe, la philosophe	nadj(f)	filɔzɔf	philosopher	
le diplomate, la diplomate	nadj(f),nm	diplɔmat	diplomat, diplomatic	
la pétition	nf	petisjɔ͂	petition	
le conservateur	nadj	kɔ͂sɛʀvatœʀ	conservative	
suspendre	v	syspɑ͂dʀ	to suspend, postpone	
le radical	nadj	ʀadikal, o	radical	
improviser	v	ɛ͂pʀɔvize	to improvise	
organique	adj(f)	ɔʀganik	organic	
le recrutement	nm	ʀ(ə)kʀytmɑ͂	recruiting, recruitment	
une hésitation	nf	ezitasjɔ͂	hesitation	
le défenseur, la défenseur	nm,nf	defɑ͂sœʀ	defender	
peser	v	pəze	to weigh	
africain	nadj	afʀikɛ͂, ɛn	African	
le tourisme	nm	tuʀism	tourism, sightseeing	
écrouler	v	ekʀule	to collapse, tumble	
le démocrate, la démocrate	nadj(f)	demɔkʀat	democrat, democratic	
associer	v	asɔsje	to associate	
le soixante	det,nmi	swasɑ͂t	sixty	
compétent	adj	kɔ͂petɑ͂, ɑ͂t	competent	
une intensité	nf	ɛ͂tɑ͂site	intensity	
la sincérité	nf	sɛ͂seʀite	sincerity	
artificiel	adj	aʀtifisjɛl	artificial	
le symptôme	nm	sɛ͂ptom	symptom	
opérationnel	adj	ɔpeʀasjɔnɛl	operational, operating	
démontrer	v	demɔ͂tʀe	to demonstrate	
la nomination	nf	nɔminasjɔ͂	appointment, nomination	
flagrant	adj	flagʀɑ͂, ɑ͂t	blatant, glaring	
le portugais	nadj(pl)	pɔʀtygɛ	Portuguese	
grossir	v	gʀosiʀ	to get larger	
le magistrat	nm	maʒistʀa, at	magistrate, judge	
rédiger	v	ʀediʒe	to write, draw up	
recommander	v	ʀ(ə)kɔmɑ͂de	to recommend	
le détachement	nm	detaʃmɑ͂	detachment	
la formalité	nf	fɔʀmalite	formality	
acquérir	v	akeʀiʀ	to acquire	
le dixième, la dixième	det,nm,nf	dizjɛm	tenth	
le parquet	nm	paʀkɛ	parquet floor, hardwood floor, prosecutor’s office	
composer	v	kɔ͂poze	to compose, dial	
olympique	adj(f)	ɔlɛ͂pik	Olympic	
la compétence	nf	kɔ͂petɑ͂s	competence	
applaudir	v	aplodiʀ	to clap, applaud	
le délinquant	nadj	delɛ͂kɑ͂, ɑ͂t	delinquent, offender	
le litre, la litre	nm,nf	litʀ	litre	
le légume, la légume	nm,nf	legym	vegetable	
le publicitaire, la publicitaire	nadj(f)	pyblisitɛʀ	advertising, promotional	
la reconstruction	nf	ʀ(ə)kɔ͂stʀyksjɔ͂	reconstruction	
exécutif	nadj	ɛgzekytif	executive	
le prélèvement	nm	pʀelɛvmɑ͂	imposition, levying, withdrawal, removal, deduction	
le tirage	nm	tiʀaʒ	drawing, circulation, run	
européen	nadj	øʀɔpeɛ͂, ɛn	European	
le bourgeois	nadj(pl)	buʀʒwa	middle class	
le sondage	nm	sɔ͂daʒ	poll	
stratégique	adj(f)	stʀateʒik	strategic	
oser	v	oze	to dare	
agiter	v	aʒite	to shake, disturb	
favorable	adj(f)	favɔʀabl	favorable	
alerter	v	alɛʀte	to alert, inform, warn	
la criminalité	nf	kʀiminalite	crime	
insignifiant	adj	ɛ͂siɲifjɑ͂, jɑ͂t	insignificant, unimportant	
brut	adv,nadj	bʀyt	raw, crude	
une actualité	nf	aktɥalite	current events, news	
tantôt	adv	tɑ͂to	this afternoon, sometimes	
recueillir	v	ʀ(ə)kœjiʀ	to collect, gather	
le dictionnaire	nm	diksjɔnɛʀ	dictionary	
le remplacement	nm	ʀɑ͂plasmɑ͂	replacement, standing in	
culturel	adj	kyltyʀɛl	cultural	
le chercheur	nadj	ʃɛʀʃœʀ	researcher	
la défaillance	nf	defajɑ͂s	fault, failure, breakdown, blackout, weakness	
inverser	v	ɛ͂vɛʀse	to reverse, invert	
manifester	v	manifɛste	to show, demonstrate, display	
cultiver	v	kyltive	to cultivate, grow	
la stabilité	nf	stabilite	stability	
confronter	v	kɔ͂fʀɔ͂te	to confront	
un huitième, une huitième	det,nm,nf	ˊɥitjɛm	eighth	
repenser	v	ʀ(ə)pɑ͂se	to rethink	
décevant	adj	des(ə)vɑ͂, ɑ͂t	disappointing	
un effondrement	nm	efɔ͂dʀəmɑ͂	collapse, caving-in, falling-in, breaking-down	
signifier	v	siɲifje	to mean	
relance	nf	ʀ(ə)lɑ͂s	boost, reminder, recovery	
balayer	v	baleje	to sweep up, sweep out	
la compensation	nf	kɔ͂pɑ͂sasjɔ͂	compensation, clearing	
la confrontation	nf	kɔ͂fʀɔ͂tasjɔ͂	confrontation	
gonfler	v	gɔ͂fle	to inflate, blow up, swell	
le gain	nm	gɛ͂	gain	
le partiel	nadj	paʀsjɛl	partial	
la clarté	nf	klaʀte	lightness, brightness clearness, clarity	
relativement	adv	ʀ(ə)lativmɑ͂	relatively	
convertir	v	kɔ͂vɛʀtiʀ	to convert	
poétique	nadj(f)	pɔetik	poetic, poetical, poetics	
compliquer	v	kɔ͂plike	to complicate	
une expansion	nf	ɛkspɑ͂sjɔ͂	expansion	
continu	nadj	kɔ͂tiny	continuous	
le résident	nm	ʀezidɑ͂, ɑ͂t	foreign national, foreign resident	
planer	v	plane	to glide, soar	
le routier	nadj	ʀutje	road, long-distance lorry or truck driver	
hanter	v	ɑ͂te	to haunt	
une introduction	nf	ɛ͂tʀɔdyksjɔ͂	introduction	
diminuer	v	diminɥe	to diminish, decrease	
le sceptique, la sceptique	nadj(f)	sɛptik	sceptical, sceptic	
rouvrir	v	ʀuvʀiʀ	to reopen	
la vigueur	nf	vigœʀ	vigor	
le paragraphe	nm	paʀagʀaf	paragraph	
respectueux	adj(pl)	ʀɛspɛktɥø, -øz	respectful	
infliger	v	ɛ͂fliʒe	to inflict	
apte	adj(f)	apt	capable	
une extension	nf	ɛkstɑ͂sjɔ͂	extension, stretching, expansion	
maternel	adj	matɛʀnɛl	motherly, maternal	
le bénévole, la bénévole	nadj(f)	benevɔl	volunteer, voluntary, unpaid	
bénéfique	adj(f)	benefik	beneficial	
notamment	adv	nɔtamɑ͂	notably	
constant	adj	kɔ͂stɑ͂, ɑ͂t	constant	
littéraire	nadj(f)	liteʀɛʀ	literary	
la tribune	nf	tʀibyn	platform, forum, gallery	
sévèrement	adv	sevɛʀmɑ͂	severely, harshly	
troublant	adj	tʀublɑ͂, ɑ͂t	disturbing	
brièvement	adv	bʀijɛvmɑ͂	briefly	
le bombardement	nm	bɔ͂baʀdəmɑ͂	bombing, shelling	
la récupération	nf	ʀekypeʀasjɔ͂	recovery, retrieval, salvage	
le classement	nm	klɑsmɑ͂	classification, ranking	
le résistant	nadj	ʀezistɑ͂, ɑ͂t	robust, sturdy, resistance fighter	
le remboursement	nm	ʀɑ͂buʀsəmɑ͂	reimbursement	
promouvoir	v	pʀɔmuvwaʀ	to promote	
un impôt	nm	ɛ͂po	tax	
contredire	v	kɔ͂tʀədiʀ	to contradict	
longuement	adv	lɔ͂gmɑ͂	at length	
le forum	nm	fɔʀɔm	forum, newsgroup	
le successeur	nm	syksesœʀ	successor	
le placement	nm	plasmɑ͂	investment, placing	
brutalement	adv	bʀytalmɑ͂	brutally	
gouverner	v	guvɛʀne	to govern, rule, steer, helm	
sanglant	adj	sɑ͂glɑ͂, ɑ͂t	bloody, cruel, covered in blood	
calculer	v	kalkyle	to calculate	
la distinction	nf	distɛ͂ksjɔ͂	distinction	
une exploration	nf	ɛksplɔʀasjɔ͂	exploration, investigation, examination	
originaire	adj(f)	ɔʀiʒinɛʀ	original, first, native to	
aspirer	v	aspiʀe	to breathe in, inhale, aspire to	
le blocage	nm	blɔkaʒ	block	
superficiel	adj	sypɛʀfisjɛl	superficial, shallow	
la vieillesse	nf	vjɛjɛs	old age	
le timbre	nm	tɛ͂bʀ	to stamp	
injecter	v	ɛ͂ʒɛkte	to inject	
le croissant	nadj	kʀwasɑ͂	growing, crescent, crescent-shape	
pénal	adj	penal, o	penal	
le concurrent	nadj	kɔ͂kyʀɑ͂, ɑ͂t	competitor, rival	
prioritaire	nadj(f)	pʀijɔʀitɛʀ	priority, having priority, having right of way	
la taxe	nf	taks	tax	
autoritaire	adj(f)	otoʀitɛʀ	authoritarian	
exiger	v	ɛgziʒe	to require, demand	
la trame	nf	tʀam	weft, framework; tram	
exciter	v	ɛksite	to arouse, waken, excite, turn on	
la discrimination	nf	diskʀiminasjɔ͂	discrimination	
refermer	v	ʀ(ə)fɛʀme	to close again, shut again, close up	
le pilier	nm	pilje	pillar	
miser	v	mize	to bet, stake	
approuver	v	apʀuve	to approve	
distant	adj	distɑ͂, ɑ͂t	far-off, distant, faraway	
alimenter	v	alimɑ͂te	to feed, supply	
user	v	yze	to wear out, wear away, use up	
intellectuel	nadj	ɛ͂telɛktɥɛl	intellectual	
une insuffisance	nf	ɛ͂syfizɑ͂s	inadequacy, insufficiency	
liquider	v	likide	to liquidate, sell off, clear	
collaborer	v	ko(l)labɔʀe	to collaborate, contribute	
stabiliser	v	stabilize	to stabilize	
un administrateur	nm	administʀatœʀ, -tʀis	administrator	
le raisonnement	nm	ʀɛzɔnmɑ͂	reasoning	
un ouvrage	nm	uvʀaʒ	work	
le massif	nadj	masif	massive	
la félicitation	nf	felisitasjɔ͂	congratulation	
la nouveauté	nf	nuvote	novelty, new release	
débuter	v	debyte	to start	
une uni	nadj	yni	united	
aggraver	v	agʀave	to worsen, aggravate	
excessif	nadj	ɛksesif, -iv	excessive, inordinate	
exigeant	adj	ɛgziʒɑ͂, ʒɑ͂t	demanding, difficult	
éprouver	v	epʀuve	to feel, experience	
la décennie	nf	deseni	decade	
émettre	v	emɛtʀ	to emit, issue	
classer	v	klɑse	to classify, file, grade, rate	
ajuster	v	aʒyste	to adjust, alter, aim, aim at	
une incapacité	nf	ɛ͂kapasite	incompetence, incapability	
considérable	adj(f)	kɔ͂sideʀabl	considerable, significant	
le racisme	nm	ʀasism	racism	
relancer	v	ʀ(ə)lɑ͂se	to throw back, restart, relaunch	
politiquement	adv	pɔlitikmɑ͂	politically, diplomatically	
une annexe	adj(f),nf	anɛks	annex, appendix, related issue	
un instituteur	nm	ɛ͂stitytœʀ, -tʀis	school teacher	
une affectation	nf	afɛktasjɔ͂	appointment, allocation; show, pretence	
une entité	nf	ɑ͂tite	entity	
songer	v	sɔ͂ʒe	to dream	
un éloge	nm	elɔʒ	praise	
le meuble	nadj(f)	mœbl	piece of furniture	
la solidarité	nf	sɔlidaʀite	solidarity	
une espérance	nf	ɛspeʀɑ͂s	hope	
le délégué	nadj	delege	delegate	
la réforme	nf	ʀefɔʀm	reform	
prolonger	v	pʀɔlɔ͂ʒe	to prolong, extend	
contrer	v	kɔ͂tʀe	to counter	
protester	v	pʀɔtɛste	to protest	
prochainement	adv	pʀɔʃɛnmɑ͂	shortly, soon	
symbolique	nadj(f)	sɛ͂bɔlik	symbolic	
une élimination	nf	eliminasjɔ͂	elimination	
enrichir	v	ɑ͂ʀiʃiʀ	to expand, enrich, make somebody rich	
primitif	nadj	pʀimitif, -iv	primitive	
un uranium	nm	yʀanjɔm	uranium	
la sérénité	nf	seʀenite	serenity, peacefulness	
démocratique	adj(f)	demɔkʀatik	democratic	
ordonner	v	ɔʀdɔne	to ordain, organize, order	
le retraité	nadj	ʀ(ə)tʀete	retired	
la préoccupation	nf	pʀeɔkypasjɔ͂	worry, concern	
pharmaceutique	nadj(f)	faʀmasøtik	pharmaceutical	
redresser	v	ʀ(ə)dʀese	to straighten, set right, redress, turn around	
la progression	nf	pʀɔgʀɛsjɔ͂	progression	
progresser	v	pʀɔgʀese	to progress	
contribuer	v	kɔ͂tʀibɥe	to contribute	
choquer	v	ʃɔke	to shock, offend, shake, disturb	
la consigne	nf	kɔ͂siɲ	deposit, orders, detention	
le dictateur	nm	diktatœʀ, -tʀis	dictator	
une extrémité	nf	ɛkstʀemite	end, extremity	
expérimental	adj	ɛkspeʀimɑ͂tal, o	experimental	
fréquent	adj	fʀekɑ͂, ɑ͂t	frequent	
précoce	adj(f)	pʀekɔs	early, precocious	
compléter	v	kɔ͂plete	to complete	
régional	nadj	ʀeʒjɔnal, o	regional	
capter	v	kapte	to pick up, capture, tap	
le communisme	nm	kɔmynism	communism	
récompenser	v	ʀekɔ͂pɑ͂se	to reward, recompense	
la pollution	nf	pɔlysjɔ͂	pollution	
évoquer	v	evɔke	to recall, evoke	
une hostilité	nf	ɔstilite	hostility, hostilities	
énergétique	nadj(f)	enɛʀʒetik	energic, vigorous	
le licenciement	nm	lisɑ͂simɑ͂	dismissal, sacking	
prématuré	nadj	pʀematyʀe	premature	
mécontent	nadj	mekɔ͂tɑ͂, ɑ͂t	discontented, dissatisfied, displeased	
décisif	adj	desizif, -iv	decisive	
la circonstance	nf	siʀkɔ͂stɑ͂s	circumstance	
une inondation	nf	inɔ͂dasjɔ͂	flood, deluge	
le déploiement	nm	deplwamɑ͂	deployment, spreading, unfurling, display	
le millénaire	nadj(f)	milenɛʀ	millennium, thousand-year- old	
le maintien	nm	mɛ͂tjɛ͂	holding, maintaining	
une interrogation	nf	ɛ͂teʀɔgasjɔ͂	question, interviewing, interrogation, questioning, test	
virtuel	adj	viʀtɥɛl	virtual, potential	
une hépatite	nf	epatit	hepatitis	
universel	nadj	ynivɛʀsɛl	universal	
afficher	v	afiʃe	to display	
la variété	nf	vaʀjete	variety	
le décret	nm	dekʀɛ	decree	
un optimisme	nm	ɔptimism	optimism	
rentable	adj(f)	ʀɑ͂tabl	profitable	
un abbé	nm	abe	abbot, priest	
bousculer	v	buskyle	to knock over, knock into	
la prestation	nf	pʀɛstasjɔ͂	benefit	
une éventualité	nf	evɑ͂tɥalite	eventuality, possibility	
le spectateur	nm	spɛktatœʀ, -tʀis	member of the audience, spectator, onlooker	
le terrien	nadj	teʀjɛ͂, jɛn	earthling; landowner, countryman	
un investisseur	nm	ɛ͂vɛstisœʀ	investor	
génétiquement	adv	ʒenetikmɑ͂	genetically	
la sphère	nf	sfɛʀ	sphere	
renouveler	v	ʀ(ə)nuv(ə)le	to renew	
la rapidité	nf	ʀapidite	speed, quickness	
élémentaire	adj(f)	elemɑ͂tɛʀ	elementary, rudimentary, basic	
élargir	v	elaʀʒiʀ	to widen, expand	
comparable	adj(f)	kɔ͂paʀabl	comparable	
communautaire	adj(f)	kɔmynotɛʀ	community, communal	
éveiller	v	eveje	to arouse, stimulate, awaken	
la réconciliation	nf	ʀekɔ͂siljasjɔ͂	reconciliation	
rationnel	nadj	ʀasjɔnɛl	rational	
le fondement	nm	fɔ͂dmɑ͂	foundation	
le capitalisme	nm	kapitalism	capitalism	
un ancêtre, une ancêtre	nm,nf	ɑ͂sɛtʀ	ancestor, forerunner	
durable	adj(f)	dyʀabl	durable, long-lasting	
la domination	nf	dɔminasjɔ͂	domination, dominion, rule	
la révision	nf	ʀevizjɔ͂	review, revision, overhaul	
indifférent	nadj	ɛ͂difeʀɑ͂, ɑ͂t	indifferent, unconcerned, unimportant	
la publication	nf	pyblikasjɔ͂	publication	
vigilant	adj	viʒilɑ͂, ɑ͂t	vigilant, watchful	
un habitant	nm	abitɑ͂, ɑ͂t	inhabitant	
la censure	nf	sɑ͂syʀ	censorship	
le transparent	nadj	tʀɑ͂spaʀɑ͂	transparent, see-through, evident	
la mœurs	nfpl	mœʀ(s)	morals, customs, habits, manners, ways	
absorber	v	apsɔʀbe	to absorb, remove, take up, take over	
maritime	adj(f)	maʀitim	maritime	
naval	adj	naval	naval	
une envergure	nf	ɑ͂vɛʀgyʀ	wingspan, breadth, scope	
la simplicité	nf	sɛ͂plisite	simplicity, straightforwardness	
brouiller	v	bʀuje	to mix-up, confuse, scramble	
le dépens	nmpl	depɑ͂	expense	
un approvisionnement	nm	apʀɔvizjɔnmɑ͂	supply, supplies, stock, supplying, stocking	
veuf	nadj	vœf, vœv	surviving spouse	
vocal	adj	vɔkal, o	vocal	
lourdement	adv	luʀdəmɑ͂	heavily	
belge	nadj(f)	bɛlʒ	Belgian	
rayer	v	ʀeje	to scratch, streak, stripe; to erase, strike out	
satisfaisant	adj	satisfəzɑ͂, ɑ͂t	satisfactory, satisfying	
le déclin	nm	deklɛ͂	decline, deterioration	
humanitaire	adj(f)	ymanitɛʀ	humanitarian	
fatiguer	v	fatige	to tire, get tired	
invoquer	v	ɛ͂vɔke	to call upon	
véritablement	adv	veʀitabləmɑ͂	truly, really	
coûteux	adj(pl)	kutø, -øz	expensive, costly	
une aptitude	nf	aptityd	ability	
la délégation	nf	delegasjɔ͂	delegation	
la minorité	nf	minɔʀite	minority	
le promoteur	nm	pʀɔmotœʀ, -tʀis	promoter, instigator, developer	
désigner	v	deziɲe	to designate	
le patrimoine	nm	patʀimwan	heritage, assets	
le loisir	nm	lwaziʀ	leisure	
imminent	adj	iminɑ͂, ɑ͂t	imminent, impending	
le combustible	nadj(f)	kɔ͂bystibl	fuel, combustible	
ménager	nadj,v	menaʒe	to handle, arrange; domestic	
nettement	adv	nɛtmɑ͂	clearly, distinctly	
motiver	v	mɔtive	to justify, account for, motivate	
hériter	v	eʀite	to inherit	
un accessoire	nm	akseswaʀ	accessory	
programmer	v	pʀɔgʀame	to program, schedule	
élire	v	eliʀ	to elect	
un intervalle	nm	ɛ͂tɛʀval	space, distance, interval	
expédier	v	ɛkspedje	to send, dispatch	
viable	adj(f)	vjabl	viable, workable	
réputé	adj	ʀepyte	famous, renowned	
exagérer	v	ɛgzaʒeʀe	to exaggerate, overdo	
conforme	adj(f)	kɔ͂fɔʀm	conform	
la programmation	nf	pʀɔgʀamasjɔ͂	programming	
reconduire	v	ʀ(ə)kɔ͂dɥiʀ	to renew, drive back	
accessible	adj(f)	aksesibl	accessible, approachable	
le passif	nadj	pasif	passive, liabilities	
une intégration	nf	ɛ͂tegʀasjɔ͂	integration	
anticiper	v	ɑ͂tisipe	to anticipate, foresee, look or think ahead	
estimer	v	ɛstime	to estimate; to consider, deem	
la rénovation	nf	ʀenɔvasjɔ͂	renovation, restoration	
prélever	v	pʀel(ə)ve	to impose, levy, withdraw, remove	
encourageant	adj	ɑ͂kuʀaʒɑ͂, ɑ͂t	encouraging	
dépendre	v	depɑ͂dʀ	to depend	
corrompre	v	kɔʀɔ͂pʀ	to corrupt, bribe	
bombarder	v	bɔ͂baʀde	to bomb	
conformément	adv	kɔ͂fɔʀmemɑ͂	in accordance	
initial	adj	inisjal, jo	initial	
le déchet	nm	deʃɛ	scrap, waste, trash, garbage	
la rhétorique	nadj(f)	ʀetɔʀik	rhetorical, rhetoric	
le génocide	nm	ʒenɔsid	genocide	
climatique	adj(f)	klimatik	climatic	
consommer	v	kɔ͂sɔme	to eat, consume, drink, use, consummate	
un encouragement	nm	ɑ͂kuʀaʒmɑ͂	encouragement	
la provocation	nf	pʀɔvɔkasjɔ͂	provocation	
reconstituer	v	ʀ(ə)kɔ͂stitɥe	to reconstitute, restore, reconstruct	
incompréhensible	adj(f)	ɛ͂kɔ͂pʀeɑ͂sibl	incomprehensible	
attribuer	v	atʀibɥe	to award, grant, attribute	
le biais	nm(pl)	bjɛ	way, device; bias	
la dictature	nf	diktatyʀ	dictatorship	
catastrophique	adj(f)	katastʀɔfik	catastrophic, disastrous	
chuter	v	ʃyte	to fall	
le socialiste, la socialiste	nadj(f)	sɔsjalist	socialist	
prescrire	v	pʀɛskʀiʀ	to order, command, prescribe, stipulate	
abriter	v	abʀite	to shelter, shade	
sanitaire	nadj(f)	sanitɛʀ	health, sanitary, medical	
la diplomatie	nf	diplɔmasi	diplomacy	
exclusivement	adv	ɛksklyzivmɑ͂	exclusively, solely	
le suspens	nm(pl)	syspɑ͂	suspension, abeyance	
la norme	nf	nɔʀm	norm, standard	
un aval	nm	aval	downstream, downhill	
le graphique, la graphique	nadj(f)	gʀafik	graph, graphic	
une indifférence	nf	ɛ͂difeʀɑ͂s	indifference	
intolérable	adj(f)	ɛ͂tɔleʀabl	intolerable	
médiatique	adj(f)	medjatik	media	
propice	adj(f)	pʀɔpis	favorable, auspicious propitious	
la portion	nf	pɔʀsjɔ͂	portion, share	
une interface	nf	ɛ͂tɛʀfas	interface	
purger	v	pyʀʒe	to purge, bleed, drain	
sombrer	v	sɔ͂bʀe	to darken; to sink, lapse	
expérimenter	v	ɛkspeʀimɑ͂te	to experiment	
la fixation	nf	fiksasjɔ͂	fixation, fixing	
le commerçant	nadj	kɔmɛʀsɑ͂, ɑ͂t	shopkeeper, merchant, commercial	
théoriquement	adv	teɔʀikmɑ͂	theoretically	
le quota	nm	k(w)ɔta	quota	
le composant	nadj	kɔ͂pozɑ͂	component, constituent	
la mortalité	nf	mɔʀtalite	mortality, death rate	
le déficit	nm	defisit	deficit	
la sécheresse	nf	sɛʃʀɛs	dryness, drought	
le palier	nm	palje	landing, level, flat	
la cinquantaine	nf	sɛ͂kɑ͂tɛn	about fifty	
la protestation	nf	pʀɔtɛstasjɔ͂	protest, protestation	
la nationalité	nf	nasjɔnalite	nationality	
un animateur	nadj	animatœʀ, -tʀis	animator, host	
relire	v	ʀ(ə)liʀ	to reread, proofread	
appliqué	adj	aplike	assiduous, industrious, careful	
soucieux	adj(pl)	susjø, -jøz	concerned, worried	
heurter	v	ˊœʀte	to strike, hit, collide	
convenir	v	kɔ͂vniʀ	to agree, be suitable	
stimuler	v	stimyle	to stimulate	
issu	adj	isy	descended from	
dicter	v	dikte	to dictate, lay down	
dépendant	adj	depɑ͂dɑ͂, ɑ͂t	answerable, responsible, dependent	
défini	nadj	defini	definite	
touristique	adj(f)	tuʀistik	holiday, tourist	
ficher	v	fiʃe	to file; to make fun of, not care, not give a damn	
la coalition	nf	kɔalisjɔ͂	coalition	
déduire	v	dedɥiʀ	to deduct, deduce, infer, figure out	
occidental	nadj	ɔksidɑ͂tal, o	western	
spontané	adj	spɔ͂tane	spontaneous	
cerner	v	sɛʀne	to surround, encircle, delimit	
disperser	v	dispɛʀse	to scatter, spread, disperse	
fondamentalement	adv	fɔ͂damɑ͂talmɑ͂	basically, fundamentally, inherently	
le pessimiste, la pessimiste	nadj(f)	pesimist	pessimistic; pessimist	
entamer	v	ɑ͂tame	to start	
périr	v	peʀiʀ	to perish	
cohérent	adj	koeʀɑ͂, ɑ͂t	coherent	
urbain	adj	yʀbɛ͂, ɛn	urban	
le rail	nm	ʀɑj	rail, track	
la mentalité	nf	mɑ͂talite	mentality	
un oral	nadj	ɔʀal, o	oral	
rigide	adj(f)	ʀiʒid	rigid, stiff	
conjugal	adj	kɔ͂ʒygal, o	conjugal, married	
une avalanche	nf	avalɑ͂ʃ	avalanche	
le négociateur	nadj	negɔsjatœʀ, -tʀis	negotiator	
un égyptien	nadj	eʒipsjɛ͂, jɛn	Egyptian	
la mathématique	nadj(f)	matematik	mathematical; mathematics	
formel	adj	fɔʀmɛl	formal, definite	
dominant	adj	dɔminɑ͂, ɑ͂t	dominant, prevailing	
troubler	v	tʀuble	to disturb, disrupt, cloud	
qualifier	v	kalifje	to qualify	
la justesse	nf	ʒystɛs	accuracy, precision	
un attachement	nm	ataʃmɑ͂	attachment, affection	
transit	nm	tʀɑ͂zit	transit	
un hebdomadaire	nadj(f)	ɛbdɔmadɛʀ	weekly	
freiner	v	fʀene	to brake, slow down	
épuiser	v	epɥize	to exhaust, tire out, wear out, use up	
le repli	nm	ʀəpli	bend, twist, wrinkle, fold, fallback	
une acquisition	nf	akizisjɔ͂	acquisition, acquire, purchase	
la spéculation	nf	spekylasjɔ͂	speculation	
incertain	nadj	ɛ͂sɛʀtɛ͂	uncertain, unsure	
contester	v	kɔ͂tɛste	to contest, question	
le démarrage	nm	demaʀaʒ	start, moving off	
inciter	v	ɛ͂site	to incite, encourage	
mutuel	adj	mytɥɛl	mutual	
une indication	nf	ɛ͂dikasjɔ͂	indication	
souligner	v	suliɲe	to underline, stress	
le gendarme, la gendarme	nm,nf	ʒɑ͂daʀm	policeman	
masquer	v	maske	to mask, conceal, put on a mask	
étonner	v	etɔne	to astonish, amaze	
le débit	nm	debi	debit, turnover, delivery, rate	
une acceptation	nf	aksɛptasjɔ͂	acceptance	
étaler	v	etale	to spread, display, apply	
un impératif	nadj	ɛ͂peʀatif	need, necessity, urgent, imperative	
commenter	v	kɔmɑ͂te	to comment	
agricole	adj(f)	agʀikɔl	agricultural, farming	
visée	nf	vize	aim, design, sighting	
administratif	nadj	administʀatif, -iv	administrative	
réfugier	v	ʀefyʒje	to take refuge	
clore	v	klɔʀ	to close	
un édifice	nm	edifis	building	
ravir	v	ʀaviʀ	to delight, rob	
le préjudice	nm	pʀeʒydis	loss, harm, damage	
la fraction	nf	fʀaksjɔ͂	fraction	
le récepteur	nm	ʀesɛptœʀ	receiver, receiving	
la répression	nf	ʀepʀesjɔ͂	repression, suppression, crack-down	
la lunette	nf	lynɛt	telescope, glasses	
une incertitude	nf	ɛ͂sɛʀtityd	uncertainty	
dérouler	v	deʀule	to unwind, enroll	
technologique	adj(f)	tɛknɔlɔʒik	technological	
abstenir	v	apstəniʀ	to abstain, refrain	
différencier	v	difeʀɑ͂sje	to differentiate	
enclin	adj	ɑ͂klɛ͂, in	enclined, prone	
la conversion	nf	kɔ͂vɛʀsjɔ͂	conversion	
le surplus	nm(pl)	syʀply	surplus	
le prédécesseur	nm	pʀedesesœʀ	predecessor	
basculer	v	baskyle	to topple, fall over, knock off	
la méfiance	nf	mefjɑ͂s	distrust, mistrust, suspicion	
significatif	adj	siɲifikatif, -iv	significative	
autonome	nadj(f)	otonom	autonomous, independent	
un organisateur	nadj	ɔʀganizatœʀ	organiser, organising	
exclusif	nadj	ɛksklyzif, -iv	exclusive, sole	
administrer	v	administʀe	to manage, run, administer; to give	
insuffisant	adj	ɛ͂syfizɑ͂, ɑ͂t	insufficient, inadequate	
convoquer	v	kɔ͂vɔke	to call, summon	
le serbe	nadj(f)	sɛʀb	Serbian	
soupçonner	v	supsɔne	to suspect	
bénéficier	nm,v	benefisje	to benefit	
une échéance	nf	eʃeɑ͂s	expiration date, date of payment, deadline	
le libéral	nadj	libeʀal, o	liberal	
aligner	v	aliɲe	to lign up, align	
la caractéristique	nadj(f)	kaʀakteʀistik	characteristic	
simultanément	adv	simyltanemɑ͂	simultaneously	
adéquat	adj	adekwa, at	appropriate, suitable, adequate	
armer	v	aʀme	to arm	
la diversité	nf	divɛʀsite	diversity	
recouvrir	v	ʀ(ə)kuvʀiʀ	to cover, hide, conceal	
déployer	v	deplwaje	to deploy, open	
décourager	v	dekuʀaʒe	to discourage, dishearten, lose heart	
allier	v	alje	to ally, match, unite	
la coordination	nf	kɔɔʀdinasjɔ͂	coordination	
la précipitation	nf	pʀesipitasjɔ͂	haste, precipitation	
projeter	v	pʀɔʒ(ə)te	to plan, project, throw out	
considérablement	adv	kɔ͂sideʀabləmɑ͂	considerably, significantly, extensively	
dépouiller	v	depuje	to skin, strip away, deprive, analyze	
notoire	adj(f)	nɔtwaʀ	notorious, well-known	
théorique	adj(f)	teɔʀik	theoretical	
prestigieux	adj(pl)	pʀɛstiʒjø, -jøz	prestigious	
partiellement	adv	paʀsjɛlmɑ͂	partly	
élaborer	v	elabɔʀe	to work out, develop	
renier	v	ʀənje	to disown, repudiate, go back on	
postal	adj	pɔstal, o	postal, mail	
insérer	v	ɛ͂seʀe	to insert	
négliger	v	negliʒe	to neglect	
bouleverser	v	bulvɛʀse	to upset, distress, disturb, turn upside down	
emprisonner	v	ɑ͂pʀizɔne	to imprison, jail, put in jail, trap	
propager	v	pʀɔpaʒe	to propagate, spread	
abaisser	v	abese	to pull down, lower, reduce	
le versement	nm	vɛʀsəmɑ͂	payment	
présidentiel	adj	pʀezidɑ͂sjɛl	presidential	
natal	adj	natal	native, home	
un affrontement	nm	afʀɔ͂tmɑ͂	clash, confrontation	
le format	nm	fɔʀma	format	
opportun	adj	ɔpɔʀtœ͂, yn	timely,	
dissoudre	v	disudʀ	to dissolve, disband, break up	
la sanction	nf	sɑ͂ksjɔ͂	sanction	
un utilisateur	nadj	ytilizatœʀ, -tʀis	user	
le paradoxe	nm	paʀadɔks	paradox	
un occupant	nadj	ɔkypɑ͂, ɑ͂t	occupant, occupier, occupying	
radioactif	adj	ʀadjoaktif, -iv	radioactive	
surgir	v	syʀʒiʀ	to spring up	
un éventail	nm	evɑ͂taj	fan, range	
avérer	v	aveʀe	to prove to be, turn out	
affaiblir	v	afebliʀ	to weaken	
le bénéficiaire, la bénéficiaire	nadj(f)	benefisjɛʀ	beneficiary	
appréhender	v	apʀeɑ͂de	to dread, apprehend	
la contrepartie	nf	kɔ͂tʀəpaʀti	counterpart, opposite, alternative	
la pénurie	nf	penyʀi	shortage	
éminent	adj	eminɑ͂, ɑ͂t	eminent, distinguished	
enchaîner	v	ɑ͂ʃene	to chain up, connect, string together	
contaminer	v	kɔ͂tamine	to contaminate, infect	
le synonyme	nadj(f)	sinɔnim	synonymous; synonym	
préférer	v	pʀefeʀe	to prefer	
déborder	v	debɔʀde	to overflow, boil over, go out, go over	
la compression	nf	kɔ͂pʀesjɔ͂	compression; cutback, reduction	
aboutir	v	abutiʀ	to succeed, end up at	
la charte	nf	ʃaʀt	charter	
primordial	adj	pʀimɔʀdjal, jo	primordial, basic, vital, primary	
la ressource	nf	ʀ(ə)suʀs	resource	
la quinzaine	nf	kɛ͂zɛn	about fifteen, two weeks	
singulier	nadj	sɛ͂gylje	unique, singular	
couramment	adv	kuʀamɑ͂	fluently, commonly	
la vigilance	nf	viʒilɑ͂s	vigilance, watchfulness	
pourvoir	v	puʀvwaʀ	to provide, equip, supply, furnish	
générer	v	ʒeneʀe	to generate	
une accélération	nf	akseleʀasjɔ͂	acceleration	
écouler	v	ekule	to sell, run off, flow out	
la borne	nf	bɔʀn	milestone, boundary stone	
le rapprochement	nm	ʀapʀɔʃmɑ͂	bringing together, coming closer, parallel	
baptiser	v	batize	to name, christen, baptize	
bannir	v	baniʀ	to banish, ban	
vraisemblablement	adv	vʀɛsɑ͂blabləmɑ͂	most probably	
couronner	v	kuʀɔne	to crown, award	
peut-être	adv	pøtɛtʀ	perhaps, maybe	
aujourd’hui	adv	oʒuʀdɥi	today	
concerner	v	kɔ͂sɛʀne	to concern	
d’abord	adv	abɔʀ	first of all	
importer	v	ɛ͂pɔʀte	to import; to be important	
constituer	v	kɔ͂stitɥe	to constitute	
lui-même	pro	lɥimɛm	himself	
c’est-à-dire	adv	sɛtadiʀ	in other words	
d’ailleurs	adv	dajœʀ	moreover, besides, for that matter	
d’après		0	according to	
d’accord	intj	akɔʀ	okay, alright	
demeurer	v	dəmœʀe	to remain, live	
quelqu’un	pro	kɛlkœ͂	somebody, someone	
situer	v	sitɥe	to situate, locate	
figurer	v	figyʀe	to represent, appear	
le mai	nm	mɛ	May	
susciter	v	sysite	to arouse, provoke	
consister	v	kɔ͂siste	to consist	
destiner	v	dɛstine	to intend, be used	
relatif	nadj	ʀ(ə)latif	relative	
entreprendre	v	ɑ͂tʀəpʀɑ͂dʀ	to begin, start, undertake	
au-delà	adv,nmi	od(ə)la	beyond	
parlementaire	nadj(f)	paʀləmɑ͂tɛʀ	parliamentary; member of parliament	
palestinien	nm	palɛstinjɛ͂, jɛn	Palestinian	
fondamental	adj	fɔ͂damɑ͂tal, o	fundamental	
une exigence	nf	ɛgziʒɑ͂s	demand, strictness	
après-midi	nmi	apʀɛmidi	afternoon	
vis-à-vis	nmpl,prep	vizavi	face to face, regarding	
elle-même	pro	ɛlmɛm	herself, itself	
législatif	nadj	leʒislatif, -iv	legislative	
favoriser	v	favɔʀize	to favor	
précéder	v	pʀesede	to precede	
israélien	nadj	isʀaeljɛ͂, jɛn	Israeli	
au-dessus	adv	od(ə)sy	above	
d’autant		dotɑ͂	since	
entourer	v	ɑ͂tuʀe	to surround	
accroître	v	akʀwɑtʀ	to increase	
moi-même	pro	mwamɛm	myself	
provenir	v	pʀɔv(ə)niʀ	to be from, come from	
la modification	nf	mɔdifikasjɔ͂	modification	
la prévision	nf	pʀevizjɔ͂	forecast, prediction, expectation	
fiscal	adj	fiskal, o	fiscal	
une exportation	nf	ɛkspɔʀtasjɔ͂	export	
percevoir	v	pɛʀsəvwaʀ	to perceive	
le consommateur	nm	kɔ͂sɔmatœʀ, -tʀis	consumer, customer	
un abri	nm	abʀi	shelter	
baser	v	bɑze	to base	
électoral	adj	elɛktɔʀal, -o	electoral	
porte-parole	nmi	pɔʀtpaʀɔl	spokesperson, spokes- woman, spokesman	
la vacance	nf	vakɑ͂s	vacancy; vacation	
monétaire	adj(f)	mɔnetɛʀ	monetary	
un euro	nm	øʀo	euro	
là-bas	adv	labɑ	over there, out there	
doter	v	dɔte	to endow, provide	
vice-président	nm	vispʀezidɑ͂, vispʀezidɑ͂t	vice-president	
un effectif	nadj	efɛktif	effective; size, workforce	
individuel	adj	ɛ͂dividɥɛl	individual	
rendez-vous	nm(pl)	ʀɑ͂devu	appointment	
refléter	v	ʀ(ə)flete	to reflect	
animer	v	anime	to lead, conduct, animate	
la statistique	nf	statistik	statistics, statistical	
gouvernemental	adj	guvɛʀnəmɑ͂tal, o	governmental	
irakien	nadj	iʀakjɛ͂, jɛn	Iraqi	
la proportion	nf	pʀɔpɔʀsjɔ͂	proportion	
le critère	nm	kʀitɛʀ	criterion, criteria	
illustrer	v	i(l)lystʀe	to illustrate	
formuler	v	fɔʀmyle	to formulate	
un électeur	nm	elɛktœʀ, -tʀis	elector, voter	
varier	v	vaʀje	to vary, change	
québécois	nadj(pl)	kebekwa	Quebecker, Quebecer, Québécois	
multiplier	v	myltiplije	to multiply	
budgétaire	adj(f)	bydʒetɛʀ	budgetary	
spécialiser	v	spesjalize	to specialize	
éventuel	nadj	evɑ͂tɥɛl	possible	
le partisan	nadj	paʀtizɑ͂, an	partisan, supporter	
efforcer	v	efɔʀse	endeavor	
détenir	v	det(ə)niʀ	to hold, detain	
le multiple	nadj(f)	myltipl	multiple	
désoler	v	dezɔle	to upset, sadden	
résider	v	ʀezide	to reside	
le volet	nm	vɔlɛ	shutter	
résulter	v	ʀezylte	to result	
survenir	v	syʀvəniʀ	to occur, take place, appear	
le salarié, la salarié	nadj	salaʀje	wage-earning, employee	
orienter	v	ɔʀjɑ͂te	to position, give advice, direct, orientate	
croître	v	kʀwatʀ	to grow, increase	
contraindre	v	kɔ͂tʀɛ͂dʀ	to compel, force	
le réformiste, la réformiste	nadj(f)	ʀefɔʀmist	reformist	
hausser	v	ˊose	to raise	
le provincial	nadj	pʀɔvɛ͂sjal, jo	provincial	
répartir	v	ʀepaʀtiʀ	to distribute, spread out, share out, divide up	
là-dessus	adv	lad(ə)sy	on top, about it	
nécessiter	v	nesesite	to require, necessitate	
la revendication	nf	ʀ(ə)vɑ͂dikasjɔ͂	claim, demand	
constitutionnel	nadj	kɔ͂stitysjɔnɛl	constitutional	
une importation	nf	ɛ͂pɔʀtasjɔ͂	import	
le référendum	nm	ʀefeʀɑ͂dɔm, ʀefeʀɛ͂dɔm	referendum	
une instance	nf	ɛ͂stɑ͂s	authority, proceedings, hearing	
recourir	v	ʀ(ə)kuʀiʀ	to turn to, run again	
engendrer	v	ɑ͂ʒɑ͂dʀe	to father, breed, generate	
une infrastructure	nf	ɛ͂fʀastʀyktyʀ	infrastructure	
la cotisation	nf	kɔtizasjɔ͂	subscription	
une affirmation	nf	afiʀmasjɔ͂	assertion, affirmation	
requérir	v	ʀəkeʀiʀ	to require	
un agriculteur	nm	agʀikyltœʀ, -tʀis	farmer	
une inflation	nf	ɛ͂flasjɔ͂	inflation	
une autonomie	nf	otonomi	autonomy	
la contradiction	nf	kɔ͂tʀadiksjɔ͂	contradiction	
la souveraineté	nf	suv(ə)ʀɛnte	sovereignty	
restreindre	v	ʀɛstʀɛ͂dʀ	to restrict, cut down, decrease	
présider	v	pʀezide	to preside	
un autochtone, une autochtone	nadj(f)	otokton	native, indigenous peoples	
le rendement	nm	ʀɑ͂dmɑ͂	yield, output	
une innovation	nf	inɔvasjɔ͂	innovation	
la collectivité	nf	kɔlɛktivite	community, group	
modalité	nf	mɔdalite	mode, method, modality	
le préalable	nadj(f)	pʀealabl	prior, previous, preliminary, prerequisite	
caractériser	v	kaʀakteʀize	to characterize	
intituler	v	ɛ͂tityle	to entitle, call	
le collaborateur	nm	ko(l)labɔʀatœʀ, -tʀis	associate, fellow worker, contributor, collaborator	
accumuler	v	akymyle	to accumulate, amass, store, stockpile	
week-end	nm	wikɛnd	weekend	
regrouper	v	ʀ(ə)gʀupe	to group together, regroup	
le militant	nadj	militɑ͂, ɑ͂t	militant	
le participant	nadj	paʀtisipɑ͂, ɑ͂t	participant	
privilégier	v	pʀivileʒje	to favour	
dater	v	date	to date	
la circonscription	nf	siʀkɔ͂skʀipsjɔ͂	district, constituency	
la subvention	nf	sybvɑ͂sjɔ͂	subsidy	
équilibrer	v	ekilibʀe	to balance	
quelques-uns	pro	kɛlkəzœ͂, kɛlkəzyn	some, a few	
solliciter	v	sɔlisite	to request, solicit, appeal	
la prévention	nf	pʀevɑ͂sjɔ͂	prevention, custody	
complémentaire	adj(f)	kɔ͂plemɑ͂tɛʀ	complementary, supplementary	
parisien	nadj	paʀizjɛ͂, jɛn	Parisian	
respectif	adj	ʀɛspɛktif, -iv	respective	
contemporain	nadj	kɔ͂tɑ͂pɔʀɛ͂, ɛn	contemporary	
le pétrolier	nadj	petʀɔlje	oil; oil tanker	
la suppression	nf	sypʀesjɔ͂	deletion, suppression	
existant	adj	ɛgzistɑ͂, ɑ͂t	existing	
la restriction	nf	ʀɛstʀiksjɔ͂	restriction	
un indicateur	nadj	ɛ͂dikatœʀ	indicator	
la législation	nf	leʒislasjɔ͂	legislation	
approprier	v	apʀɔpʀije	to adapt, appropriate, take over	
le chômeur	nm	ʃomœʀ, -øz	unemployed person	
succéder	v	syksede	to succeed, take over	
le paramètre	nm	paʀamɛtʀ	parameter	
déboucher	v	debuʃe	to unblock, uncork	
la répartition	nf	ʀepaʀtisjɔ͂	distribution, spreading	
combiner	v	kɔ͂bine	to combine, devise	
le contribuable, la contribuable	nm,nf	kɔ͂tʀibɥabl	taxpayer	
progressivement	adv	pʀɔgʀesivmɑ͂	progressively	
antérieur	nadj	ɑ͂teʀjœʀ	previous, earlier, front	
progressif	adj	pʀɔgʀesif, -iv	progressive	
une adhésion	nf	adezjɔ͂	membership, support	
détailler	v	detaje	to detail	
présumer	v	pʀezyme	to presume, assume	
rigoureux	adj(pl)	ʀiguʀø, -øz	rigorous, harsh, strict	
revêtir	v	ʀ(ə)vetiʀ	to take on, assume	
distinct	adj	distɛ͂, ɛ͂kt	distinct	
la directive	nf	diʀɛktiv	guideline	
rural	nadj	ʀyʀal, o	rural	
persister	v	pɛʀsiste	to persist, keep up, linger	
oriental	nadj	ɔʀjɑ͂tal, o	Oriental	
consentir	v	kɔ͂sɑ͂tiʀ	to consent, agree	
la variable	nadj(f)	vaʀjabl	variable	
contradictoire	adj(f)	kɔ͂tʀadiktwaʀ	contradictory, conflicting	
instaurer	v	ɛ͂stɔʀe	to institute, introduce	
revendiquer	v	ʀ(ə)vɑ͂dike	to claim	
un accroissement	nm	akʀwasmɑ͂	increase	
la diminution	nf	diminysjɔ͂	reduction, decreasing	
la privatisation	nf	pʀivatizasjɔ͂	privatization	
la réglementation	nf	ʀɛgləmɑ͂tasjɔ͂	regulation	
déplorer	v	deplɔʀe	to deplore	
mobiliser	v	mɔbilize	to mobilize, call up	
encadrer	v	ɑ͂kɑdʀe	to frame, train	
la télécommunication	nf	telekɔmynikasjɔ͂	telecommunication	
un aliment	nm	alimɑ͂	food	
coordonner	v	kɔɔʀdɔne	to coordinate	
différer	v	difeʀe	to differ, vary	
découler	v	dekule	to ensue, follow	
mixte	adj(f)	mikst	mixed	
siéger	v	sjeʒe	to sit	
grand-chose	nmi	gʀɑ͂ʃoz	not very much	
la transparence	nf	tʀɑ͂spaʀɑ͂s	transparency	
amorcer	v	amɔʀse	to bait, prime, begin, initiate	
la productivité	nf	pʀɔdyktivite	productivity	
simplifier	v	sɛ͂plifje	to simplify	
le scrutin	nm	skʀytɛ͂	ballot, poll	
passionner	v	pasjɔne	to fascinate, grip	
généraliser	v	ʒeneʀalize	to generalize	
un économiste, une économiste	nm,nf	ekɔnɔmist	economist	
vouer	v	vwe	to devote, dedicate to, vow to	
proclamer	v	pʀɔklame	to proclaim, declare	
le monopole	nm	mɔnɔpɔl	monopoly	
approfondir	v	apʀɔfɔ͂diʀ	to deepen, make deeper, go further into	
syndical	adj	sɛ͂dikal, o	(trade-) union	
un abonné	nadj	abɔne	subscribed, subscriber	
structurel	adj	stʀyktyʀɛl	structural	
dispenser	v	dispɑ͂se	to exempt, avoid	
le déroulement	nm	deʀulmɑ͂	development, progress	
régir	v	ʀeʒiʀ	to govern	
ministériel	adj	ministeʀjɛl	ministerial; minister	
systématiquement	adv	sistematikmɑ͂	systematically	
équiper	v	ekipe	to equip, kit out, fit out, tool up	
le détriment	nm	detʀimɑ͂	detriment	
unanime	adj(f)	ynanim	unanimous	
islamique	adj(f)	islamik	Islamic	
une attribution	nf	atʀibysjɔ͂	awarding, allocation, assignment, attribution	
ethnique	nadj(f)	ɛtnik	ethnic	
un interlocuteur	nm	ɛ͂tɛʀlɔkytœʀ, -tʀis	speaker	
spécifier	v	spesifje	to specify	
la rémunération	nf	ʀemyneʀasjɔ͂	remuneration, payment, pay	
adhérer	v	adeʀe	to stick to, support, join, be a member of	
systématique	nadj(f)	sistematik	systematic	
parallèlement	adv	paʀalɛlmɑ͂	in parallel, similarly	
francophone	adj(f)	fʀɑ͂kɔfɔn	French-speaking, French speaker, francophone	
émaner	v	emane	to issue from, emanate from, come from, radiate from	
prévaloir	v	pʀevalwaʀ	to prevail	
apprêter	v	apʀete	to prepare, get ready, dress	
cibler	v	sible	to target	
additionnel	adj	adisjɔnɛl	additional	
le consensus	nm(pl)	kɔ͂sɛ͂sys	consensus	
un excédent	nm	ɛksedɑ͂	surplus	
la mondialisation	nf	mɔ͂djalizasjɔ͂	internationalisation, globalisation	
le conventionnel	nadj	kɔ͂vɑ͂sjɔnɛl	conventional	
une unanimité	nf	ynanimite	unanimity	
une inégalité	nf	inegalite	difference, uneveness, inequality	
accentuer	v	aksɑ͂tɥe	to stress, to emphasize, become more pronounced	
rattacher	v	ʀataʃe	to attach, join, tie	
contracter	v	kɔ͂tʀakte	to contract, take out, tense	
territorial	adj	teʀitɔʀjal, jo	territorial, land	
subsister	v	sybziste	to subsist, remain	
un usager	nm	yzaʒe, -ɛʀ	user	
la continuité	nf	kɔ͂tinɥite	continuity, continuation	
maximal	adj	maksimal, o	maximal	
une idéologie	nf	ideɔlɔʒi	ideology	
le demandeur	nm	d(ə)mɑ͂dœʀ, -øz	seeker, complainant	
homologue	adj(f)	ɔmɔlɔg	counterpart, homologue	
successif	adj	syksesif, -iv	successive	
le matériau	nm	mateʀjo	material	
la divergence	nf	divɛʀʒɑ͂s	divergence, difference	
la municipalité	nf	mynisipalite	municipality	
consécutif	adj	kɔ͂sekytif, -iv	consecutive	
institutionnel	adj	ɛ͂stitysjɔnɛl	institutional	
la confédération	nf	kɔ͂fedeʀasjɔ͂	confederation	
acquitter	v	akite	to acquit, pay, settle, pay off	
référer	v	ʀefeʀe	to refer, consult, refer to	
substantiel	adj	sypstɑ͂sjɛl	substantial	
une exclusion	nf	ɛksklyzjɔ͂	exclusion, expulsion	
préconiser	v	pʀekɔnize	to recommend, advocate	
un historien	nm	istɔʀjɛ͂, jɛn	historian	
atténuer	v	atenɥe	to lessen, diminish, dim, subdue, reduce	
applicable	adj(f)	aplikabl	applicable	
sud-est	nmi	sydɛst	south-east	
le conjoint	nadj	kɔ͂ʒwɛ͂, wɛ͂t	spouse, joint	
assortir	v	asɔʀtiʀ	to match, accompany	
la restructuration	nf	ʀəstʀyktyʀasjɔ͂	restructure, restructuring	
demi-heure	nf	d(ə)mijœʀ	half an hour	
un actionnaire, une actionnaire	nm,nf	aksjɔnɛʀ	shareholder	
redouter	v	ʀədute	to dread, fear	
acheminer	v	aʃ(ə)mine	to forward, dispatch, transport	
conformer	v	kɔ͂fɔʀme	to model, conform	
délibérer	v	delibeʀe	to deliberate, debate	
puiser	v	pɥize	to draw, take	
géographique	adj(f)	ʒeɔgʀafik	geographic, geographical	
œuvrer	v	œvʀe	to work	
la contestation	nf	kɔ͂tɛstasjɔ͂	questioning, protest	
iranien	nadj	iʀanjɛ͂, jɛn	Iranian	
conférer	v	kɔ͂feʀe	to confer	
interpeller	v	ɛ͂tɛʀpəle	to call out to, question	
fréquemment	adv	fʀekamɑ͂	frequently	
la légitimité	nf	leʒitimite	legitimacy	
dériver	v	deʀive	to divert, derive	
respectivement	adv	ʀɛspɛktivmɑ͂	respectively	
induire	v	ɛ͂dɥiʀ	to infer, induce, result in , lead to	
un arbitrage	nm	aʀbitʀaʒ	refereeing, umpiring, arbitration	
déléguer	v	delege	to delegate	
miner	v	mine	to mine, erode	
composante	nf	kɔ͂pozɑ͂t	component	
instituer	v	ɛ͂stitɥe	to introduce, impose, establish, institute	
marocain	nadj	maʀɔkɛ͂, ɛn	Moroccan	
le nominal	nadj	nɔminal, o	nominal	
peiner	v	pene	to toil, labor, struggle	
le renouvellement	nm	ʀ(ə)nuvɛlmɑ͂	replacement, recurrence, repetition	
le protestant	nadj	pʀɔtɛstɑ͂, ɑ͂t	Protestant	
le faisceau	nm	fɛso	bundle, beam, stack	
le dégât	nm	degɑ	damage	
multinational	adj	myltinasjɔnal, o	multinational	
étroitement	adv	etʀwatmɑ͂	closely	
faillir	v	fajiʀ	to have almost, fail, fail to	
nous-mêmes	pro	numɛm	ourselves	
coter	v	kɔte	to quote, rate	
bien-être	nmi	bjɛ͂nɛtʀ	well being	
énoncer	v	enɔ͂se	to state, set out, express	
un islamiste, une islamiste	nm,nf	islamist	Islamist	
bilatéral	adj	bilateʀal, o	bilateral	
environnemental	adj	ɑ͂viʀɔnmɑ͂tal, o	environmental	
le constructeur	nadj	kɔ͂stʀyktœʀ	builder, manufacturer	
déceler	v	des(ə)le	to discover, detect	
acharner	v	aʃaʀne	to go at fiercely and unrelentingly	
assimiler	v	asimile	to assimilate, take in	
incarner	v	ɛ͂kaʀne	to embody, incarnate	
opter	v	ɔpte	to opt, decide	
décréter	v	dekʀete	to declare, decree	
dix-huit	det,nmi	dizɥit	eighteen	
coïncider	v	kɔɛ͂side	to coincide, correspond	
le renforcement	nm	ʀɑ͂fɔʀsəmɑ͂	reinforcement, strengthening	
une élaboration	nf	elabɔʀasjɔ͂	working-out, development	
une habitation	nf	abitasjɔ͂	residence, home, dwelling, housing	
représentatif	adj	ʀ(ə)pʀezɑ͂tatif, -iv	representative	
une imposition	nf	ɛ͂pozisjɔ͂	taxation	
un ajustement	nm	aʒystəmɑ͂	adjustment	
la répercussion	nf	ʀepɛʀkysjɔ͂	repercussion	
soi-disant	adji	swadizɑ͂	so-called, supposedly	
salarial	adj	salaʀjal, jo	salary	
abolir	v	abɔliʀ	to abolish, do away with	
la cohésion	nf	koezjɔ͂	cohesion	
minimal	adj	minimal, o	minimal, minimum	
implanter	v	ɛ͂plɑ͂te	to implant, set up, establish	
exhorter	v	ɛgzɔʀte	to exhort, urge	
sélectionner	v	selɛksjɔne	to select	
paralyser	v	paʀalize	to paralyze	
le préjugé	nm	pʀeʒyʒe	prejudice, bias	
nord-ouest	nmi	nɔʀwɛst	north-west	
un affaiblissement	nm	afeblismɑ͂	weakening	
peupler	v	pœple	to populate, inhabit	
resserrer	v	ʀ(ə)seʀe	to tighten up, strengthen	
activement	adv	aktivmɑ͂	actively	
incompatible	adj(f)	ɛ͂kɔ͂patibl	incompatible	
la synthèse	nf	sɛ͂tɛz	summary, synthesis	
la conjoncture	nf	kɔ͂ʒɔ͂ktyʀ	situation, climate	
réformer	v	ʀefɔʀme	to re-form, reform, discharge	
reléguer	v	ʀ(ə)lege	to relegate	
un intervenant	nadj	ɛ͂tɛʀvənɑ͂, ɑ͂t	contributor, intervener	
arbitraire	nadj(f)	aʀbitʀɛʀ	arbitrary	
la propagation	nf	pʀɔpagasjɔ͂	propagation, spreading	
grand-père	nm	gʀɑ͂pɛʀ	grandfather	
décliner	v	dekline	to decline, refuse, turn down	
un écu	nm	eky	ecu	
indirect	adj	ɛ͂diʀɛkt	indirect	
démentir	v	demɑ͂tiʀ	to deny, refute, contradict	
sud-ouest	nmi	sydwɛst	south-west	
le déterminant	nadj	detɛʀminɑ͂	determining, deciding, crucial	
sous-marin	nadj	sumaʀɛ͂	submarine, underwater	
un acheminement	nm	aʃ(ə)minmɑ͂	routing, shipment	
le notable	nadj(f)	nɔtabl	notable, noteworthy	
le tchèque	nadj(f)	tʃɛk	Czech	
là-dedans	adv	lad(ə)dɑ͂	inside, in it	
le différend	nm	difeʀɑ͂	disagreement, controversy	
explicite	adj(f)	ɛksplisit	explicitly	
par-dessus	adv	paʀdəsy	over	
apparent	adj	apaʀɑ͂, ɑ͂t	apparent, obvious	
une allocation	nf	alɔkasjɔ͂	allocation, granting, allotment, allowance	
décéder	v	desede	to die, pass away, pass on	
dix-sept	det,nmi	dissɛt	seventeen	
une ambiguïté	nf	ɑ͂bigɥite	ambiguity	
consultatif	adj	kɔ͂syltatif, -iv	advisory	
la complexité	nf	kɔ͂plɛksite	complexity	
brandir	v	bʀɑ͂diʀ	to brandish, wield, wave	
précaire	adj(f)	pʀekɛʀ	precarious, makeshift	
la justification	nf	ʒystifikasjɔ͂	justification, proof	
la conservation	nf	kɔ͂sɛʀvasjɔ͂	preservation, preserving, retention	
un aménagement	nm	amenaʒmɑ͂	development, planning, fitting, adjustment	
le manifestant	nm	manifɛstɑ͂, ɑ͂t	protester, demonstrator	
prôner	v	pʀone	to laud, extol, advocate, commend	
radicalement	adv	ʀadikalmɑ͂	radically	
ultérieur	adj	ylteʀjœʀ	later, subsequent	
axer	v	akse	to center	
rectifier	v	ʀɛktifje	to rectify, correct	
émouvoir	v	emuvwaʀ	to move, touch	
alléger	v	aleʒe	to lighten, alleviate,	
la dégradation	nf	degʀadasjɔ͂	degrading, damaging, erosion; demotion	
le vingtième, la vingtième	det,nm,nf	vɛ͂tjɛm	twentieth	
grand-mère	nf	gʀɑ͂mɛʀ	grandmother	
la citoyenneté	nf	sitwajɛnte	citizenship	
attester	v	atɛste	to attest, confirm	
nullement	adv	nylmɑ͂	not in the least	
incorporer	v	ɛ͂kɔʀpɔʀe	to incorporate, insert, merge	
débloquer	v	deblɔke	to free, unfreeze, unjam, release, unblock	
la linguistique	nadj(f)	lɛ͂gɥistik	linguistic, linguistics	
main-d’œuvre	nf	mɛ͂dœvʀ	manpower, labor, workforce	
rallier	v	ʀalje	to rally, win over, join	
réaffirmer	v	ʀeafiʀme	to reaffirm, reassert	
assigner	v	asiɲe	to assign, allocate, attach, attribute	
souhaitable	adj(f)	swɛtabl	desirable	
le constat	nm	kɔ͂sta	report, statement	
le dynamisme	nm	dinamism	dynamism	
concerter	v	kɔ͂sɛʀte	to devise, consult	
désespérer	v	dezɛspeʀe	to despair	
exporter	v	ɛkspɔʀte	to export	
ériger	v	eʀiʒe	to erect, set up	
transitoire	adj(f)	tʀɑ͂zitwaʀ	transient, interim, provisional	
tardif	adj	taʀdif, -iv	late	
un apport	nm	apɔʀ	supply, contribution	
un échelon	nm	eʃlɔ͂	rung, step, grade, echelon	
une occurrence	nf	ɔkyʀɑ͂s	instance, case, occurrence	
au-dessous	adv	od(ə)su	underneath	
fonctionnel	adj	fɔ͂ksjɔnɛl	functional	
entre-temps	adv,nm(pl)	ɑ͂tʀətɑ͂	meanwhile, in the meantime	
le confrère	nm	kɔ͂fʀɛʀ	colleague	
la variation	nf	vaʀjasjɔ͂	variation, change	
productif	adj	pʀɔdyktif, -iv	productive	
le groupement	nm	gʀupmɑ͂	grouping, group, categorization	
la modernisation	nf	mɔdɛʀnizasjɔ͂	modernization	
souscrire	v	suskʀiʀ	to subscribe	
le suffrage	nm	syfʀaʒ	vote	
concilier	v	kɔ͂silje	to reconcile	
libanais	nadj(pl)	libanɛ, ɛz	Lebanese	
le rapporteur	nadj	ʀapɔʀtœʀ	telltale, rapporteur	
le dix-neuvième, la dix-neuvième	det,nm,nf	diznœvjɛm	nineteenth	
une indemnisation	nf	ɛ͂dɛmnizasjɔ͂	indemnification, compensation	
le leadership	nm	lidœʀʃip	leadership	
la qualification	nf	kalifikasjɔ͂	qualification	
dédier	v	dedje	to dedicate	
un artisan	nm	aʀtizɑ͂, an	craftsman, self-employed	
économiquement	adv	ekɔnɔmikmɑ͂	economically	
industrialiser	v	ɛ͂dystʀijalize	to industrialize	
efficacement	adv	efikasmɑ͂	efficiently, effectively	
le marginal	nadj	maʀʒinal, o	marginal	
modérer	v	mɔdeʀe	to restrain, moderate, reduce	
une appartenance	nf	apaʀtənɑ͂s	membership, belonging	
constructif	adj	kɔ͂stʀyktif, -iv	constructive	
minime	nadj(f)	minim	minor, minimal	
le ralentissement	nm	ʀalɑ͂tismɑ͂	slowing down	
la mobilisation	nf	mɔbilizasjɔ͂	mobilization	
tâcher	v	tɑʃe	to endeavor	
la récession	nf	ʀesesjɔ͂	recession	
sensiblement	adv	sɑ͂sibləmɑ͂	approximately, more or less, noticeably	
léguer	v	lege	to bequeath, hand down, pass on	
problématique	nadj(f)	pʀɔblematik	problematic; problem	
voiler	v	vwale	to veil	
erroné	adj	eʀɔne	erroneous	
yougoslave	nadj(f)	jugɔslav	Yugoslav, Yugoslavian	
explicitement	adv	ɛksplisitmɑ͂	explicitly	
la souplesse	nf	suplɛs	suppleness, flexibility	
le contingent	nadj	kɔ͂tɛ͂ʒɑ͂	contingent, draft, quota	
émerger	v	emɛʀʒe	to emerge, rise up, come out	
instruire	v	ɛ͂stʀɥiʀ	to teach, educate, inform	
une équité	nf	ekite	equity, fairly	
soustraire	v	sustʀɛʀ	to substract, remove, shield, escape from	
téléviser	v	televize	to televise	
consolider	v	kɔ͂sɔlide	to strengthen, reinforce	
le contrevenant	nadj	kɔ͂tʀəv(ə)nɑ͂, ɑ͂t	offender, offending	
coder	v	kɔde	to code, encode	
la controverse	nf	kɔ͂tʀɔvɛʀs	controversy	
filial	adj	filjal, jo	filial; branch office	
un opposant	nadj	ɔpozɑ͂, ɑ͂t	opponent, opposing	
le sommaire	nadj(f)	sɔmɛʀ	summary, brief, cursory	
le versant	nm	vɛʀsɑ͂	hillside, mountainside	
la réticence	nf	ʀetisɑ͂s	reluctance, hesitation	
un élargissement	nm	elaʀʒismɑ͂	widening, letting-out, stretching, broadening	
dégrader	v	degʀade	to degrade, debase, damage, erode	
colonial	nadj	kɔlɔnjal, jo	colonial	
le pourparler	nm	puʀpaʀle	talk, discussion, negotiation	
un incidence	nf	ɛ͂sidɑ͂s	effect, incidence	
vingt-quatre	det,nmi	vɛ͂tkat(ʀ)	twenty four	
le teneur, la teneur	nf	tənœʀ	content	
centrer	v	sɑ͂tʀe	to center	
algérien	nadj	alʒeʀjɛ͂, jɛn	Algerian	
alentour	adv	alɑ͂tuʀ	around, round about	
perpétuer	v	pɛʀpetɥe	to perpetuate, carry on	
la doctrine	nf	dɔktʀin	doctrine	
compétitif	adj	kɔ͂petitif, -iv	competitive	
omettre	v	ɔmɛtʀ	to leave out, miss out, omit	
concurrentiel	adj	kɔ͂kyʀɑ͂sjɛl	competitive	
le désarmement	nm	dezaʀməmɑ͂	disarmament, disarming	
quotidiennement	adv	kɔtidjɛnmɑ͂	daily, every day	
état-major	nm	etamaʒɔʀ	staff, staff headquarters	
attarder	v	ataʀde	to linger	
englober	v	ɑ͂glɔbe	to include, encompass, incorporate	
le séparatiste, la séparatiste	nadj(f)	sepaʀatist	separatist	
le surcroît	nm	syʀkʀwɑ	extra, additional	
nationaliste	nadj(f)	nasjɔnalist	nationalist	
un exportateur	nadj	ɛkspɔʀtatœʀ, -tʀis	exportateur, exporting	
ratifier	v	ʀatifje	to ratify	
aviser	v	avize	to notice, advise	
écologique	adj(f)	ekɔlɔʒik	ecological	
sanctionner	v	sɑ͂ksjɔne	to sanction, punish, approve	
aisé	adj	eze	easy, well off, well-to-do	
défavoriser	v	defavɔʀize	to put at a disadvantage	
civiliser	v	sivilize	to civilze	
octroyer	v	ɔktʀwaje	to grant, bestow	
la limitation	nf	limitasjɔ͂	limitation, restriction, limit	
irréversible	adj(f)	iʀevɛʀsibl	irreversible	
verbal	adj	vɛʀbal, o	verbal	
une appréciation	nf	apʀesjasjɔ͂	appreciation, assessment, appraisal	
le complément	nm	kɔ͂plemɑ͂	complement	
initialement	adv	inisjalmɑ͂	initially	
replier	v	ʀ(ə)plije	to fold, roll up, fold up, withdraw	
le vérificateur	nadj	veʀifikatœʀ	checker, inspector, auditor	
la prétention	nf	pʀetɑ͂sjɔ͂	claim	
la stabilisation	nf	stabilizasjɔ͂	stabilisation	
la lacune	nf	lakyn	gap, deficiency	
mépriser	v	mepʀize	to scorn, look down, spurn, disdain	
minoritaire	nadj(f)	minɔʀitɛʀ	minority	
idéologique	adj(f)	ideɔlɔʒik	ideological	
le compatriote, la compatriote	nm,nf	kɔ͂patʀijɔt	compatriot	
majoritaire	adj(f)	maʒɔʀitɛʀ	majority	
le redressement	nm	ʀ(ə)dʀɛsmɑ͂	straightening up, upturn, righting	
chiffrer	v	ʃifʀe	to put a figure to, assess, quantify, number	
la compétitivité	nf	kɔ͂petitivite	competitiveness	
sous-sol	nm	susɔl	basement, lower ground floor, subsoil, underground	
indépendamment	adv	ɛ͂depɑ͂damɑ͂	independently, irrespective of, regardless of	
le rayonnement	nm	ʀɛjɔnmɑ͂	radiance	
minier	adj	minje, -jɛʀ	mining	
ébranler	v	ebʀɑ͂le	to shake, rattle	
unilatéral	adj	ynilateʀal, o	unilateral	
tisser	v	tise	to weave	
la cohérence	nf	koeʀɑ͂s	coherence, consistency	
modéré	nadj	mɔdeʀe	moderate, restrained, reasonable	
négligeable	adj(f)	negliʒabl	negligible, trivial	
symboliser	v	sɛ͂bɔlize	to symbolize	
substituer	v	sypstitɥe	to substitute	
le gestionnaire, la gestionnaire	adj(f),nm,nf	ʒɛstjɔnɛʀ	administrator, administrative	
un immigrant	nadj	imigʀɑ͂, ɑ͂t	immigrant	
la polémique	nadj(f)	pɔlemik	controversial, controversy	
alourdir	v	aluʀdiʀ	to weigh down, make heavy	
sévir	v	seviʀ	to act ruthlessly, be rife	
la localité	nf	lɔkalite	town, village	
vigoureux	adj(pl)	viguʀø, -øz	vigorous	
la rentabilité	nf	ʀɑ͂tabilite	profitability	
incliner	v	ɛ͂kline	to tilt, tend towards	
révolter	v	ʀevɔlte	to revolt, rebel, outrage	
philosophique	adj(f)	filɔzɔfik	philosophical	
la parenthèse	nf	paʀɑ͂tɛz	parenthesis, bracket, aside	
le boursier	nadj	buʀsje, -jɛʀ	grant-holder, scholarship holder; stock	
déformer	v	defɔʀme	to bend, distort, deform	
nord-est	nmi	nɔʀɛst	north-east	
la substitution	nf	sypstitysjɔ͂	substitution, mix-up	
parer	v	paʀe	to adorn, put on; to ward off, parry	
avantageux	nadj(pl)	avɑ͂taʒø, -ʒøz	profitable, worthwhile, advantageous, attractive	
handicaper	v	ˊɑ͂dikape	to handicap	
imputer	v	ɛ͂pyte	to impute to, attribute to	
desservir	v	desɛʀviʀ	to clear, go against, harm, serve	
le mensuel	nadj	mɑ͂sɥɛl	monthly	
le report	nm	ʀəpɔʀ	postponement, deferment	
aucunement	adv	okynmɑ͂	in no way, not in the least, not at all	
globalement	adv	glɔbalmɑ͂	globally	
alternatif	adj	altɛʀnatif, -iv	alternate, alternating	
réglementaire	adj(f)	ʀɛgləmɑ͂tɛʀ	regulation, control, statutory	
une incitation	nf	ɛ͂sitasjɔ͂	incitement, incentive	
un éditorial	nadj	editɔʀjal, jo	editorial	
vingt-cinq	det,nmi	vɛ̃sɛ̃k	twenty five	
le déséquilibre	nm	dezekilibʀ	imbalance	
entraver	v	ɑ͂tʀave	to hinder, hamper, get in the way of	
sous-estimer	v	suzɛstime	to underestimate	
un embargo	nm	ɑ͂baʀgo	embargo	
syrien	nadj	ˈzyːriən	Syrian	
ponctuel	adj	pɔ͂ktɥɛl	punctual	
la fermeté	nf	fɛʀməte	firmness, solidness, steadiness	
véhiculer	v	veikyle	to transport, convey	
répliquer	v	ʀeplike	to reply	
la théologie	nf	teɔlɔʒi	theology	
advenir	v	advəniʀ	to happen that, happen to	
immigrer	v	imigʀe	to immigrate	
le privilégié	nadj	pʀivileʒje	privileged	
controversé	adj	kɔ͂tʀɔvɛʀse	much debated, controversial	
nouer	v	nwe	to knot, tie	
la gendarmerie	nf	ʒɑ͂daʀməʀi	police force, police station	
analogue	nadj(f)	analɔg	similar, analogous	
initier	v	inisje	to initiate, introduce	
cessez-le-feu	nmi	sesel(e)fø	ceasefire	
dissiper	v	disipe	to dispel, disperse, clear away	
entrevoir	v	ɑ͂tʀəvwaʀ	to make out, catch a glimpse of, foresee	
stipuler	v	stipyle	to state, stipulate, specify	
une impossibilité	nf	ɛ͂pɔsibilite	impossibility	
le conditionnel	nadj	kɔ͂disjɔnɛl	conditional	
la nuance	nf	nɥɑ͂s	shade, hue, nuance	
conjointement	adv	kɔ͂ʒwɛ͂tmɑ͂	jointly	
articuler	v	aʀtikyle	to articulate	
successivement	adv	syksesivmɑ͂	successively	
la provision	nf	pʀɔvizjɔ͂	stock, supply	
amplifier	v	ɑ͂plifje	to amplify, magnify, expand	
intergouvernemental	adj	ɛ͂tɛʀguvɛʀnəmɑ͂tal, o	intergovernmental	
la délibération	nf	delibeʀasjɔ͂	deliberation, debate, consideration	
saisonnier	adj	sɛzɔnje, -jɛʀ	seasonal	
restituer	v	ʀɛstitɥe	to return, restore, refund	
la disponibilité	nf	dispɔnibilite	availability	
le glissement	nm	glismɑ͂	sliding, slipping, skidding	
un auditeur	nm	oditœʀ, -tʀis	auditor, listener	
un indigène, une indigène	nadj(f)	ɛ͂diʒɛn	native, local	
indirectement	adv	ɛ͂diʀɛktəmɑ͂	indirectly	
une obtention	nf	ɔptɑ͂sjɔ͂	obtaining, achievement	
le prostitué	nadj	pʀɔstitɥe	prostitute	
le concitoyen	nm	kɔ͂sitwajɛ͂, jɛn	fellow citizen	
libéralisation	nf	libeʀalizasjɔ͂	liberalization	
le signataire, la signataire	nm,nf	siɲatɛʀ	signatory	
le douanier	nadj	dwanje, -jɛʀ	customs officer	
borner	v	bɔʀne	to limit, confine	
triompher	v	tʀijɔ͂fe	to triumph, beat	
concrétiser	v	kɔ͂kʀetize	to materialise	
la soumission	nf	sumisjɔ͂	submission	
continuellement	adv	kɔ͂tinɥɛlmɑ͂	continually, continuously	
dérober	v	deʀɔbe	to steal, hide	
le romancier	nm	ʀɔmɑ͂sje, -jɛʀ	novelist	
déplaire	v	deplɛʀ	to displease, be unhappy	
innombrable	adj(f)	i(n)nɔ͂bʀabl	innumerable, countless	
inédit	nadj	inedi	unpublished; original, new	
désireux	adj(pl)	deziʀø, -øz	avid for, anxious to, desirous of	
diversifier	v	divɛʀsifje	to vary, diversify	
une instabilité	nf	ɛ͂stabilite	instability	
pénaliser	v	penalize	to penalize, punish	
foncier	adj	fɔ͂sje, -jɛʀ	land-related, land, fundamental	
envelopper	v	ɑ͂vlɔpe	to wrap, surround, veil	
irrégulier	adj	iʀegylje, -jɛʀ	irregular, uneven	
un encadrement	nm	ɑ͂kɑdʀəmɑ͂	training, framing, supervision	
moderniser	v	mɔdɛʀnize	to modernize	
incomber	v	ɛ͂kɔ͂be	to be incumbent upon	
la retombée	nf	ʀ(ə)tɔ͂be	fallout, consequences, effects	
équivaloir	v	ekivalwaʀ	to be equivalent, amount to	
le chiite, la chiite	nadj(f)	ʃiit	Shiite	
le bouleversement	nm	bulvɛʀsəmɑ͂	upheaval	
relater	v	ʀ(ə)late	to relate, recount	
concrètement	adv	kɔ͂kʀɛtmɑ͂	in concrete terms	
la coulisse	nf	kulis	backstage, wings, behind the scenes	
la ratification	nf	ʀatifikasjɔ͂	ratification	
le renouveau	nm	ʀ(ə)nuvo	renewal	
le néerlandais	nadj(pl)	neɛʀlɑ͂dɛ	Dutch	
intégral	adj	ɛ͂tegʀal, o	complete, unabridged	
spécification	nf	spesifikasjɔ͂	specification	
la documentation	nf	dɔkymɑ͂tasjɔ͂	documentation, literature	
logiquement	adv	lɔʒikmɑ͂	logically	
harmoniser	v	aʀmɔnize	to harmonize, harmonize with	
le débouché	nm	debuʃe	prospect, opportunity, opening	
le secrétariat	nm	s(ə)kʀetaʀja	secretaryship, secretariat, secretarial offices, secretary’s office	
le détenteur	nadj	detɑ͂tœʀ, -tʀis	holder, possessor, bearer	
le basque, la basque	nadj(f)	bask	Basque	
une accumulation	nf	akymylasjɔ͂	accumulation, amassing, storage, stockpiling, build-up	
un essor	nm	esɔʀ	expansion, development, flight	
obséder	v	ɔpsede	to obsess, haunt	
préventif	adj	pʀevɑ͂tif, -iv	preventive	
la désignation	nf	deziɲasjɔ͂	designation	
la conformité	nf	kɔ͂fɔʀmite	conformity	
inhérent	adj	ineʀɑ͂, ɑ͂t	inherent	
une illustration	nf	i(l)lystʀasjɔ͂	illustration	
néfaste	adj(f)	nefast	harmful, ill-fated	
lasser	v	lɑse	to tire, weary, grow weary	
influer	v	ɛ͂flye	to influence, have an influence on	
présentement	adv	pʀezɑ͂tmɑ͂	at present, presently	
plate-forme	nf	platfɔʀm	platform	
le kurde	nadj(f)	kyʀd	Kurd, Kurdish	
inchangé	adj	ɛ͂ʃɑ͂ʒe	unchanged	
la multiplication	nf	myltiplikasjɔ͂	multiplication	
camoufler	v	kamufle	to cover up, conceal, camouflage	
figer	v	fiʒe	to clot, coagulate, congeal, set	
la planification	nf	planifikasjɔ͂	planning	
le regroupement	nm	ʀ(ə)gʀupmɑ͂	regrouping, reassembly	
désastreux	adj(pl)	dezastʀø, -øz	disastrous	
la configuration	nf	kɔ͂figyʀasjɔ͂	configuration, layout	
escompter	v	ɛskɔ͂te	to discount; to expect	
intensif	nadj	ɛ͂tɑ͂sif	intensive	
le scepticisme	nm	sɛptisism	scepticism	
plénier	adj	plenje, -jɛʀ	plenary, full	
épanouir	v	epanwiʀ	to bloom, blossom	
minimiser	v	minimize	to minimize, play down	
inévitablement	adv	inevitabləmɑ͂	inevitably	
échéant	adj	eʃeɑ͂, ɑ͂t	if need be	
murmurer	v	myʀmyʀe	to murmur	
une implantation	nf	ɛ͂plɑ͂tasjɔ͂	implanting, setting up, establishment, implantation, installation	
décerner	v	desɛʀne	to award, give, issue	
replacer	v	ʀ(ə)plase	to replace, put back	
vêtir	v	vetiʀ	to clothe, dress, put on	
enchanter	v	ɑ͂ʃɑ͂te	to delight, enchant, rejoice	
démographique	adj(f)	demɔgʀafik	demographic	
la fourniture	nf	fuʀnityʀ	supply, provision	
taxer	v	takse	to tax	
dévouer	v	devwe	to devote, sacrifice oneself	
hâter	v	ˊɑte	to quicken, hasten	
la mobilité	nf	mɔbilite	mobility	
la dénonciation	nf	denɔ͂sjasjɔ͂	denunciation	
exiler	v	ɛgzile	to exile	
forger	v	fɔʀʒe	to forge, contrive, make up	
le textile	nadj(f)	tɛkstil	textile	
la médiation	nf	medjasjɔ͂	mediation, arbitration	
réprimer	v	ʀepʀime	to suppress, repress	
rémunérer	v	ʀemyneʀe	to remunerate, pay	
fasciner	v	fasine	to fascinate	
le progressiste, la progressiste	nm,nf	pʀɔgʀesist	progressive	
excéder	v	ɛksede	to exceed	
inexistant	adj	inɛgzistɑ͂, ɑ͂t	non-existent	
concéder	v	kɔ͂sede	to grant, concede	
retrancher	v	ʀ(ə)tʀɑ͂ʃe	to deduct, remove; to entrench	
renfermer	v	ʀɑ͂fɛʀme	to contain, shut, lock, enclose	
traditionnellement	adv	tʀadisjɔnɛlmɑ͂	traditionally	
le mécontentement	nm	mekɔ͂tɑ͂tmɑ͂	displeasure, dissatisfaction	
inaugurer	v	inogyʀe, inɔgyʀe	to unveil, open	
proportionnel	adj	pʀɔpɔʀsjɔnɛl	proportional	
un aboutissement	nm	abutismɑ͂	outcome, result	
libre-échange	nm	libʀeʃɑ͂ʒ	free trade	
maltraiter	v	maltʀete	to manhandle, ill-treat, misuse, slight	
continental	adj	kɔ͂tinɑ͂tal, o	continental	
réitérer	v	ʀeiteʀe	to reiterate, repeat	
énumérer	v	enymeʀe	to enumerate	
dix-neuf	det,nmi	diznœf	nineteen	
guetter	v	gete	to watch over, watch out for	
frustrer	v	fʀystʀe	to frustrate	
anglo-saxon	nadj	ɑ͂glosaksɔ͂, ɔn	Anglo-Saxon	
sécuritaire	adj(f)	sekyʀitɛʀ	safe	
écrier	v	ekʀije	to exclaim, cry out	
la rente	nf	ʀɑ͂t	annuity, pension	
résolument	adv	ʀezɔlymɑ͂	resolutely	
soixante-dix	det,nmi	swasɑ͂tdis	seventy	
perpétuel	adj	pɛʀpetɥɛl	perpetual, everlasting, never-ending	
militer	v	milite	to militate	
procès-verbal	nm	pʀɔsɛvɛʀbal, o	minutes, statement	
énergique	adj(f)	enɛʀʒik	energetic	
défavorable	adj(f)	defavɔʀabl	unfavorable	
un albanais	nadj(pl)	albanɛ	Albanian	
savoir-faire	nmi	savwaʀfɛʀ	know-how	
écrasant	adj	ekʀɑzɑ͂, ɑ͂t	crushing, overwhelming	
la munition	nf	muniˈtsioːn	ammunition, supplies	
allouer	v	alwe	to allocate	
scandaliser	v	skɑ͂dalize	to shock, scandalize	
empresser	v	ɑ͂pʀese	to bustle about, hasten to do	
inonder	v	inɔ͂de	to flood	
réglementer	v	ʀɛgləmɑ͂te	to regulate, control	
sonder	v	sɔ͂de	to probe, poll, sound out	
le téléspectateur	nm	telespɛktatœʀ, -tʀis	TV viewer	
le forestier	nadj	fɔʀɛstje, -jɛʀ	forest, forester	
ravager	v	ʀavaʒe	to ravage, devastate	
racial	adj	ʀasjal, jo	racial	
ensuivre	v	ɑ͂sɥivʀ	to follow, result, ensue	
ajourner	v	aʒuʀne	to adjourn, defer, postpone	
la détérioration	nf	deteʀjɔʀasjɔ͂	deterioration	
civique	adj(f)	sivik	civil; civics	
ancrer	v	ɑ͂kʀe	to anchor	
la législature	nf	leʒislatyʀ	legislature	
audiovisuel	nadj	odjovisɥɛl	audio-visual	
confiner	v	kɔ͂fine	to confine	
occasionner	v	ɔkazjɔne	to cause, give rise to	
allégement	nm	alɛʒmɑ͂	lightening, unweighting, reduction	
performant	adj	pɛʀfɔʀmɑ͂, ɑ͂t	productive, efficient	
la concertation	nf	kɔ͂sɛʀtasjɔ͂	meeting, consultation	
une interaction	nf	ɛ͂tɛʀaksjɔ͂	interaction	
le sillage	nm	sijaʒ	wake, slipstream	
hisser	v	ˊise	to hoist, raise up	
agréer	v	agʀee	to accept, approve of	
le bosniaque	nadj(f)	bɔsnjak	Bosnian	
solidaire	adj(f)	sɔlidɛʀ	interdependent, jointly dependent	
ferroviaire	adj(f)	fɛʀɔvjɛʀ	railway, rail	
la céréale	nf	seʀeal	cereal	
aménager	v	amenaʒe	to develop, plan, fit, adjust	
un exode	nm	ɛgzɔd	exodus	
le socialisme	nm	sɔsjalism	socialism	
harmonisation	nf	aʀmɔnizasjɔ͂	harmonization	
provisoirement	adv	pʀɔvizwaʀmɑ͂	temporarily, provisionally	
détériorer	v	deteʀjɔʀe	to deteriorate	
.	.	.	.	
.	.	.	.	
.	.	.	.	
.	.	.	.	
.	.	.	.	
le bien	adji,adv,nm	bjɛ͂	well	
bien	adv	bjɛ͂	well	
de	det, prep	də, dy, de	of, from, some, any	
je	pro	ʒə, ʒ	I	
le pas	adv,nm(pl)	pɑ	not, n’t; footstep	
le	det, pro	lə	the; him, her, it, them	
que	adv,conj,pro	kə	that, which, who, whom	
tu	pro	ty	you	
vous	pro	vu	you(pl)	
un	adj, det, nm, pro	œ͂	a, an, one	
et	conj	e	and	
à	prep	a	to, at, in	
il	pro	il	he, it	
ne	adv	nə	not	
en	adv,prep,pro	ɑ͂	in, by	
on	pro	ɔ͂	one, we	
ce	det,pro	sə	this, that	
pour	prep	puʀ	for, in order to	
qui	pro	ki	who, whom	
mais	adv,conj,intj	mɛ	but	
dans	prep	dɑ͂	in, into, from	
nous	pro	nu	we, us	
elle	pro	ɛl	she, her	
bien	adji,adv,nm	bjɛ͂	well	
me	pro	mə	me, to me, myself	
le si	adv,conj,nmi	si	if, whether	
y	adv,nmi,pro	igʀɛk	there	
le non	adv,nmi	nɔ͂	no, not	
avec	prep	avɛk	with	
tout	adv,det,nadj,pro	tu	all, very	
plus	adv	ply	more, no more	
mon	det	mɔ͂, me	my	
te	pro	tə	you, to you, from you	
le fait	adj,nm	fɛ	done, fact	
le moi	nm,pro	mwa	me	
oui	adv,nmi	ˊwi	yes	
faire	nm,v	fɛʀ	to do, make	
sur	adj,prep	syʀ	on, upon	
quoi	pro	kwa	what	
se	pro	sə	oneself, himself, herself, itself, themselves	
comme	adv,conj	kɔm	like, as	
être	nm,v	ɛtʀ	to be; being	
ici	adv	isi	here	
toi	nm,pro	twa	you, yourself	
dit	nadj	di, dit	said, so-called; tale	
lui	pro	lɥi	him, her	
votre	det	vɔtʀ	your	
pourquoi	adv,conj,nmi	puʀkwa	why	
où	adv,pro	u	where	
la rien	adv,nm,pro	ʀjɛ͂	nothing	
là	adv,intj	la	there, here	
quand	adv,conj	kɑ͂	when	
dire	nm,v	diʀ	to say	
le son	det,nm	sɔ͂	his, her, its; sound	
le ton, la ton	det,nm	tɔ͂	your; tone	
alors	adv	alɔʀ	then, so	
comment	adv,conj,intj,nmi	kɔmɑ͂	how	
par	prep	paʀ	by	
ou	conj	u	or	
la chose	adj(f),nf	ʃoz	thing	
le bon	adj,adv,intj,nm	bɔ͂	good	
le merci, la merci	intj,nm,nf	mɛʀsi	thank you; favor	
juste	adv,nadj(f)	ʒyst	just, only; fair	
très	adv	tʀɛ	very	
jamais	adv	ʒamɛ	never	
un été	nm	ete	summer	
avoir	nm,v	avwaʀ	to have	
vraiment	adv	vʀɛmɑ͂	truly, really, very	
aussi	adv,conj	osi	too, also, as	
voir	v	vwaʀ	to see	
oh	intj	o	oh	
même	adj(f),adv,pro	mɛm	same, even, self	
maintenant	adv	mɛ͂t(ə)nɑ͂	now	
le deux	det,nmi	dø	two	
autre	det,nadj(f),pro	otʀ	other	
peu	adv	pø	little	
quelque	adv,adj,det	kɛlk	some	
le temps	nm(pl)	tɑ͂	time	
toujours	adv	tuʒuʀ	always	
encore	adv	ɑ͂kɔʀ	again, yet	
notre	det	nɔtʀ, no	our	
le besoin	nm	bəzwɛ͂	need	
un accord	nm	akɔʀ	agreement	
la vie	nf	vi	life	
aller	nm,v	ale	to go	
la fois	nf(pl)	fwa	time, times	
sans	prep	sɑ͂	without	
donc	conj	dɔ͂k	so, then, therefore, thus	
le monde	nm	mɔ͂d	world, people	
un avant	adji,adv,nm,prep	avɑ͂	before;&nbsp;forward	
sûr	adj	syʀ	sure	
trop	adv	tʀo	too much, too many	
parler	nm,v	paʀle	to speak	
le père	nm	pɛʀ	father	
la personne	nf,pro	pɛʀsɔn	person, people, anybody, anyone, nobody	
après	adv,prep	apʀɛ	after	
ouais	intj	ˊwɛ	yeah	
le dieu	intj,nm	djø	god	
un homme	nm	ɔm	man	
la femme	nf	fam	woman, wife	
leur	det,adj(f),pro	lœʀ	them, their, theirs	
le vrai	adv,nadj	vʀɛ	true	
le mal	adji,adv,nm	mal	bad	
chez	prep, n	ʃe	at, with; home	
depuis	adv,prep	dəpɥi	since, for	
déjà	adv	deʒa	already	
beaucoup	adv	boku	a lot of, many	
le mort, la mort	adj,nf	mɔʀ	dead; death	
le mieux	adji(pl),adv,nm	mjø	better	
la mère	adj,nf	mɛʀ	mother	
la fille	nf	fij	girl, daughter	
le gens	nmpl	ʒɑ͂	people	
quel	det,adj,pro	kɛl	which, what	
voilà	prep	vwala	right, there, here	
le petit	nadj	p(ə)ti, it	small, little	
la maison	nf	mɛzɔ͂	house	
soit	adv,conj	swat	either...or	
le soir	nm	swaʀ	evening	
cela	pro	s(ə)la	that, it	
le passé	nadj,prep	pɑse	past	
le jour	nm	ʒuʀ	day	
prendre	v	pʀɑ͂dʀ	to take	
le monsieur	nm	məsjø, mesjø	mister, sir, gentleman	
savoir	nm,v	savwaʀ	to know	
un argent	nm	aʀʒɑ͂	money; silver	
le salut	intj,nm	saly	salute, hi, bye	
le nom	nm	nɔ͂	name	
la nuit	nf	nɥi	night	
le bonjour	nm	bɔ͂ʒuʀ	hello	
la raison	nf	ʀɛzɔ͂	reason	
le moins	adji(pl),adv,nm(pl),prep	mwɛ͂	less	
la maman	nf	mamɑ͂	mom	
le reste	nm	ʀɛst	rest	
un air	nm	ɛʀ	air, appearance	
seul	adj	sœl	alone, only	
le moment	nm	mɔmɑ͂	moment	
aider	v	ede	to help, assist	
le papa	nm	papa	dad, daddy	
entre	prep	ɑ͂tʀ	between	
le passe, la passe	nm,nf	pɑs	pass, channel	
le problème	nm	pʀɔblɛm	problem	
la peur	nf	pœʀ	fear	
le gars	nm(pl)	gɑ	guy	
le fils	nm(pl)	fis	son	
eh	intj	e, ɛ	hey, uh	
trois	det,nmi	tʀwɑ	three	
assez	adv	ase	enough	
la famille	nf	famij	family	
trouver	v	tʀuve	to find	
le travail	nm	tʀavaj, o	work	
la tête	nf	tɛt	head	
ah	intj	ˊɑ	ah, oh	
la voiture	nf	vwatyʀ	car	
vite	adv	vit	fast, quickly	
partir	v	paʀtiʀ	to leave	
hé	intj	he, ˊe	hey	
la merde	intj,nf	mɛʀd	sh*t, crap	
tuer	v	tɥe	to kill	
la chance	nf	ʃɑ͂s	luck; chance	
le pendant	adj,prep,nm	pɑ͂dɑ͂	during	
une idée	nf	ide	idea	
le part, la part	nf	paʀ	share	
demain	adv,nm	dəmɛ͂	tomorrow	
grand	adv,nadj	gʀɑ͂, gʀɑ͂d	great, big, tall	
un ami	nadj	ami	friend	
venir	v	v(ə)niʀ	to come	
tard	adv	taʀ	late	
le mec	nm	mɛk	guy	
hein	intj	ˊɛ͂	eh, huh	
passer	v	pɑse	to pass	
le truc	nm	tʀyk	trick; thing	
tant	adv	tɑ͂	so much, so many	
combien	adv,conj	kɔ͂bjɛ͂	how much, how many	
le sens	nm(pl)	sɑ͂s	sense, meaning	
puis	adv	pɥi	then, so	
la porte	nf	pɔʀt	door	
super	adji,nm	sypɛʀ	great	
sortir	v	sɔʀtiʀ	to go out, leave	
une heure	nf	œʀ	hour	
contre	adv,nm,prep	kɔ͂tʀ	against	
le coup	nm	ku	coup, blow, knock, stroke	
un ensemble	adv,nm	ɑ͂sɑ͂bl	together	
le nouveau	adj,nm	nuvo	new	
un amour	nm	amuʀ	love	
le sang	nm	sɑ͂	blood	
sous	prep	su	under	
le cas	nm(pl)	kɑ	case	
rester	v	ʀɛste	to stay	
la question	nf	kɛstjɔ͂	question	
la partie	nf	paʀti	part	
une histoire	nf	istwaʀ	history, story	
chercher	v	ʃɛʀʃe	to look for	
seulement	adv	sœlmɑ͂	only	
la police	nf	pɔlis	police	
un aide, une aide	nm,nf	ɛd	help, assistance	
la demande	nf	d(ə)mɑ͂d	request, demand	
le genre	nm	ʒɑ͂ʀ	type, kind, sort	
le mois	nm(pl)	mwa	month	
le frère	nm	fʀɛʀ	brother	
laisser	v	lese	to leave, to let	
le car	conj,nm	kaʀ	because; bus	
mettre	v	mɛtʀ	to put, place	
aucun	det,adj,pro	okœ͂, okyn	none, either, neither, not any	
eux	pro	ø	them	
la ville	nf	vil	city	
chaque	det,adj	ʃak	each	
arrivé	adj	aʀive	arrived	
le bébé	nadj(f)	bebe	baby	
longtemps	adv	lɔ͂tɑ͂	a long time, a long while	
la putain	nf	pytɛ͂	whore, bitch; stupid	
revoir	v	ʀ(ə)vwaʀ	to see again, revise	
la place	nf	plas	room, space, square, place	
ni	conj	ni	nor	
une attention	nf	atɑ͂sjɔ͂	attention	
voici	prep	vwasi	here is, here are, this is, these are	
une affaire	nf	afɛʀ	business, matter	
donner	v	dɔne	to give	
le type	nm	tip	type; guy	
le train	nm	tʀɛ͂	train	
le corps	nm(pl)	kɔʀ	body	
un endroit	nm	ɑ͂dʀwa	place, spot	
la façon	nf	fasɔ͂	way, manner	
une écoute	nf	ekut	listening	
dont	pro	dɔ͂	whose, of which	
le premier	det,nadj	pʀəmje	first	
perdu	nadj	pɛʀdy	lost, stray, wasted	
la main	nf	mɛ͂	hand	
le côté	nm	kote	side	
pouvoir	nm,v	puvwaʀ	can, to be able to	
le vieux	adj(pl),nm(pl)	vjø	old	
tiens	nadjpl,intj	t(ə)niʀ	ah, well	
le matin	nm	matɛ͂	morning	
tellement	adv	tɛlmɑ͂	so much, indeed	
un enfant, une enfant	nm,nf,adj(f)	ɑ͂fɑ͂	child	
le point	adv,nm	pwɛ͂	point; at all	
venu	nadj	v(ə)ny	come	
la suite	nf	sɥit	result, follow-up, rest	
le pardon	nm	paʀdɔ͂	forgiveness	
le devant	adv,nm,prep	d(ə)vɑ͂	in front, ahead	
le vers	nm(pl),prep	vɛʀ	toward	
la chambre	nf	ʃɑ͂bʀ	bedroom, chamber	
le droit	adj,adv,nm	dʀwa	right	
le mari, la mari	nm	maʀi	husband	
la cause	nf	koz	cause	
enfin	adv	ɑ͂fɛ͂	at last, finally	
une eau	nf	o	water	
le parti	nadj	paʀti	political party; gone	
le boulot	adj,nm	bulo	work, job	
arrêter	v	aʀete	to stop, arrest	
la terre	nf	tɛʀ	earth, world, soil, land	
le compte	nm	kɔ͂t	account, count	
loin	adv,nm	lwɛ͂	far	
le fin, la fin	adj,adv,nf,nm	fɛ͂	end; gist; clever person	
croire	v	kʀwaʀ	to believe	
gros	adv,nadj(pl)	gʀo	big	
plutôt	adv	plyto	rather	
jouer	v	ʒwe	to play	
le bureau	nm	byʀo	office, desk	
hier	adv	jɛʀ	yesterday	
le prêt	adj,nm	pʀɛ	ready	
mourir	v	muʀiʀ	to die	
celui	pro	səlɥi	that, the one, he, him	
demander	v	d(ə)mɑ͂de	to ask for	
possible	adj(f)	pɔsibl	possible	
le jeune, la jeune	nadj(f)	ʒœn	young	
le dehors	adv,nm(pl),prep	dəɔʀ	outside	
euh	intj	ø	er, um, uh	
une école	nf	ekɔl	school	
beau	adj,nm	bo	handsome, fine, right	
appeler	v	aple	to call	
la semaine	nf	s(ə)mɛn	week	
le propos	nm(pl)	pʀɔpo	remark, about	
la vérité	nf	veʀite	truth	
le chef	nm	ʃɛf	head, leader, chief	
la confiance	nf	kɔ͂fjɑ͂s	confidence, trust	
le feu	adj(f),nm	fø	fire	
vivre	nm,v	vivʀ	to live	
le docteur	nm	dɔktœʀ	doctor	
la journée	nf	ʒuʀne	day	
près	adv,prep	pʀɛ	near, nearby, close by	
la madame	nf	madam, medam	madam, lady	
le meilleur	nadj	mɛjœʀ	better, best	
le dessus	adv,nm(pl),prep	d(ə)sy	above, on top	
le téléphone	nm	telefɔn	telephone	
le dur	adv,nadj	dyʀ	hard	
manger	nm,v	mɑ͂ʒe	to eat	
le garçon	nm	gaʀsɔ͂	boy	
le mariage	nm	maʀjaʒ	marriage	
une équipe	nf	ekip	team	
arriver	v	aʀive	to arrive, happen	
la marche	nf	maʀʃ	walk, step, march	
la guerre	nf	gɛʀ	war	
le derrière	adv,nm,prep	dɛʀjɛʀ	last; behind	
plein	adv,nadj,prep	plɛ͂	full	
important	nadj	ɛ͂pɔʀtɑ͂	important	
le fort	adv,adj,nm	fɔʀ	strong	
exactement	adv	ɛgzaktəmɑ͂	exactly	
presque	adv	pʀɛsk	almost	
dernier	nadj	dɛʀnje	last, previous	
le fou	adj,nm	fu	mad, crazy	
la fête	nf	fɛt	holiday, celebration	
tomber	v	tɔ͂be	to fall	
attendre	v	atɑ͂dʀ	to wait	
la sécurité	nf	sekyʀite	security, safety	
la vue	nf	vy	view	
le jeu	nm	ʒø	game	
génial	adj	ʒenjal, jo	inspired, great, brilliant	
une envie	nf	ɑ͂vi	envy, desire	
le capitaine	nm	kapitɛn	captain	
le pays	nm(pl)	pei	country	
le garde, la garde	nm,nf	gaʀd	guard	
le cours, la cours	nfpl,nm(pl)	kuʀ	course	
le numéro	nm	nymeʀo	number	
bientôt	adv	bjɛ͂to	soon	
cinq	det,nm(pl)	sɛ͂k,	five	
le parfait	nadj	paʀfɛ	perfect	
la minute	nf	minyt	minute	
ainsi	adv	ɛ͂si	thus	
autant	adv	otɑ͂	as much, as many	
le retour	nm	ʀ(ə)tuʀ	return	
la peine	nf	pɛn	effort, trouble	
un instant	adj,nm	ɛ͂stɑ͂	instant, moment	
mauvais	adv,nadj(pl)	movɛ	bad, wrong	
une arme	nf	aʀm	weapon	
le prison, la prison	nf	pʀizɔ͂	prison	
penser	nm,v	pɑ͂se	to think	
le mot	nm	mo	word	
le film	nm	film	film	
quatre	det,nmi	katʀ(ə)	four	
essayer	v	eseje	to try	
rentrer	v	ʀɑ͂tʀe	to go in, come in, come back, return	
le plan	adj,nm	plɑ͂, plan	plan	
travailler	v	tʀavaje	to work	
regarder	v	ʀ(ə)gaʀde	to look, watch	
parfois	adv	paʀfwa	sometimes	
la faute	nf	fot	mistake, error, fault	
le choix	nm(pl)	ʃwa	choice	
le bas	adv,nadj(pl),nm(pl)	bɑ	low; stockings	
heureux	nadj(pl)	øʀø, -øz	happy, lucky, fortunate	
facile	adj(f)	fasil	easy	
entendre	v	ɑ͂tɑ͂dʀ	to hear	
changer	v	ʃɑ͂ʒe	to change	
le lit	nm	li	bed	
entrer	v	ɑ͂tʀe	to enter, go in, come in	
le plaisir	nm	pleziʀ	pleasure	
ensuite	adv	ɑ͂sɥit	next, following	
propre	nadj(f)	pʀɔpʀ	clean, proper, own	
la route	nf	ʀut	road	
le tour, la tour	nm,nf	tuʀ	tower; turn; tour	
garder	v	gaʀde	to keep	
une année	nf	ane	year	
drôle	adj(f),nm	dʀol	funny, strange	
le service	nm	sɛʀvis	service	
rendre	v	ʀɑ͂dʀ	to render, return, yield, give up	
un agent, une agent	nm,nf	aʒɑ͂	agent	
le lieu	nm	ljø	the place	
devoir	nm,v	d(ə)vwaʀ	to have to, owe; duty	
le sujet	nm	syʒɛ	subject, topic	
difficile	nadj(f)	difisil	difficult	
le pire	nadj(f)	piʀ	worse, worst	
la sorte	nf	sɔʀt	sort, kind	
ceci	pro	səsi	this	
un état	nm	eta	state	
bizarre	nadj(f)	bizaʀ	strange, odd	
le chien	nm	ʃjɛ͂	dog	
perdre	v	pɛʀdʀ	to lose	
impossible	nadj(f)	ɛ͂pɔsibl	impossible	
tôt	adji,adv	to	early	
dès	prep	dɛ	from, as soon	
payer	v	peje	to pay	
le calme	nadj(f)	kalm	calm	
le café	nm	kafe	coffee, café	
le verre	nm	vɛʀ	glass, cup	
la ferme	adj(f),adv,nf	fɛʀm	farm; firm	
la photo	nf	fɔto	photo	
sûrement	adv	syʀmɑ͂	surely	
montrer	v	mɔ͂tʀe	to show	
le cœur	nm	kœʀ	heart	
le meurtre	nm	mœʀtʀ	murder	
un hôpital	nm	ɔpital, o	hospital	
la musique	nf	myzik	music	
un avis	nm(pl)	avi	opinion, mind	
sauf	adj,prep	sof	except; safe	
le courant	adj,nm	kuʀɑ͂	current	
le doute, la doute	nm	dut	doubt	
la seconde	det,nf	s(ə)gɔ͂d	second	
sérieux	nadj(pl)	seʀjø	serious	
le marché	nm	maʀʃe	market	
le gentil	nadj	ʒɑ͂ti, ij	nice, kind	
un haut	adv,nadj	ˊo	top, high	
le malade, la malade	nadj(f)	malad	ill, sick	
dîner	nm,v	dine	dinner; to dine	
un esprit	nm	ɛspʀi	mind, spirit	
le moyen	adj,nm	mwajɛ͂	means, way; medium	
le six	det,nmi	sis	six	
la salle	nf	sal	the room, the hall	
comprendre	v	kɔ͂pʀɑ͂dʀ	to understand	
sauver	v	sove	to rescue, save	
le cul	nm	ky	bum, arse, ass	
le seigneur	nm	sɛɲœʀ	lord	
le simple	nadj(f)	sɛ͂pl	simple	
le bras	nm(pl)	bʀa	arm	
le chéri	nadj	ʃeʀi	darling, love, dear	
partout	adv	paʀtu	everywhere	
le visage	nm	vizaʒ	face	
le chemin	nm	ʃ(ə)mɛ͂	path, way	
le retard	nm	ʀ(ə)taʀ	delay	
la soirée	nf	swaʀe	evening, party	
un écrit	nadj	ekʀi	writing	
le livre, la livre	nm,nf	livʀ	book	
la face	nf	fas	front, side, face	
boire	nm,v	bwaʀ	to drink	
le surtout	adv,nm	syʀtu	especially, above all	
le bois	nm(pl)	bwɑ	wood	
la joue	nf	ʒu	cheek	
le rapport	nm	ʀapɔʀ	relationship, report	
le message	nm	mesaʒ	message	
le pauvre	nadj(f)	povʀ	poor	
une erreur	nf	eʀœʀ	mistake, error	
sinon	conj	sinɔ͂	otherwise, or else	
un honneur	nm	ɔnœʀ	honor	
rencontrer	v	ʀɑ͂kɔ͂tʀe	to meet	
un an	nm	ɑ͂	year	
devenir	nm,v	dəv(ə)niʀ	to become	
souvent	adv	suvɑ͂	often	
revenir	v	ʀ(ə)vəniʀ, ʀəvniʀ	to come back	
messieurs	nmpl	mesjø	gentlemen	
le sort	nm	sɔʀ	fate, curse	
la pièce	nf	pjɛs	piece, part, component; room	
dormir	v	dɔʀmiʀ	to sleep	
la grave	adv,nadj(f),nm	gʀav	serious, grave	
commencer	v	kɔmɑ͂se	to begin, start	
le roi	nm	ʀwa	king	
le groupe	nm	gʀup	group	
la carte	nf	kaʀt	card, map	
un intérieur	nadj	ɛ͂teʀjœʀ	interior, inside	
le reçu	nm	ʀ(ə)sy	receipt, accepted	
le rêve	nm	ʀɛv	dream	
bonsoir	intj,nm	bɔ͂swaʀ	good evening	
le faux, la faux	adv,adj(pl),nm(pl),nf(pl)	fo	false; scythe	
le manque, la manque	nm	mɑ͂k	lack	
un appel	nm	apɛl	call	
le sac	nm	sak	bag, sack	
content	adj	kɔ͂tɑ͂	glad, pleased, happy	
cher	adj,adv	ʃɛʀ	expensive	
le président	nm	pʀezidɑ͂, ɑ͂t	president	
acheter	v	aʃ(ə)te	to buy	
le début	nm	deby	the beginning	
le secret	nadj	səkʀɛ	secret	
le maître	nm	mɛtʀ	master	
la venue	nf	v(ə)ny	coming	
le patron	nm	patʀɔ͂	boss	
la rue	nf	ʀy	street	
occuper	v	ɔkype	to occupy	
le âge	nm	ɑʒ	age	
le prix	nm(pl)	pʀi	price; prize	
gagner	v	gaɲe	to win, earn	
un effet	nm	efɛ	effect	
tirer	v	tiʀe	to pull, fire	
un avocat	nm	avɔka	lawyer	
la grâce	nf	gʀɑs	thanks, grace, favour	
la voix	nf(pl)	vwɑ	voice	
le général	nadj	ʒeneʀal	general	
le noir	nadj	nwaʀ	black	
long	adv,nadj	lɔ͂	long, lengthy	
apprendre	v	apʀɑ͂dʀ	to learn	
dix	det,nmi	dis,	ten	
un accident	nm	aksidɑ͂	accident	
probablement	adv	pʀɔbabləmɑ͂	probably	
le bout	nm	bu	bit, tip, end	
un ordre	nm	ɔʀdʀ	order	
incroyable	nadj(f)	ɛ͂kʀwajabl	incredible, unbelievable	
la scène	nf	sɛn	scene	
le voyage	nm	vwajaʒ	trip, journey	
retrouver	v	ʀ(ə)tʀuve	to find, recall	
la force	nf	fɔʀs	force	
simplement	adv	sɛ͂pləmɑ͂	simply	
ailleurs	adv	ajœʀ	elsewhere, somewhere else	
la situation	nf	sitɥasjɔ͂	situation	
protéger	v	pʀɔteʒe	to protect	
un hôtel	nm	ɔtɛl, otɛl	hotel	
utiliser	v	ytilize	to use	
la sœur	nf	sœʀ	sister	
le complètement	adv,nm	kɔ͂plɛtmɑ͂	completely	
le crime	nm	kʀim	crime	
le dos	nm(pl)	do	back	
un idiot	nadj	idjo, idjɔt	idiot, fool, stupid	
une armée	nf	aʀme	army	
la sale	nadj(f)	sal	dirty	
la liste	nf	list	list	
un anniversaire	nadj(f)	anivɛʀsɛʀ	anniversary, birthday	
un oncle	nm	ɔ͂kl	uncle	
la victime	nf	viktim	victim	
un arrêté	nadj	aʀete	decree, order	
la paix	nf(pl)	pɛ	peace	
battre	v	batʀ	to beat, hit	
absolument	adv	apsɔlymɑ͂	absolutely	
finir	v	finiʀ	to finish	
libre	adj(f)	libʀ	free	
un avion	nm	avjɔ͂	plane	
le rouge	nadj(f)	ʀuʒ	red	
retourner	v	ʀ(ə)tuʀne	to return, go back	
réussi	adj	ʀeysi	successful	
le bateau	nm	bato	boat, ship	
stupide	adj(f)	stypid	stupid, silly, bemused	
le médecin, la médecin	nm	medsɛ͂	physician, doctor	
la balle	nf	bal	ball, bullet	
la faim	nf	fɛ͂	hungry	
le contrôle	nm	kɔ͂tʀol	control	
la table	nf	tabl	table	
le fond	nm	fɔ͂	bottom	
le bordel	nm	bɔʀdɛl	brothel, mess, chaos	
une habitude	nf	abityd	habit	
une impression	nf	ɛ͂pʀesjɔ͂	impression	
la surprise	nf	syʀpʀiz	surprise	
porter	nm,v	pɔʀte	to wear, carry	
un autour	adv,nm	otuʀ	around	
la colère	nf	kɔlɛʀ	anger	
un or	conj,nm	ɔʀ	gold; hence, thus	
la ligne	nf	liɲ	line	
magnifique	adj(f)	maɲifik	magnificent	
le gauche, la gauche	nadj(f)	goʃ	left	
le clair	adv,nadj	klɛʀ	clear	
neuf	det,adj,nmi	nœf	nine; new	
le cadeau	nm	kado	present, gift	
le risque	nm	ʀisk	risk	
le système	nm	sistɛm	system	
un inspecteur	nm	ɛ͂spɛktœʀ, -tʀis	inspector	
hors	adv,prep	ˊɔʀ	except, outside	
le dedans, la dedans	adv,nm(pl),prep	d(ə)dɑ͂	inside, indoors	
expliquer	v	ɛksplike	to explain	
une espèce	nf	ɛspɛs	species	
la montre	nf	mɔ͂tʀ	watch	
le pied	nm	pje	foot	
le présent	nadj	pʀezɑ͂	present;&nbsp;gift	
plusieurs	det,adj,pro	plyzjœʀ	several	
marcher	v	maʀʃe	to walk	
la lumière	nf	lymjɛʀ	light	
la réponse	nf	ʀepɔ͂s	the answer,&nbsp;the&nbsp;response	
le coin	nm	kwɛ͂	corner	
suivre	v	sɥivʀ	to follow	
la moitié	nf	mwatje	half	
le club	nm	klœb	club	
pareil	nadj	paʀɛj	similar, likewise; peer, equal	
joli	adj	ʒɔli	pretty, attractive	
le camp	nm	kɑ͂	camp	
vouloir	nm,v	vulwaʀ	to want	
envoyer	v	ɑ͂vwaje	to send	
la mission	nf	misjɔ͂	mission	
le soleil	nm	sɔlɛj	sun	
selon	prep	s(ə)lɔ͂	according to	
un arrière	adji,adv,nm	aʀjɛʀ	back, rear	
lire	v	liʀ	to read; lira	
doucement	adv	dusmɑ͂	gently, softly	
tenir	v	t(ə)niʀ	to hold	
la sortie	nf	sɔʀti	the exit	
exact	adj	ɛgza(kt), ɛgzakt	exact, correct	
la recherche	nf	ʀ(ə)ʃɛʀʃ	research, search	
continuer	v	kɔ͂tinɥe	to continue	
poser	v	poze	to put, pose, ask	
le chaud	adv,nadj	ʃo	warm, hot	
la lettre	nf	lɛtʀ	letter	
le tueur	nm	tɥœʀ, -øz	killer, hit man	
une avance	nf	avɑ͂s	advance	
une arrivée	nf	aʀive	arrival	
le bar	nm	baʀ	bar	
quitter	v	kite	to leave	
connaître	v	kɔnɛtʀ	to know	
la loi	nf	lwa	law	
le gamin	nm	gamɛ͂, in	kid	
le professeur, la professeur	nm,nf	pʀɔfesœʀ	professor, teacher	
le froid	nadj	fʀwa	cold	
la forme	nf	fɔʀm	form	
normal	adj	nɔʀmal	normal	
le but	nm	by(t)	goal, aim, objective, purpose	
une offre	nf	ɔfʀ	offer	
le conseil	nm	kɔ͂sɛj	advice, counsel, council	
debout	adv	d(ə)bu	standing	
dangereux	adj(pl)	dɑ͂ʒʀø, -øz	dangerous	
tranquille	adj(f)	tʀɑ͂kil	quiet	
la boîte	nf	bwat	box	
le ciel	nm	sjɛl, sjø	sky	
la classe	nf	klɑs	class	
le danger	nm	dɑ͂ʒe	danger	
une enquête	nf	ɑ͂kɛt	inquiry, enquiry, investigation	
la télé	nf	tele	TV	
oublier	v	ublije	to forget	
la visite	nf	vizit	visit	
le juge, la juge	nm,nf	ʒyʒ	judge	
le poste, la poste	nm,nf	pɔst	post, position; post office	
une attaque	nf	atak	attack	
la touche	nf	tuʃ	button, key, touch, touchline	
la droite	nf	dʀwat	right	
triste	adj(f)	tʀist	sad	
aimer	v	eme	to like, love	
le vivant	nadj	vivɑ͂	alive, living	
coucher	nm,v	kuʃe	to lie down, sleep	
la tombe	nf	tɔ͂b	grave, tomb	
la preuve	nf	pʀœv	proof	
la dame	intj,nf	dam	lady	
le flic, la flic	nm,nf	flik, flikɛt	cop	
écouter	v	ekute	to listen to	
la cuisine	nf	kɥizin	cooking, kitchen	
la relation	nf	ʀ(ə)lasjɔ͂	relationship	
le dossier	nm	dosje	file, record; case	
sentir	v	sɑ͂tiʀ	to feel, smell	
le blanc	adj,nm	blɑ͂	white	
la chanson	nf	ʃɑ͂sɔ͂	song	
la gueule	nf	gœl	mouth, trap	
foutre	v,nm	futʀ	to f*ck, shove off	
la santé	nf	sɑ͂te	health	
déjeuner	nm,v	deʒœne	lunch; to have lunch	
pourtant	adv	puʀtɑ͂	yet, nonetheless, nevertheless	
le change	nm	ʃɑ͂ʒ	exchange	
le travers	nm(pl)	tʀavɛʀ	breadth, across; fault, amiss	
ouvrir	v	uvʀiʀ	to open	
la âme	nf	ɑm	soul	
voler	v	vɔle	to steal, rob; fly	
le centre	nm	sɑ͂tʀ	center	
chacun	pro	ʃakœ͂, ʃakyn	each	
le lieutenant	nm	ljøt(ə)nɑ͂	lieutenant	
le certain	adj,det,nm,pro	sɛʀtɛ͂, ɛn	certain, sure	
la compagnie	nf	kɔ͂paɲi	company	
la clé	nf	kle	key	
la manière	nf	manjɛʀ	manner, way	
différent	adj	difeʀɑ͂, ɑ͂t	different	
le bord	nm	bɔʀ	edge, side	
la décision	nf	desizjɔ͂	decision	
vendre	v	vɑ͂dʀ	to sell	
un enfer	nm	ɑ͂fɛʀ	hell	
le diable	intj,nm	djɑbl	devil	
un appartement	nm	apaʀtəmɑ͂	appartment, flat	
étrange	nadj(f)	etʀɑ͂ʒ	strange, odd	
monter	v	mɔ͂te	to go up, rise, assemble	
le signe	nm	siɲ	sign	
la bouche	nf	buʃ	mouth	
écrire	v	ekʀiʀ	to write	
le cheval	nm	ʃ(ə)val, o	horse	
le responsable, la responsable	nadj(f)	ʀɛspɔ͂sabl	responsible	
le coupable, la coupable	nadj(f)	kupabl	guilty	
une honte	nf	ˊɔ͂t	shame	
emmener	v	ɑ͂m(ə)ne	to take (a person, from a place)	
le soin	nm	swɛ͂	care	
le milieu	nm	miljø	middle	
le prochain	nadj	pʀɔʃɛ͂	next	
rire	nm,v	ʀiʀ	to laugh	
le cerveau	nm	sɛʀvo	brain	
la voie	nf	vwa	road, lane, route, track, way	
un amoureux	nadj(pl)	amuʀø, -øz	in love, amorous	
le silence	nm	silɑ͂s	silence	
la drogue	nf	dʀɔg	drug	
la blague	nf	blag	joke	
le trou	nm	tʀu	hole	
un intérêt	nm	ɛ͂teʀɛ	interest	
tel	adj,det,pro	tɛl	such	
le public	nadj	pyblik	public, audience	
la réunion	nf	ʀeynjɔ͂	meeting	
capable	adj(f)	kapabl	able, capable	
le client	nm	klijɑ͂, jɑ͂t	client	
une époque	nf	epɔk	era, period	
la prise	nf	pʀiz	grip, hold, seizure, catch	
une adresse	nf	adʀɛs	address	
cacher	v	kaʃe	to hide	
le combat	nm	kɔ͂ba	fight, combat	
la peau	nf	po	skin	
le blessé	nadj	blese	injured	
la robe	nf	ʀɔb	dress	
la fiche	nf	fiʃ	card, sheet, slip, form	
la bière	nf	bjɛʀ	beer; coffin	
le colonel	nm	kɔlɔnɛl	colonel	
lequel	pro	ləkɛl, lakɛl, lekɛl	who, whom, which	
le don	nm	dɔ͂	gift, talent	
le journal	nm	ʒuʀnal, o	newspaper, paper	
la société	nf	sɔsjete	society	
sept	det,nmi	sɛt	seven	
le contact	nm	kɔ͂takt	contact	
la base	nf	bɑz	base	
le vin	nm	vɛ͂	wine	
servir	v	sɛʀviʀ	to serve	
un exemple	nm	ɛgzɑ͂pl	example	
jeter	v	ʒ(ə)te	to throw	
la mer	nf	mɛʀ	sea	
le tort	nm	tɔʀ	wrong	
ouvert	adj	uvɛʀ, ɛʀt	open	
récupérer	v	ʀekypeʀe	to get back, recover, recuperate	
le dommage	nm	dɔmaʒ	damage, harm; too bad	
le gouvernement	nm	guvɛʀnəmɑ͂	government	
le vol	nm	vɔl	flight, theft	
le nez	nm(pl)	ne	nose	
un héros	nm(pl)	ˊeʀo, eʀɔin	hero	
horrible	adj(f)	ɔʀibl	horrible, terrible, dreadful, hideous	
prévu	nadj	pʀevwaʀ	planned, expected	
une enceinte	adjf,nf	ɑ͂sɛ͂t	pregnant; enclosure	
le secours	nm(pl)	s(ə)kuʀ	help, aid, assistance	
une entrée	nf	ɑ͂tʀe	entrance	
une opération	nf	ɔpeʀasjɔ͂	operation	
le témoin	nm	temwɛ͂	witness	
environ	adv,prep,nm	ɑ͂viʀɔ͂	about, thereabouts, or so	
répondre	v	ʀepɔ͂dʀ	to answer	
le départ	nm	depaʀ	departure	
la danse	nf	dɑ͂s	dance, dancing	
vérifier	v	veʀifje	to check, verify	
la lune	nf	lyn	moon	
le sexe	nm	sɛks	sex	
la justice	nf	ʒystis	justice	
terrible	adj(f)	teʀibl	terrible, dreadful	
le peuple	nm	pœpl	people	
le bruit	nm	bʀɥi	noise	
le commandant	nadj	kɔmɑ͂dɑ͂, ɑ͂t	commander	
intéressant	adj	ɛ͂teʀesɑ͂, ɑ͂t	interesting	
le lycée	nm	lise	high school	
ramener	v	ʀamne	to bring back, return, take back	
la mise	nf	mi	putting, placing	
le radio, la radio	adji,nm,nf	ʀadjo	radio	
inutile	nadj(f)	inytil	useless	
une excuse	nf	ɛkskyz	excuse, apology	
le tas	nm(pl)	tɑ	pile, lots of	
la banque	nf	bɑ͂k	bank	
apparemment	adv	apaʀamɑ͂	apparently	
baiser	nm,v	beze	to kiss	
la bête	nadj(f)	bɛt	animal, beast; stupid	
ridicule	nadj(f)	ʀidikyl	ridiculous, silly	
un avenir	nm	av(ə)niʀ	future	
le thé	nm	te	tea	
la bande	nf	bɑ͂d	band, strip	
le œil	nm	œj, jø	eye	
plupart		plypaʀ	most, the majority	
le procès	nm(pl)	pʀɔsɛ	trial, proceedings	
le bravo	intj,nm	bʀavo	bravo, well done	
la position	nf	pozisjɔ͂	position	
sérieusement	adv	seʀjøzmɑ͂	seriously	
la pitié	nf	pitje	pity, mercy	
un humain	nadj	ymɛ͂	human	
une approche	nf	apʀɔʃ	approach	
la liberté	nf	libɛʀte	liberty, freedom	
le revenu	nm	ʀ(ə)vəny, ʀəvny	income	
un anglais	nadj(pl)	ɑ͂glɛ	English	
la nourriture	nf	nuʀityʀ	food	
le nord	adji,nm	nɔʀ	north	
le deuxième, la deuxième	det,nm,nf	døzjɛm	second	
le vaisseau	nm	vɛso	ship, vessel	
éviter	v	evite	to avoid	
la cour	nf	kuʀ	yard, court	
le rôle	nm	ʀol	role	
une expérience	nf	ɛkspeʀjɑ͂s	experience	
le match	nm	matʃ	match, game	
empêcher	v	ɑ͂peʃe	to prevent	
le directeur	nadj		director	
le mur	nm	myʀ	wall	
conduire	v	kɔ͂dɥiʀ	to lead, drive	
la défense	nf	defɑ͂s	defense	
la tante	nf	tɑ͂t	aunt	
marier	v	maʀje	to marry	
le vide	nadj(f)	vid	empty	
spécial	adj	spesjal, jo	special	
le sud	adji,nm	syd	south	
censé	adj	sɑ͂se	supposed	
une église	nf	egliz	church	
merveilleux	adj(pl)	mɛʀvɛjø	marvellous, wonderful	
huit	det,nmi	ˊɥit	eight	
le sol	nm	sɔl	floor, ground	
excuser	v	ɛkskyze	to excuse	
le personnel	nadj	pɛʀsɔnɛl	personnel, personal	
hum	intj	ˊœm	um, uh	
la bombe	nf	bɔ͂b	bomb	
le code	nm	kɔd	code	
le niveau	nm	nivo	level	
la fenêtre	nf	f(ə)nɛtʀ	window	
le magasin	nm	magazɛ͂	store	
asseoir	v	aswaʀ	to sit	
la vidéo	adji,nf	video	video	
obtenir	v	ɔptəniʀ	to get, obtain	
la reine	nf	ʀɛn	queen	
un espoir	nm	ɛspwaʀ	hope	
certainement	adv	sɛʀtɛnmɑ͂	certainly	
la glace	nf	glas	ice, ice cream; mirror	
mien	nadj,pro	mjɛ͂, mjɛn	mine	
la presse	nf	pʀɛs	press	
souvenir	nm,v	suv(ə)niʀ	memory; to remember	
le terrain	nm	teʀɛ͂	ground, terrain	
danser	v	dɑ͂se	to dance	
le quartier	nm	kaʀtje	district, quarter	
lorsque	conj	lɔʀsk(ə)	when	
la douleur	nf	dulœʀ	pain	
le rose, la rose	nadj(f),nf	ʀoz	rose; pink	
la zone	nf	zon	zone, area	
le spectacle	nm	spɛktakl	the sight,&nbsp;the&nbsp;show	
le proche, la proche	adv,nadj(f),prep	pʀɔʃ	nearby, close	
présenter	v	pʀezɑ͂te	to present	
honnête	adj(f)	ɔnɛt	honest, decent, fair	
le rapide	nadj(f)	ʀapid	fast, quick	
le camion	nm	kamjɔ͂	truck	
le village	nm	vilaʒ	village	
une importance	nf	ɛ͂pɔʀtɑ͂s	importance	
nul	adj,det,pro	nyl	nil, null	
le mérite	nm	meʀit	merit	
assurer	v	asyʀe	to assure, insure	
fier	adj,v	fje	to rely on; proud	
prouver	v	pʀuve	to prove	
une occasion	nf	ɔkazjɔ͂	chance, opportunity	
le projet	nm	pʀɔʒɛ	project	
la rencontre	nm	ʀɑ͂kɔ͂tʀ	meeting	
la machine	nf	maʃin	machine	
la parole	nf	paʀɔl	word	
le gosse, la gosse	nm,nf	gɔs	kid	
un officier, une officier	nm,nf,v	ɔfisje	officer; officiate	
discuter	v	diskyte	to discuss, debate; to question	
remettre	v	ʀ(ə)mɛtʀ	to deliver, replace, set, put	
le copain	nm	kɔpɛ͂, kɔpin	friend, buddy, mate	
le respect	nm	ʀɛspɛ	respect	
épouser	v	epuze	to marry, wed	
la réalité	nf	ʀealite	reality	
le portable	adj(f),nm	pɔʀtabl	portable, wearable; cell phone	
choisir	v	ʃwaziʀ	to choose	
le programme	nm	pʀɔgʀam	program	
rappeler	v	ʀap(ə)le	to recall, call back	
la planète	nf	planɛt	planet	
offrir	v	ɔfʀiʀ	to offer	
la pression	nf	pʀɛsjɔ͂	pressure	
découvrir	v	dekuvʀiʀ	to discover	
le court	adj,adv,nm	kuʀ	short	
le bain	nm	bɛ͂	bath, bathing	
détruire	v	detʀɥiʀ	to destroy	
chanter	v	ʃɑ͂te	to sing	
la mademoiselle	nf	mad(ə)mwazɛl, med(ə)mwazɛl	Miss	
la charge	nf	ʃaʀʒ	to charge, load	
énorme	adj(f)	enɔʀm	enormous	
la nature	nf	natyʀ	nature	
le monstre	nadj(f)	mɔ͂stʀ	monster	
riche	nadj(f)	ʀiʃ	rich	
la solution	nf	sɔlysjɔ͂	solution	
un envers	nm(pl),prep	ɑ͂vɛʀ	towards	
réfléchir	v	ʀefleʃiʀ	to reflect	
la pierre	nf	pjɛʀ	stone	
le test	nm	tɛst	test	
enlever	v	ɑ͂lve	to remove &nbsp;&nbsp;	
sauter	v	sote	to jump	
préparer	v	pʀepaʀe	to prepare	
le nécessaire	nadj(f)	nesesɛʀ	necessary, required	
le patient	nadj	pasjɑ͂, jɑ͂t	patient	
finalement	adv	finalmɑ͂	finally, eventually	
immédiatement	adv	imedjatmɑ͂	immediately	
arranger	v	aʀɑ͂ʒe	to arrange	
toucher	nm,v	tuʃe	to touch	
le bus, la bus	nm(pl)	bys	bus	
un ennemi	nadj	en(ə)mi	enemy	
un invité	nm	ɛ͂vite	guest	
le suspect	nadj	syspɛ, ɛkt	suspicious, suspect	
le couteau	nm	kuto	knife	
durant	prep	dyʀɑ͂	during, for	
ancien	adj,nm	ɑ͂sjɛ͂	ancient; former	
le vent	nm	vɑ͂	wind	
le futur	nadj	fytyʀ	future	
tourner	v	tuʀne	to turn	
le repas	nm(pl)	ʀ(ə)pɑ	meal	
un espace, une espace	nm,nf	ɛspas	space	
la taille	nf	tɑj	the size, the height	
la politique	nadj(f)	pɔlitik	politics; political	
le papier	nm	papje	paper	
accepter	v	aksɛpte	to accept	
une université	nf	ynivɛʀsite	university	
descendre	v	desɑ͂dʀ	to go down, come down	
la conversation	nf	kɔ͂vɛʀsasjɔ͂	conversation	
le contrat	nm	kɔ͂tʀa	contract	
le chat	nm	ʃa	cat; chat	
la beauté	nf	bote	beauty	
le double	nadj(f)	dubl	double	
excellent	adj	ɛkselɑ͂, ɑ͂t	excellent	
un ordinateur	nadj	ɔʀdinatœʀ	computer	
la course	nf	kuʀs	race, shopping	
la carrière	nf	kaʀjɛʀ	career	
le mille	det,nm,nmi	mil	a thousand	
le bonheur	nm	bɔnœʀ	happiness	
le mémoire, la mémoire	nm,nf	memwaʀ	memory	
le permis	nm(pl)	pɛʀmi	license, permit, permitted	
le contraire	nadj(f)	kɔ͂tʀɛʀ	opposite, contrary	
une énergie	nf	enɛʀʒi	energy	
une urgence	nf	yʀʒɑ͂s	emergency	
le taxi	nm	taksi	taxi	
joyeux	nadj(pl)	ʒwajø, -jøz	merry, joyful, happy	
parmi	prep	paʀmi	among	
le courage	nm	kuʀaʒ	courage	
la différence	nf	difeʀɑ͂s	difference	
le couple, la couple	nm,nf	kupl	couple	
le prince	nm	pʀɛ͂s, pʀɛ͂sɛs	prince	
la crise	nf	kʀiz	crisis	
la série	nf	seʀi	series	
la piste	nf	pist	track, trail	
puisque	conj	pɥisk(ə)	since	
une action	nf	aksjɔ͂	action	
la coupe	nf	kup	bowl, dish, cut	
la maladie	nf	maladi	illness, disease	
la cible	nf	sibl	target	
le restaurant	nm	ʀɛstɔʀɑ͂	restaurant	
le fil	nm	fil	thread, wire	
un alcool	nm	alkɔl	alcohol	
la caméra	nf	kameʀa	camera	
lors	adv	lɔʀ	at the time of	
un accès	nm(pl)	aksɛ	access	
pleurer	v	plœʀe	to cry	
totalement	adv	tɔtalmɑ͂	totally	
remercier	v	ʀ(ə)mɛʀsje	to thank	
un entier	nadj	ɑ͂tje	whole, full	
la couleur	nf	kulœʀ	color	
la île	nf	il	island	
fermer	v	fɛʀme	to close, shut	
le soldat	nm	sɔlda	soldier	
un étage	nm	etaʒ	floor, level	
amuser	v	amyze	to amuse	
régler	v	ʀegle	to pay, adjust, settle	
le frais	adj(pl),nm(pl)	fʀɛ	cool, fresh; fee, expense	
une image	nf	imaʒ	picture, image	
la langue	nf	lɑ͂g	language, tongue	
le suivi	nadj	sɥivi	follow-up; consistent, continuous	
la direction	nf	diʀɛksjɔ͂	direction, management	
mentir	v	mɑ͂tiʀ	to lie	
le salaud	nadj	salo	bastard__	
sacré	nadj	sakʀe	sacred	
le troisième, la troisième	det,nm,nf	tʀwɑzjɛm	third	
le poisson	nm	pwasɔ͂	fish	
frapper	v	fʀape	to hit, strike, knock	
courir	v	kuʀiʀ	to run	
bouger	v	buʒe	to move, shift, budge	
rejoindre	v	ʀ(ə)ʒwɛ͂dʀ	to rejoin, reunite	
le bleu	adj,nm	blø	blue	
un américain	nadj	ameʀikɛ͂	American	
superbe	nadj(f)	sypɛʀb	superb, magnificient, handsome, gorgeous	
le destin	nm	dɛstɛ͂	fate, destiny	
le mark	nm	maʀk	mark	
le faible	nadj(f)	fɛbl	weak	
le lait	nm	lɛ	milk	
un adieu	intj,nm	adjø	goodbye, farewell, adieu	
le pont	nm	pɔ͂	bridge	
le costume	nm	kɔstym	suit, costume, dress	
le procureur	nm	pʀɔkyʀœʀ, pʀɔkyʀatʀis	prosecutor	
attraper	v	atʀape	to catch, get, pick up	
la princesse	nf	pʀɛ͂s, pʀɛ͂sɛs	princess	
le partenaire, la partenaire	nm,nf	paʀtənɛʀ	partner	
un arrêt	nm	aʀɛ	stop	
le goût	nm	gu	taste	
sourire	nm,v	suʀiʀ	smile, to smile	
la bouteille	nf	butɛj	bottle	
une intention	nf	ɛ͂tɑ͂sjɔ͂	intention	
formidable	adj(f)	fɔʀmidabl	tremendous, considerable	
moindre	adj(f)	mwɛ͂dʀ	lesser, least, slightest	
unique	adj(f)	ynik	unique	
le tribunal	nm	tʀibynal, o	court	
le français	nadj(pl)	fʀɑ͂sɛ	French	
la foi	nf	fwa	faith	
un art	nm	aʀ	art	
évidemment	adv	evidamɑ͂	obviously	
la date	nf	dat	date	
la chasse	nf	ʃas	chase, hunt, hunting	
amener	v	am(ə)ne	to bring someone (to a place)	
un os	nm(pl)	ɔs, o	bone	
afin		afɛ͂	in order to, so that	
le gâteau	nadj	gɑto	cake	
le cou	nm	ku	neck	
couper	v	kupe	to cut	
ha	intj	ɛktaʀ	oh	
chier	v	ʃje	to sh*t, piss off, get pissed off	
la pause	nf	poz	break, pause	
utile	adj(f)	ytil	useful	
la jambe	nf	ʒɑ͂b	leg	
le bref	adj,adv,nm	bʀɛf	brief	
intelligent	adj	ɛ͂teliʒɑ͂, ʒɑ͂t	intelligent, clever, bright	
le morceau	nm	mɔʀso	piece, bit_	
obligé	nadj	ɔbliʒe	necessary, required	
la présence	nf	pʀezɑ͂s	presence	
le signal	nm	siɲal, o	signal	
raconter	v	ʀakɔ͂te	to tell	
une identité	nf	idɑ͂tite	identity	
vendu	nadj	vɑ͂dy	sold, bribed	
privé	nadj	pʀive	private	
une entreprise	nf	ɑ͂tʀəpʀiz	enterprise, business	
justement	adv	ʒystəmɑ͂	exactly, rightly, precisely	
le cinéma	nm	sinema	cinema	
le discours	nm(pl)	diskuʀ	speech, talk, discourse	
rapidement	adv	ʀapidmɑ͂	quickly, rapidly	
le méchant	nadj	meʃɑ͂, ɑ͂t	nasty, wicked, mean	
la campagne	nf	kɑ͂paɲ	countryside	
le regard	nm	ʀ(ə)gaʀ	look, glance	
le lien	nm	ljɛ͂	link, bond	
un appareil	nm	apaʀɛj	apparatus, device	
un ange	nm	ɑ͂ʒ	angel	
le joie, la joie	nf	ʒwa	joy	
compter	v	kɔ͂te	to count	
malgré	prep	malgʀe	despite, in spite of	
reprendre	v	ʀ(ə)pʀɑ͂dʀ	to resume, recover, start again, take back	
le nombre	nm	nɔ͂bʀ	number	
la star	nf	staʀ	star	
le chapeau	nm	ʃapo	hat	
décider	v	deside	to decide	
la menace	nf	mənas	threat	
agir	v	aʒiʀ	to act	
le produit	nm	pʀɔdɥi	product	
le vendredi	nm	vɑ͂dʀədi	Friday	
malheureusement	adv	maløʀøzmɑ͂	unfortunately	
une odeur	nf	ɔdœʀ	smell, odor	
mince	adj(f),intj	mɛ͂s	thin, slim, slender	
fermé	adj	fɛʀme	shut, closed, locked	
une aise	nadj(f)	ɛz	comfort, joy, pleasure, ease	
la saison	nf	sɛzɔ͂	season	
le succès	nm(pl)	syksɛ	success	
gérer	v	ʒeʀe	to manage	
le pain	nm	pɛ͂	bread	
la règle	nf	ʀɛgl	rule	
million	nm	miljɔ͂	million	
parfaitement	adv	paʀfɛtmɑ͂	perfectly	
le malin	nadj	malɛ͂, maliɲ	smart, shrewd, cunning	
la majesté	nf	maʒɛste	majesty	
le toit	nm	twa	roof	
la faveur	nf	favœʀ	favor	
doux	adv,nadj(pl)	du	soft, sweet	
le coffre	nm	kɔfʀ	trunk, boot, chest	
la couverture	nf	kuvɛʀtyʀ	blanket	
un arbre	nm	aʀbʀ	tree	
réparer	v	ʀepaʀe	to repair, fix, correct, make up	
un article	nm	aʀtikl	article	
lever	v	l(ə)ve	to lift, raise	
une unité	nf	ynite	unity; unit	
un échange	nm	eʃɑ͂ʒ	exchange	
surpris	adj(pl)	syʀpʀi	surprised, amazed	
le parc	nm	paʀk	park	
apporter	v	apɔʀte	to bring_	
imaginer	v	imaʒine	to imagine	
le jardin	nm	ʒaʀdɛ͂	garden	
falloir	v	falwaʀ	to take, require, need	
partager	v	paʀtaʒe	to share	
la plage	nf	plaʒ	beach	
échapper	v	eʃape	to escape	
la valeur	nf	valœʀ	value, worth	
également	adv	egalmɑ͂	too, as well, equally	
la folie	nf	fɔli	madness, folly, insanity	
le ministre, la ministre	nm,nf	ministʀ	minister	
le samedi	nm	samdi	Saturday	
le mode, la mode	nm,nf	mɔd	mode, way, fashion	
le maire, la maire	nm	mɛʀ	mayor	
un extérieur	nadj	ɛksteʀjœʀ	exterior	
le génie	nm	ʒeni	genius	
inquiéter	v	ɛ͂kjete	to worry, disturb	
recevoir	v	ʀəs(ə)vwaʀ, ʀ(ə)səvwaʀ	to receive	
un hasard	nm	ˊazaʀ	chance, luck	
un ouest	adji,nm	wɛst	west	
le membre	nm	mɑ͂bʀ	member	
le réel	nadj	ʀeɛl	real	
le poids	nm(pl)	pwɑ	weight	
prévenir	v	pʀev(ə)niʀ	to prevent, warn; to notify	
la poche	nf	pɔʃ	pocket	
la vitesse	nf	vitɛs	speed	
la frappe	nf	fʀap	strike, striking, stamp, impression, punch	
fantastique	nadj(f)	fɑ͂tastik	fantastic, terrific, great, weird, eerie	
le fantôme	nm	fɑ͂tom	ghost, phantom	
la viande	nf	vjɑ͂d	meat	
le poulet	nm	pulɛ	chicken	
le page, la page	nm,nf	paʒ	page	
le trésor	nm	tʀezɔʀ	treasure, treasury	
la file	nf	fil	line, queue	
abandonner	v	abɑ͂dɔne	to give up, abandon	
embrasser	v	ɑ͂bʀase	to kiss, embrace	
le dimanche	nm	dimɑ͂ʃ	Sunday	
le passage	nm	pɑsaʒ	passage, way	
la naissance	nf	nɛsɑ͂s	birth	
amusant	nadj	amyzɑ͂, ɑ͂t	funny, amusing, entertaining	
le cent	det,nm	sɑ͂	one hundred, cent	
la retraite	nf	ʀ(ə)tʀɛt	retirement, pension	
un étranger	nadj	etʀɑ͂ʒe, -ɛʀ	foreigner; foreign	
le paradis	nm(pl)	paʀadi	paradise, heaven	
directement	adv	diʀɛktəmɑ͂	directly	
le champ	nm	ʃɑ͂	field, realm	
débarrasser	v	debaʀɑse	to clear, get rid of	
manquer	v	mɑ͂ke	to miss	
le doigt	nm	dwa	finger	
agréable	nadj(f)	agʀeabl	pleasant, nice, agreeable	
le changement	nm	ʃɑ͂ʒmɑ͂	change	
un univers	nm(pl)	ynivɛʀ	universe	
le piège	nm	pjɛʒ	trap	
la marque	nf	maʀk	brand, mark	
la perte	nf	pɛʀt	the loss	
créer	v	kʀee	to create	
nettoyer	v	netwaje	to clean	
la note	nf	nɔt	note, grade	
un animal	nadj	animal, o	animal	
franchement	adv	fʀɑ͂ʃmɑ͂	frankly	
le bâtiment	nm	bɑtimɑ͂	building	
le cancer	nm	kɑ͂sɛʀ	cancer	
heureusement	adv	øʀøzmɑ͂	fortunately, luckily	
compliqué	nadj	kɔ͂plike	complicated, complex	
la source	nf	suʀs	source, spring	
la connaissance	nf	kɔnɛsɑ͂s	knowledge	
une émission	nf	emisjɔ͂	transmission, broadcasting, programme	
le mensonge	nm	mɑ͂sɔ͂ʒ	the lie	
joindre	v	ʒwɛ͂dʀ	to join	
convaincre	v	kɔ͂vɛ͂kʀ	to convince	
nerveux	nadj(pl)	nɛʀvø, -øz	nervous, irritable	
le pantalon	nm	pɑ͂talɔ͂	trousers, pants	
vôtre	nadj(f)	votʀ	yours	
la bataille	nf	bataj	battle	
la conscience	nf	kɔ͂sjɑ͂s	conscience, consciousness	
le sentiment	nm	sɑ͂timɑ͂	the feel	
le salon	nm	salɔ͂	lounge, living room	
le traitement	nm	tʀɛtmɑ͂	treatment, salary, wage	
la volonté	nf	vɔlɔ͂te	will	
un interdit	nadj	ɛ͂tɛʀdi	prohibited, banned	
direct	nadj	diʀɛkt	direct	
le cousin	nm	kuzɛ͂, in	cousin	
le souci	nm	susi	worry, concern	
la lance	nf	lɑ͂s	lance	
signer	v	siɲe	to sign	
contrôler	v	kɔ͂tʀole	to control, check, inspect, monitor	
reposer	v	ʀ(ə)poze	to rest	
le gaz	nm(pl)	gɑz	gas	
la victoire	nf	viktwaʀ	victory	
la trace	nf	tʀas	trace, mark, track	
une information	nf	ɛ͂fɔʀmasjɔ͂	information	
la queue	nf	kø	tail, handle, stalk, stem, rear	
désormais	adv	dezɔʀmɛ	from now on, henceforth, now	
un acte	nm	akt	act	
le paquet	nm	pakɛ	packet	
le semblant	nm	sɑ͂blɑ͂	semblance, pretence	
le style	nm	stil	style	
un aéroport	nm	aeʀopɔʀ	airport	
supporter	nm,v	sypɔʀte	to support, endure	
le chinois	nadj(pl)	ʃinwa	Chinese	
innocent	nadj	inɔsɑ͂, ɑ͂t	innocent	
autrement	adv	otʀəmɑ͂	differently, something else, otherwise	
le suicide	nm	sɥisid	suicide	
lancer	nm,v	lɑ͂se	to launch	
la théorie	nf	teɔʀi	theory	
un immeuble	nadj(f)	imœbl	building	
le métier	nm	metje	job, occupation, trade	
un aveugle, une aveugle	nadj(f)	avœgl	blind	
la leçon	nf	l(ə)sɔ͂	lesson	
le militaire	nadj(f)	militɛʀ	military	
la protection	nf	pʀɔtɛksjɔ͂	protection	
le propriétaire, la propriétaire	nm,nf	pʀɔpʀijetɛʀ	owner	
le mandat	nm	mɑ͂da	term, mandate	
la surveillance	nf	syʀvɛjɑ͂s	surveillance, monitoring	
le pilote, la pilote	nm,nf	pilɔt	pilot, experimental	
fuir	v	fɥiʀ	to flee	
un oiseau	nm	wazo	bird	
retirer	v	ʀ(ə)tiʀe	to remove, withdraw	
récemment	adv	ʀesamɑ͂	recently	
un assassin	nadj	asasɛ͂	murderer, assassin	
célèbre	adj(f)	selɛbʀ	famous	
défendre	v	defɑ͂dʀ	to defend, forbid	
le vert	nadj	vɛʀ	green	
une assurance	nf	asyʀɑ͂s	insurance, confidence	
charmant	adj	ʃaʀmɑ͂, ɑ͂t	charming	
la chemise	nf	ʃ(ə)miz	shirt, folder	
le ventre	nm	vɑ͂tʀ	belly, stomach	
le sport	adji,nm	spɔʀ	sport	
un est	nmi	ɛst	east	
commun	nadj	kɔmœ͂	common	
atteindre	v	atɛ͂dʀ	to reach, to attain	
virer	v	viʀe	to turn, change, transfer, kick out	
la pluie	nf	plɥi	rain	
le talent	nm	talɑ͂	talent	
le jury	nm	ʒyʀi	jury, board of examiners	
la commande	nf	kɔmɑ͂d	order, control	
la tente	nf	tɑ͂t	tent	
la couche	nf	kuʃ	layer, coat	
le voleur	nadj	vɔlœʀ, -øz	thief, light-fingered	
le chocolat	adji,nm	ʃɔkɔla	chocolate	
réveiller	v	ʀeveje	to wake up	
la souris	nf(pl)	suʀi	mouse	
accusé	nadj	akyze	defendant	
le terme	nm	tɛʀm	term, deadline	
un emploi	nm	ɑ͂plwa	employment, work, use	
un ombre, une ombre	nm,nf	ɔ͂bʀ	shade, shadow	
le repos	nm(pl)	ʀ(ə)po	rest	
blesser	v	blese	to hurt	
la neige	nf	nɛʒ	snow	
le lundi	nm	lœ͂di	Monday	
le théâtre	nm	teɑtʀ	theater	
permettre	v	pɛʀmɛtʀ	to allow	
le policier	nadj	pɔlisje	policeman	
surveiller	v	syʀveje	to watch	
le saint	nadj	sɛ͂, sɛ͂t	saint, holy	
la chaise	nf	ʃɛz	chair	
réfléchi	adj	ʀefleʃi	thoughtful, well thought out	
le site	nm	sit	site	
une hâte	nf	ˊɑt	haste, impatience	
le zéro	nm	zeʀo	zero	
facilement	adv	fasilmɑ͂	easily	
un épisode	nm	epizɔd	episode	
le siège	nm	sjɛʒ	seat, bench	
la traduction	nf	tʀadyksjɔ͂	translation	
la montagne	nf	mɔ͂taɲ	mountain	
la gorge	nf	gɔʀʒ	throat	
le sommeil	nm	sɔmɛj	sleep, sleepiness	
la rivière	nf	ʀivjɛʀ	river	
le miracle	nm	miʀɑkl	miracle	
le titre	nm	titʀ	title	
le second	adj,det,nm	s(ə)gɔ͂	second	
la cellule	nf	selyl	cell	
le mouvement	nm	muvmɑ͂	movement	
la mine	nf	min	mine; appearance, look	
clairement	adv	klɛʀmɑ͂	clearly	
le choc	nm	ʃɔk	shock, clash	
la fortune	nf	fɔʀtyn	fortune	
le divorce	nm	divɔʀs	divorce	
un ours	adji,nm(pl)	uʀs	bear	
exploser	v	ɛksploze	to explode, blow up	
évident	adj	evidɑ͂, ɑ͂t	obvious	
le minuit	nm	minɥi	midnight	
un examen	nm	ɛgzamɛ͂	exam	
respirer	v	ʀɛspiʀe	to breath	
le tableau	nm	tablo	frame, picture, painting, panel	
le plat	adj,nm	pla	dish, flat	
le meurtrier	nadj	mœʀtʀije, -ijɛʀ	murderer, deadly, lethal	
survivre	v	syʀvivʀ	to survive	
auprès	adv	opʀɛ	nearby, close to	
le principal	nadj	pʀɛ͂sipal, o	principal	
la forêt	nf	fɔʀɛ	forest	
la violence	nf	vjɔlɑ͂s	violence	
une amitié	nf	amitje	friendship	
la blessure	nf	blesyʀ	injury, wound	
la distance	nf	distɑ͂s	distance	
une humeur	nf	ymœʀ	mood, temper	
le modèle	nm	mɔdɛl	model	
le démon	nm	demɔ͂	demon, fiend	
la puissance	nf	pɥisɑ͂s	power	
casser	v	kɑse	to break	
le romantique, la romantique	nadj(f)	ʀɔmɑ͂tik	romantic	
la responsabilité	nf	ʀɛspɔ͂sabilite	responsibility	
le crédit	nm	kʀedi	credit	
crier	v	kʀije	to shout, scream, cry out	
le concert	nm	kɔ͂sɛʀ	concert	
pousser	v	puse	to push	
le tir	nm	tiʀ	fire, shot, launch	
la fuite	nf	fɥit	the escape_	
la gare	intj,nf	gaʀ	station, railway station; beware	
le midi	nm	midi	noon	
la permission	nf	pɛʀmisjɔ͂	permission, leave	
le dessous	adv,nm(pl),prep	d(ə)su	underneath, below, bottom, underside	
une explosion	nf	ɛksplozjɔ͂	explosion	
une annonce	nf	anɔ͂s	announcement	
le secrétaire, la secrétaire	nm,nf	s(ə)kʀetɛʀ	secretary	
le chauffeur	nm	ʃofœʀ	driver, chauffeur	
une oreille	nf	ɔʀɛj	ear	
attaquer	v	atake	to attack	
le cabinet	nm	kabinɛ	cabinet, agency, office	
une usine	nf	yzin	factory	
nombreux	adj(pl)	nɔ͂bʀø, -øz	numerous	
la vache	adj(f),nf	vaʃ	cow	
prudent	adj	pʀydɑ͂, ɑ͂t	prudent, careful, cautious	
la station	nf	stasjɔ͂	station	
la vente	nf	vɑ͂t	sale	
la logique	nadj(f)	lɔʒik	logic, logical	
le sage, la sage	nadj(f)	saʒ	wise, good, sound, sensible	
le souffle	nm	sufl	breath, puff	
la rentrée	nf	ʀɑ͂tʀe	reopening, return, start	
le liquide	nadj(f)	likid	liquid	
libérer	v	libeʀe	to free, liberate, release	
la mesure	nf	m(ə)zyʀ	measure	
le garage	nm	gaʀaʒ	garage	
la vision	nf	vizjɔ͂	vision, view	
le château	nm	ʃɑto	castle	
le physique, la physique	nadj(f)	fizik	physical, physics	
une alerte	adj(f),nf	alɛʀt	agile, alert, warning	
le moteur	nadj	mɔtœʀ	motor	
le fer	nm	fɛʀ	iron	
la version	nf	vɛʀsjɔ͂	version	
le lac	nm	lak	lake	
le canon	nm	kanɔ͂	gun, cannon	
réellement	adv	ʀeɛlmɑ͂	really	
un artiste, une artiste	nadj(f)	aʀtist	artist	
la côte	nf	kot	coast	
quiconque	pro	kikɔ͂k	whoever, anyone who	
la chaleur	nf	ʃalœʀ	the heat	
une essence	nf	esɑ͂s	gas, petrol	
le soutien	nm	sutjɛ͂	the support_	
le particulier	nadj	paʀtikylje	particular, peculiar; person	
traiter	v	tʀete	to treat, handle, deal with	
le fusil	nm	fyzi	rifle, gun	
une herbe	nf	ɛʀb	grass, herb	
le virus	nm(pl)	viʀys	virus	
la tournée	nf	tuʀne	tour, round	
traverser	v	tʀavɛʀse	to cross, traverse	
sombre	adj(f)	sɔ͂bʀ	dark	
bosser	v	bɔse	to work, bash on	
avancer	v	avɑ͂se	to advance, move forward	
puissant	nadj	pɥisɑ͂, ɑ͂t	powerful	
cependant	adv,conj	s(ə)pɑ͂dɑ͂	however	
construire	v	kɔ͂stʀɥiʀ	to build, construct	
une agence	nf	aʒɑ͂s	agency	
le criminel	nadj	kʀiminɛl	criminal	
le chèque	nm	ʃɛk	check	
le comportement	nm	kɔ͂pɔʀtəmɑ͂	behavior	
le période, la période	nm,nf	peʀjɔd	period	
le lendemain	nm	lɑ͂dmɛ͂	next day	
disparaître	v	dispaʀɛtʀ	to disappear, vanish	
fumer	v	fyme	to smoke	
inviter	v	ɛ͂vite	to invite	
souffrir	v	sufʀiʀ	to suffer	
le rock	nm	ʀɔk	rock music	
le fromage	nm	fʀɔmaʒ	cheese	
un adulte, une adulte	nadj(f)	adylt	adult	
le billet	nm	bijɛ	ticket	
résoudre	v	ʀezudʀ	to solve, resolve	
la chair	nf	ʃɛʀ	flesh	
le résultat	nm	ʀezylta	result, follow-up	
taire	v	tɛʀ	to keep quiet	
déranger	v	deʀɑ͂ʒe	to disturb, bother	
le concours	nm(pl)	kɔ͂kuʀ	entrance exam, competition	
le crâne	adj(f),nm	kʀɑn	skull	
élevé	adj	el(ə)ve	high, heavy, tall	
une attente	nf	atɑ͂t	the wait	
le russe	nadj(f)	ʀys	Russian	
la chaîne	nf	ʃɛn	chain, channel	
le gardien	nadj	gaʀdjɛ͂, jɛn	guardian, keeper	
laver	v	lave	to wash, clean	
le gouverneur, la gouverneur	nm,nf	guvɛʀnœʀ	governor	
enfuir	v	ɑ͂fɥiʀ	to run away, flee	
une arrestation	nf	aʀɛstasjɔ͂	arrest	
une enfance	nf	ɑ͂fɑ͂s	childhood	
le demi	adji,adv,nm	d(ə)mi	half	
un objet	nm	ɔbʒɛ	objective; object	
le sénateur	nm	senatœʀ, -tʀis	senator	
profiter	v	pʀɔfite	to take advantage, profit	
le vote	nm	vɔt	vote	
la caisse	nf	kɛs	cash desk, box	
la science	nf	sjɑ͂s	science	
la poitrine	nf	pwatʀin	chest, breast, breasts, bosom	
magique	adj(f)	maʒik	magic; magical	
inquiet	nadj	ɛ͂kjɛ, -ɛt	worried, anxious	
le sucre	nm	sykʀ	sugar	
le siècle	nm	sjɛkl	century	
le geste, la geste	nm	ʒɛst	gesture	
étudier	v	etydje	to study	
la réputation	nf	ʀepytasjɔ͂	reputation	
forcément	adv	fɔʀsemɑ͂	without question, inevitably	
le traité	nm	tʀete	treaty	
refaire	v	ʀ(ə)fɛʀ	to redo, make again	
le département	nm	depaʀtəmɑ͂	department	
la cloche	nf	klɔʃ	bell	
la chute	nf	ʃyt	fall	
le joueur	nadj	ʒwœʀ, -øz	player	
la peinture	nf	pɛ͂tyʀ	painting, paint, picture	
une horreur	nf	ɔʀœʀ	horror	
la tenue	nf	t(ə)ny	dress, outfit	
la marine	adj,nf	maʀin	marine, navy	
la promesse	nf	pʀɔmɛs	promise	
la barre	nf	baʀ	bar, rod	
la plainte	nf	plɛ͂t	the moan, groan, complaint	
la soupe	nf	sup	soup	
le studio	nm	stydjo	studio, studio apartment	
une opinion	nf	ɔpinjɔ͂	opinion	
le crème, la crème	adji,nf	kʀɛm	cream	
le foyer	nm	fwaje	home, hearth	
le somme, la somme	nm,nf	sɔm	amount, sum; nap	
le manteau	nm	mɑ͂to	coat, overcoat	
un incendie	nm	ɛ͂sɑ͂di	fire, blaze	
le journaliste, la journaliste	nm,nf	ʒuʀnalist	journalist	
une aventure	nf	avɑ͂tyʀ	adventure	
mener	v	məne	to lead	
le cauchemar	nm	koʃmaʀ	nightmare, bad dream	
un uniforme	adj(f),nm	ynifɔʀm	uniform, steady, regular	
le prêtre	nm	pʀɛtʀ, -ɛs	priest	
le scientifique, la scientifique	nadj(f)	sjɑ͂tifik	scientific	
réglé	adj	ʀegle	regular, steady, well-ordered, ruled	
la corde	nf	kɔʀd	rope, chord, string	
la propriété	nf	pʀɔpʀijete	property	
recommencer	v	ʀ(ə)kɔmɑ͂se	to resume, restart	
calmer	v	kalme	to calm down	
deviner	v	d(ə)vine	to guess, solve	
un hiver	nm	ivɛʀ	winter	
le champion	nadj	ʃɑ͂pjɔ͂, -jɔn	champion	
la conférence	nf	kɔ͂feʀɑ͂s	conference	
complet	adj,nm	kɔ͂plɛ	full, complete; suit	
le couloir	nm	kulwaʀ	corridor, aisle	
le matériel	nadj	mateʀjɛl	material, equipment	
admettre	v	admɛtʀ	to admit	
la foule	nf	ful	crowd	
la réaction	nf	ʀeaksjɔ͂	reaction	
le désert	adj,nm	dezɛʀ	desert, wilderness	
le réseau	nm	ʀezo	network	
le commissaire, la commissaire	nm,nf	kɔmisɛʀ	superintendent, commissioner	
un entraînement	nm	ɑ͂tʀɛnmɑ͂	training, coaching, drive	
ex	nmfi	ɛks	ex	
le fonds	nm(pl)	fɔ͂	funds	
le cadavre	nm	kadɑvʀ	corpse	
pardonner	v	paʀdɔne	to forgive, excuse	
uniquement	adv	ynikmɑ͂	only, uniquely	
la liaison	nf	ljɛzɔ͂	liaison, connection	
traîner	v	tʀene	to drag; to hang out	
le vélo	nm	velo	bike, bicycle	
la discussion	nf	diskysjɔ͂	discussion	
filer	v	file	slip, get out	
soi	nmi,pro	swa	one, oneself, self	
répéter	v	ʀepete	to repeat	
la boutique	nf	butik	shop	
le front	nm	fʀɔ͂	front, forehead	
le curieux	nadj(pl)	kyʀjø, -jøz	curious	
le mardi	nm	maʀdi	Tuesday	
un empire	nm	ɑ͂piʀ	empire	
la médecine	nf	medsin	medecine, medical science	
le ménage	nm	menaʒ	housekeeping, housework	
soudain	adj,adv	sudɛ͂, ɛn	sudden, suddenly	
le ballon	nm	balɔ͂	ball	
combattre	v	kɔ͂batʀ	to fight	
remonter	v	ʀ(ə)mɔ͂te	to go back up (previously)	
un acteur	nm	aktœʀ, -tʀis	actor	
rare	adj(f)	ʀɑʀ	rare	
le bouton	nm	butɔ͂	button, knob, spot	
la tâche	nf	tɑʃ	task	
réussir	v	ʀeysiʀ	to succeed	
conseiller	nm,v	kɔ͂seje	adviser, to advise	
la cérémonie	nf	seʀemɔni	ceremony	
brûler	v	bʀyle	to burn	
couvrir	v	kuvʀiʀ	to cover	
un océan	nm	ɔseɑ͂	ocean	
rater	v	ʀate	to miss, misfire	
la communauté	nf	kɔmynote	community	
le prisonnier	nadj	pʀizɔnje, -jɛʀ	prisoner, captive	
le prénom	nm	pʀenɔ͂	first name	
la surface	nf	syʀfas	surface	
la gloire	nf	glwaʀ	glory, fame	
lourd	adj	luʀ, luʀd	heavy	
remplacer	v	ʀɑ͂plase	to replace	
affreux	nadj(pl)	afʀø, -øz	dreadful, awful, horrible	
une humanité	nf	ymanite	humanity	
le tapis	nm(pl)	tapi	carpet, mat, covering	
la réserve	nf	ʀezɛʀv	reserve	
tenter	v	tɑ͂te	to tempt, try	
le véhicule	nm	veikyl	vehicule	
la déclaration	nf	deklaʀasjɔ͂	declaration	
réaliser	v	ʀealize	to realize, achieve	
lâcher	v	lɑʃe	to let go, release	
la baisse	nf	bɛs	the fall of, the drop of	
venger	v	vɑ͂ʒe	to avenge, take revenge	
installer	v	ɛ͂stale	to install	
brillant	adj,nm	bʀijɑ͂	brilliant	
un inconnu	nadj	ɛ͂kɔny	unknown	
la récompense	nf	ʀekɔ͂pɑ͂s	reward, award	
poursuivre	v	puʀsɥivʀ	to pursue	
la frontière	nf	fʀɔ͂tjɛʀ	border	
traite	nf	tʀɛt	trade, draft, stretch, milking	
le loup	nm	lu	wolf	
le navire	nm	naviʀ	ship	
une origine	nf	ɔʀiʒin	origin, source	
la fleur	nf	flœʀ	flower	
une absence	nf	apsɑ͂s	absence	
la pratique	nadj(f)	pʀatik	practice, practical	
le jeudi	nm	ʒødi	Thursday	
le célibataire, la célibataire	nadj(f)	selibatɛʀ	single, unmarried	
attirer	v	atiʀe	to attract	
étonnant	nadj	etɔnɑ͂	surprising, amazing, incredible__	
la vengeance	nf	vɑ͂ʒɑ͂s	revenge	
le professionnel	nadj	pʀɔfesjɔnɛl	professional	
la veille	nf	vɛj	the day before, the eve of, night watch	
le salaire	nm	salɛʀ	salary, wage	
le rythme	nm	ʀitm	rhythm, rate	
la tempête	nf	tɑ͂pɛt	storm, gale, turmoil	
la lutte	nf	lyt	struggle, fight, conflict	
accompagner	v	akɔ͂paɲe	to accompany	
la ceinture	nf	sɛ͂tyʀ	belt, waist	
la panique	nadj(f)	panik	panic	
une opportunité	nf	ɔpɔʀtynite	opportunity, timeliness	
le personnage	nm	pɛʀsɔnaʒ	character, individual	
le mars	nm(pl)	maʀs	March; Mars	
le vingt	det,nmi	vɛ͂	twenty	
profond	adv,nadj	pʀɔfɔ͂	deep	
nourrir	v	nuʀiʀ	to feed, nourish	
le singe	nm	sɛ͂ʒ	monkey	
la pêche	nf	pɛʃ	fishing; peach	
une haine	nf	ˊɛn	hatred, hate	
tromper	v	tʀɔ͂pe	to deceive_	
le pis	adv,nm(pl)	pi	worse	
un écran	nm	ekʀɑ͂	screen	
assistant	nm	asistɑ͂, ɑ͂t	assistant	
le malheur	nm	malœʀ	misfortune, bad luck	
le couvert	nadj	kuvɛʀ	covered, overcast; place, seat, cutlery	
le porc	nm	pɔʀ	pig, pork	
une explication	nf	ɛksplikasjɔ͂	explanation	
la limite	nf	limit	limit	
un entretien	nm	ɑ͂tʀətjɛ͂	interview, discussion, maintenance	
la région	nf	ʀeʒjɔ͂	region	
vierge	nadj(f)	vjɛʀʒ	virgin	
le comité	nm	kɔmite	committee	
la cigarette	nf	sigaʀɛt	cigarette	
le palais	nm(pl)	palɛ	palace, palate	
identifier	v	idɑ͂tifje	to identify	
gâcher	v	gɑʃe	to waste, spoil	
quant	adv	kɑ͂t	as for	
annoncer	v	anɔ͂se	to announce	
le bloc	nm	blɔk	block	
un élève, une élève	nm,nf	elɛv	pupil, student	
engager	v	ɑ͂gaʒe	to hire, involve	
le masque	nm	mask	mask	
extraordinaire	adj(f)	ɛkstʀaɔʀdinɛʀ	extraordinary	
un incident	adj,nm	ɛ͂sidɑ͂	incident	
la monnaie	nf	mɔnɛ	currency, coin, change	
le temple	nm	tɑ͂pl	temple	
davantage	adv	davɑ͂taʒ	more	
final	nadj	final, o	final	
une alarme	nf	alaʀm	alarm	
le roman	adj,nm	ʀɔmɑ͂	novel	
le classique	nadj(f)	klasik	classic	
la soif	nf	swaf	thirst	
normalement	adv	nɔʀmalmɑ͂	normally	
naturel	nadj	natyʀɛl	natural	
le piano	adv,nm	pjano	piano	
la passion	nf	pasjɔ͂	passion	
le pot	nm	po	jar, pot	
le japonais	nadj(pl)	ʒapɔnɛ	Japanese	
la technique	nadj(f)	tɛknik	technique, technics, technical	
une étoile	nf	etwal	star	
concentrer	v	kɔ͂sɑ͂tʀe	to concentrate	
le voisin	nadj	vwazɛ͂, in	neighbor	
la créature	nf	kʀeatyʀ	creature	
entièrement	adv	ɑ͂tjɛʀmɑ͂	entirely, completely	
le volant	adj,nm	vɔlɑ͂	steering wheel	
la portée	nf	pɔʀte	range, reach, scope	
le courrier	nm	kuʀje	mail, post	
central	nadj	sɑ͂tʀal, o	central	
affronter	v	afʀɔ͂te	to confront, face	
impressionnant	adj	ɛ͂pʀesjɔnɑ͂, ɑ͂t	impressive, upsetting	
le golf	nm	gɔlf	golf, golf course	
le jaune	adv,nadj(f)	ʒon	yellow	
la bibliothèque	nf	biblijɔtɛk	library	
lentement	adv	lɑ͂tmɑ͂	slowly	
personnellement	adv	pɛʀsɔnɛlmɑ͂	personally	
le mystère	nm	mistɛʀ	mystery	
la clinique	nadj(f)	klinik	clinic	
une étape	nf	etap	the step, the stage of	
la fumée	nf	fyme	smoke	
le royaume	nm	ʀwajom	kingdom	
la qualité	nf	kalite	quality	
la tension	nf	tɑ͂sjɔ͂	tension	
courageux	nadj(pl)	kuʀaʒø, -ʒøz	courageous	
le port	nm	pɔʀ	harbour, port	
une alliance	nf	aljɑ͂s	alliance	
la copie	nf	kɔpi	copy, replica, paper	
un essai	nm	esɛ	attempt, try, test	
un expert	nadj	ɛkspɛʀ, ɛʀt	expert	
le désir	nm	deziʀ	desire	
avouer	v	avwe	to admit_	
la conduite	nf	kɔ͂dɥit	behavior, driving	
un hall	nm	ˊol	foyer, lobby	
soigner	v	swaɲe	to treat, look after, take care over	
contacter	v	kɔ͂takte	to contact, get in touch with	
la pile	nf	pil	pile, stack, battery, tails	
approcher	v	apʀɔʃe	to approach	
le disque	nm	disk	disc	
le jugement	nm	ʒyʒmɑ͂	judgement	
un équipage	nm	ekipaʒ	crew, gear	
une analyse	nf	analiz	analysis	
une aube	nf	ob	dawn, daybreak	
la section	nf	sɛksjɔ͂	section	
la cage	nf	kaʒ	cage	
le miroir	nm	miʀwaʀ	mirror	
une épreuve	nf	epʀœv	test, ordeal, trial	
la condition	nf	kɔ͂disjɔ͂	condition	
remplir	v	ʀɑ͂pliʀ	to fill, fulfill	
une existence	nf	ɛgzistɑ͂s	existence	
égal	nadj	egal, o	equal	
retenir	v	ʀ(ə)təniʀ, ʀət(ə)niʀ	to retain, hold back, remember	
le précis	nadj(pl)	pʀesi	precise	
annuler	v	anyle	to cancel	
le rayon	nm	ʀɛjɔ͂	ray, beam, radius; department, section, shelf	
le football	nm	futbol	football, soccer	
une assise	nf	asiz	basis, foundation	
le secteur	nm	sɛktœʀ	sector	
la séance	nf	seɑ͂s	session, meeting	
le profil	nm	pʀɔfil	profile, outline, contour	
la valise	nf	valiz	suitcase	
un avantage	nm	avɑ͂taʒ	advantage	
le nu	nadj	ny	naked, nude	
la technologie	nf	tɛknɔlɔʒi	technology	
la procédure	nf	pʀɔsedyʀ	procedure	
la pointe	nf	pwɛ͂t	point, tip	
le cochon	nadj	kɔʃɔ͂	pig	
la figure	nf	figyʀ	face; figure	
la patience	nf	pasjɑ͂s	patience	
la poussière	nf	pusjɛʀ	dust	
le printemps	nm(pl)	pʀɛ͂tɑ͂	spring	
interroger	v	ɛ͂teʀɔʒe	to question, interrogate	
une accusation	nf	akyzasjɔ͂	accusation, indictment	
un intéressé	nadj	ɛ͂teʀese	concerned, involved	
idéal	nadj	ideal, o	ideal	
la poule	nf	pul	hen, chick	
correct	adj	kɔʀɛkt	correct	
briser	v	bʀize	to break	
le boule, la boule	nf	bul	ball	
le partage	nm	paʀtaʒ	division, cutting, sharing	
le mobile	nadj(f)	mɔbil	mobile, portable	
la proposition	nf	pʀɔpozisjɔ͂	proposition, proposal	
une objection	nf	ɔbʒɛksjɔ͂	objection	
le sauvage	nadj(f)	sovaʒ	savage, wild	
le rat	adj(f),nm	ʀa	rat	
urgent	adj	yʀʒɑ͂, ʒɑ͂t	urgent	
reconnaître	v	ʀ(ə)kɔnɛtʀ	to recognize	
la œuvre	nf	œvʀ	work, task	
un échec	adji,nm	eʃɛk	failure	
une attitude	nf	atityd	attitude	
la paire	nf	pɛʀ	pair	
médical	adj	medikal, o	medical	
suffisamment	adv	syfizamɑ͂	sufficiently	
la fièvre	nf	fjɛvʀ	fever	
la télévision	nf	televizjɔ͂	television	
le magazine	nm	magazin	magazine	
auparavant	adv	opaʀavɑ͂	beforehand	
séparer	v	sepaʀe	to separate	
le musée	nm	myze	museum	
juger	v	ʒyʒe	to judge	
carrément	adv	kaʀemɑ͂	(emphasis word) completely, directly, straight out	
une épaule	nf	epol	shoulder	
la plaque	nf	plak	plate, tag, plaque	
organiser	v	ɔʀganize	to organize	
le sable	adji,nm	sɑbl	sand	
la légende	nf	leʒɑ͂d	legend, caption, key	
la possibilité	nf	pɔsibilite	possibility	
diriger	v	diʀiʒe	to lead, direct	
une éducation	nf	edykasjɔ͂	education	
une imagination	nf	imaʒinasjɔ͂	imagination	
le maximum	nadj	maksimɔm, maksima	maximum	
le collègue, la collègue	nm,nf	kɔ(l)lɛg	colleague	
ajouter	v	aʒute	to add	
une audience	nf	odjɑ͂s	audience, hearing	
visiter	v	vizite	to visit	
le beurre	nm	bœʀ	butter	
une organisation	nf	ɔʀganizasjɔ͂	organisation	
exprès	adj(pl),adv	ɛkspʀɛ, -ɛs	deliberately, on purpose, intentionally_	
le camarade, la camarade	nm,nf	kamaʀad	friend, comrade, pal, mate	
le domaine	nm	dɔmɛn	domain, field	
un empereur	nm	ɑ͂pʀœʀ	emperor	
profondément	adv	pʀɔfɔ͂demɑ͂	profoundly, deeply	
un effort	nm	efɔʀ	effort	
le cirque	nm	siʀk	circus; cirque	
terminer	v	tɛʀmine	to finish, end,	
déposer	v	depoze	to deposit, put down	
la balance	nf	balɑ͂s	scales, balance	
raisonnable	adj(f)	ʀɛzɔnabl	reasonable, fair	
refuser	v	ʀ(ə)fyze	to refuse	
sensible	nadj(f)	sɑ͂sibl	sensitive	
forcer	v	fɔʀse	to force	
malheureux	nadj(pl)	maløʀø, -øz	unhappy, miserable	
le critique, la critique	nadj(f)	kʀitik	criticism, critic, critical	
la pensée	nf	pɑ͂se	thought	
chasser	v	ʃase	to hunt, chase away	
la disparition	nf	dispaʀisjɔ͂	disappearance	
un ordinaire	nadj(f)	ɔʀdinɛʀ	ordinary	
un étudiant	nadj	etydjɑ͂, jɑ͂t	student	
un orange, une orange	adji,nf	ɔʀɑ͂ʒ	orange	
la coïncidence	nf	kɔɛ͂sidɑ͂s	coincidence	
voyager	v	vwajaʒe	to travel	
fêter	v	fete	to celebrate	
un allemand	nadj	almɑ͂	German	
le congé	nm	kɔ͂ʒe	holiday, time off, day off, notice	
la thérapie	nf	teʀapi	therapy	
la croix	nf(pl)	kʀwa	cross	
une autorisation	nf	otoʀizasjɔ͂	authorization, permission, permit	
le scénario	nm	senaʀjo, senaʀi	scenario, script	
le parfum	nm	paʀfœ͂	perfume, scent, fragrance	
adorer	v	adɔʀe	to adore, worship	
la donnée	nf	dɔne	fact, datum	
le portefeuille	nm	pɔʀtəfœj	wallet	
une huile	nf	ɥil	oil	
examiner	v	ɛgzamine	to examine	
le solide	nadj(f)	sɔlid	solid	
extrêmement	adv	ɛkstʀɛmmɑ͂	extremely	
guérir	v	geʀiʀ	to cure, heal, get better	
le géant	nadj	ʒeɑ͂	giant, gigantic	
emprunter	v	ɑ͂pʀœ͂te	to borrow	
publique	adj,nf	pyblik	public	
le poil	nm	pwal	hair, bristle	
entraîner	v	ɑ͂tʀene	to carry along, train	
taper	v	tape	to beat, slam, bang, type	
digne	adj(f)	diɲ	dignified, worthy	
le stade	nm	stad	stadium, stage	
renvoyer	v	ʀɑ͂vwaje	to send back, dismiss	
le large	adj(f),adv,nm	laʀʒ	wide; the width	
le taux	nm(pl)	to	the rate of	
armé	adj	aʀme	armed	
le loyer	nm	lwaje	rent	
la jeunesse	nf	ʒœnɛs	youth	
une adaptation	nf	adaptasjɔ͂	adaptation	
le détail	nm	detaj	detail	
le juif	nadj	ʒɥif, -iv	Jew, Jewish	
éloigner	v	elwaɲe	to move away, take away, distance	
livrer	v	livʀe	to deliver	
le moral	nadj	mɔʀal, o	moral, morale	
un incapable	nadj(f)	ɛ͂kapabl	incapable, incompetent	
une invitation	nf	ɛ͂vitasjɔ͂	invitation	
le péché	nm	peʃe	sin	
le cercle	nm	sɛʀkl	circle, cycle	
le territoire	nm	teʀitwaʀ	territory	
le plateau	nm	plato	plateau, tray, set, stage	
éliminer	v	elimine	to eliminate	
le supérieur	nadj	sypeʀjœʀ	superior	
suffisant	adj	syfizɑ͂, ɑ͂t	sufficient	
le viol	nm	vjɔl	rape	
une ouverture	nf	uvɛʀtyʀ	opening	
furieux	nadj(pl)	fyʀjø, -jøz	furious, raging, violent	
un exercice	nm	ɛgzɛʀsis	exercise,	
respecter	v	ʀɛspɛkte	to respect	
une expression	nf	ɛkspʀesjɔ͂	expression	
un original	nadj	ɔʀiʒinal, o	original	
la remise	nf	ʀ(ə)miz	presentation, delivery	
le tribu, la tribu	nf	tʀiby	tribe	
la cabine	nf	kabin	hut, cubicle, booth, box, room	
la race	nf	ʀas	breed, race	
la tentative	nf	tɑ͂tativ	the attempt	
le décès	nm(pl)	desɛ	death_	
le cap	nm	kap	cape	
la bourse	nf	buʀs	purse, scholarship	
le populaire	nadj(f)	pɔpylɛʀ	popular	
la signature	nf	siɲatyʀ	signature	
sexuel	adj	sɛksɥɛl	sexual	
un humour	nm	ymuʀ	humour	
le cave, la cave	adj(f),nm,nf	kav	cellar, basement	
précieux	nadj(pl)	pʀesjø, -jøz	precious	
la matière	nf	matjɛʀ	matter, subject, material	
la cassette	nf	kasɛt	cassette	
injuste	adj(f)	ɛ͂ʒyst	unfair, unjust	
la réception	nf	ʀesɛpsjɔ͂	reception	
le sommet	nm	sɔmɛ	summit	
un employé	nm	ɑ͂plwaje	employee	
le progrès	nm(pl)	pʀɔgʀɛ	progress	
le mercredi	nm	mɛʀkʀədi	Wednesday	
un angle	nm	ɑ͂gl	angle, point of view	
un instinct	nm	ɛ͂stɛ͂	instinct	
officiellement	adv	ɔfisjɛlmɑ͂	officially	
nôtre	nadj(f)	notʀ	ours, our own	
la panne	nf	pan	the breakdown, the failure (of a machine)	
la compétition	nf	kɔ͂petisjɔ͂	competition	
illégal	adj	i(l)legal, o	illegal	
électrique	adj(f)	elɛktʀik	electric	
participer	v	paʀtisipe	to participate	
la comédie	nf	kɔmedi	comedy, playacting	
témoigner	v	temwaɲe	to testify	
la nation	nf	nasjɔ͂	nation	
la commission	nf	kɔmisjɔ͂	commission	
rattraper	v	ʀatʀape	to recapture, recover, catch up, make up for	
la poudre	nf	pudʀ	powder	
un objectif	adj,nm	ɔbʒɛktif	objective, aim, goal; lens	
un accueil	nm	akœj	welcome, reception	
une union	nf	ynjɔ͂	union	
le témoignage	nm	temwaɲaʒ	testimony	
ranger	nm,v	ʀɑ͂ʒe	to tidy up, put away	
absurde	nadj(f)	apsyʀd	absurd	
le trafic	nm	tʀafik	traffic, circulation	
une agression	nf	agʀesjɔ͂	agression	
déplacer	v	deplase	to move, displace	
la division	nf	divizjɔ͂	division	
élever	v	el(ə)ve	to grow, lift, raise	
un enregistrement	nm	ɑ͂ʀ(ə)ʒistʀəmɑ͂	recording, registration, check-in, logging	
pur	nadj	pyʀ	pure	
durer	v	dyʀe	to last	
le comte	nm	kɔ͂t	the count	
négatif	nadj	negatif	negative	
le gagnant	nadj	gaɲɑ͂, ɑ͂t	winner, winning	
le langage	nm	lɑ͂gaʒ	language	
le noble, la noble	nadj(f)	nɔbl	noble	
une échelle	nf	eʃɛl	ladder, scale	
la température	nf	tɑ͂peʀatyʀ	temperature	
prier	v	pʀije	to pray	
un indice	nm	ɛ͂dis	indication, sign, clue	
la matinée	nf	matine	morning	
le guide, la guide	nm,nf	gid	guide	
la souffrance	nf	sufʀɑ͂s	suffering	
le finale, finale	nm,nf	final	finale, final event	
une influence	nf	ɛ͂flyɑ͂s	influence	
une autorité	nf	otoʀite	authority	
la production	nf	pʀɔdyksjɔ͂	production	
le tunnel	nm	tynɛl	tunnel	
transformer	v	tʀɑ͂sfɔʀme	to transform	
le fauteuil	nm	fotœj	armchair, seat	
le foie	nm	fwa	liver	
causer	v	koze	to cause	
violent	nadj	vjɔlɑ͂, ɑ͂t	violent	
commander	v	kɔmɑ͂de	to order, command	
fouiller	v	fuje	to search, frisk, go through, rummage through	
la rage	nf	ʀaʒ	rage, fury, rabies	
une hauteur	nf	ˊotœʀ	height	
le ministère	nm	ministɛʀ	ministry	
la culture	nf	kyltyʀ	culture	
le stress	nm(pl)	stʀɛs	stress	
le pari	nm	paʀi	the bet	
interne	nadj(f)	ɛ͂tɛʀn	internal, interior, intern	
le diplôme	nm	diplom	diploma, certificate	
une activité	nf	aktivite	activity	
un auteur, une auteur	nm,nf	otœʀ	author	
paraître	v	paʀɛtʀ	to appear	
le serment	nm	sɛʀmɑ͂	oath, vow	
le clan	nm	klɑ͂	clan	
un album	nm	albɔm	album	
le charme	nm	ʃaʀm	charm	
apprécier	v	apʀesje	to appreciate	
la livraison	nf	livʀɛzɔ͂	the delivery	
habiller	v	abije	to dress, get dressed	
la promotion	nf	pʀɔmosjɔ͂	promotion, advertising	
pervers	nadj(pl)	pɛʀvɛʀ, ɛʀs	pervert, perverse, perverted	
rompre	v	ʀɔ͂pʀ	to break	
la collection	nf	kɔlɛksjɔ͂	collection, series	
le plastique	nadj(f)	plastik	plastic	
naturellement	adv	natyʀɛlmɑ͂	naturally	
une électricité	nf	elɛktʀisite	electricity	
la flotte	nf	flɔt	fleet	
une étude	nf	etyd	study	
national	nadj	nasjɔnal, o	national	
le terroriste, la terroriste	nm,nf	teʀɔʀist	terrorist	
autrefois	adv	otʀəfwɑ	in the past; once	
la caution	nf	kosjɔ͂	deposit, guarantee, bail	
la cité	nf	site	city	
le total	nadj	tɔtal, o	total	
le commerce	nm	kɔmɛʀs	trade, commerce	
gratuit	adj	gʀatɥi, ɥit	free, gratuitous, unwarranted	
un écart	nm	ekaʀ	space, gap	
charger	v	ʃaʀʒe	to load, charge	
le cimetière	nm	simtjɛʀ	cemetery, graveyard	
une empreinte	nf	ɑ͂pʀɛ͂t	imprint, print, mark, impression	
le septembre	nm	sɛptɑ͂bʀ	September	
la phase	nf	fɑz	phase	
rêver	v	ʀeve, ʀɛve	to dream	
le vague, la vague	nadj(f),nf	vag	vague; wave	
le dollar	nm	dɔlaʀ	dollar	
emporter	v	ɑ͂pɔʀte	to take, remove (an object)	
ignorer	v	iɲɔʀe	to ignore	
le micro	nm	mikʀo	mike, micro, microphone	
le rang	nm	ʀɑ͂	rank, row	
la révolution	nf	ʀevɔlysjɔ͂	revolution	
léger	adj	leʒe, -ɛʀ	something light	
douze	det,nmi	duz	twelve	
plaindre	v	plɛ͂dʀ	complain	
un esclave, une esclave	nadj(f)	ɛsklav	slave	
le métro	nm	metʀo	underground, metro	
soutenir	v	sut(ə)niʀ	to sustain, support	
la culpabilité	nf	kylpabilite	guilt	
la dette	nf	dɛt	debt	
le parent	nadj	paʀɑ͂	parent	
interrompre	v	ɛ͂teʀɔ͂pʀ	to interrupt	
le sein	nm	sɛ͂	breast, bosom	
le commissariat	nm	kɔmisaʀja	police station	
produire	v	pʀɔdɥiʀ	to product	
sain	adj	sɛ͂, sɛn	healthy, sane	
le régime	nm	ʀeʒim	regime	
efficace	adj(f)	efikas	effective	
la fierté	nf	fjɛʀte	pride	
éteindre_	v	etɛ͂dʀ	to extinguish, put out, turn off	
écraser_	v	ekʀɑze	to crush, grind	
un adjoint	nadj	adʒwɛ͂, wɛ͂t	assistant, deputy	
le laboratoire	nm	labɔʀatwaʀ	laboratory	
la religion	nf	ʀ(ə)liʒjɔ͂	religion	
couler	v	kule	to flow; to sink	
le rond	nadj	ʀɔ͂	round	
le comté	nm	kɔ͂te	county, earldom	
pratiquement	adv	pʀatikmɑ͂	practically	
la communication	nf	kɔmynikasjɔ͂	communication	
une option	nf	ɔpsjɔ͂	option	
un escalier	nm	ɛskalje	stairs, staircase	
un espagnol	nadj	ɛspaɲɔl	Spanish	
la lecture	nf	lɛktyʀ	the (act of) reading	
le quatrième, la quatrième	det,nm,nf	katʀijɛm	fourth	
le chirurgien	nm	ʃiʀyʀʒjɛ͂, jɛn	surgeon	
tandis		tɑ͂dikə	while	
un amant	nm	amɑ͂, ɑ͂t	lover	
jusque	adv,prep	ʒysk	to, up to, until	
la personnalité	nf	pɛʀsɔnalite	personality	
une évidence	nf	evidɑ͂s	evidence	
le remède	nm	ʀ(ə)mɛd	cure, remedy	
la formation	nf	fɔʀmasjɔ͂	training	
le manuel	adj,nm	manɥɛl	manual	
enterrer	v	ɑ͂teʀe	to bury, lay aside	
le caractère	nm	kaʀaktɛʀ	character	
particulièrement	adv	paʀtikyljɛʀmɑ͂	particularly	
le fidèle	nadj(f)	fidɛl	faithful	
la dose	nf	doz	dose, amount	
généreux	adj(pl)	ʒeneʀø, -øz	generous	
rouler	v	ʀule	to roll	
le congrès	nm(pl)	kɔ͂gʀɛ	congress, conference	
la lampe	nf	lɑ͂p	lamp, light	
actuellement	adv	aktɥɛlmɑ͂	at present, at the moment	
grandir	v	gʀɑ͂diʀ	to grow, increase, expand	
améliorer	v	ameljɔʀe	to improve	
résister	v	ʀeziste	to resist	
le réveil	nm	ʀevɛj	waking up, awakening, alarm clock	
la boisson	nf	bwasɔ͂	drink, beverage	
le dessin	nm	desɛ͂	drawing, pattern, design	
crever	v	kʀəve	to burst, puncture	
nucléaire	adj(f)	nykleɛʀ	nuclear	
goûter	nm,v	gute	to taste, snack	
le portrait	nm	pɔʀtʀɛ	portrait, photograph	
exprimer	v	ɛkspʀime	to express	
une avenue	nf	av(ə)ny	avenue	
un accent	nm	aksɑ͂	accent	
la découverte	nf	dekuvɛʀt	discovery	
centrale	nf	sɑ͂tʀal	power station, central office	
une exécution	nf	ɛgzekysjɔ͂	execution, accomplishment	
espérer	v	ɛspeʀe	to hope	
détendre_	v	detɑ͂dʀ	to release, to relax	
plaire	v	plɛʀ	to please	
la brigade	nf	bʀigad	team, squad, brigade	
la tradition	nf	tʀadisjɔ͂	tradition	
officiel	nadj	ɔfisjɛl	official	
le défi	nm	defi	challenge	
le désastre	nm	dezastʀ	disaster	
disponible	adj(f)	dispɔnibl	available	
un italien	nadj	italjɛ͂	Italian	
le budget	nm	bydʒɛ	budget	
ressentir	v	ʀ(ə)sɑ͂tiʀ	to feel	
la reconnaissance	nf	ʀ(ə)kɔnɛsɑ͂s	recognition, gratitude	
le drapeau	nm	dʀapo	flag	
un indien	nadj	ɛ͂djɛ͂, jɛn	Indian	
la phrase	nf	fʀɑz	sentence, phrase	
le métal	nm	metal, o	metal	
le processus	nm(pl)	pʀɔsesys	process	
correctement	adv	kɔʀɛktəmɑ͂	properly, correctly	
la rumeur	nf	ʀymœʀ	rumour	
assister	v	asiste	to attend; to assist, help	
la jungle	nf	ʒœ͂gl, ʒɔ͂gl	jungle	
mortel	nadj	mɔʀtɛl	mortal, deadly, lethal	
la survie	nf	syʀvi	survival	
une intelligence	nf	ɛ͂teliʒɑ͂s	intelligence	
le chasseur	nm	ʃasœʀ	hunter, fighter, page, messenger	
quoique	conj	kwak(ə)	although, though; whatever	
le passeport	nm	pɑspɔʀ	passport	
risquer	v	ʀiske	to risk	
la stratégie	nf	stʀateʒi	strategy	
accueillir	v	akœjiʀ	to welcome, greet, accommodate	
serré	adj,adv	seʀe	tight, packed, crowded	
la remarque	nf	ʀ(ə)maʀk	remark	
le commercial	nadj	kɔmɛʀsjal	commercial	
définitivement	adv	definitivmɑ͂	definitely, permanently, for good	
le commandement	nm	kɔmɑ͂dmɑ͂	command, order, commandment	
une interview	nf	ɛ͂tɛʀvju	interview	
complexe	nadj(f)	kɔ͂plɛks	complex	
le pétrole	nm	petʀɔl	crude oil, petroleum	
la pomme	nf	pɔm	apple	
une intervention	nf	ɛ͂tɛʀvɑ͂sjɔ͂	intervention; talk	
le lot	nm	lo	the share, the lot	
la charité	nf	ʃaʀite	charity	
promener	v	pʀɔm(ə)ne	to take for a walk, go for a walk	
la méthode	nf	metɔd	method, procedure	
le câble	nm	kɑbl	cable, wire	
creuser	v	kʀøze	to dig	
tendre	nadj(f),v	tɑ͂dʀ	to tighten; to extend, stretch; tender	
la batterie	nf	batʀi	battery; drum set	
un écrivain	nm	ekʀivɛ͂	writer	
reconnaissant	adj	ʀ(ə)kɔnɛsɑ͂, ɑ͂t	grateful	
sincèrement	adv	sɛ͂sɛʀmɑ͂	sincerely	
timide	nadj(f)	timid	timid, shy, bashful	
une héroïne	nf	eʀɔin	heroine	
la tendance	nf	tɑ͂dɑ͂s	tendency, trend	
le complice, la complice	nadj(f)	kɔ͂plis	accomplice	
la torture	nf	tɔʀtyʀ	torture	
un otage, une otage	nm	ɔtaʒ	hostage	
techniquement	adv	tɛknikmɑ͂	technically	
la masse	nf	mas	mass	
opérer	v	ɔpeʀe	to operate, carry out	
sincère	adj(f)	sɛ͂sɛʀ	sincere	
le collège	nm	kɔlɛʒ	secondary school, college	
un échantillon	nm	eʃɑ͂tijɔ͂	sample	
le sacrifice	nm	sakʀifis	sacrifice	
le pasteur	nm	pastœʀ	minister, clergyman, pastor	
le dent, la dent	nf	dɑ͂	tooth	
le quart	nadj	kaʀ	quarter	
un équipement	nm	ekipmɑ͂	equipment	
cruel	adj	kʀyɛl	cruel, ferocious, bitter	
arracher	v	aʀaʃe	to pull up, tear up_	
le juillet	nm	ʒɥijɛ	July	
la génération	nf	ʒeneʀasjɔ͂	generation	
un événement	nm	evɛnmɑ͂	event_	
solitaire	nadj(f)	sɔlitɛʀ	solitary, lone, lonely	
le bâton	nm	bɑtɔ͂	tick, club, baton	
la marge	nf	maʀʒ	margin	
un héritage	nm	eʀitaʒ	heritage	
ressembler	v	ʀ(ə)sɑ͂ble	to look like, resemble	
le volontaire, la volontaire	nadj(f)	vɔlɔ͂tɛʀ	volunteer; voluntary	
énormément	adv	enɔʀmemɑ͂	enormously	
la priorité	nf	pʀijɔʀite	priority	
le mélange	nm	melɑ͂ʒ	mixing, mixture, blend	
la rupture	nf	ʀyptyʀ	the break, rupture	
le sel	nm	sɛl	salt	
déménager	v	demenaʒe	to move	
tester	v	tɛste	to test	
le conducteur	nadj	kɔ͂dyktœʀ	driver, operator, conductor	
la trahison	nf	tʀaizɔ͂	betrayal, treachery, treason	
le transfert	nm	tʀɑ͂sfɛʀ	the transfer	
débrouiller	v	debʀuje	to untangle, sort out, manage, get by	
la moyenne	nf	mwajɛn	average	
moderne	nadj(f)	mɔdɛʀn	modern	
effacer	v	efase	to erase, clean	
le positif	nadj	pozitif	positive	
la publicité	nf	pyblisite	advertising, advertisement, publicity	
un environnement	nm	ɑ͂viʀɔnmɑ͂	environment	
médias	nmpl	medja	media	
le scandale	nm	skɑ͂dal	scandal, uproar	
le vendeur	nm	vɑ͂dœʀ, -øz	salesman, seller	
invisible	adj(f)	ɛ͂vizibl	invisible	
la tragédie	nf	tʀaʒedi	tragedy	
une issue	nf	isy	the exit, outcome	
voter	v	vɔte	to vote	
probable	adj(f)	pʀɔbabl	probable, likely	
la destruction	nf	dɛstʀyksjɔ͂	destruction	
négocier	v	negɔsje	to negotiate	
aimable	adj(f)	ɛmabl	pleasant, kind, nice	
un avril	nm	avʀil	April	
la connerie	nf	kɔnʀi	crap, bullsh*t, stupidity	
le saut	nm	so	jump, leap	
quinze	det,nmi	kɛ͂z	fifteen	
le leader, la leader	nm,nf	lidœʀ	leader	
le séjour	nm	seʒuʀ	the stay	
le marin, la marin	nadj	maʀɛ͂	sea, marine, sailor	
la sensation	nf	sɑ͂sasjɔ͂	sensation	
une exception	nf	ɛksɛpsjɔ͂	exception	
sien	nadj	sjɛ͂, sjɛn	his, hers	
la possession	nf	pɔsesjɔ͂	possession, ownership	
le motif	nm	mɔtif	motive, purpose	
le serveur	nm	sɛʀvœʀ	waiter, server	
la prière	nf	pʀijɛʀ	prayer	
protégé	nadj	pʀɔteʒe	protected, protégé	
baisser	v	bese	to lower	
abattre	v	abatʀ	to pull down, kill, beat	
une association	nf	asɔsjasjɔ͂	association	
le poing	nm	pwɛ͂	fist, punch	
le producteur	nadj	pʀɔdyktœʀ, -tʀis	producer	
une écriture	nf	ekʀityʀ	the writing	
craindre	v	kʀɛ͂dʀ	to fear, be afraid of	
la vallée	nf	vale	valley	
le règlement	nm	ʀɛgləmɑ͂	rule, regulation	
net	adj,nm	nɛt	clear; Internet	
précisément	adv	pʀesizemɑ͂	precisely	
la morale	nf	mɔʀal	ethics; moral	
immense	adj(f)	i(m)mɑ͂s	immense	
informer	v	ɛ͂fɔʀme	to inform	
le chapitre	nm	ʃapitʀ	chapter	
le potentiel	nadj	pɔtɑ͂sjɛl	potential	
une audition	nf	odisjɔ͂	hearing, examination, audition	
confirmer	v	kɔ͂fiʀme	to confirm	
la capacité	nf	kapasite	capacity, ability	
le fruit	nm	fʀɥi	fruit	
le chaos	nm(pl)	kao	chaos	
éclater	v	eklate	to burst, explode	
un acier	nm	asje	steel	
le cri	nm	kʀi	the shout, cry	
la population	nf	pɔpylasjɔ͂	population	
effectivement	adv	efɛktivmɑ͂	effectively	
regretter	v	ʀ(ə)gʀete	to regret	
proposer	v	pʀɔpoze	to propose	
le panneau	nm	pano	sign, notice, panel	
légal	adj	legal, o	legal, lawful	
la construction	nf	kɔ͂stʀyksjɔ͂	construction, building	
la boue	nf	bu	mud	
rarement	adv	ʀɑʀmɑ͂	rarely, seldom	
la combinaison	nf	kɔ͂binɛzɔ͂	combination	
le franc	adj,adv,adj,nm	fʀɑ͂	frank; franc (money)	
la plante	nf	plɑ͂t	plant	
une apparence	nf	apaʀɑ͂s	appearance	
le menu	adv,nadj	məny	menu, slender, slim, minor	
le luxe	nm	lyks	luxury	
un essentiel	nadj	esɑ͂sjɛl	essential	
maintenir	v	mɛ͂t(ə)niʀ	to maintain	
stable	adj(f)	stabl	stable	
le satellite	nm	satelit	satellite	
la branche	nf	bʀɑ͂ʃ	branch	
une autoroute	nf	otoʀut	motorway, highway, freeway	
rembourser	v	ʀɑ͂buʀse	to reimburse, pay back, pay off, repay	
le transport	nm	tʀɑ͂spɔʀ	transportation	
la statue	nf	staty	statue	
le principe	nm	pʀɛ͂sip	principle	
la couronne	nf	kuʀɔn	crown, wreath	
subir	v	sybiʀ	to undergo, be subjected to, suffer	
le sec	adj,adv,nm	sɛk	dry	
accuser	v	akyze	to accuse	
la goutte	nf	gut	the drop (of one liquid)	
la colline	nf	kɔlin	hill	
la revanche	nf	ʀ(ə)vɑ͂ʃ	revenge; return	
le trente	det,nmi	tʀɑ͂t	thirty	
une aile	nf	ɛl	wing, sail, blade	
le bienvenu	nadj	bjɛ͂v(ə)ny	welcome	
hélas	intj	elɑs	alas	
la résistance	nf	ʀezistɑ͂s	resistance	
la prime	nadj(f),nf	pʀim	free gift, premium, bonus	
littéralement	adv	liteʀalmɑ͂	literally	
fédéral	nadj	fedeʀal, o	federal	
un engagement	nm	ɑ͂gaʒmɑ͂	agreement, commitment	
le médicament	nm	medikamɑ͂	medicine, drug, medication	
le symbole	nm	sɛ͂bɔl	symbol	
un avertissement	nm	avɛʀtismɑ͂	warning	
le réalisateur	nadj	ʀealizatœʀ, -tʀis	director	
douter	v	dute	to doubt	
douloureux	adj(pl)	duluʀø, -øz	painful, grievous, distressing	
louer	v	lwe	to rent, praise	
un impact	nm	ɛ͂pakt	impact	
le chagrin	adj,nm	ʃagʀɛ͂	grief, sorrow,	
révéler	v	ʀevele	to reveal	
le juin	nm	ʒɥɛ͂	June	
téléphoner	v	telefɔne	to telephone, phone, call	
une excellence	nf	ɛkselɑ͂s	excellence	
remarquer	v	ʀ(ə)maʀke	to remark; to notice, point out	
la pension	nf	pɑ͂sjɔ͂	pension; room and board, boarding school	
roue_	nf	ʀu	wheel	
un arrangement	nm	aʀɑ͂ʒmɑ͂	arrangement, layout, order, agreement	
la routine	nf	ʀutin	routine	
la poignée	nf	pwaɲe	handful, fistful, handle	
le local	nadj	lɔkal, o	local	
le légitime, la légitime	nadj(f)	leʒitim	legitimate	
un hélicoptère	nm	elikɔptɛʀ	helicopter	
filmer	v	filme	to film, shoot	
un octobre	nm	ɔktɔbʀ	October	
une obscurité	nf	ɔpskyʀite	darkness	
le domicile	nm	dɔmisil	home, place of residence	
une administration	nf	administʀasjɔ͂	administration	
la médaille	nf	medaj	medal	
le casque	nm	kask	helmet	
la boucle	nf	bukl	loop, buckle, curl	
tarder	v	taʀde	to delay	
un asile	nm	azil	shelter, asylum, hospital	
le texte	nm	tɛkst	text	
le deuil	nm	dœj	mourning, grief	
un auto, une auto	nm,nf	oto	car	
la fonction	nf	fɔ͂ksjɔ͂	function	
la république	nf	ʀepyblik	republic	
allumer	v	alyme	to switch on, light up, turn on	
enquêter	v	ɑ͂kete	to investigate, hold inquiry, conduct a survey	
piquer	v	pike	to sting, bite, prick, be hot; to steal	
le manche, la manche	nm,nf	mɑ͂ʃ	handle, sleeve	
la circulation	nf	siʀkylasjɔ͂	circulation, traffic	
une enveloppe	nf	ɑ͂vlɔp	envelope	
le blé	nm	ble	wheat	
le record	nm	ʀ(ə)kɔʀ	record	
le puits	nm(pl)	pɥi	well, shaft, pit	
renoncer	v	ʀ(ə)nɔ͂se	renounce	
décrire	v	dekʀiʀ	to describe	
accomplir	v	akɔ͂pliʀ	to accomplish	
réduire	v	ʀedɥiʀ	to reduce	
enseigner	v	ɑ͂seɲe	to teach	
un entraîneur	nm	ɑ͂tʀɛnœʀ	coach, trainer	
contrairement	adv	kɔ͂tʀɛʀmɑ͂	contrary	
la facture	nf	faktyʀ	invoice, bill	
un époux	nm(pl)	epu, epuz	husband, spouse	
la revue	nf	ʀ(ə)vy	review, magazine, journal	
le pouce	nm	pus	thumb, inch	
avaler	v	avale	to swallow	
remarquable	adj(f)	ʀ(ə)maʀkabl	remarkable, outstanding	
le délit	nm	deli	crime, offence	
le réduit	nm	ʀedɥi	reduced, scaled-down, cut-down, tiny room, hideout	
ruiner	v	ʀɥine	to ruin, bankrupt oneself	
la détention	nf	detɑ͂sjɔ͂	detention, possession	
coûter	v	kute	to cost	
mêler	v	mele	to mingle, mix	
la douzaine	nf	duzɛn	dozen	
suprême	nadj(f)	sypʀɛm	supreme	
le gris	nadj(pl)	gʀi	grey	
le restant	adj,nm	ʀɛstɑ͂	remaining, the rest, the remainder	
la crainte	nf	kʀɛ͂t	fear	
le panier	nm	panje	basket	
informé	nadj	ɛ͂fɔʀme	informed	
sortant	nadj	sɔʀtɑ͂, ɑ͂t	outgoing	
terriblement	adv	teʀibləmɑ͂	terribly, awfully	
le conflit	nm	kɔ͂fli	conflict	
le sourd	nadj	suʀ	deaf	
observer	v	ɔpsɛʀve	to observe, watch	
le protocole	nm	pʀɔtɔkɔl	etiquette, protocol	
placer	nm,v	plase	to place	
le silencieux	nadj(pl)	silɑ͂sjø	silent, noiseless, silencer	
le malentendu	nm	malɑ͂tɑ͂dy	misunderstanding	
punir	v	pyniʀ	to punish	
la faiblesse	nf	fɛblɛs	weakness	
rapporter	v	ʀapɔʀte	to bring back, report	
la quantité	nf	kɑ͂tite	quantity	
un historique	nadj(f)	istɔʀik	historical	
serrer	v	seʀe	to tighten, squeeze	
avertir	v	avɛʀtiʀ	to warn	
enfermer	v	ɑ͂fɛʀme	to shut	
le candidat	nm	kɑ͂dida, at	candidate	
le compromis	nm(pl)	kɔ͂pʀɔmi	compromise, agreement	
une atmosphère	nf	atmɔsfɛʀ	atmosphere	
établir	v	etabliʀ	to establish	
le tube	nm	tyb	tube	
le cadre	nm	kɑdʀ	frame, executive	
le trône	nm	tʀon	throne	
le festival	nm	fɛstival	festival	
intéresser	v	ɛ͂teʀese	to interest, involve	
un ingénieur, une ingénieur	nm,nf	ɛ͂ʒenjœʀ	engineer	
différemment	adv	difeʀamɑ͂	differently	
balancer	v	balɑ͂se	to swing, sway	
le minimum	nadj	minimɔm, minima	minimum	
un ambassadeur	nm	ɑ͂basadœʀ	ambassador	
tragique	nadj(f)	tʀaʒik	tragic	
vaincre	v	vɛ͂kʀ	to defeat, overcome, conquer	
conscient	adj	kɔ͂sjɑ͂, jɑ͂t	conscious, aware	
le tissu	nadj	tisy	fabric, material, cloth, tissue, woven	
une intimité	nf	ɛ͂timite	privacy, intimacy	
obéir	v	ɔbeiʀ	to obey, comply with, respond to	
le lancement	nm	lɑ͂smɑ͂	the launch	
la demeure	nf	d(ə)mœʀ	residence, home	
mystérieux	nadj(pl)	misteʀjø	mysterious, secretive	
la fillette	nf	fijɛt	little girl, girl	
le genou	nm	ʒ(ə)nu	knee	
la sagesse	nf	saʒɛs	wisdom, moderation	
une industrie	nf	ɛ͂dystʀi	industry	
le guerrier	nadj	gɛʀje, -jɛʀ	warrior; warlike	
fragile	adj(f)	fʀaʒil	fragile	
la libération	nf	libeʀasjɔ͂	liberation	
promettre	v	pʀɔmɛtʀ	to promise	
un élément	nm	elemɑ͂	element	
ramasser	v	ʀamɑse	to pick up, collect, gather	
un atelier	nm	atəlje	workshop, studio	
la destinée	nf	dɛstine	fate, destiny	
accéder	v	aksede	to access, reach, attain	
la grossesse	nf	gʀosɛs	pregnancy	
un usage	nm	yzaʒ	use, usage	
royal	adj	ʀwajal, o	royal	
la résidence	nf	ʀezidɑ͂s	residence, block of flats	
quelconque	adj(f)	kɛlkɔ͂k	any, some	
suicider	v	sɥiside	to commit suicide	
communiquer	v	kɔmynike	to communicate	
le trouble	adj(f),nm	tʀubl	trouble	
la dépression	nf	depʀesjɔ͂	depression	
le novembre	nm	nɔvɑ͂bʀ	November	
la chaussure	nf	ʃosyʀ	shoe, sneaker	
un équilibre	nm	ekilibʀ	balance, equilibrium	
un élu	nadj	ely	elected, elected member	
endormir	v	ɑ͂dɔʀmiʀ	to put to sleep, fall asleep	
le gras	adj(pl),nm(pl)	gʀɑ	fatty, fat, greasy	
la grève	nf	gʀɛv	the strike (of workers)	
confortable	adj(f)	kɔ͂fɔʀtabl	comfortable	
le chant	nm	ʃɑ͂	song	
judiciaire	adj(f)	ʒydisjɛʀ	judiciary	
accrocher	v	akʀɔʃe	to hang up, hang on, put up	
le jouet	nm	ʒwɛ	toy	
augmenter	v	ɔgmɑ͂te	to increase, raise	
un automne	nm	otɔn	fall, autumn	
peindre	v	pɛ͂dʀ	to paint, depict, portray	
une exposition	nf	ɛkspozisjɔ͂	exhibition, show	
cesser	v	sese	to cease, stop	
la vedette	nf	vədɛt	star, patrol boat	
la curiosité	nf	kyʀjozite	curiosity	
le débat	nm	deba	debate	
le citoyen	nadj	sitwajɛ͂, jɛn	citizen	
le pape	nm	pap	pope	
une assiette	nf	asjɛt	plate, dish, bowl	
le tennis	nmi	tenis	tennis	
la solitude	nf	sɔlityd	solitude, loneliness	
la destination	nf	dɛstinasjɔ͂	destination	
une ambiance	nf	ɑ͂bjɑ͂s	the atmosphere (mood)	
archives	nfpl	aʀʃiv	archives, records	
la capitale	nf	kapital	capital	
le spécialiste, la spécialiste	nadj(f)	spesjalist	specialist	
le massacre	nm	masakʀ	massacre, slaughter	
veiller	v	veje	to look after, stay up	
parier	v	paʀje	to bet	
racheter	v	ʀaʃte	to repurchase, buy back, redeem	
la description	nf	dɛskʀipsjɔ͂	description	
un irlandais	nadj(pl)	iʀlɑ͂dɛ, ɛz	Irish	
la punition	nf	pynisjɔ͂	punishment	
le poème	nm	pɔɛm	poem	
prêter	v	pʀete	to lend	
dépenser	v	depɑ͂se	to spend	
échanger	v	eʃɑ͂ʒe	to exchange	
une économie	nf	ekɔnɔmi	economy	
la colonne	nf	kɔlɔn	column	
la connexion	nf	kɔnɛksjɔ͂	connection	
fonctionner	v	fɔ͂ksjɔne	to function, work	
la feuille	nf	fœj	leaf, sheet, slip	
le suisse	nadj(f)	sɥis	Swiss	
la répétition	nf	ʀepetisjɔ͂	repetition, rehearsal	
la météo	nf	meteo	weather forecast	
anonyme	adj(f)	anɔnim	anonymous	
un immobilier	nadj	imɔbilje	property, real estate, property business, real estate business	
la serre	nf	sɛʀ	greenhouse	
le plafond	nm	plafɔ͂	ceiling, roof, maximum	
fournir	v	fuʀniʀ	to provide, supply	
confier	v	kɔ͂fje	to entrust	
le diamant	nm	djamɑ͂	diamond	
le défaut	nm	defo	fault, flaw, shortcoming	
une inquiétude	nf	ɛ͂kjetyd	worry, anxiety	
un août	nm	u(t)	August	
un acide	nadj(f)	asid	acid	
la dignité	nf	diɲite	dignity	
une ambassade	nf	ɑ͂basad	embassy	
guère	adv	gɛʀ	hardly, scarcely	
la tache	nf	taʃ	stain, spot, mark	
familier	nadj	familje	familiar, informal	
saisir	v	seziʀ	to seize, to grab	
volontiers	adv	vɔlɔ͂tje	with pleasure, willingly, gladly	
signaler	v	siɲale	to indicate, signal	
le fixe	nadj	fiks	fixed	
la foire	nf	fwaʀ	the fair	
enregistrer	v	ɑ͂ʀ(ə)ʒistʀe	to record, check in	
le civil	nadj	sivil	civil; civilian	
une affection	nf	afɛksjɔ͂	affection, ailment	
la catastrophe	nf	katastʀɔf	catastrophe, disaster	
le duc	nm	dyk	duke	
la fermeture	nf	fɛʀmətyʀ	closing	
buter	v	byte	to stumble, trip, run into, prop up, score	
accorder	v	akɔʀde	to grant	
le canal	nm	kanal, o	canal, channel	
évacuer	v	evakɥe	to evacuate, clear	
un absent	nadj	apsɑ͂, ɑ͂t	absent	
la merveille	nf	mɛʀvɛj	marvel, wonder	
la plaie	nf	plɛ	wound	
la clef	nf	kle	key	
le cinquième, la cinquième	det,nm,nf	sɛ͂kjɛm	fifth	
le désordre	nm	dezɔʀdʀ	disorder, confusion	
intime	nadj(f)	ɛ͂tim	intimate, close, secret, private	
un adversaire, une adversaire	nm,nf	advɛʀsɛʀ	opponent, adversary	
la réussite	nf	ʀeysit	the success	
effrayer	v	efʀeje	to frighten, scare	
quasiment	adv	kazimɑ͂	almost, early	
le fichier	nm	fiʃje	file	
intervenir	v	ɛ͂tɛʀvəniʀ	to intervene	
le profit	nm	pʀɔfi	profit, benefit	
le sou	nm	su	penny	
une informatique	nadj(f)	ɛ͂fɔʀmatik	computer science, computing	
constamment	adv	kɔ͂stamɑ͂	constantly, continuously, consistent	
désespéré	nadj	dezɛspeʀe	desperate, hopeless	
la recette	nf	ʀ(ə)sɛt	recipe	
la douceur	nf	dusœʀ	softness, smoothness, mildness, gentleness,sweetness	
la formule	nf	fɔʀmyl	formula, expression	
la montée	nf	mɔ͂te	climb, ascent, rise, raising	
le bond	nm	bɔ͂	leap, rebound	
le verdict	nm	vɛʀdikt	verdict	
célébrer	v	selebʀe	to celebrate	
prétendre	v	pʀetɑ͂dʀ	to pretend	
la fréquence	nf	fʀekɑ͂s	frequency	
disputer	v	dispyte	to dispute	
un exposé	nadj	ɛkspoze	account, statement, talk	
cuire	v	kɥiʀ	to cook, bake, roast	
une illusion	nf	i(l)lyzjɔ͂	illusion	
le jet	nm	ʒɛ	jet, throw, spray, nozzle	
une antenne	nf	ɑ͂tɛn	antenna	
la compassion	nf	kɔ͂pasjɔ͂	compassion	
la quête	nf	kɛt	quest, pursuit, collection	
le photographe, la photographe	nm,nf	fɔtɔgʀaf	photographer	
déterminer	v	detɛʀmine	to determine, find out, specify	
un assaut	nm	aso	assault, attack, bout	
provoquer	v	pʀɔvɔke	to provoke	
coincer	v	kwɛ͂se	to jam, hinder, get stuck	
le document	nm	dɔkymɑ͂	document	
la poésie	nf	pɔezi	poetry	
délicat	nadj	delika, at	delicate, fine, gentle	
piéger	v	pjeʒe	to trap, booby-trap	
le syndicat	nm	sɛ͂dika	union (of workers)	
le tabac	nm	taba	tobacco	
un orchestre	nm	ɔʀkɛstʀ	orchestra	
discret	adj	diskʀɛ, -ɛt	discreet, tactful, quiet	
la ère	nf	ɛʀ	era	
relever	v	ʀəl(ə)ve, ʀ(ə)ləve	to raise	
le décembre	nm	desɑ͂bʀ	December	
appuyer	v	apɥije	to lean, support	
une évasion	nf	evazjɔ͂	evasion, escape	
réagir	v	ʀeaʒiʀ	to react	
la retenue	nf	ʀ(ə)təny, ʀət(ə)ny	deduction; restraint, self-control	
glisser	v	glise	to slide, slip	
la tristesse	nf	tʀistɛs	sadness, gloominess, dreariness	
la fatigue	nf	fatig	tiredness, fatigue	
la création	nf	kʀeasjɔ͂	creation	
la planche	nf	plɑ͂ʃ	plank, board	
le voile, la voile	nm,nf	vwal	veil, sail	
la galerie	nf	galʀi	gallery	
le bétail	nm	betaj	livestock, cattle	
le drame	nm	dʀam	drama	
une émotion	nf	emosjɔ͂	emotion, feeling	
la garantie	nf	gaʀɑ͂ti	guarantee	
la terreur	nf	teʀœʀ	terror, dread	
intense	adj(f)	ɛ͂tɑ͂s	intense, severe, dense	
le contenu	nadj	kɔ͂t(ə)ny	contents	
le sorcier	nm	sɔʀsje, -jɛʀ	sorcerer, witch	
le fleuve	nm	flœv	river	
la longueur	nf	lɔ͂gœʀ	length	
vider	v	vide	to empty, vacate	
certes	adv	sɛʀt	indeed, certainly, of course	
le thème	nm	tɛm	theme, topic	
le refuge	nm	ʀ(ə)fyʒ	refuge	
le compliment	nm	kɔ͂plimɑ͂	compliment	
la navette	nf	navɛt	shuttle	
la poursuite	nf	puʀsɥit	chase, pursuit	
un ennui	nm	ɑ͂nɥi	the boredom, trouble, worry	
la sauvetage	nm	sov(ə)taʒ	rescue, salvaging	
lutter	v	lyte	to struggle, fight	
le reporter, la reporter	nm,nf,v	ʀ(ə)pɔʀte	to report; to postpone	
britannique	nadj(f)	bʀitanik	British	
le janvier	nm	ʒɑ͂vje	January	
le représentant	nm	ʀ(ə)pʀezɑ͂tɑ͂, ɑ͂t	representative	
ci	adv,pro	si	this one, here	
la référence	nf	ʀefeʀɑ͂s	reference	
détester	v	detɛste	to hate, detest	
le nettoyage	nm	netwajaʒ	cleaning, cleansing	
généralement	adv	ʒeneʀalmɑ͂	generally	
la misère	nf	mizɛʀ	poverty, misery	
une innocence	nf	inɔsɑ͂s	innocence	
la conclusion	nf	kɔ͂klyzjɔ͂	conclusion	
un inverse	nadj(f)	ɛ͂vɛʀs	opposite, reverse	
coller	v	kɔle	to stick, paste	
le plomb	nm	plɔ͂	lead	
noyer	nm,v	nwaje	walnut; to drown, flood, blur, water down	
attacher	v	ataʃe	to attach	
confus	adj(pl)	kɔ͂fy, yz	confused, embarrassed	
insensé	nadj	ɛ͂sɑ͂se	insane; nonsense	
inhabituel	adj	inabitɥɛl	unusual	
le catholique, la catholique	nadj(f)	katɔlik	Catholic	
pêcher	nm,v	peʃe	to fish, go fishing; peach tree	
la marchandise	nf	maʀʃɑ͂diz	merchandise, commodity	
moquer	v	mɔke	to mock, make fun of	
le circuit	nm	siʀkɥi	circuit	
la centaine	nf	sɑ͂tɛn	hundred	
spécialement	adv	spesjalmɑ͂	especially, particularly	
éternel	nadj	etɛʀnɛl	eternal, everlasting	
un hôte	nm	ot	host, guest	
le règne	nm	ʀɛɲ	reign	
un assassinat	nm	asasina	murder, assassination	
fameux	adj(pl)	famø, -øz	famous	
la quarantaine	nf	kaʀɑ͂tɛn	forty	
le relevé	nadj	ʀəl(ə)ve, ʀ(ə)ləve	statement, list; relieved; put in relief; rolled up	
la structure	nf	stʀyktyʀ	structure	
le comptable, la comptable	nadj(f)	kɔ͂tabl	accountant, accountable	
trahir	v	tʀaiʀ	to betray, give away	
temporaire	adj(f)	tɑ͂pɔʀɛʀ	temporary	
le relais	nm(pl)	ʀ(ə)lɛ	shift, relay	
le vif	nadj	vif	lively	
international	nadj	ɛ͂tɛʀnasjɔnal, o	international	
le développement	nm	devlɔpmɑ͂	development	
le carton	nm	kaʀtɔ͂	cardboard, card, score	
impressionner	v	ɛ͂pʀesjɔne	to impress, upset	
boucher	nm,v	buʃe	butcher; to fill in, get clogged up	
dénoncer	v	denɔ͂se	to denounce	
une identification	nf	idɑ͂tifikasjɔ͂	identification	
dégager	v	degaʒe	to free, to clear_	
la génétique	nadj(f)	ʒenetik	genetic	
lent	adj	lɑ͂, lɑ͂t	slow	
le cocktail	nm	kɔktɛl	cocktail, cocktail party	
violer	v	vjɔle	to rape, infringe	
planter	v	plɑ͂te	to plant, pitch	
vain	adj	vɛ͂, vɛn	vain	
la descente	nf	desɑ͂t	descent, raid, downward slope	
le nuage	nm	nɥaʒ	cloud	
la vitre	nf	vitʀ	pane, window_	
la majorité	nf	maʒɔʀite	majority	
pénible	adj(f)	penibl	hard, difficult, painful, tiresome	
une élection	nf	elɛksjɔ͂	election	
le social	nadj	sɔsjal	social	
la confession	nf	kɔ͂fesjɔ͂	confession	
le degré	nm	dəgʀe	degree	
une inspiration	nf	ɛ͂spiʀasjɔ͂	inspiration	
dépêcher	v	depeʃe	to dispatch, send, hurry	
sacrifier	v	sakʀifje	to sacrifice, give away	
le concept	nm	kɔ͂sɛpt	concept	
le banc	nm	bɑ͂	bench, workbench, pew	
un engin	nm	ɑ͂ʒɛ͂	machine, tool, vehicle, device	
la spécialité	nf	spesjalite	specialty	
biologique	adj(f)	bjɔlɔʒik	biological, nature	
surprendre	v	syʀpʀɑ͂dʀ	to surprise	
hurler	v	ˊyʀle	to scream, yell	
un orage	nm	ɔʀaʒ	storm, thunderstorm	
rassembler	v	ʀasɑ͂ble	to gather together	
mordre	v	mɔʀdʀ	to bite, overlap into	
le chantier	nm	ʃɑ͂tje	construction site, roadworks	
pendre	v	pɑ͂dʀ	to hang down	
extrême	nadj(f)	ɛkstʀɛm	extreme	
le dépôt	nm	depo	deposit, depot	
un amateur, une amateur	nm,nf	amatœʀ, -tʀis	amateur	
le commentaire	nm	kɔmɑ͂tɛʀ	comment, remark	
la correction	nf	kɔʀɛksjɔ͂	correction	
la présentation	nf	pʀezɑ͂tasjɔ͂	presentation	
sonner	v	sɔne	to ring	
la flèche	nf	flɛʃ	arrow	
le tournoi	nm	tuʀnwa	tournament	
une ordonnance	nf	ɔʀdɔnɑ͂s	prescription, organisation, edict, ruling	
une élite	nf	elit	elite	
le trajet	nm	tʀaʒɛ	journey, route; traject	
inventer	v	ɛ͂vɑ͂te	to invent	
la pompe	nf	pɔ͂p	pump	
démarrer	v	demaʀe	to start up	
physiquement	adv	fizikmɑ͂	physically	
la requête	nf	ʀəkɛt	request, petition	
habituer	v	abitɥe	to accustom, get used to	
le statut	nm	staty	status	
une augmentation	nf	ɔgmɑ͂tasjɔ͂	the increase,&nbsp;the&nbsp;rise	
développer	v	dev(ə)lɔpe	to develop	
le col	nm	kɔl	collar, mountain pass	
le carnet	nm	kaʀnɛ	notebook, notepad	
la gravité	nf	gʀavite	seriousness, solemnity, graveness, gravity	
craquer	v	kʀake	to creak, squeak, crackle, give in, strike	
la licence	nf	lisɑ͂s	licence, permit	
réunir	v	ʀeyniʀ	to gather, reunite, raise	
la troupe	nf	tʀup	troup, troop	
saluer	v	salɥe	to greet, salute	
le conte	nm	kɔ͂t	tale	
le chiffre	nm	ʃifʀ	figure, number	
la tactique	nadj(f)	taktik	tactics, tactical	
un hommage	nm	ɔmaʒ	homage, tribute	
nier	v	nje	to deny	
commettre	v	kɔmɛtʀ	to commit	
la flamme	nf	flam	flame, fire, fervor, brilliance	
le croisé	nadj	kʀwaze	twill; alternate; crusader; crossed	
un impatient	nadj	ɛ͂pasjɑ͂, jɑ͂t	impatient	
le quai	nm	ke	platform, quay, embankment	
le complot	nm	kɔ͂plo	plot, conspiracy	
consulter	v	kɔ͂sylte	to consult	
ultime	adj(f)	yltim	ultimate; final	
onze	det,nmi	ɔ͂z	eleven	
la poussée	nf	puse	push, rise, upsurge	
accompli	adj	akɔ͂pli	accomplished	
aussitôt	adv	osito	as soon as	
le poète	nm	pɔɛt	poet	
un inconscient	nadj	ɛ͂kɔ͂sjɑ͂	unconscious, thoughtless	
reculer	v	ʀ(ə)kyle	to move back, back up	
ralentir	v	ʀalɑ͂tiʀ	to slow down	
le facteur	nm	faktœʀ	postman, mailman; factor	
le registre	nm	ʀəʒistʀ	log, register, registry	
pâle	adj(f)	pɑl	pale	
la toile	nf	twal	cloth, canvass, web	
le filet	nm	filɛ	dribble, trickle, wisp, streak, thread, fillet, net	
le fardeau	nm	faʀdo	burden	
honorable	adj(f)	ɔnɔʀabl	honorable	
conclure	v	kɔ͂klyʀ	to conclude	
le compagnon	nm	kɔ͂paɲɔ͂	companion, craftsman, journeyman	
fixer	v	fikse	to fix, arrange, set	
le député	nm	depyte	deputy, parliamentary delegate	
le montant	nadj	mɔ͂tɑ͂	upright, upwards, sum, total	
le standard	adji,nm	stɑ͂daʀ	standard, switchboard	
solaire	adj(f)	sɔlɛʀ	solar	
une évolution	nf	evɔlysjɔ͂	evolution	
la maîtrise	nf	metʀiz	mastery, command, control, master’s degree	
un institut	nm	ɛ͂stity	institute	
visiblement	adv	vizibləmɑ͂	obviously, clearly, visibly	
la mairie	nf	meʀi	town hall, city hall	
premièrement	adv	pʀəmjɛʀmɑ͂	firstly	
la civilisation	nf	sivilizasjɔ͂	civilization	
la grille	nf	gʀij	railings, gate, grid, scale	
le chanteur	nadj	ʃɑ͂tœʀ, -øz	singer	
le gré	nm	gʀe	liking	
un investissement	nm	ɛ͂vɛstismɑ͂	investment	
un arrivant	nm	aʀivɑ͂, ɑ͂t	person who arrived	
la discipline	nf	disiplin	discipline	
surprenant	adj	syʀpʀənɑ͂, ɑ͂t	surprising	
attentivement	adv	atɑ͂tivmɑ͂	attentively, carefully, closely	
âgé	adj	ɑʒe	old	
fabriquer	v	fabʀike	to manufacture, invent, make	
la levée	nf	l(ə)ve	raising, levying, levee	
la barrière	nf	baʀjɛʀ	fence, barrier, gate	
considérer	v	kɔ͂sideʀe	to consider	
la disposition	nf	dispozisjɔ͂	arrangement, disposition	
une affiche	nf	afiʃ	poster, public notice, bill	
la correspondance	nf	kɔʀɛspɔ͂dɑ͂s	correspondance, connection	
le trottoir	nm	tʀɔtwaʀ	pavement	
le championnat	nm	ʃɑ͂pjɔna	championship	
soucier	v	susje	to care about, show concern for	
le case, la case	nf	kɑz	box, hut, field	
plonger	v	plɔ͂ʒe	to dive	
automatique	adj(f)	otomatik	automatic	
le perdant	nadj	pɛʀdɑ͂, ɑ͂t	losing, loser	
visuel	adj	vizɥɛl	visual	
décevoir	v	des(ə)vwaʀ	to disappoint	
le renfort	nm	ʀɑ͂fɔʀ	help, back-up, support; reinforce	
le cinquante	det,nmi	sɛ͂kɑ͂t	fifty	
approprié	adj	apʀɔpʀije	appropriate	
artistique	adj(f)	aʀtistik	artistic	
blâmer	v	blɑme	to blame, reprimand	
le brouillard	nm	bʀujaʀ	fog, mist, haze	
le œuf	nm	œf, pl ø]<br>	egg	
analyser	v	analize	to analyse	
marquer	v	maʀke	to mark	
le foudre, la foudre	nf	fudʀ	lightning	
satisfaire	v	satisfɛʀ	to satisfy	
habiter	v	abite	to live (in a place)	
la patrie	nf	patʀi	homeland, home country	
vulnérable	adj(f)	vylneʀabl	vulnerable	
le domestique, la domestique	nadj(f)	dɔmɛstik	servant, domestic	
le ressort	nm	ʀ(ə)sɔʀ	spring; resort; spirit	
un individu	nm	ɛ͂dividy	individual	
allonger	v	alɔ͂ʒe	to lengthen, extend, stretch out	
la difficulté	nf	difikylte	difficulty	
impliquer	v	ɛ͂plike	to imply, implicate; involve	
le marchand	nadj	maʀʃɑ͂, ɑ͂d	merchant	
le rideau	nm	ʀido	curtain	
légèrement	adv	leʒɛʀmɑ͂	lightly, slightly	
la défaite	nf	defɛt	defeat	
dramatique	nadj(f)	dʀamatik	dramatic, tragic, drama	
la détresse	nf	detʀɛs	distress	
typique	nadj(f),nf	tipik	typical	
adopter	v	adɔpte	to adopt	
ennuyer	v	ɑ͂nɥije	to bore, worry, bother	
la toilette	nf	twalɛt	washing, toilet, lavatory, bathroom, restroom	
une insulte	nf	ɛ͂sylt	insult	
la corruption	nf	kɔʀypsjɔ͂	corruption	
fiable	adj(f)	fjabl	reliable, trustworthy	
voire	adv	vwaʀ	if ever; even; indeed	
une allure	nf	alyʀ	speed, pace, walk, look, appearance	
la démocratie	nf	demɔkʀasi	democracy	
rechercher	v	ʀ(ə)ʃɛʀʃe	to search for	
un instrument	nm	ɛ͂stʀymɑ͂	instrument	
pacifique	adj(f)	pasifik	peaceful, peace-loving	
repérer	v	ʀ(ə)peʀe	to spot, pick out; locate, find	
raser	v	ʀɑze	to shave, raze	
un arabe	nadj(f)	aʀab	Arabic, Arab	
transmettre	v	tʀɑ͂smɛtʀ	to forward, transmit	
le désespoir	nm	dezɛspwaʀ	despair	
la fondation	nf	fɔ͂dasjɔ͂	foundation	
souhaiter	v	swete	to wish	
le certificat	nm	sɛʀtifika	certificate	
la fraude	nf	fʀod	fraud	
rapprocher	v	ʀapʀɔʃe	to bring closer, get closer	
le carburant	nadj	kaʀbyʀɑ͂	fuel	
la fusion	nf	fyzjɔ͂	fusion, melting, merging	
secondaire	nadj(f)	s(ə)gɔ͂dɛʀ	secondary	
le février	nm	fevʀije	February	
une amende	nf	amɑ͂d	fine (payment)	
le syndrome	nm	sɛ͂dʀom	syndrome	
le grain	nm	gʀɛ͂	grain, bean, bead; spot, mole	
loyal	adj	lwajal, jo	loyal, faithful	
guider	v	gide	to guide	
vulgaire	nadj(f)	vylgɛʀ	vulgar, common, popular	
la séparation	nf	sepaʀasjɔ͂	separation	
la farce	nf	faʀs	joke, prank, hoax, farce	
gratuitement	adv	gʀatɥitmɑ͂	free, gratuitously	
former	v	fɔʀme	to form	
un héritier	nm	eʀitje, -jɛʀ	heir	
la transmission	nf	tʀɑ͂smisjɔ͂	transmission	
torturer	v	tɔʀtyʀe	to torture	
le rocher	nm	ʀɔʃe	rock, boulder	
un aîné	nadj	ene	oldest	
téléphonique	adj(f)	telefɔnik	telephone	
la profondeur	nf	pʀɔfɔ͂dœʀ	depth	
le triple	nadj(f)	tʀipl	triple	
assassiner	v	asasine	to murder, assassinate	
une édition	nf	edisjɔ͂	publishing, editing, edition	
scolaire	adj(f)	skɔlɛʀ	school, educational, academic	
infiniment	adv	ɛ͂finimɑ͂	infinitely	
la faille	nf	faj	fault	
le délai	nm	delɛ	delay	
le précédent	nadj	pʀesedɑ͂	precedent; previous	
la profession	nf	pʀɔfesjɔ͂	profession	
honorer	v	ɔnɔʀe	to honour, do credit to	
le raciste, la raciste	nadj(f)	ʀasist	racist	
la réplique	nf	ʀeplik	reply, retort; replica	
prévoir	v	pʀevwaʀ	to foresee, anticipate	
la dimension	nf	dimɑ͂sjɔ͂	dimension	
le vice	nm	vis	fault, defect, vice	
sembler	v	sɑ͂ble	to seem	
une angoisse	nf	ɑ͂gwas	distress, anguish, dread, fear	
une ambition	nf	ɑ͂bisjɔ͂	ambition	
une observation	nf	ɔpsɛʀvasjɔ͂	observation	
le vainqueur, la vainqueur	nm,nf	vɛ͂kœʀ	winner	
un aspect	nm	aspɛ	aspect	
surmonter	v	syʀmɔ͂te	to overcome, top, surmount	
repousser	v	ʀ(ə)puse	to push away, postpone	
coopérer	v	kɔɔpeʀe	to cooperate	
grossier	adj	gʀosje, -jɛʀ	unrefined, crude, coarse, rude, rough	
le mineur	nadj	minœʀ	minor; miner	
comparer	v	kɔ͂paʀe	to compare	
la durée	nf	dyʀe	length, duration	
le parcours	nm(pl)	paʀkuʀ	journey, course, route	
le regret	nm	ʀ(ə)gʀɛ	the regret, regretfully	
électronique	nadj(f)	elɛktʀɔnik	electronic	
la faillite	nf	fajit	bankruptcy, collapse, failure	
confidentiel	adj	kɔ͂fidɑ͂sjɛl	confidential	
le missile	nm	misil	missile	
modeste	adj(f)	mɔdɛst	modest	
représenter	v	ʀ(ə)pʀezɑ͂te	to represent	
le chômage	nm	ʃomaʒ	unemployment	
renverser	v	ʀɑ͂vɛʀse	to knock down, turn over, overturn	
alimentaire	adj(f)	alimɑ͂tɛʀ	food	
exister	v	ɛgziste	to exist	
le favori	nadj	favɔʀi	favorite	
dessiner	v	desine	to draw, design	
décoller	v	dekɔle	to take off; to loosen, unstick	
transporter	v	tʀɑ͂spɔʀte	to transport, carry	
exécuter	v	ɛgzekyte	to execute, carry out	
manipuler	v	manipyle	to handle, manipulate	
une impasse	nf	ɛ͂pɑs	dead end, cul-de-sac	
le détenu	nadj	det(ə)ny	prisoner	
le financier	nadj	finɑ͂sje	financial, financier	
une égalité	nf	egalite	equality	
capturer	v	kaptyʀe	to capture, catch	
le béton	nm	betɔ͂	concrete	
le distributeur	nadj	distʀibytœʀ	distributor, machine	
la location	nf	lɔkasjɔ͂	renting	
le score	nm	skɔʀ	score	
la ruine	nf	ʀɥin	ruin, ruins	
la conviction	nf	kɔ͂viksjɔ͂	conviction, belief	
le pacte	nm	pakt	pact, treaty	
le vœu	nm	vø	vow, wish, will	
une éthique	nadj(f)	etik	ethical, ethics	
le troupeau	nm	tʀupo	herd, flock	
une obsession	nf	ɔpsesjɔ͂	obsession	
un emplacement	nm	ɑ͂plasmɑ͂	site, location	
grimper	v	gʀɛ͂pe	to climb, go up	
la proie	nf	pʀwɑ	prey	
le tiers	nadj(pl)	tjɛʀ	third	
le char, la char	nm	ʃaʀ	tank	
le grec	nadj	gʀɛk	Greek	
le prétexte	nadj(f),nm	pʀetɛkst	pretext	
épargner	v	epaʀɲe	to save, spare	
la démonstration	nf	demɔ͂stʀasjɔ͂	demonstration	
outre	adv,prep	utʀ	besides	
une invasion	nf	ɛ͂vɑzjɔ͂	invasion	
dorénavant	adv	dɔʀenavɑ͂	from now on, henceforth	
valable	adj(f)	valabl	valid	
le barrage	nm	baʀaʒ	barrier, obstruction, dam, roadblock	
la commune	nf	kɔmyn	locality; common, joint	
le latin	nadj	latɛ͂	Latin	
la récolte	nf	ʀekɔlt	harvest, crop	
le diagnostic	nm	djagnɔstik	diagnosis	
un isolé	nadj	izɔle	remote, isolated, insolated	
démissionner	v	demisjɔne	to resign	
le peintre, la peintre	nm	pɛ͂tʀ	painter	
la messe	nf	mɛs	mass	
la confusion	nf	kɔ͂fyzjɔ͂	confusion, mix-up	
chimique	adj(f)	ʃimik	chemical	
le maigre	nadj(f)	mɛgʀ	thin, skinny, slim, lean	
franchir	v	fʀɑ͂ʃiʀ	to get over	
pointer	nm,v	pwɛ͂te	to mark off, clock in, clock out, aim	
la violation	nf	vjɔlasjɔ͂	violation, transgression	
la vertu	nf	vɛʀty	virtue	
raccrocher	v	ʀakʀɔʃe	to hang up	
mexicain	nadj	mɛksikɛ͂, ɛn	Mexican	
inscrire	v	ɛ͂skʀiʀ	to register, write down	
le religieux	nadj(pl)	ʀ(ə)liʒjø	religious	
le stock	nm	stɔk	stock, to supply	
séduire	v	sedɥiʀ	to seduce, charm, captivate, appeal to	
explorer	v	ɛksplɔʀe	to explore, investigate, examine	
fondre	v	fɔ͂dʀ	to melt, merge	
primaire	nadj(f)	pʀimɛʀ	primary	
une assistance	nf	asistɑ͂s	attendance, assistance	
le rappel	nm	ʀapɛl	reminder, summary, recall, return, remember	
sympathique	nadj(f)	sɛ͂patik	likeable, nice, pleasant person	
le passager	nadj	pɑsaʒe, -ɛʀ	passenger, temporary	
stopper	v	stɔpe	to stop, halt	
le soulagement	nm	sulaʒmɑ͂	relief	
déclarer	v	deklaʀe	to declare	
instable	adj(f)	ɛ͂stabl	unstable	
le plancher	nm,v	plɑ͂ʃe	floor	
inévitable	adj(f)	inevitabl	unavoidable, inevitable	
justifier	v	ʒystifje	to justify	
la confirmation	nf	kɔ͂fiʀmasjɔ͂	confirmation	
la séquence	nf	sekɑ͂s	sequence	
le voisinage	nm	vwazinaʒ	neighborhood	
insupportable	adj(f)	ɛ͂sypɔʀtabl	intolerable	
préserver	v	pʀezɛʀve	to preserve	
la performance	nf	pɛʀfɔʀmɑ͂s	performance	
dépasser	v	depɑse	to pass, go beyond	
le souhait	nm	swɛ	wish	
le dispositif	nm	dispozitif	device, apparatus	
rude	nadj(f)	ʀyd	rough, harsh, hard, tough	
sévère	adj(f)	sevɛʀ	severe	
la baie	nf	bɛ	bay; berry	
manifestement	adv	manifɛstəmɑ͂	manifestly, clearly	
la concentration	nf	kɔ͂sɑ͂tʀasjɔ͂	concentration	
le privilège	nm	pʀivilɛʒ	privilege	
humide	adj(f)	ymid	moist, damp, humid, wet	
exceptionnel	nadj	ɛksɛpsjɔnɛl	exceptional	
la préparation	nf	pʀepaʀasjɔ͂	preparation	
le réservoir	nm	ʀezɛʀvwaʀ	tank, reservoir	
le montage	nm	mɔ͂taʒ	assembly, setting, pitching, putting, editing	
le sixième, la sixième	det,nm,nf	sizjɛm	sixth	
le rebelle	nadj(f)	ʀəbɛl	rebel, rebellious	
le pneu	nm	pnø	tire	
naître	v	nɛtʀ	to be born	
divin	adj,nm	divɛ͂, in	divine, heavenly	
menacer	v	mənase	to threaten	
le charbon	nm	ʃaʀbɔ͂	coal	
la coopération	nf	kɔɔpeʀasjɔ͂	cooperation	
une invention	nf	ɛ͂vɑ͂sjɔ͂	invention	
néanmoins	adv,conj	neɑ͂mwɛ͂	nevertheless	
une expédition	nf	ɛkspedisjɔ͂	dispatch, shipping, shipment, expedition	
raide	adj(f)	ʀɛd	stiff, straight	
le pompier	adj,nm	pɔ͂pje	fireman, firefighter	
déclencher	v	deklɑ͂ʃe	to trigger, release, unleash	
la détente	nf	detɑ͂t	release, relaxation, loosening	
la philosophie	nf	filɔzɔfi	philosophy	
la croisière	nf	kʀwazjɛʀ	cruise	
une adoption	nf	adɔpsjɔ͂	adoption, passing	
une évaluation	nf	evalɥasjɔ͂	evaluation	
un attentat	nm	atɑ͂ta	attack, assassination attempt	
une altitude	nf	altityd	altitude, height	
authentique	adj(f)	otɑ͂tik	genuine, authentic	
publier	v	pyblije	to publish	
le capital	nadj	kapital, o	major, chief, principal; capital, assets	
le paiement	nm	pɛmɑ͂	payment	
humble	adj(f)	œ͂bl	humble, lowly	
un office	nm	ɔfis	office, bureau	
le fermier	nadj	fɛʀmje, -jɛʀ	farmer	
la photographie	nf	fɔtɔgʀafi	photography	
le communiste, la communiste	nadj(f)	kɔmynist	communist	
une hypothèse	nf	ipɔtɛz	hypothesis	
le calendrier	nm	kalɑ͂dʀije	calendar	
le mental	nadj	mɑ͂tal	mental	
ressortir	v	ʀ(ə)sɔʀtiʀ	to go out again, come out again, take out again	
psychologique	adj(f)	psikolɔʒik	psychological	
investir	v	ɛ͂vɛstiʀ	to invest	
régulièrement	adv	ʀegyljɛʀmɑ͂	regularly	
exposer	v	ɛkspoze	to display, exhibit, expose	
le musicien	nadj	myzisjɛ͂, jɛn	musician	
via	prep	vja	via	
le plume, la plume	nm,nf	plym	feather	
la substance	nf	sypstɑ͂s	substance	
la chimie	nf	ʃimi	chemistry	
assumer	v	asyme	to assume	
un agenda	nm	aʒɛ͂da	diary, planner	
le moine	nm	mwan	monk, friar	
actuel	adj	aktɥɛl	current, present	
le refus	nm(pl)	ʀ(ə)fy	refusal	
habituel	adj	abitɥɛl	customary, habitual	
renseigner	v	ʀɑ͂seɲe	to give information, get information	
la suggestion	nf	sygʒɛstjɔ͂	suggestion	
le réaliste, la réaliste	nadj(f)	ʀealist	realist, realistic	
familial	adj	familjal, jo	family	
féliciter	v	felisite	to congratulate	
le stage	nm	staʒ	internship, training course	
un abus	nm(pl)	aby	abuse, misuse, breach	
le carré	nadj	kaʀe	square, broad, plain	
juridique	adj(f)	ʒyʀidik	legal, judicial	
vaste	adj(f)	vast	vast, immense	
relâcher	v	ʀ(ə)lɑʃe	to loosen, release, let go	
un établissement	nm	etablismɑ͂	establishment, organization	
un achat	nm	aʃa	the purchase	
la proximité	nf	pʀɔksimite	proximity, nearness, closeness	
atroce	adj(f)	atʀɔs	atrocious	
redevenir	v	ʀəd(ə)vəniʀ, ʀ(ə)dəv(ə)niʀ	to become again	
le cycle	nm	sikl	cycle	
une immigration	nf	imigʀasjɔ͂	immigration	
débarquer	v	debaʀke	to unload, land, disembark	
une alimentation	nf	alimɑ͂tasjɔ͂	diet, food, groceries, supply	
le recours	nm(pl)	ʀ(ə)kuʀ	resort, recourse	
une inspection	nf	ɛ͂spɛksjɔ͂	inspection	
le coton	nm	kɔtɔ͂	cotton	
le féminin	nadj	feminɛ͂	feminine	
intégrer	v	ɛ͂tegʀe	to integrate	
le créateur	nadj	kʀeatœʀ, -tʀis	creator	
comporter	v	kɔ͂pɔʀte	to comprise, include; to behave	
prononcer	v	pʀɔnɔ͂se	to pronounce	
étouffer	v	etufe	to suffocate, smother, muffle	
maîtriser	v	metʀize	to control, overcome, master	
supprimer	v	sypʀime	to remove, withdraw_	
insulter	v	ɛ͂sylte	to insult	
une ironie	nf	iʀɔni	irony	
habituellement	adv	abitɥɛlmɑ͂	usually, generally	
envisager	v	ɑ͂vizaʒe	to view, contemplate	
le régiment	nm	ʀeʒimɑ͂	regiment	
transférer	v	tʀɑ͂sfeʀe	to transfer	
le vapeur, la vapeur	nm,nf	vapœʀ	vapor, steam, steamship	
décrocher	v	dekʀɔʃe	to take down, take off, pick up, lift	
un éditeur	nm	editœʀ	publisher, editor	
imposer	v	ɛ͂poze	to impose	
la guise	nf	giz	wish; like, by way of	
un écho	nm	eko	echo	
pénétrer	v	penetʀe	to penetrate	
la tonne	nf	tɔn	ton	
le comique	nadj(f)	kɔmik	comical; comic, comedian	
formé	nm	fɔʀme	formed	
la colonie	nf	kɔlɔni	colony	
élégant	adj	elegɑ͂, ɑ͂t	elegant, stylish	
rigoler	v	ʀigɔle	to laugh,	
un obstacle	nm	ɔpstakl	obstacle	
le confort	nm	kɔ͂fɔʀ	comfort	
obliger	v	ɔbliʒe	to require, force, oblige	
imaginaire	nadj(f)	imaʒinɛʀ	imaginary	
revivre	v	ʀ(ə)vivʀ	to live again, come back life, revive	
céder	v	sede	to give up, give way	
un acheteur	nm	aʃtœʀ, -øz	buyer, purchaser	
échouer	v	eʃwe	to fail	
la littérature	nf	liteʀatyʀ	literature	
embarquer	v	ɑ͂baʀke	to embark, board, take on board, load	
la démission	nf	demisjɔ͂	resignation	
le coude	nm	kud	elbow	
la permanence	nf	pɛʀmanɑ͂s	permanence, duty, service	
mentionner	v	mɑ͂sjɔne	to mention	
repasser	v	ʀ(ə)pɑse	to cross again, retake, show again, iron	
la conséquence	nf	kɔ͂sekɑ͂s	consequence	
la réflexion	nf	ʀeflɛksjɔ͂	reflection	
le ski	nm	ski	ski, skiing	
le bœuf	nm	bœf, bø	ox, steer, beef	
la sûreté	nf	syʀte	safety, reliability	
le phénomène	nm	fenɔmɛn	phenomenon	
soulever	v	sul(ə)ve	to lift up	
déterminé	nadj	detɛʀmine	determined, resolute, specific	
le logiciel	nm	lɔʒisjɛl	software, program, application	
une étiquette	nf	etikɛt	label, ticket, etiquette, sticker, tag	
la coupure	nf	kupyʀ	the cut,&nbsp;the&nbsp;cutting	
la clôture	nf	klotyʀ	enclosure; termination, closure	
la prudence	nf	pʀydɑ͂s	prudence, care, caution	
apparaître	v	apaʀɛtʀ	to appear	
procéder	v	pʀɔsede	to proceed	
mériter	v	meʀite	to deserve, merit	
une intégrité	nf	ɛ͂tegʀite	integrity	
un actif	nadj	aktif	active	
un enthousiasme	nm	ɑ͂tuzjasm	enthusiasm, enthusiastically	
un atout	nm	atu	trump, asset	
le calcul	nm	kalkyl	calculation	
le volume	nm	vɔlym	volume	
une alternative	nf	altɛʀnativ	alternative, choice	
adapter	v	adapte	to adapt	
la condamnation	nf	kɔ͂dɑnasjɔ͂	condemnation	
une utilisation	nf	ytilizasjɔ͂	the use	
une apparition	nf	apaʀisjɔ͂	appearance, apparition	
le chrétien	nadj	kʀetjɛ͂, jɛn	Christian	
encourager	v	ɑ͂kuʀaʒe	to encourage	
soulager	v	sulaʒe	to relieve, soothe, ease	
entretenir	v	ɑ͂tʀət(ə)niʀ	to maintain	
la définition	nf	definisjɔ͂	definition	
gai	adj	ge, gɛ	cheerful, merry, gay	
supplémentaire	adj(f)	syplemɑ͂tɛʀ	additional	
un arbitre, une arbitre	nm,nf	aʀbitʀ	referee, arbitrer, arbitrator	
spatial	adj	spasjal, jo	spatial, space	
honteux	adj(pl)	ˊɔ͂tø, -øz	ashamed, shameful	
la gestion	nf	ʒɛstjɔ͂	management	
économiser	v	ekɔnɔmize	to save, save on, conserve	
nuire	v	nɥiʀ	to harm	
le retrait	nadj	ʀ(ə)tʀɛ	the withdrawal	
un éclat	nm	ekla	splinter, fragment, brightness, burst	
mécanique	adj(f)	mekanik	mechanical	
un architecte, une architecte	nm,nf	aʀʃitɛkt	architect	
une épidémie	nf	epidemi	epidemic	
le mou	adj,nm	mu	soft	
déchirer	v	deʃiʀe	to tear up, tear, rip	
la richesse	nf	ʀiʃɛs	wealth, richness	
une indépendance	nf	ɛ͂depɑ͂dɑ͂s	independence	
la dépense	nf	depɑ͂s	expense, expenditure	
le sportif	nadj	spɔʀtif, -iv	sports, athletic, competitive	
reprocher	v	ʀ(ə)pʀɔʃe	to blame, reproach	
un exemplaire	nadj(f)	ɛgzɑ͂plɛʀ	exemplary; copy	
la catégorie	nf	kategɔʀi	category	
le terrorisme	nm	teʀɔʀism	terrorism	
une assemblée	nf	asɑ͂ble	assembly, meeting	
un égard	nm	egaʀ	consideration, respect, regard	
le mètre	nm	mɛtʀ	meter	
le décor	nm	dekɔʀ	scenery, décor, set	
un horizon	nm	ɔʀizɔ͂	horizon, skyline	
épouvantable	adj(f)	epuvɑ͂tabl	terrible, appalling, dreadful	
la grandeur	nf	gʀɑ͂dœʀ	size, greatness	
écarter	v	ekaʀte	to separate, move apart, keep away	
agressif	nadj	agʀesif, -iv	aggressive	
le prophète	nm	pʀɔfɛt, pʀɔfetɛs	prophet	
aérien	adj	aeʀjɛ͂, jɛn	aerial	
une initiative	nf	inisjativ	initiative	
garantir	v	gaʀɑ͂tiʀ	to guarantee	
noter	v	nɔte	to note, notice	
le logement	nm	lɔʒmɑ͂	accommodation	
bloquer	v	blɔke	to block	
muet	nadj	mɥɛ, mɥɛt	mute, silent, dumb	
le semestre	nm	s(ə)mɛstʀ	semester, six-month period	
le brutal	nadj	bʀytal, o	brutal	
quelquefois	adv	kɛlkəfwa	sometimes	
plaisanter	v	plɛzɑ͂te	to joke	
le mythe	nm	mit	myth	
parvenir	v	paʀvəniʀ	to reach, achieve	
un optimiste, une optimiste	nadj(f)	ɔptimist	optimistic	
la représentation	nf	ʀ(ə)pʀezɑ͂tasjɔ͂	representation	
le fouet	nm	fwɛ	whip	
économique	nadj(f)	ekɔnɔmik	economic, economical	
enfoncer	v	ɑ͂fɔ͂se	to ram, drive in, hammer in, sink in	
haïr	v	ˊaiʀ	to detest, hate, abhor	
la racine	nf	ʀasin	root	
la patte	nf	pat	paw, foot, leg	
posséder	v	pɔsede	to possess, own, have	
un outil	nm	uti	tool	
le reportage	nm	ʀ(ə)pɔʀtaʒ	report, reporting	
récent	adj	ʀesɑ͂, ɑ͂t	recent	
la constitution	nf	kɔ͂stitysjɔ͂	constitution	
contenir	v	kɔ͂t(ə)niʀ	to contain	
doubler	v	duble	to double, pass; to dub	
pleuvoir	v	pløvwaʀ	to rain	
la certitude	nf	sɛʀtityd	certainty	
le conséquent	nadj	kɔ͂sekɑ͂, ɑ͂t	logical, rational, consistent	
adresser	v	adʀese	to address	
le bilan	nm	bilɑ͂	balance sheet, outcome	
gravement	adv	gʀavmɑ͂	seriously, solemnly, gravely	
un argument	nm	aʀgymɑ͂	argument	
la banlieue	nf	bɑ͂ljø	suburbs, outskirts	
le curé	nm	kyʀe	parish priest	
la convention	nf	kɔ͂vɑ͂sjɔ͂	agreement, convention	
un excès	nm(pl)	ɛksɛ	excess, surplus, abuse	
le rassemblement	nm	ʀasɑ͂bləmɑ͂	gathering, collecting, assembling	
souffler	v	sufle	to blow, puff	
accélérer	v	akseleʀe	to speed up, accelerate	
le quotidien	nadj	kɔtidjɛ͂	daily	
encaisser	v	ɑ͂kese	to receive, collect, cash	
jurer	v	ʒyʀe	to swear	
ironique	adj(f)	iʀɔnik	ironic	
croiser	v	kʀwaze	to cross	
le paysage	nm	peizaʒ	landscape, scenery, countryside	
la province	nf	pʀɔvɛ͂s	province	
spirituel	nadj	spiʀitɥɛl	witty, spiritual, sacred	
supplier	v	syplije	to beg, implore	
mesurer	v	məzyʀe	to measure	
le convoi	nm	kɔ͂vwa	convoy, train	
touchant	adj,prep	tuʃɑ͂	with regard to, concerning, touching, moving	
la psychologie	nf	psikolɔʒi	psychology	
un isolement	nm	izɔlmɑ͂	loneliness, isolation, insulation	
contenter	v	kɔ͂tɑ͂te	to satisfy, please	
la perspective	nf	pɛʀspɛktiv	perspective, viewpoint	
la discrétion	nf	diskʀesjɔ͂	discretion	
largement	adv	laʀʒəmɑ͂	widely	
modifier	v	mɔdifje	to modify, adjust	
le visiteur	nm	vizitœʀ, -øz	visitor	
une obligation	nf	ɔbligasjɔ͂	obligation, bond	
la pâte	nf	pɑt	paste, dough, pasta	
le combattant	adj,nm	kɔ͂batɑ͂, ɑ͂t	fighter	
percer	v	pɛʀse	to pierce, drill, break into	
corriger	v	kɔʀiʒe	to correct	
le contexte	nm	kɔ͂tɛkst	context	
poster	nm,v	pɔste	poster; to post, mail	
la conception	nf	kɔ͂sɛpsjɔ͂	conception	
le dépit	nm	depi	spite, heartache	
le bassin	nm	basɛ͂	bowl, basin	
le continent	adj,nm	kɔ͂tinɑ͂	continent	
la fiction	nf	fiksjɔ͂	fiction	
le trait	nm	tʀɛ	line, feature	
le tournant	adj,nm	tuʀnɑ͂	revolving, swivel, encircling, bend, turning point	
une avancée	nf	avɑ͂se	advanced, overhung	
le mouton	nadj	mutɔ͂	sheep	
le croyant	nadj	kʀwajɑ͂, jɑ͂t	believer	
la croissance	nf	kʀwasɑ͂s	growth	
le commencement	nm	kɔmɑ͂smɑ͂	beginning, start	
la compréhension	nf	kɔ͂pʀeɑ͂sjɔ͂	understanding, comprehension	
le porteur	nm	pɔʀtœʀ, -øz	carrier, holder	
la réduction	nf	ʀedyksjɔ͂	reduction	
le triomphe	nm	tʀijɔ͂f	triumph	
fortement	adv	fɔʀtəmɑ͂	strongly	
piloter	v	pilɔte	to fly, pilot, drive	
le majeur	nadj	maʒœʀ	major	
vanter	v	vɑ͂te	to vaunt, boast, brag	
viser	v	vize	to aim	
le flux	nm(pl)	fly	flow	
le nœud	nm	nø	knot	
municipal	adj	mynisipal, o	municipal	
la distribution	nf	distʀibysjɔ͂	distribution	
le renseignement	nm	ʀɑ͂sɛɲmɑ͂	information	
la fidélité	nf	fidelite	loyalty, faithfulness, accuracy, reliability	
la trêve	nf	tʀɛv	truce	
secouer	v	s(ə)kwe	to shake	
le bijou	nm	biʒu	jewel	
la satisfaction	nf	satisfaksjɔ͂	satisfaction	
toutefois	adv,conj	tutfwa	however	
la concurrence	nf	kɔ͂kyʀɑ͂s	competition	
visible	adj(f)	vizibl	visible, obvious	
la signification	nf	siɲifikasjɔ͂	significance	
suggérer	v	sygʒeʀe	to suggest	
le survivant	nadj	syʀvivɑ͂, ɑ͂t	survivor, surviving	
le vieillard	nm	vjɛjaʀ	old man	
nommer	v	nɔme	to call, name, appoint	
un horaire	nadj(f)	ɔʀɛʀ	schedule, timetable, hourly	
le réacteur	nm	ʀeaktœʀ	reactor, jet engine	
rétablir	v	ʀetabliʀ	to restore, re-establish	
le bénéfice	nm	benefis	benefit, profit	
un organisme	nm	ɔʀganism	organism	
condamner	v	kɔ͂dɑne	to condemn	
librement	adv	libʀəmɑ͂	freely	
une harmonie	nf	aʀmɔni	harmony	
défaire	v	defɛʀ	to undo, dismantle, strip, break up	
la diffusion	nf	difyzjɔ͂	diffusion, spreading, circulation	
le visa	nm	viza	visa, stamp	
la déception	nf	desɛpsjɔ͂	disappointment, let-down	
le milliard	nm	miljaʀ	billion, thousand million	
envoler	v	ɑ͂vɔle	to fly away, fly off, take off	
la générosité	nf	ʒeneʀozite	generosity, generously	
plaider	v	plede	to plead	
reproduire	v	ʀ(ə)pʀɔdɥiʀ	to reproduce, repeat	
deuxièmement	adv	døzjɛmmɑ͂	secondly	
le péril	nm	peʀil	peril	
le tremblement	nm	tʀɑ͂bləmɑ͂	shiver, trembling, shaking	
rassurer	v	ʀasyʀe	to reassure, calm down	
romain	adj	ʀɔmɛ͂, ɛn	Roman	
toxique	nadj(f)	tɔksik	toxic, toxin	
la vérification	nf	veʀifikasjɔ͂	check, verification	
le reproche	nm	ʀ(ə)pʀɔʃ	reproach	
le protecteur	nadj	pʀɔtɛktœʀ, -tʀis	protective, protector, guardian	
presser	v	pʀese	to squeeze, press	
une impatience	nf	ɛ͂pasjɑ͂s	impatience	
verser	v	vɛʀse	to pour, deposit, shed	
un infini	nadj	ɛ͂fini	inifinite, infinity	
amical	adj	amikal, o	friendly	
flou	adj	flu	blurred, fuzzy, vague	
le danseur	nm	dɑ͂sœʀ	dancer	
semer	v	s(ə)me	to sow, scatter, spread	
appliquer	v	aplike	to apply	
indiquer	v	ɛ͂dike	to indicate, signal	
un acquis	nadj(pl)	aki	acquired, experience	
le sinistre	nadj(f)	sinistʀ	disaster, sinister	
jadis	adv	ʒadis	formerly, long ago	
supposer	v	sypoze	to suppose, assume	
le climat	nm	klima	climate	
soviétique	nadj(f)	sɔvjetik	Soviet	
un intermédiaire, une intermédiaire	nadj(f)	ɛ͂tɛʀmedjɛʀ	intermediate, intermediary	
le séminaire	nm	seminɛʀ	seminar, seminary	
principalement	adv	pʀɛ͂sipalmɑ͂	principally, mainly, primarily	
conserver	v	kɔ͂sɛʀve	to keep, preserve	
quarante	det,nmi	kaʀɑ͂t	forty	
le bulletin	nm	byltɛ͂	bulletin, report	
un extrait	nm	ɛkstʀɛ	extract, excerpt	
défier	v	defje	to challenge, defy, distrust	
boucler	v	bukle	to fasten, loop, resolve	
la pauvreté	nf	povʀəte	poverty	
une embauche	nf	ɑ͂boʃ	job vacancy, hiring	
le recul	nm	ʀ(ə)kyl	backward movement, setback, slip	
valoir	v	valwaʀ	to be worth	
la précision	nf	pʀesizjɔ͂	precision	
indispensable	adj(f)	ɛ͂dispɑ͂sabl	essential	
harceler	v	ˊaʀsəle	to harass, plague	
le comble	nadj(f)	kɔ͂bl	despair; summit, overmeasure; roof	
le cliché	nm	kliʃe	cliché; negative	
anormal	nadj	anɔʀmal, o	abnormal	
crédible	adj(f)	kʀedibl	credible	
un ouvrier	nadj	uvʀije, -jɛʀ	worker	
procurer	v	pʀɔkyʀe	to get, bring	
une installation	nf	ɛ͂stalasjɔ͂	installation, setup	
la révélation	nf	ʀevelasjɔ͂	diclosure, revelation	
un immédiat	nadj	imedja	immediate	
introduire	v	ɛ͂tʀɔdɥiʀ	to introduce	
hostile	adj(f)	ɔstil	hostile	
le préfet	nm	pʀefɛ	prefect	
insister	v	ɛ͂siste	to insist	
soumettre	v	sumɛtʀ	to submit	
une inscription	nf	ɛ͂skʀipsjɔ͂	registration, enrolment; engraving	
épais	adj(pl),adv	epɛ, ɛs	thick, pitch dark, thickly	
anéantir	v	aneɑ͂tiʀ	to annihilate, wipe out, ruin, vanish	
lier	v	lje	to link, join	
embaucher	v	ɑ͂boʃe	to hire	
étendre	v	etɑ͂dʀ	to spread out, stretch out	
citer	v	site	to quote	
la marée	nf	maʀe	tide	
indépendant	nadj	ɛ͂depɑ͂dɑ͂	independent	
le culte	nm	kylt	worship, cult	
le mépris	nm(pl)	mepʀi	contempt, scorn, disdain	
une utilité	nf	ytilite	use, usefulness,	
emmerder	v	ɑ͂mɛʀde	to bug, bother	
préférable	adj(f)	pʀefeʀabl	preferable	
une épargne	nf	epaʀɲ	savings, saving	
la sympathie	nf	sɛ͂pati	liking, warmth, friendship, sympathie	
bancaire	adj(f)	bɑ͂kɛʀ	banking	
un exclu, une exclu	nm,adj	ɛkskly	outcast	
aborder	v	abɔʀde	to reach, approach	
la motivation	nf	mɔtivasjɔ͂	motivation, application	
la gamme	nf	gam	range, scale	
massacrer	v	masakʀe	to slaughter, massacre	
conquérir	v	kɔ͂keʀiʀ	to conquer	
suffire	v	syfiʀ	to be sufficient, suffice	
le pavillon	nm	pavijɔ͂	country house, villa, wing pavilliion, flag	
jouir	v	ʒwiʀ	to enjoy	
exercer	v	ɛgzɛʀse	to exercise, exert, practise, carry out	
tenant	nadj	tənɑ͂, ɑ͂t	tenant; incumbent, holder	
plier	v	plije	to fold, fold up, fold back, bend	
une application	nf	aplikasjɔ͂	application	
la librairie	nf	libʀeʀi	bookstore, bookshop	
une opposition	nf	ɔpozisjɔ͂	opposition	
atomique	adj(f)	atɔmik	atomic	
convenable	adj(f)	kɔ͂vnabl	suitable, appropriate, correct, proper, acceptable	
la précaution	nf	pʀekosjɔ͂	precaution	
la contribution	nf	kɔ͂tʀibysjɔ͂	contribution	
volontairement	adv	vɔlɔ͂tɛʀmɑ͂	voluntarily, willingly	
asiatique	nadj(f)	azjatik	Asian	
le communiqué	nm	kɔmynike	communiqué, release, statement	
répandre	v	ʀepɑ͂dʀ	to spread, spill	
passionnant	adj	pasjɔnɑ͂, ɑ͂t	fascinating, exciting	
rejeter	v	ʀ(ə)ʒəte, ʀəʒ(ə)te	to reject	
le semblable, la semblable	nadj(f)	sɑ͂blabl	similar	
reconstruire	v	ʀ(ə)kɔ͂stʀɥiʀ	to rebuild, reconstruct	
le poumon	nm	kœʀpumɔ͂	lung	
distribuer	v	distʀibɥe	to distribute, give out	
pratiquer	v	pʀatike	to practice	
le banquier	nm	bɑ͂kje, -jɛʀ	banker	
le globe	nm	glɔb	globe	
achever	v	aʃ(ə)ve	to complete, finish, end	
le repère	nm	ʀ(ə)pɛʀ	reference, benchmark, landmark	
équitable	adj(f)	ekitabl	equitable, fair	
admirer	v	admiʀe	to admire	
la tranche	nf	tʀɑ͂ʃ	slice, edge, section, bracket, slot	
la thèse	nf	tɛz	thesis, argument	
un orgueil	nm	ɔʀgœj	pride	
baigner	v	beɲe	to bathe, wash, get a bath, go for a swim	
le millier	nm	milje	thousand	
briller	v	bʀije	to shine	
ambitieux	nadj(pl)	ɑ͂bisjø, -jøz	ambitious, man with ambition	
le cheveu	nm	ʃ(ə)vø	hair	
une onde	nf	ɔ͂d	wave	
inacceptable	adj(f)	inaksɛptabl	unacceptabe	
un explosif	nadj	ɛksplozif	explosive	
la distorsion	nf	distɔʀsjɔ͂	distortion	
le septième, la septième	det,nm,nf	sɛtjɛm	seventh	
la bulle	nf	byl	bubble	
une ignorance	nf	iɲɔʀɑ͂s	ignorance	
inattendu	adj	inatɑ͂dy	unexpected	
la franchise	nf	fʀɑ͂ʃiz	frankness, exemption, duty-free, franchise, deductible	
évaluer	v	evalɥe	to evaluate	
similaire	adj(f)	similɛʀ	similar	
un itinéraire	nadj(f)	itineʀɛʀ	itinerary, route	
disposer	v	dispoze	to arrange, set	
extraire	v	ɛkstʀɛʀ	to extract, mine, quarry, pull out, remove	
allié	nadj	alje	allied; ally	
fréquenter	v	fʀekɑ͂te	to frequent, go around with	
la citation	nf	sitasjɔ͂	quote, quotation, citation	
détourner	v	detuʀne	to redirect	
le reflet	nm	ʀ(ə)flɛ	reflection, glint, highlight	
le lecteur	nm	lɛktœʀ	reader	
le nazi	nadj	nazi	Nazi	
tracer	v	tʀase	to draw, write, mark out	
la cote	nf	kɔt	rating, share index, quoted value	
éclairer	v	ekleʀe	to light up	
la vingtaine	nf	vɛ͂tɛn	about twenty	
le révolutionnaire, la révolutionnaire	nadj(f)	ʀevɔlysjɔnɛʀ	revolutionary	
un aire, une aire	nf	ɛʀ	surface, area	
mélanger	v	melɑ͂ʒe	to mix, mix up, confuse	
naïf	nadj	naif, naiv	naïve, innocent	
méfier	v	mefje	to distrust, mistrust	
le phare	nm	faʀ	lighthouse, headlight	
un adolescent	nm	adɔlesɑ͂, ɑ͂t	teenager, adolescent	
le coût	nm	ku	cost	
le gène	nm	ʒɛn	gene	
la session	nf	sesjɔ͂	session	
un envoi	nm	ɑ͂vwa	sending, dispatching	
la consultation	nf	kɔ͂syltasjɔ͂	consultation	
un universitaire, une universitaire	nadj(f)	ynivɛʀsitɛʀ	university, academic	
exploiter	v	ɛksplwate	to exploit	
absolu	nadj	apsɔly	absolute	
creux	nadj(pl)	kʀø	hollow, empty, hole	
la notion	nf	nosjɔ͂	notion	
prétendu	nadj	pʀetɑ͂dy	so-called, alleged	
bâtir	v	bɑtiʀ	to build	
découper	v	dekupe	to carve, cut,	
spécifique	adj(f)	spesifik	specific	
contourner	v	kɔ͂tuʀne	to bypass, go round	
un enseignement	nm	ɑ͂sɛɲ(ə)mɑ͂	education, teaching	
la coutume	nf	kutym	custom	
une étendue	nf	etɑ͂dy	area, expanse, duration, extent, range	
ôter	v	ote	to remove, take away, take off, take out	
le blond	nadj	blɔ͂	blond, fair-haired	
un infirmier	nadj	ɛ͂fiʀmje, -jɛʀ	nurse	
barrer	v	baʀe	to close, block, bar, cross	
un entrepreneur	nm	ɑ͂tʀəpʀənœʀ, -øz	contractor, entrepreneur	
permanent	adj	pɛʀmanɑ͂	permanent	
la devise	nf	d(ə)viz	currency, motto, slogan	
identique	adj(f)	idɑ͂tik	identical	
la réparation	nf	ʀepaʀasjɔ͂	repair, repairing, correction, compensation	
musical	adj	myzikal, o	musical	
la prostitution	nf	pʀɔstitysjɔ͂	prostitution	
banal	adj	banal	banal, trite, commonplace, ordinary	
le cordon	nm	kɔʀdɔ͂	cord, string, lead	
critiquer	v	kʀitike	to criticize	
seize	det,nmi	sɛz	sixteen	
la brèche	nf	bʀɛʃ	breach, gap	
un appui	nm	apɥi	support	
une entrevue	nf	ɑ͂tʀəvy	meeting, interview	
inculper	v	ɛ͂kylpe	to charge	
financer	v	finɑ͂se	to finance	
persuader	v	pɛʀsɥade	to convince, persuade	
la candidature	nf	kɑ͂didatyʀ	application, candidacy, candidature	
la cruauté	nf	kʀyote	cruelty	
unir	v	yniʀ	to unite	
la transaction	nf	tʀɑ͂zaksjɔ͂	transaction	
le fondé, la fondé	adj,nm,nf	fɔ͂de	founded, justified; agent, clerk	
un amendement	nm	amɑ͂dmɑ͂	amendment	
une atteinte	nf	atɛ͂t	reach; attack, blow	
fatal	adj	fatal	fatal, deadly, fateful	
isoler	v	izɔle	to isolate, insulate	
traduire	v	tʀadɥiʀ	to translate	
la vitrine	nf	vitʀin	window, display cabinet	
le correspondant	nadj	kɔʀɛspɔ͂dɑ͂, ɑ͂t	correspondent	
une approbation	nf	apʀɔbasjɔ͂	approval	
mondial	adj	mɔ͂djal	world, global	
la transition	nf	tʀɑ͂zisjɔ͂	transition	
le consentement	nm	kɔ͂sɑ͂tmɑ͂	consent	
le parlement	nm	paʀləmɑ͂	parliament	
spectaculaire	adj(f)	spɛktakylɛʀ	spectacular	
le pêcheur	nadj	pɛʃœʀ, -øz	fisherman	
le détour	nm	detuʀ	bend, curve, detour	
terrestre	adj(f)	teʀɛstʀ	land, earth	
une institution	nf	ɛ͂stitysjɔ͂	institution	
le polonais	nadj(pl)	pɔlɔnɛ	Polish	
immobile	adj(f)	i(m)mɔbil	still, motionless	
la tentation	nf	tɑ͂tasjɔ͂	temptation	
la participation	nf	paʀtisipasjɔ͂	participation	
insensible	adj(f)	ɛ͂sɑ͂sibl	insensitive	
une injustice	nf	ɛ͂ʒystis	injustice, unfairness	
nécessairement	adv	nesesɛʀmɑ͂	necessarily	
réclamer	v	ʀeklɑme	to ask for, call for; to claim	
le cahier	nm	kaje	notebook	
relier	v	ʀəlje	to connect	
enthousiaste	adj(f)	ɑ͂tuzjast	enthusiastic	
une interdiction	nf	ɛ͂tɛʀdiksjɔ͂	ban, banning	
le nocturne	nadj(f)	nɔktyʀn	nocturnal, nocturne	
retarder	v	ʀ(ə)taʀde	to delay, hold up	
la suspension	nf	syspɑ͂sjɔ͂	hanging, suspending, breaking off, postponement, suspension	
confiant	adj	kɔ͂fjɑ͂, jɑ͂t	trusting, confident	
réserver	v	ʀezɛʀve	to reserve, keep	
strictement	adv	stʀiktəmɑ͂	strictly	
le solde, la solde	nm,nf	sɔld	balance; pay; sale	
un athlète, une athlète	nm,nf	atlɛt	athlete	
un élan	nm	elɑ͂	momentum, surge, rush; elk, moose	
une orientation	nf	ɔʀjɑ͂tasjɔ͂	orientation, trend	
le mécanisme	nm	mekanism	mechanism	
le masculin	nadj	maskylɛ͂	male, masculine	
affirmer	v	afiʀme	to affirm, maintain, declare, allege	
la négociation	nf	negɔsjasjɔ͂	negotiation	
compréhensible	adj(f)	kɔ͂pʀeɑ͂sibl	comprehensible, understandable	
effondrer	v	efɔ͂dʀe	to collapse, cave in, fall down	
le pôle	nm	pol	pole	
la manifestation	nf	manifɛstasjɔ͂	demonstration, event	
la sélection	nf	selɛksjɔ͂	selection	
un abandon	nm	abɑ͂dɔ͂	abandonment, desertion, withdrawal	
obscur	adj	ɔpskyʀ	dark, vague, obscure	
obligatoire	adj(f)	ɔbligatwaʀ	mandatory, compulsory	
le paysan	nadj	peizɑ͂, an	farmer, peasant	
trembler	v	tʀɑ͂ble	to shiver, tremble, shake, flicker	
opposer	v	ɔpoze	to oppose	
le désaccord	nm	dezakɔʀ	disagreement, discord, conflict	
le schéma	nm	ʃema	diagram, outline	
le dirigeant	nadj	diʀiʒɑ͂, ʒɑ͂t	leader	
une émeute	nf	emøt	riot, rioting	
treize	det,nmi	tʀɛz	thirteen	
vieillir	v	vjɛjiʀ	to grow old	
un enquêteur	nm	ɑ͂kɛtœʀ, -øz	investigator, pollster	
provisoire	adj(f)	pʀɔvizwaʀ	temporary, provisional	
amer	adj,nm	amɛʀ	bitter	
le fournisseur	nm	fuʀnisœʀ, -øz	supplier, provider	
la fédération	nf	fedeʀasjɔ͂	federation	
la recommandation	nf	ʀ(ə)kɔmɑ͂dasjɔ͂	recommendation	
convaincant	adj	kɔ͂vɛ͂kɑ͂, ɑ͂t	convincing	
détacher	v	detaʃe	to untie, detach, remove	
gêner	v	ʒene	to bother, trouble	
la résolution	nf	ʀezɔlysjɔ͂	resolution	
la juridiction	nf	ʒyʀidiksjɔ͂	jurisdiction, court of law	
le fossé	nm	fose	ditch	
intact	adj	ɛ͂takt	intact	
un évêque, une évêque	nm	evɛk	bishop	
la comparaison	nf	kɔ͂paʀɛzɔ͂	comparison	
la présidence	nf	pʀezidɑ͂s	presidency	
la nécessité	nf	nesesite	necessity, need	
le malaise	nm	malɛz	uneasiness, discomfort	
un exil	nm	ɛgzil	exile	
consacrer	v	kɔ͂sakʀe	to devote, consecrate	
une impulsion	nf	ɛ͂pylsjɔ͂	impulse, pulse	
une interprétation	nf	ɛ͂tɛʀpʀetasjɔ͂	interpretation	
délibérément	adv	delibeʀemɑ͂	deliberately	
le terminal	nadj	tɛʀminal, o	terminal	
affecter	v	afɛkte	to affect	
le récit	nm	ʀesi	account, narrative	
la clientèle	nf	klijɑ͂tɛl	customers, clientele	
le procédé	nm	pʀɔsede	processus	
un employeur	nm	ɑ͂plwajœʀ, -jøz	employer	
la rive	nf	ʀiv	shore, bank	
divers	adj(pl),det	divɛʀ, ɛʀs	diverse, various	
la finance	nf	finɑ͂s	finance	
gigantesque	nadj(f)	ʒigɑ͂tɛsk	gigantic, immense	
une agitation	nf	aʒitasjɔ͂	agitation, excitement	
expulser	v	ɛkspylse	to expel, evict, deport, throw out	
le voyageur	nadj	vwajaʒœʀ, -ʒøz	traveler	
le suédois	nadj(pl)	sɥedwa	Swedish, Swede	
acceptable	adj(f)	aksɛptabl	acceptable, satisfactory	
le travailleur	nadj	tʀavajœʀ	worker	
emparer	v	ɑ͂paʀe	to seize, grab, snatch	
neutre	adj(f)	nøtʀ	neutral	
une infraction	nf	ɛ͂fʀaksjɔ͂	offence, infrigement, infraction	
parcourir	v	paʀkuʀiʀ	to cover, travel	
le pair	adj,nm	pɛʀ	peer, pair, even	
pleinement	adv	plɛnmɑ͂	fully, thoroughly	
la collaboration	nf	ko(l)labɔʀasjɔ͂	collaboration	
la transformation	nf	tʀɑ͂sfɔʀmasjɔ͂	transformation, change	
lointain	nadj	lwɛ͂tɛ͂	distant, faraway	
la faculté	nf	fakylte	ability, right, option; faculty, university	
le seuil	nm	sœj	doorstep, threshold	
faciliter	v	fasilite	to make easier, facilitate	
la vocation	nf	vɔkasjɔ͂	vocation, calling	
régulier	adj	ʀegylje, -jɛʀ	regular	
le support	nm	sypɔʀ	support, stand	
encontre	adv	ɑ͂kɔ͂tʀ	contrary to	
le néant	nm	neɑ͂	nothingness	
la considération	nf	kɔ͂sideʀasjɔ͂	consideration	
le frein	nm	fʀɛ͂	brake	
le déplacement	nm	deplasmɑ͂	movement, displacement, trip, travel	
hésiter	v	ezite	to hesitate	
le descendant	nadj	desɑ͂dɑ͂, ɑ͂t	downward, descending, descendant	
influencer	v	ɛ͂flyɑ͂se	to influence	
une aviation	nf	avjasjɔ͂	aviation	
dévoiler	v	devwale	to unveil, reveal, disclose	
un autobus	nm(pl)	otobys	bus	
purement	adv	pyʀmɑ͂	purely	
manuscrit	adj	manyskʀi	manuscript, handwritten	
étroit	adj	etʀwa, wat	narrow, tight	
le kilo	nm	kilo	kilo	
audacieux	nadj(pl)	odasjø, -jøz	daring, audacious, bold	
une occupation	nf	ɔkypasjɔ͂	occupation, pastime	
défiler	v	defile	to unthread, parade	
compromettre	v	kɔ͂pʀɔmɛtʀ	to compromise	
planifier	v	planifje	to plan	
activer	v	aktive	to activate, speed up, stoke, get moving	
global	adj	glɔbal, o	global	
le fonctionnaire, la fonctionnaire	nm,nf	fɔ͂ksjɔnɛʀ	state employee, public servant	
éclaircir	v	eklɛʀsiʀ	to brighten up, clear up	
delà	adv	paʀdəla	beyond, above, over	
la projection	nf	pʀɔʒɛksjɔ͂	projection, ejection, discharge	
réviser	v	ʀevize	to review, revise, overhaul	
imiter	v	imite	to imitate	
la dizaine	nf	dizɛn	approximately ten	
la composition	nf	kɔ͂pozisjɔ͂	composition, essay, dialling	
une allusion	nf	a(l)lyzjɔ͂	allusion	
la lèvre	nf	lɛvʀ	lip	
un impuissant	nadj	ɛ͂pɥisɑ͂	powerless, helpless	
envahir	v	ɑ͂vaiʀ	to invade, overrun	
la révolte	nf	ʀevɔlt	revolt	
le cynique, la cynique	nadj(f)	sinik	cynical, cynic	
une implication	nf	ɛ͂plikasjɔ͂	implication	
débattre	v	debatʀ	to discuss, debate	
le spectre	nm	spɛktʀ	spectrum, ghost	
le contrôleur	nm	kɔ͂tʀolœʀ, -øz	inspector, controller	
la fabrication	nf	fabʀikasjɔ͂	manufacture, production	
la préférence	nf	pʀefeʀɑ͂s	preference, preferably	
la réalisation	nf	ʀealizasjɔ͂	realization, achievement	
renforcer	v	ʀɑ͂fɔʀse	to reinforce, strengthen	
la sensibilité	nf	sɑ͂sibilite	sensitivity, sensibility	
le soupçon	nm	supsɔ͂	suspicion	
le rédacteur	nm	ʀedaktœʀ, -tʀis	editor, writer, drafter, compiler	
odieux	adj(pl)	ɔdjø, -jøz	hateful, odious	
la rébellion	nf	ʀebeljɔ͂	rebellion	
une esthétique	nadj(f)	ɛstetik	aesthetics, attractiveness; attractive	
féroce	adj(f)	feʀɔs	ferocious, fierce	
un homosexuel	nadj	ɔmɔsɛksɥɛl	homosexual	
le trimestre	nm	tʀimɛstʀ	quarter; three months	
le pourcentage	nm	puʀsɑ͂taʒ	percentage, commission, cut	
autoriser	v	otoʀize	to authorize	
chaleureux	adj(pl)	ʃalœʀø, -øz	warm	
une extraction	nf	ɛkstʀaksjɔ͂	extraction	
un organe	nm	ɔʀgan	organ	
lumineux	adj(pl)	lyminø, -øz	luminous, illuminated; light	
quatorze	det,nmi	katɔʀz	fourteen	
la navigation	nf	navigasjɔ͂	navigation	
la maintenance	nf	mɛ͂tnɑ͂s	maintenance, servicing	
la reprise	nf	ʀ(ə)pʀiz	resumption, renewal; time	
un armement	nm	aʀməmɑ͂	arms, weapons, armament	
fonder	v	fɔ͂de	to found, set	
vital	adj	vital, o	vital	
connecter	v	kɔnɛkte	to connect, go on-line	
préciser	v	pʀesize	to state, specify, clarify	
le boulevard	nm	bulvaʀ	boulevard	
le gel	nm	ʒɛl	frost, freezing, gel	
un aveu	nm	avø	confession	
un émetteur	nm	emetœʀ	transmitter, issuer	
régner	v	ʀeɲe	to reign	
le slogan	nm	slɔgɑ͂	slogan	
circuler	v	siʀkyle	to drive, circulate	
la pente	nf	pɑ͂t	slope	
une exploitation	nf	ɛksplwatasjɔ͂	operation, exploitation	
trancher	v	tʀɑ͂ʃe	to cut, sever, settle, decide	
un emprunt	nm	ɑ͂pʀœ͂	loan	
un opérateur	nm	ɔpeʀatœʀ	operator	
la querelle	nf	kəʀɛl	quarrel	
effectuer	v	efɛktɥe	to carry out, undergo	
la tendresse	nf	tɑ͂dʀɛs	tenderness, fondness	
annuel	adj	anɥɛl	annual	
autrui	pro	otʀɥi	others	
la firme	nf	fiʀm	firm	
numérique	adj(f)	nymeʀik	numerical	
la consommation	nf	kɔ͂sɔmasjɔ͂	consumption	
un entourage	nm	ɑ͂tuʀaʒ	circle, entourage	
regagner	v	ʀ(ə)gaɲe	to win again, regain, get back, make up	
le technicien	nm	tɛknisjɛ͂, jɛn	technician	
le chancelier	nm	ʃɑ͂səlje	chancellor	
la complicité	nf	kɔ͂plisite	complicity	
la trentaine	nf	tʀɑ͂tɛn	about thirty	
délivrer	v	delivʀe	to set free, rid, relieve	
une automobile	nadj(f)	otomɔbil	automobile	
dresser	v	dʀese	to draw up, put up, raise	
un handicapé	nadj	ˊɑ͂dikape	disabled, handicapped	
crucial	adj	kʀysjal, jo	crucial, critical	
la mutation	nf	mytasjɔ͂	transfer, transformation, mutation	
le fondateur	nm	fɔ͂datœʀ, -tʀis	founder	
récolter	v	ʀekɔlte	to harvest, gather	
une entente	nf	ɑ͂tɑ͂t	understanding, agreement	
le turc	adj,nm	tyʀk	Turk, Turkish	
un oubli	nm	ubli	forgetting, leaving behind, missing	
la mention	nf	mɑ͂sjɔ͂	mention, note, comment, notice	
le chronique, la chronique	nadj(f)	kʀɔnik	chronic, column, page, chronicle	
dynamique	nadj(f)	dinamik	dynamic	
la maternité	nf	matɛʀnite	maternity, motherhood	
apercevoir	v	apɛʀsəvwaʀ	to see, notice	
scandaleux	adj(pl)	skɑ͂dalø, -øz	scandalous, outrageous	
quasi	adv,nm	kazi	almost, nearly	
inquiétant	adj	ɛ͂kjetɑ͂, ɑ͂t	worrying, disturbing	
brancher	v	bʀɑ͂ʃe	to plug in, connect	
durement	adv	dyʀmɑ͂	harshly, severely	
hautement	adv	ˊotmɑ͂	highly	
le kilomètre	nm	kilɔmɛtʀ	kilometer	
abuser	v	abyze	to abuse, mislead, take advantage	
une hausse	nf	ˊos	rise, raise, increase	
une annulation	nf	anylasjɔ͂	cancellation, annulment	
fâcher	v	fɑʃe	to anger, make angry, get angry	
la démarche	nf	demaʀʃ	walk, process	
susceptible	adj(f)	sysɛptibl	sensitive, touchy	
mutuellement	adv	mytɥɛlmɑ͂	mutually, one another	
doré	adj	dɔʀe	golden	
le musulman	nadj	myzylmɑ͂, an	Muslim, Moslem	
atlantique	nadj(f)	atlɑ͂tik	Atlantic	
dominer	v	dɔmine	to dominate	
la motion	nf	mosjɔ͂	motion	
distinguer	v	distɛ͂ge	to distinguish	
définir	v	definiʀ	to define	
loger	v	lɔʒe	to put up, accommodate, stay, find accommodation	
clandestin	nadj	klɑ͂dɛstɛ͂, in	underground, clandestine	
un axe	nm	aks	axis, axle, main line	
diplomatique	nadj(f)	diplɔmatik	diplomatic	
une architecture	nf	aʀʃitɛktyʀ	architecture	
vivement	adv	vivmɑ͂	sharply, brusquely, lively	
le républicain	nadj	ʀepyblikɛ͂, ɛn	republican	
la détermination	nf	detɛʀminasjɔ͂	determination, resolution	
photographier	v	fɔtɔgʀafje	to photograph	
naviguer	v	navige	to navigate, sail	
le noyau	nm	nwajo	core, nucleus, pit	
une efficacité	nf	efikasite	efficiency, effectiveness	
la réciproque	nadj(f)	ʀesipʀɔk	mutual, reciprocal, the opposite	
la provenance	nf	pʀɔv(ə)nɑ͂s	origin, strange	
le dialogue	nm	djalɔg	dialogue	
pertinent	adj	pɛʀtinɑ͂, ɑ͂t	pertinent, relevant	
le touriste, la touriste	nm,nf	tuʀist	tourist	
subtil	adj	syptil	subtle, nice	
le politicien	nadj	pɔlitisjɛ͂, jɛn	politician	
réjouir	v	ʀeʒwiʀ	to delight, rejoice	
redoutable	adj(f)	ʀ(ə)dutabl	fearsome, formidable	
difficilement	adv	difisilmɑ͂	with difficulty	
le fléau	nm	fleo	scourge, plague	
le collectif	nadj	kɔlɛktif	collective	
la perception	nf	pɛʀsɛpsjɔ͂	perception, collection	
claquer	v	klake	to flap, bang, slam, snap	
menaçant	adj	mənasɑ͂, ɑ͂t	threatening, menacing	
la dépendance	nf	depɑ͂dɑ͂s	dependence, dependency	
un enseignant	nadj	ɑ͂sɛɲɑ͂, ɑ͂t	teacher	
prévisible	adj(f)	pʀevizibl	predictable, forseeable	
le financement	nm	finɑ͂smɑ͂	financing	
le savant	nadj	savɑ͂, ɑ͂t	scientist, scholar, learned, scholarly, clever, skilfull	
diviser	v	divize	to divide	
la comptabilité	nf	kɔ͂tabilite	accountancy, accounting, book-keeping	
le jumeau	nadj	ʒymo, ɛl	twin	
priver	v	pʀive	to deprive	
la larme	nf	laʀm	tear	
assurément	adv	asyʀemɑ͂	most certainly	
la totalité	nf	tɔtalite	totality, entirety	
inférieur	nadj	ɛ͂feʀjœʀ	inferior	
un équivalent	nadj	ekivalɑ͂	equivalent	
le revers	nm(pl)	reˈveːɐ, reˈvɛːɐ, rə-	back, reverse, setback	
le supplément	nm	syplemɑ͂	supplement, extra	
imprimer	v	ɛ͂pʀime	to print, print out	
intimider	v	ɛ͂timide	to intimidate	
attentif	adj	atɑ͂tif, -iv	attentive, scrupulous, careful	
la crédibilité	nf	kʀedibilite	credibility	
improbable	adj(f)	ɛ͂pʀɔbabl	unlikely, improbable	
recruter	v	ʀ(ə)kʀyte	to recruit	
parallèle	nadj(f)	paʀalɛl	parallel, similar	
une aspiration	nf	aspiʀasjɔ͂	aspiration	
le prometteur	nadj	pʀɔmɛtœʀ, -øz	promising	
la milice	nf	milis	militia	
la façade	nf	fasad	front, façade	
une instruction	nf	ɛ͂stʀyksjɔ͂	instruction, direction	
publiquement	adv	pyblikmɑ͂	publicly	
un hymne, une hymne	nm,nf	imn	hymn, anthem	
employer	v	ɑ͂plwaje	to use, employ	
strict	adj	stʀikt	strict, absolute	
la clause	nf	kloz	clause	
interdire	v	ɛ͂tɛʀdiʀ	to forbid, prohibit, ban	
exclure	v	ɛksklyʀ	to exclude	
éventuellement	adv	evɑ͂tɥɛlmɑ͂	possibly	
antique	nadj(f)	ɑ͂tik	antique, ancient	
confondre	v	kɔ͂fɔ͂dʀ	to mix up, confuse	
un handicap	nm	(ˊ)ɑ͂dikap	handicap	
la famine	nf	famin	famine	
le barreau	nm	baʀo	bar	
interpréter	v	ɛ͂tɛʀpʀete	to interpret	
le danois	nadj(pl)	danwa	Danish, Dane	
la concession	nf	kɔ͂sesjɔ͂	concession	
une équation	nf	ekwasjɔ͂	equation	
le golfe	nm	gɔlf	gulf	
rassurant	adj	ʀasyʀɑ͂, ɑ͂t	reassuring, comforting	
caresser	v	kaʀese	to fondle, caress	
la légion	nf	leʒjɔ͂	legion	
désirer	v	deziʀe	to desire	
le fonctionnement	nm	fɔ͂ksjɔnmɑ͂	operation, functioning	
diffuser	v	difyze	to diffuse, broadcast	
concevoir	v	kɔ͂s(ə)vwaʀ	to conceive	
redire	v	ʀ(ə)diʀ	to say again, repeat	
le sursis	nm(pl)	syʀsi	reprieve, deferment	
le monument	nm	mɔnymɑ͂	monument	
un observateur	nadj	ɔpsɛʀvatœʀ, -tʀis	observer, observant	
un industriel	nadj	ɛ͂dystʀijɛl	industrial	
dissimuler	v	disimyle	to conceal, hide	
le préliminaire	nadj(f)	pʀeliminɛʀ	preliminary, introductory	
inspirer	v	ɛ͂spiʀe	to inspire	
précipiter	v	pʀesipite	to quicken, hasten, precipitate	
pencher	v	pɑ͂ʃe	to lean, tilt	
évoluer	v	evɔlɥe	to evolve	
contrarier	v	kɔ͂tʀaʀje	to annoy, bother, thwart	
la propagande	nf	pʀɔpagɑ͂d	propaganda	
la crête	nf	kʀɛt	crest, top, ridge	
une expertise	nf	ɛkspɛʀtiz	expertise	
le flot	nm	flo	floodtide, stream of, flood of	
clarifier	v	klaʀifje	to clarify	
la facilité	nf	fasilite	easiness, ease, aptitude	
le tarif	nm	taʀif	price, rate, fare, tariff	
tailler	v	tɑje	to cut, carve, engrave, sharpen, trim	
la traversée	nf	tʀavɛʀse	crossing	
le rival	nadj	ʀival, o	rival	
compenser	v	kɔ͂pɑ͂se	to compensate for, make up for	
le partenariat	nm	paʀtənaʀja	partnership	
appartenir	v	apaʀtəniʀ	to belong	
le dilemme	nm	dilɛm	dilemma	
remédier	v	ʀ(ə)medje	to cure, remedy, put right	
traditionnel	adj	tʀadisjɔnɛl	traditional	
subit	adj	sybi, it	sudden	
apaiser	v	apeze	to calm, appease, calm down	
une offensive	nf	ɔfɑ͂siv	offensive, offence	
la conquête	nf	kɔ͂kɛt	conquest	
prédire	v	pʀediʀ	to predict	
proprement	adv	pʀɔpʀəmɑ͂	cleanly, neatly, properly	
limiter	v	limite	to limit	
droguer	v	dʀɔge	to drug, take drugs	
le fabricant, la fabricant	nm	fabʀikɑ͂, ɑ͂t	manufacturer	
questionner	v	kɛstjɔne	to question	
barbare	nadj(f)	baʀbaʀ	barbaric; barbarian	
combler	v	kɔ͂ble	to fill, fill in, fulfill	
un apprentissage	nm	apʀɑ͂tisaʒ	learning, apprenticeship	
le vêtement	nm	vɛtmɑ͂	garment, item or article of clothing	
fermement	adv	fɛʀməmɑ͂	firmly	
définitif	nadj	definitif	definitive, final	
externe	nadj(f)	ɛkstɛʀn	external, outer	
la succession	nf	syksesjɔ͂	succession	
décharger	v	deʃaʀʒe	to unload	
essuyer	v	esɥije	to wipe, dry, mop, dust	
canadien	nadj	kanadjɛ͂, jɛn	Canadian	
décent	adj	desɑ͂, ɑ͂t	decent, proper	
une admiration	nf	admiʀasjɔ͂	admiration	
le stupéfiant	nadj	stypefjɑ͂	drug, narcotic; stunning, astounding	
soigneusement	adv	swaɲøzmɑ͂	tidily, neatly, carefully	
une ampleur	nf	ɑ͂plœʀ	extent, scope, range	
la tolérance	nf	tɔleʀɑ͂s	tolerance	
le yen	nm	jɛn	yen	
copier	v	kɔpje	to copy, reproduce	
la probabilité	nf	pʀɔbabilite	probability, likelihood	
détecter	v	detɛkte	to detect	
préoccuper	v	pʀeɔkype	to worry, preoccupy	
le bagage	nm	bagaʒ	luggage, baggage	
un enjeu	nm	ɑ͂ʒø	stake	
regrettable	adj(f)	ʀ(ə)gʀetabl	unfortunate, regrettable	
blindé	adj	blɛ͂de	armoured	
la croyance	nf	kʀwajɑ͂s	belief	
concret	nadj	kɔ͂kʀɛ	concrete	
essentiellement	adv	esɑ͂sjɛlmɑ͂	essentially	
le rejet	nm	ʀ(ə)ʒɛ	rejection	
la rubrique	nf	ʀybʀik	column, heading, rubric	
agrandir	v	agʀɑ͂diʀ	to enlarge, extend	
ouvertement	adv	uvɛʀtəmɑ͂	openly, overtly	
un islam	nm	islam	Islam	
le renvoi	nm	ʀɑ͂vwa	dismissal, expulsion, suspension, cross-reference	
la prospérité	nf	pʀɔspeʀite	prosperity	
perturber	v	pɛʀtyʀbe	to disrupt, disturb	
optique	nadj(f)	ɔptik	optical, optic, perspective	
la frustration	nf	fʀystʀasjɔ͂	frustration	
un exploit	nm	ɛksplwa	exploit	
la rédaction	nf	ʀedaksjɔ͂	writing, composition	
le sonore	nadj(f)	sɔnɔʀ	sound, resonant, sonorous, voiced	
le souverain	nadj	suv(ə)ʀɛ͂, ɛn	sovereign, supreme ruler, monarch	
inclure	v	ɛ͂klyʀ	to include	
etc		ɛtseteʀa	etc., et cetera	
résumer	v	ʀezyme	to summarize, sum up	
réconcilier	v	ʀekɔ͂silje	to reconcile	
la perturbation	nf	pɛʀtyʀbasjɔ͂	disruption, disturbance	
brusquement	adv	bʀyskəmɑ͂	abruptly, suddenly	
un inconvénient	nm	ɛ͂kɔ͂venjɑ͂	snag, drawback, disadvantage, inconvenience	
une agriculture	nf	agʀikyltyʀ	agriculture	
la restauration	nf	ʀɛstɔʀasjɔ͂	restoration; catering	
une amélioration	nf	ameljɔʀasjɔ͂	improvement	
le rétablissement	nm	ʀetablismɑ͂	restoring, re-establishment, recovery	
le titulaire, la titulaire	nadj(f)	titylɛʀ	holder, with tenure, occupant	
une interruption	nf	ɛ͂teʀypsjɔ͂	interruption, break	
le manœuvre, la manœuvre	nm,nf	manœvʀ	manoeuvre	
le souterrain	nadj	suteʀɛ͂	underground, underground passage	
geler	v	ʒ(ə)le	to freeze, ice over, suspend	
le réflexe	nadj(f)	ʀeflɛks	reflex	
la rigueur	nf	ʀigœʀ	harshness, severity, rigidness, rigor strictness	
une hiérarchie	nf	jeʀaʀʃi	hierarchy	
hormis	prep	ˊɔʀmi	save, but	
restaurer	v	ʀɛstɔʀe	to restore, feed	
redonner	v	ʀ(ə)dɔne	to give back, return, give more	
la courbe	nadj(f)	kuʀb	curve, curved	
remporter	v	ʀɑ͂pɔʀte	to take away, win	
retomber	v	ʀ(ə)tɔ͂be	to fall again, fall down again	
le comédien	nadj	kɔmedjɛ͂, jɛn	comedian, comedy	
correspondre	v	kɔʀɛspɔ͂dʀ	to correspond	
la reproduction	nf	ʀ(ə)pʀɔdyksjɔ͂	reproduction	
déguiser	v	degize	to disguise	
le vocabulaire	nm	vɔkabylɛʀ	vocabulary	
flotter	v	flɔte	to float, hang, stream	
comparaître	v	kɔ͂paʀɛtʀ	to appear	
une estimation	nf	ɛstimasjɔ͂	appraisal, valuation, assessment, estimate	
la douane	nf	dwan	customs, duty	
souple	adj(f)	supl	supple, agile, soft, floppy, flexible	
la manipulation	nf	manipylasjɔ͂	handling, manipulation	
tolérer	v	tɔleʀe	to tolerate, access, put up, bear, endure	
constater	v	kɔ͂state	to note, notice; to establish, certify	
un analyste, une analyste	nm,nf	analist	analyst	
grandissant	adj	gʀɑ͂disɑ͂, ɑ͂t	growing, increasing	
la contrainte	nf	kɔ͂tʀɛ͂t	constraint	
médiocre	nadj(f)	medjɔkʀ	mediocre, second-rate	
la dérive	nf	deʀiv	drift	
automatiquement	adv	otomatikmɑ͂	automatically	
le philosophe, la philosophe	nadj(f)	filɔzɔf	philosopher	
le diplomate, la diplomate	nadj(f),nm	diplɔmat	diplomat, diplomatic	
la pétition	nf	petisjɔ͂	petition	
le conservateur	nadj	kɔ͂sɛʀvatœʀ	conservative	
suspendre	v	syspɑ͂dʀ	to suspend, postpone	
le radical	nadj	ʀadikal, o	radical	
improviser	v	ɛ͂pʀɔvize	to improvise	
organique	adj(f)	ɔʀganik	organic	
le recrutement	nm	ʀ(ə)kʀytmɑ͂	recruiting, recruitment	
une hésitation	nf	ezitasjɔ͂	hesitation	
le défenseur, la défenseur	nm,nf	defɑ͂sœʀ	defender	
peser	v	pəze	to weigh	
africain	nadj	afʀikɛ͂, ɛn	African	
le tourisme	nm	tuʀism	tourism, sightseeing	
écrouler	v	ekʀule	to collapse, tumble	
le démocrate, la démocrate	nadj(f)	demɔkʀat	democrat, democratic	
associer	v	asɔsje	to associate	
le soixante	det,nmi	swasɑ͂t	sixty	
compétent	adj	kɔ͂petɑ͂, ɑ͂t	competent	
une intensité	nf	ɛ͂tɑ͂site	intensity	
la sincérité	nf	sɛ͂seʀite	sincerity	
artificiel	adj	aʀtifisjɛl	artificial	
le symptôme	nm	sɛ͂ptom	symptom	
opérationnel	adj	ɔpeʀasjɔnɛl	operational, operating	
démontrer	v	demɔ͂tʀe	to demonstrate	
la nomination	nf	nɔminasjɔ͂	appointment, nomination	
flagrant	adj	flagʀɑ͂, ɑ͂t	blatant, glaring	
le portugais	nadj(pl)	pɔʀtygɛ	Portuguese	
grossir	v	gʀosiʀ	to get larger	
le magistrat	nm	maʒistʀa, at	magistrate, judge	
rédiger	v	ʀediʒe	to write, draw up	
recommander	v	ʀ(ə)kɔmɑ͂de	to recommend	
le détachement	nm	detaʃmɑ͂	detachment	
la formalité	nf	fɔʀmalite	formality	
acquérir	v	akeʀiʀ	to acquire	
le dixième, la dixième	det,nm,nf	dizjɛm	tenth	
le parquet	nm	paʀkɛ	parquet floor, hardwood floor, prosecutor’s office	
composer	v	kɔ͂poze	to compose, dial	
olympique	adj(f)	ɔlɛ͂pik	Olympic	
la compétence	nf	kɔ͂petɑ͂s	competence	
applaudir	v	aplodiʀ	to clap, applaud	
le délinquant	nadj	delɛ͂kɑ͂, ɑ͂t	delinquent, offender	
le litre, la litre	nm,nf	litʀ	litre	
le légume, la légume	nm,nf	legym	vegetable	
le publicitaire, la publicitaire	nadj(f)	pyblisitɛʀ	advertising, promotional	
la reconstruction	nf	ʀ(ə)kɔ͂stʀyksjɔ͂	reconstruction	
exécutif	nadj	ɛgzekytif	executive	
le prélèvement	nm	pʀelɛvmɑ͂	imposition, levying, withdrawal, removal, deduction	
le tirage	nm	tiʀaʒ	drawing, circulation, run	
européen	nadj	øʀɔpeɛ͂, ɛn	European	
le bourgeois	nadj(pl)	buʀʒwa	middle class	
le sondage	nm	sɔ͂daʒ	poll	
stratégique	adj(f)	stʀateʒik	strategic	
oser	v	oze	to dare	
agiter	v	aʒite	to shake, disturb	
favorable	adj(f)	favɔʀabl	favorable	
alerter	v	alɛʀte	to alert, inform, warn	
la criminalité	nf	kʀiminalite	crime	
insignifiant	adj	ɛ͂siɲifjɑ͂, jɑ͂t	insignificant, unimportant	
brut	adv,nadj	bʀyt	raw, crude	
une actualité	nf	aktɥalite	current events, news	
tantôt	adv	tɑ͂to	this afternoon, sometimes	
recueillir	v	ʀ(ə)kœjiʀ	to collect, gather	
le dictionnaire	nm	diksjɔnɛʀ	dictionary	
le remplacement	nm	ʀɑ͂plasmɑ͂	replacement, standing in	
culturel	adj	kyltyʀɛl	cultural	
le chercheur	nadj	ʃɛʀʃœʀ	researcher	
la défaillance	nf	defajɑ͂s	fault, failure, breakdown, blackout, weakness	
inverser	v	ɛ͂vɛʀse	to reverse, invert	
manifester	v	manifɛste	to show, demonstrate, display	
cultiver	v	kyltive	to cultivate, grow	
la stabilité	nf	stabilite	stability	
confronter	v	kɔ͂fʀɔ͂te	to confront	
un huitième, une huitième	det,nm,nf	ˊɥitjɛm	eighth	
repenser	v	ʀ(ə)pɑ͂se	to rethink	
décevant	adj	des(ə)vɑ͂, ɑ͂t	disappointing	
un effondrement	nm	efɔ͂dʀəmɑ͂	collapse, caving-in, falling-in, breaking-down	
signifier	v	siɲifje	to mean	
relance	nf	ʀ(ə)lɑ͂s	boost, reminder, recovery	
balayer	v	baleje	to sweep up, sweep out	
la compensation	nf	kɔ͂pɑ͂sasjɔ͂	compensation, clearing	
la confrontation	nf	kɔ͂fʀɔ͂tasjɔ͂	confrontation	
gonfler	v	gɔ͂fle	to inflate, blow up, swell	
le gain	nm	gɛ͂	gain	
le partiel	nadj	paʀsjɛl	partial	
la clarté	nf	klaʀte	lightness, brightness clearness, clarity	
relativement	adv	ʀ(ə)lativmɑ͂	relatively	
convertir	v	kɔ͂vɛʀtiʀ	to convert	
poétique	nadj(f)	pɔetik	poetic, poetical, poetics	
compliquer	v	kɔ͂plike	to complicate	
une expansion	nf	ɛkspɑ͂sjɔ͂	expansion	
continu	nadj	kɔ͂tiny	continuous	
le résident	nm	ʀezidɑ͂, ɑ͂t	foreign national, foreign resident	
planer	v	plane	to glide, soar	
le routier	nadj	ʀutje	road, long-distance lorry or truck driver	
hanter	v	ɑ͂te	to haunt	
une introduction	nf	ɛ͂tʀɔdyksjɔ͂	introduction	
diminuer	v	diminɥe	to diminish, decrease	
le sceptique, la sceptique	nadj(f)	sɛptik	sceptical, sceptic	
rouvrir	v	ʀuvʀiʀ	to reopen	
la vigueur	nf	vigœʀ	vigor	
le paragraphe	nm	paʀagʀaf	paragraph	
respectueux	adj(pl)	ʀɛspɛktɥø, -øz	respectful	
infliger	v	ɛ͂fliʒe	to inflict	
apte	adj(f)	apt	capable	
une extension	nf	ɛkstɑ͂sjɔ͂	extension, stretching, expansion	
maternel	adj	matɛʀnɛl	motherly, maternal	
le bénévole, la bénévole	nadj(f)	benevɔl	volunteer, voluntary, unpaid	
bénéfique	adj(f)	benefik	beneficial	
notamment	adv	nɔtamɑ͂	notably	
constant	adj	kɔ͂stɑ͂, ɑ͂t	constant	
littéraire	nadj(f)	liteʀɛʀ	literary	
la tribune	nf	tʀibyn	platform, forum, gallery	
sévèrement	adv	sevɛʀmɑ͂	severely, harshly	
troublant	adj	tʀublɑ͂, ɑ͂t	disturbing	
brièvement	adv	bʀijɛvmɑ͂	briefly	
le bombardement	nm	bɔ͂baʀdəmɑ͂	bombing, shelling	
la récupération	nf	ʀekypeʀasjɔ͂	recovery, retrieval, salvage	
le classement	nm	klɑsmɑ͂	classification, ranking	
le résistant	nadj	ʀezistɑ͂, ɑ͂t	robust, sturdy, resistance fighter	
le remboursement	nm	ʀɑ͂buʀsəmɑ͂	reimbursement	
promouvoir	v	pʀɔmuvwaʀ	to promote	
un impôt	nm	ɛ͂po	tax	
contredire	v	kɔ͂tʀədiʀ	to contradict	
longuement	adv	lɔ͂gmɑ͂	at length	
le forum	nm	fɔʀɔm	forum, newsgroup	
le successeur	nm	syksesœʀ	successor	
le placement	nm	plasmɑ͂	investment, placing	
brutalement	adv	bʀytalmɑ͂	brutally	
gouverner	v	guvɛʀne	to govern, rule, steer, helm	
sanglant	adj	sɑ͂glɑ͂, ɑ͂t	bloody, cruel, covered in blood	
calculer	v	kalkyle	to calculate	
la distinction	nf	distɛ͂ksjɔ͂	distinction	
une exploration	nf	ɛksplɔʀasjɔ͂	exploration, investigation, examination	
originaire	adj(f)	ɔʀiʒinɛʀ	original, first, native to	
aspirer	v	aspiʀe	to breathe in, inhale, aspire to	
le blocage	nm	blɔkaʒ	block	
superficiel	adj	sypɛʀfisjɛl	superficial, shallow	
la vieillesse	nf	vjɛjɛs	old age	
le timbre	nm	tɛ͂bʀ	to stamp	
injecter	v	ɛ͂ʒɛkte	to inject	
le croissant	nadj	kʀwasɑ͂	growing, crescent, crescent-shape	
pénal	adj	penal, o	penal	
le concurrent	nadj	kɔ͂kyʀɑ͂, ɑ͂t	competitor, rival	
prioritaire	nadj(f)	pʀijɔʀitɛʀ	priority, having priority, having right of way	
la taxe	nf	taks	tax	
autoritaire	adj(f)	otoʀitɛʀ	authoritarian	
exiger	v	ɛgziʒe	to require, demand	
la trame	nf	tʀam	weft, framework; tram	
exciter	v	ɛksite	to arouse, waken, excite, turn on	
la discrimination	nf	diskʀiminasjɔ͂	discrimination	
refermer	v	ʀ(ə)fɛʀme	to close again, shut again, close up	
le pilier	nm	pilje	pillar	
miser	v	mize	to bet, stake	
approuver	v	apʀuve	to approve	
distant	adj	distɑ͂, ɑ͂t	far-off, distant, faraway	
alimenter	v	alimɑ͂te	to feed, supply	
user	v	yze	to wear out, wear away, use up	
intellectuel	nadj	ɛ͂telɛktɥɛl	intellectual	
une insuffisance	nf	ɛ͂syfizɑ͂s	inadequacy, insufficiency	
liquider	v	likide	to liquidate, sell off, clear	
collaborer	v	ko(l)labɔʀe	to collaborate, contribute	
stabiliser	v	stabilize	to stabilize	
un administrateur	nm	administʀatœʀ, -tʀis	administrator	
le raisonnement	nm	ʀɛzɔnmɑ͂	reasoning	
un ouvrage	nm	uvʀaʒ	work	
le massif	nadj	masif	massive	
la félicitation	nf	felisitasjɔ͂	congratulation	
la nouveauté	nf	nuvote	novelty, new release	
débuter	v	debyte	to start	
une uni	nadj	yni	united	
aggraver	v	agʀave	to worsen, aggravate	
excessif	nadj	ɛksesif, -iv	excessive, inordinate	
exigeant	adj	ɛgziʒɑ͂, ʒɑ͂t	demanding, difficult	
éprouver	v	epʀuve	to feel, experience	
la décennie	nf	deseni	decade	
émettre	v	emɛtʀ	to emit, issue	
classer	v	klɑse	to classify, file, grade, rate	
ajuster	v	aʒyste	to adjust, alter, aim, aim at	
une incapacité	nf	ɛ͂kapasite	incompetence, incapability	
considérable	adj(f)	kɔ͂sideʀabl	considerable, significant	
le racisme	nm	ʀasism	racism	
relancer	v	ʀ(ə)lɑ͂se	to throw back, restart, relaunch	
politiquement	adv	pɔlitikmɑ͂	politically, diplomatically	
une annexe	adj(f),nf	anɛks	annex, appendix, related issue	
un instituteur	nm	ɛ͂stitytœʀ, -tʀis	school teacher	
une affectation	nf	afɛktasjɔ͂	appointment, allocation; show, pretence	
une entité	nf	ɑ͂tite	entity	
songer	v	sɔ͂ʒe	to dream	
un éloge	nm	elɔʒ	praise	
le meuble	nadj(f)	mœbl	piece of furniture	
la solidarité	nf	sɔlidaʀite	solidarity	
une espérance	nf	ɛspeʀɑ͂s	hope	
le délégué	nadj	delege	delegate	
la réforme	nf	ʀefɔʀm	reform	
prolonger	v	pʀɔlɔ͂ʒe	to prolong, extend	
contrer	v	kɔ͂tʀe	to counter	
protester	v	pʀɔtɛste	to protest	
prochainement	adv	pʀɔʃɛnmɑ͂	shortly, soon	
symbolique	nadj(f)	sɛ͂bɔlik	symbolic	
une élimination	nf	eliminasjɔ͂	elimination	
enrichir	v	ɑ͂ʀiʃiʀ	to expand, enrich, make somebody rich	
primitif	nadj	pʀimitif, -iv	primitive	
un uranium	nm	yʀanjɔm	uranium	
la sérénité	nf	seʀenite	serenity, peacefulness	
démocratique	adj(f)	demɔkʀatik	democratic	
ordonner	v	ɔʀdɔne	to ordain, organize, order	
le retraité	nadj	ʀ(ə)tʀete	retired	
la préoccupation	nf	pʀeɔkypasjɔ͂	worry, concern	
pharmaceutique	nadj(f)	faʀmasøtik	pharmaceutical	
redresser	v	ʀ(ə)dʀese	to straighten, set right, redress, turn around	
la progression	nf	pʀɔgʀɛsjɔ͂	progression	
progresser	v	pʀɔgʀese	to progress	
contribuer	v	kɔ͂tʀibɥe	to contribute	
choquer	v	ʃɔke	to shock, offend, shake, disturb	
la consigne	nf	kɔ͂siɲ	deposit, orders, detention	
le dictateur	nm	diktatœʀ, -tʀis	dictator	
une extrémité	nf	ɛkstʀemite	end, extremity	
expérimental	adj	ɛkspeʀimɑ͂tal, o	experimental	
fréquent	adj	fʀekɑ͂, ɑ͂t	frequent	
précoce	adj(f)	pʀekɔs	early, precocious	
compléter	v	kɔ͂plete	to complete	
régional	nadj	ʀeʒjɔnal, o	regional	
capter	v	kapte	to pick up, capture, tap	
le communisme	nm	kɔmynism	communism	
récompenser	v	ʀekɔ͂pɑ͂se	to reward, recompense	
la pollution	nf	pɔlysjɔ͂	pollution	
évoquer	v	evɔke	to recall, evoke	
une hostilité	nf	ɔstilite	hostility, hostilities	
énergétique	nadj(f)	enɛʀʒetik	energic, vigorous	
le licenciement	nm	lisɑ͂simɑ͂	dismissal, sacking	
prématuré	nadj	pʀematyʀe	premature	
mécontent	nadj	mekɔ͂tɑ͂, ɑ͂t	discontented, dissatisfied, displeased	
décisif	adj	desizif, -iv	decisive	
la circonstance	nf	siʀkɔ͂stɑ͂s	circumstance	
une inondation	nf	inɔ͂dasjɔ͂	flood, deluge	
le déploiement	nm	deplwamɑ͂	deployment, spreading, unfurling, display	
le millénaire	nadj(f)	milenɛʀ	millennium, thousand-year- old	
le maintien	nm	mɛ͂tjɛ͂	holding, maintaining	
une interrogation	nf	ɛ͂teʀɔgasjɔ͂	question, interviewing, interrogation, questioning, test	
virtuel	adj	viʀtɥɛl	virtual, potential	
une hépatite	nf	epatit	hepatitis	
universel	nadj	ynivɛʀsɛl	universal	
afficher	v	afiʃe	to display	
la variété	nf	vaʀjete	variety	
le décret	nm	dekʀɛ	decree	
un optimisme	nm	ɔptimism	optimism	
rentable	adj(f)	ʀɑ͂tabl	profitable	
un abbé	nm	abe	abbot, priest	
bousculer	v	buskyle	to knock over, knock into	
la prestation	nf	pʀɛstasjɔ͂	benefit	
une éventualité	nf	evɑ͂tɥalite	eventuality, possibility	
le spectateur	nm	spɛktatœʀ, -tʀis	member of the audience, spectator, onlooker	
le terrien	nadj	teʀjɛ͂, jɛn	earthling; landowner, countryman	
un investisseur	nm	ɛ͂vɛstisœʀ	investor	
génétiquement	adv	ʒenetikmɑ͂	genetically	
la sphère	nf	sfɛʀ	sphere	
renouveler	v	ʀ(ə)nuv(ə)le	to renew	
la rapidité	nf	ʀapidite	speed, quickness	
élémentaire	adj(f)	elemɑ͂tɛʀ	elementary, rudimentary, basic	
élargir	v	elaʀʒiʀ	to widen, expand	
comparable	adj(f)	kɔ͂paʀabl	comparable	
communautaire	adj(f)	kɔmynotɛʀ	community, communal	
éveiller	v	eveje	to arouse, stimulate, awaken	
la réconciliation	nf	ʀekɔ͂siljasjɔ͂	reconciliation	
rationnel	nadj	ʀasjɔnɛl	rational	
le fondement	nm	fɔ͂dmɑ͂	foundation	
le capitalisme	nm	kapitalism	capitalism	
un ancêtre, une ancêtre	nm,nf	ɑ͂sɛtʀ	ancestor, forerunner	
durable	adj(f)	dyʀabl	durable, long-lasting	
la domination	nf	dɔminasjɔ͂	domination, dominion, rule	
la révision	nf	ʀevizjɔ͂	review, revision, overhaul	
indifférent	nadj	ɛ͂difeʀɑ͂, ɑ͂t	indifferent, unconcerned, unimportant	
la publication	nf	pyblikasjɔ͂	publication	
vigilant	adj	viʒilɑ͂, ɑ͂t	vigilant, watchful	
un habitant	nm	abitɑ͂, ɑ͂t	inhabitant	
la censure	nf	sɑ͂syʀ	censorship	
le transparent	nadj	tʀɑ͂spaʀɑ͂	transparent, see-through, evident	
la mœurs	nfpl	mœʀ(s)	morals, customs, habits, manners, ways	
absorber	v	apsɔʀbe	to absorb, remove, take up, take over	
maritime	adj(f)	maʀitim	maritime	
naval	adj	naval	naval	
une envergure	nf	ɑ͂vɛʀgyʀ	wingspan, breadth, scope	
la simplicité	nf	sɛ͂plisite	simplicity, straightforwardness	
brouiller	v	bʀuje	to mix-up, confuse, scramble	
le dépens	nmpl	depɑ͂	expense	
un approvisionnement	nm	apʀɔvizjɔnmɑ͂	supply, supplies, stock, supplying, stocking	
veuf	nadj	vœf, vœv	surviving spouse	
vocal	adj	vɔkal, o	vocal	
lourdement	adv	luʀdəmɑ͂	heavily	
belge	nadj(f)	bɛlʒ	Belgian	
rayer	v	ʀeje	to scratch, streak, stripe; to erase, strike out	
satisfaisant	adj	satisfəzɑ͂, ɑ͂t	satisfactory, satisfying	
le déclin	nm	deklɛ͂	decline, deterioration	
humanitaire	adj(f)	ymanitɛʀ	humanitarian	
fatiguer	v	fatige	to tire, get tired	
invoquer	v	ɛ͂vɔke	to call upon	
véritablement	adv	veʀitabləmɑ͂	truly, really	
coûteux	adj(pl)	kutø, -øz	expensive, costly	
une aptitude	nf	aptityd	ability	
la délégation	nf	delegasjɔ͂	delegation	
la minorité	nf	minɔʀite	minority	
le promoteur	nm	pʀɔmotœʀ, -tʀis	promoter, instigator, developer	
désigner	v	deziɲe	to designate	
le patrimoine	nm	patʀimwan	heritage, assets	
le loisir	nm	lwaziʀ	leisure	
imminent	adj	iminɑ͂, ɑ͂t	imminent, impending	
le combustible	nadj(f)	kɔ͂bystibl	fuel, combustible	
ménager	nadj,v	menaʒe	to handle, arrange; domestic	
nettement	adv	nɛtmɑ͂	clearly, distinctly	
motiver	v	mɔtive	to justify, account for, motivate	
hériter	v	eʀite	to inherit	
un accessoire	nm	akseswaʀ	accessory	
programmer	v	pʀɔgʀame	to program, schedule	
élire	v	eliʀ	to elect	
un intervalle	nm	ɛ͂tɛʀval	space, distance, interval	
expédier	v	ɛkspedje	to send, dispatch	
viable	adj(f)	vjabl	viable, workable	
réputé	adj	ʀepyte	famous, renowned	
exagérer	v	ɛgzaʒeʀe	to exaggerate, overdo	
conforme	adj(f)	kɔ͂fɔʀm	conform	
la programmation	nf	pʀɔgʀamasjɔ͂	programming	
reconduire	v	ʀ(ə)kɔ͂dɥiʀ	to renew, drive back	
accessible	adj(f)	aksesibl	accessible, approachable	
le passif	nadj	pasif	passive, liabilities	
une intégration	nf	ɛ͂tegʀasjɔ͂	integration	
anticiper	v	ɑ͂tisipe	to anticipate, foresee, look or think ahead	
estimer	v	ɛstime	to estimate; to consider, deem	
la rénovation	nf	ʀenɔvasjɔ͂	renovation, restoration	
prélever	v	pʀel(ə)ve	to impose, levy, withdraw, remove	
encourageant	adj	ɑ͂kuʀaʒɑ͂, ɑ͂t	encouraging	
dépendre	v	depɑ͂dʀ	to depend	
corrompre	v	kɔʀɔ͂pʀ	to corrupt, bribe	
bombarder	v	bɔ͂baʀde	to bomb	
conformément	adv	kɔ͂fɔʀmemɑ͂	in accordance	
initial	adj	inisjal, jo	initial	
le déchet	nm	deʃɛ	scrap, waste, trash, garbage	
la rhétorique	nadj(f)	ʀetɔʀik	rhetorical, rhetoric	
le génocide	nm	ʒenɔsid	genocide	
climatique	adj(f)	klimatik	climatic	
consommer	v	kɔ͂sɔme	to eat, consume, drink, use, consummate	
un encouragement	nm	ɑ͂kuʀaʒmɑ͂	encouragement	
la provocation	nf	pʀɔvɔkasjɔ͂	provocation	
reconstituer	v	ʀ(ə)kɔ͂stitɥe	to reconstitute, restore, reconstruct	
incompréhensible	adj(f)	ɛ͂kɔ͂pʀeɑ͂sibl	incomprehensible	
attribuer	v	atʀibɥe	to award, grant, attribute	
le biais	nm(pl)	bjɛ	way, device; bias	
la dictature	nf	diktatyʀ	dictatorship	
catastrophique	adj(f)	katastʀɔfik	catastrophic, disastrous	
chuter	v	ʃyte	to fall	
le socialiste, la socialiste	nadj(f)	sɔsjalist	socialist	
prescrire	v	pʀɛskʀiʀ	to order, command, prescribe, stipulate	
abriter	v	abʀite	to shelter, shade	
sanitaire	nadj(f)	sanitɛʀ	health, sanitary, medical	
la diplomatie	nf	diplɔmasi	diplomacy	
exclusivement	adv	ɛksklyzivmɑ͂	exclusively, solely	
le suspens	nm(pl)	syspɑ͂	suspension, abeyance	
la norme	nf	nɔʀm	norm, standard	
un aval	nm	aval	downstream, downhill	
le graphique, la graphique	nadj(f)	gʀafik	graph, graphic	
une indifférence	nf	ɛ͂difeʀɑ͂s	indifference	
intolérable	adj(f)	ɛ͂tɔleʀabl	intolerable	
médiatique	adj(f)	medjatik	media	
propice	adj(f)	pʀɔpis	favorable, auspicious propitious	
la portion	nf	pɔʀsjɔ͂	portion, share	
une interface	nf	ɛ͂tɛʀfas	interface	
purger	v	pyʀʒe	to purge, bleed, drain	
sombrer	v	sɔ͂bʀe	to darken; to sink, lapse	
expérimenter	v	ɛkspeʀimɑ͂te	to experiment	
la fixation	nf	fiksasjɔ͂	fixation, fixing	
le commerçant	nadj	kɔmɛʀsɑ͂, ɑ͂t	shopkeeper, merchant, commercial	
théoriquement	adv	teɔʀikmɑ͂	theoretically	
le quota	nm	k(w)ɔta	quota	
le composant	nadj	kɔ͂pozɑ͂	component, constituent	
la mortalité	nf	mɔʀtalite	mortality, death rate	
le déficit	nm	defisit	deficit	
la sécheresse	nf	sɛʃʀɛs	dryness, drought	
le palier	nm	palje	landing, level, flat	
la cinquantaine	nf	sɛ͂kɑ͂tɛn	about fifty	
la protestation	nf	pʀɔtɛstasjɔ͂	protest, protestation	
la nationalité	nf	nasjɔnalite	nationality	
un animateur	nadj	animatœʀ, -tʀis	animator, host	
relire	v	ʀ(ə)liʀ	to reread, proofread	
appliqué	adj	aplike	assiduous, industrious, careful	
soucieux	adj(pl)	susjø, -jøz	concerned, worried	
heurter	v	ˊœʀte	to strike, hit, collide	
convenir	v	kɔ͂vniʀ	to agree, be suitable	
stimuler	v	stimyle	to stimulate	
issu	adj	isy	descended from	
dicter	v	dikte	to dictate, lay down	
dépendant	adj	depɑ͂dɑ͂, ɑ͂t	answerable, responsible, dependent	
défini	nadj	defini	definite	
touristique	adj(f)	tuʀistik	holiday, tourist	
ficher	v	fiʃe	to file; to make fun of, not care, not give a damn	
la coalition	nf	kɔalisjɔ͂	coalition	
déduire	v	dedɥiʀ	to deduct, deduce, infer, figure out	
occidental	nadj	ɔksidɑ͂tal, o	western	
spontané	adj	spɔ͂tane	spontaneous	
cerner	v	sɛʀne	to surround, encircle, delimit	
disperser	v	dispɛʀse	to scatter, spread, disperse	
fondamentalement	adv	fɔ͂damɑ͂talmɑ͂	basically, fundamentally, inherently	
le pessimiste, la pessimiste	nadj(f)	pesimist	pessimistic; pessimist	
entamer	v	ɑ͂tame	to start	
périr	v	peʀiʀ	to perish	
cohérent	adj	koeʀɑ͂, ɑ͂t	coherent	
urbain	adj	yʀbɛ͂, ɛn	urban	
le rail	nm	ʀɑj	rail, track	
la mentalité	nf	mɑ͂talite	mentality	
un oral	nadj	ɔʀal, o	oral	
rigide	adj(f)	ʀiʒid	rigid, stiff	
conjugal	adj	kɔ͂ʒygal, o	conjugal, married	
une avalanche	nf	avalɑ͂ʃ	avalanche	
le négociateur	nadj	negɔsjatœʀ, -tʀis	negotiator	
un égyptien	nadj	eʒipsjɛ͂, jɛn	Egyptian	
la mathématique	nadj(f)	matematik	mathematical; mathematics	
formel	adj	fɔʀmɛl	formal, definite	
dominant	adj	dɔminɑ͂, ɑ͂t	dominant, prevailing	
troubler	v	tʀuble	to disturb, disrupt, cloud	
qualifier	v	kalifje	to qualify	
la justesse	nf	ʒystɛs	accuracy, precision	
un attachement	nm	ataʃmɑ͂	attachment, affection	
transit	nm	tʀɑ͂zit	transit	
un hebdomadaire	nadj(f)	ɛbdɔmadɛʀ	weekly	
freiner	v	fʀene	to brake, slow down	
épuiser	v	epɥize	to exhaust, tire out, wear out, use up	
le repli	nm	ʀəpli	bend, twist, wrinkle, fold, fallback	
une acquisition	nf	akizisjɔ͂	acquisition, acquire, purchase	
la spéculation	nf	spekylasjɔ͂	speculation	
incertain	nadj	ɛ͂sɛʀtɛ͂	uncertain, unsure	
contester	v	kɔ͂tɛste	to contest, question	
le démarrage	nm	demaʀaʒ	start, moving off	
inciter	v	ɛ͂site	to incite, encourage	
mutuel	adj	mytɥɛl	mutual	
une indication	nf	ɛ͂dikasjɔ͂	indication	
souligner	v	suliɲe	to underline, stress	
le gendarme, la gendarme	nm,nf	ʒɑ͂daʀm	policeman	
masquer	v	maske	to mask, conceal, put on a mask	
étonner	v	etɔne	to astonish, amaze	
le débit	nm	debi	debit, turnover, delivery, rate	
une acceptation	nf	aksɛptasjɔ͂	acceptance	
étaler	v	etale	to spread, display, apply	
un impératif	nadj	ɛ͂peʀatif	need, necessity, urgent, imperative	
commenter	v	kɔmɑ͂te	to comment	
agricole	adj(f)	agʀikɔl	agricultural, farming	
visée	nf	vize	aim, design, sighting	
administratif	nadj	administʀatif, -iv	administrative	
réfugier	v	ʀefyʒje	to take refuge	
clore	v	klɔʀ	to close	
un édifice	nm	edifis	building	
ravir	v	ʀaviʀ	to delight, rob	
le préjudice	nm	pʀeʒydis	loss, harm, damage	
la fraction	nf	fʀaksjɔ͂	fraction	
le récepteur	nm	ʀesɛptœʀ	receiver, receiving	
la répression	nf	ʀepʀesjɔ͂	repression, suppression, crack-down	
la lunette	nf	lynɛt	telescope, glasses	
une incertitude	nf	ɛ͂sɛʀtityd	uncertainty	
dérouler	v	deʀule	to unwind, enroll	
technologique	adj(f)	tɛknɔlɔʒik	technological	
abstenir	v	apstəniʀ	to abstain, refrain	
différencier	v	difeʀɑ͂sje	to differentiate	
enclin	adj	ɑ͂klɛ͂, in	enclined, prone	
la conversion	nf	kɔ͂vɛʀsjɔ͂	conversion	
le surplus	nm(pl)	syʀply	surplus	
le prédécesseur	nm	pʀedesesœʀ	predecessor	
basculer	v	baskyle	to topple, fall over, knock off	
la méfiance	nf	mefjɑ͂s	distrust, mistrust, suspicion	
significatif	adj	siɲifikatif, -iv	significative	
autonome	nadj(f)	otonom	autonomous, independent	
un organisateur	nadj	ɔʀganizatœʀ	organiser, organising	
exclusif	nadj	ɛksklyzif, -iv	exclusive, sole	
administrer	v	administʀe	to manage, run, administer; to give	
insuffisant	adj	ɛ͂syfizɑ͂, ɑ͂t	insufficient, inadequate	
convoquer	v	kɔ͂vɔke	to call, summon	
le serbe	nadj(f)	sɛʀb	Serbian	
soupçonner	v	supsɔne	to suspect	
bénéficier	nm,v	benefisje	to benefit	
une échéance	nf	eʃeɑ͂s	expiration date, date of payment, deadline	
le libéral	nadj	libeʀal, o	liberal	
aligner	v	aliɲe	to lign up, align	
la caractéristique	nadj(f)	kaʀakteʀistik	characteristic	
simultanément	adv	simyltanemɑ͂	simultaneously	
adéquat	adj	adekwa, at	appropriate, suitable, adequate	
armer	v	aʀme	to arm	
la diversité	nf	divɛʀsite	diversity	
recouvrir	v	ʀ(ə)kuvʀiʀ	to cover, hide, conceal	
déployer	v	deplwaje	to deploy, open	
décourager	v	dekuʀaʒe	to discourage, dishearten, lose heart	
allier	v	alje	to ally, match, unite	
la coordination	nf	kɔɔʀdinasjɔ͂	coordination	
la précipitation	nf	pʀesipitasjɔ͂	haste, precipitation	
projeter	v	pʀɔʒ(ə)te	to plan, project, throw out	
considérablement	adv	kɔ͂sideʀabləmɑ͂	considerably, significantly, extensively	
dépouiller	v	depuje	to skin, strip away, deprive, analyze	
notoire	adj(f)	nɔtwaʀ	notorious, well-known	
théorique	adj(f)	teɔʀik	theoretical	
prestigieux	adj(pl)	pʀɛstiʒjø, -jøz	prestigious	
partiellement	adv	paʀsjɛlmɑ͂	partly	
élaborer	v	elabɔʀe	to work out, develop	
renier	v	ʀənje	to disown, repudiate, go back on	
postal	adj	pɔstal, o	postal, mail	
insérer	v	ɛ͂seʀe	to insert	
négliger	v	negliʒe	to neglect	
bouleverser	v	bulvɛʀse	to upset, distress, disturb, turn upside down	
emprisonner	v	ɑ͂pʀizɔne	to imprison, jail, put in jail, trap	
propager	v	pʀɔpaʒe	to propagate, spread	
abaisser	v	abese	to pull down, lower, reduce	
le versement	nm	vɛʀsəmɑ͂	payment	
présidentiel	adj	pʀezidɑ͂sjɛl	presidential	
natal	adj	natal	native, home	
un affrontement	nm	afʀɔ͂tmɑ͂	clash, confrontation	
le format	nm	fɔʀma	format	
opportun	adj	ɔpɔʀtœ͂, yn	timely,	
dissoudre	v	disudʀ	to dissolve, disband, break up	
la sanction	nf	sɑ͂ksjɔ͂	sanction	
un utilisateur	nadj	ytilizatœʀ, -tʀis	user	
le paradoxe	nm	paʀadɔks	paradox	
un occupant	nadj	ɔkypɑ͂, ɑ͂t	occupant, occupier, occupying	
radioactif	adj	ʀadjoaktif, -iv	radioactive	
surgir	v	syʀʒiʀ	to spring up	
un éventail	nm	evɑ͂taj	fan, range	
avérer	v	aveʀe	to prove to be, turn out	
affaiblir	v	afebliʀ	to weaken	
le bénéficiaire, la bénéficiaire	nadj(f)	benefisjɛʀ	beneficiary	
appréhender	v	apʀeɑ͂de	to dread, apprehend	
la contrepartie	nf	kɔ͂tʀəpaʀti	counterpart, opposite, alternative	
la pénurie	nf	penyʀi	shortage	
éminent	adj	eminɑ͂, ɑ͂t	eminent, distinguished	
enchaîner	v	ɑ͂ʃene	to chain up, connect, string together	
contaminer	v	kɔ͂tamine	to contaminate, infect	
le synonyme	nadj(f)	sinɔnim	synonymous; synonym	
préférer	v	pʀefeʀe	to prefer	
déborder	v	debɔʀde	to overflow, boil over, go out, go over	
la compression	nf	kɔ͂pʀesjɔ͂	compression; cutback, reduction	
aboutir	v	abutiʀ	to succeed, end up at	
la charte	nf	ʃaʀt	charter	
primordial	adj	pʀimɔʀdjal, jo	primordial, basic, vital, primary	
la ressource	nf	ʀ(ə)suʀs	resource	
la quinzaine	nf	kɛ͂zɛn	about fifteen, two weeks	
singulier	nadj	sɛ͂gylje	unique, singular	
couramment	adv	kuʀamɑ͂	fluently, commonly	
la vigilance	nf	viʒilɑ͂s	vigilance, watchfulness	
pourvoir	v	puʀvwaʀ	to provide, equip, supply, furnish	
générer	v	ʒeneʀe	to generate	
une accélération	nf	akseleʀasjɔ͂	acceleration	
écouler	v	ekule	to sell, run off, flow out	
la borne	nf	bɔʀn	milestone, boundary stone	
le rapprochement	nm	ʀapʀɔʃmɑ͂	bringing together, coming closer, parallel	
baptiser	v	batize	to name, christen, baptize	
bannir	v	baniʀ	to banish, ban	
vraisemblablement	adv	vʀɛsɑ͂blabləmɑ͂	most probably	
couronner	v	kuʀɔne	to crown, award	
peut-être	adv	pøtɛtʀ	perhaps, maybe	
aujourd’hui	adv	oʒuʀdɥi	today	
concerner	v	kɔ͂sɛʀne	to concern	
d’abord	adv	abɔʀ	first of all	
importer	v	ɛ͂pɔʀte	to import; to be important	
constituer	v	kɔ͂stitɥe	to constitute	
lui-même	pro	lɥimɛm	himself	
c’est-à-dire	adv	sɛtadiʀ	in other words	
d’ailleurs	adv	dajœʀ	moreover, besides, for that matter	
d’après		0	according to	
d’accord	intj	akɔʀ	okay, alright	
demeurer	v	dəmœʀe	to remain, live	
quelqu’un	pro	kɛlkœ͂	somebody, someone	
situer	v	sitɥe	to situate, locate	
figurer	v	figyʀe	to represent, appear	
le mai	nm	mɛ	May	
susciter	v	sysite	to arouse, provoke	
consister	v	kɔ͂siste	to consist	
destiner	v	dɛstine	to intend, be used	
relatif	nadj	ʀ(ə)latif	relative	
entreprendre	v	ɑ͂tʀəpʀɑ͂dʀ	to begin, start, undertake	
au-delà	adv,nmi	od(ə)la	beyond	
parlementaire	nadj(f)	paʀləmɑ͂tɛʀ	parliamentary; member of parliament	
palestinien	nm	palɛstinjɛ͂, jɛn	Palestinian	
fondamental	adj	fɔ͂damɑ͂tal, o	fundamental	
une exigence	nf	ɛgziʒɑ͂s	demand, strictness	
après-midi	nmi	apʀɛmidi	afternoon	
vis-à-vis	nmpl,prep	vizavi	face to face, regarding	
elle-même	pro	ɛlmɛm	herself, itself	
législatif	nadj	leʒislatif, -iv	legislative	
favoriser	v	favɔʀize	to favor	
précéder	v	pʀesede	to precede	
israélien	nadj	isʀaeljɛ͂, jɛn	Israeli	
au-dessus	adv	od(ə)sy	above	
d’autant		dotɑ͂	since	
entourer	v	ɑ͂tuʀe	to surround	
accroître	v	akʀwɑtʀ	to increase	
moi-même	pro	mwamɛm	myself	
provenir	v	pʀɔv(ə)niʀ	to be from, come from	
la modification	nf	mɔdifikasjɔ͂	modification	
la prévision	nf	pʀevizjɔ͂	forecast, prediction, expectation	
fiscal	adj	fiskal, o	fiscal	
une exportation	nf	ɛkspɔʀtasjɔ͂	export	
percevoir	v	pɛʀsəvwaʀ	to perceive	
le consommateur	nm	kɔ͂sɔmatœʀ, -tʀis	consumer, customer	
un abri	nm	abʀi	shelter	
baser	v	bɑze	to base	
électoral	adj	elɛktɔʀal, -o	electoral	
porte-parole	nmi	pɔʀtpaʀɔl	spokesperson, spokes- woman, spokesman	
la vacance	nf	vakɑ͂s	vacancy; vacation	
monétaire	adj(f)	mɔnetɛʀ	monetary	
un euro	nm	øʀo	euro	
là-bas	adv	labɑ	over there, out there	
doter	v	dɔte	to endow, provide	
vice-président	nm	vispʀezidɑ͂, vispʀezidɑ͂t	vice-president	
un effectif	nadj	efɛktif	effective; size, workforce	
individuel	adj	ɛ͂dividɥɛl	individual	
rendez-vous	nm(pl)	ʀɑ͂devu	appointment	
refléter	v	ʀ(ə)flete	to reflect	
animer	v	anime	to lead, conduct, animate	
la statistique	nf	statistik	statistics, statistical	
gouvernemental	adj	guvɛʀnəmɑ͂tal, o	governmental	
irakien	nadj	iʀakjɛ͂, jɛn	Iraqi	
la proportion	nf	pʀɔpɔʀsjɔ͂	proportion	
le critère	nm	kʀitɛʀ	criterion, criteria	
illustrer	v	i(l)lystʀe	to illustrate	
formuler	v	fɔʀmyle	to formulate	
un électeur	nm	elɛktœʀ, -tʀis	elector, voter	
varier	v	vaʀje	to vary, change	
québécois	nadj(pl)	kebekwa	Quebecker, Quebecer, Québécois	
multiplier	v	myltiplije	to multiply	
budgétaire	adj(f)	bydʒetɛʀ	budgetary	
spécialiser	v	spesjalize	to specialize	
éventuel	nadj	evɑ͂tɥɛl	possible	
le partisan	nadj	paʀtizɑ͂, an	partisan, supporter	
efforcer	v	efɔʀse	endeavor	
détenir	v	det(ə)niʀ	to hold, detain	
le multiple	nadj(f)	myltipl	multiple	
désoler	v	dezɔle	to upset, sadden	
résider	v	ʀezide	to reside	
le volet	nm	vɔlɛ	shutter	
résulter	v	ʀezylte	to result	
survenir	v	syʀvəniʀ	to occur, take place, appear	
le salarié, la salarié	nadj	salaʀje	wage-earning, employee	
orienter	v	ɔʀjɑ͂te	to position, give advice, direct, orientate	
croître	v	kʀwatʀ	to grow, increase	
contraindre	v	kɔ͂tʀɛ͂dʀ	to compel, force	
le réformiste, la réformiste	nadj(f)	ʀefɔʀmist	reformist	
hausser	v	ˊose	to raise	
le provincial	nadj	pʀɔvɛ͂sjal, jo	provincial	
répartir	v	ʀepaʀtiʀ	to distribute, spread out, share out, divide up	
là-dessus	adv	lad(ə)sy	on top, about it	
nécessiter	v	nesesite	to require, necessitate	
la revendication	nf	ʀ(ə)vɑ͂dikasjɔ͂	claim, demand	
constitutionnel	nadj	kɔ͂stitysjɔnɛl	constitutional	
une importation	nf	ɛ͂pɔʀtasjɔ͂	import	
le référendum	nm	ʀefeʀɑ͂dɔm, ʀefeʀɛ͂dɔm	referendum	
une instance	nf	ɛ͂stɑ͂s	authority, proceedings, hearing	
recourir	v	ʀ(ə)kuʀiʀ	to turn to, run again	
engendrer	v	ɑ͂ʒɑ͂dʀe	to father, breed, generate	
une infrastructure	nf	ɛ͂fʀastʀyktyʀ	infrastructure	
la cotisation	nf	kɔtizasjɔ͂	subscription	
une affirmation	nf	afiʀmasjɔ͂	assertion, affirmation	
requérir	v	ʀəkeʀiʀ	to require	
un agriculteur	nm	agʀikyltœʀ, -tʀis	farmer	
une inflation	nf	ɛ͂flasjɔ͂	inflation	
une autonomie	nf	otonomi	autonomy	
la contradiction	nf	kɔ͂tʀadiksjɔ͂	contradiction	
la souveraineté	nf	suv(ə)ʀɛnte	sovereignty	
restreindre	v	ʀɛstʀɛ͂dʀ	to restrict, cut down, decrease	
présider	v	pʀezide	to preside	
un autochtone, une autochtone	nadj(f)	otokton	native, indigenous peoples	
le rendement	nm	ʀɑ͂dmɑ͂	yield, output	
une innovation	nf	inɔvasjɔ͂	innovation	
la collectivité	nf	kɔlɛktivite	community, group	
modalité	nf	mɔdalite	mode, method, modality	
le préalable	nadj(f)	pʀealabl	prior, previous, preliminary, prerequisite	
caractériser	v	kaʀakteʀize	to characterize	
intituler	v	ɛ͂tityle	to entitle, call	
le collaborateur	nm	ko(l)labɔʀatœʀ, -tʀis	associate, fellow worker, contributor, collaborator	
accumuler	v	akymyle	to accumulate, amass, store, stockpile	
week-end	nm	wikɛnd	weekend	
regrouper	v	ʀ(ə)gʀupe	to group together, regroup	
le militant	nadj	militɑ͂, ɑ͂t	militant	
le participant	nadj	paʀtisipɑ͂, ɑ͂t	participant	
privilégier	v	pʀivileʒje	to favour	
dater	v	date	to date	
la circonscription	nf	siʀkɔ͂skʀipsjɔ͂	district, constituency	
la subvention	nf	sybvɑ͂sjɔ͂	subsidy	
équilibrer	v	ekilibʀe	to balance	
quelques-uns	pro	kɛlkəzœ͂, kɛlkəzyn	some, a few	
solliciter	v	sɔlisite	to request, solicit, appeal	
la prévention	nf	pʀevɑ͂sjɔ͂	prevention, custody	
complémentaire	adj(f)	kɔ͂plemɑ͂tɛʀ	complementary, supplementary	
parisien	nadj	paʀizjɛ͂, jɛn	Parisian	
respectif	adj	ʀɛspɛktif, -iv	respective	
contemporain	nadj	kɔ͂tɑ͂pɔʀɛ͂, ɛn	contemporary	
le pétrolier	nadj	petʀɔlje	oil; oil tanker	
la suppression	nf	sypʀesjɔ͂	deletion, suppression	
existant	adj	ɛgzistɑ͂, ɑ͂t	existing	
la restriction	nf	ʀɛstʀiksjɔ͂	restriction	
un indicateur	nadj	ɛ͂dikatœʀ	indicator	
la législation	nf	leʒislasjɔ͂	legislation	
approprier	v	apʀɔpʀije	to adapt, appropriate, take over	
le chômeur	nm	ʃomœʀ, -øz	unemployed person	
succéder	v	syksede	to succeed, take over	
le paramètre	nm	paʀamɛtʀ	parameter	
déboucher	v	debuʃe	to unblock, uncork	
la répartition	nf	ʀepaʀtisjɔ͂	distribution, spreading	
combiner	v	kɔ͂bine	to combine, devise	
le contribuable, la contribuable	nm,nf	kɔ͂tʀibɥabl	taxpayer	
progressivement	adv	pʀɔgʀesivmɑ͂	progressively	
antérieur	nadj	ɑ͂teʀjœʀ	previous, earlier, front	
progressif	adj	pʀɔgʀesif, -iv	progressive	
une adhésion	nf	adezjɔ͂	membership, support	
détailler	v	detaje	to detail	
présumer	v	pʀezyme	to presume, assume	
rigoureux	adj(pl)	ʀiguʀø, -øz	rigorous, harsh, strict	
revêtir	v	ʀ(ə)vetiʀ	to take on, assume	
distinct	adj	distɛ͂, ɛ͂kt	distinct	
la directive	nf	diʀɛktiv	guideline	
rural	nadj	ʀyʀal, o	rural	
persister	v	pɛʀsiste	to persist, keep up, linger	
oriental	nadj	ɔʀjɑ͂tal, o	Oriental	
consentir	v	kɔ͂sɑ͂tiʀ	to consent, agree	
la variable	nadj(f)	vaʀjabl	variable	
contradictoire	adj(f)	kɔ͂tʀadiktwaʀ	contradictory, conflicting	
instaurer	v	ɛ͂stɔʀe	to institute, introduce	
revendiquer	v	ʀ(ə)vɑ͂dike	to claim	
un accroissement	nm	akʀwasmɑ͂	increase	
la diminution	nf	diminysjɔ͂	reduction, decreasing	
la privatisation	nf	pʀivatizasjɔ͂	privatization	
la réglementation	nf	ʀɛgləmɑ͂tasjɔ͂	regulation	
déplorer	v	deplɔʀe	to deplore	
mobiliser	v	mɔbilize	to mobilize, call up	
encadrer	v	ɑ͂kɑdʀe	to frame, train	
la télécommunication	nf	telekɔmynikasjɔ͂	telecommunication	
un aliment	nm	alimɑ͂	food	
coordonner	v	kɔɔʀdɔne	to coordinate	
différer	v	difeʀe	to differ, vary	
découler	v	dekule	to ensue, follow	
mixte	adj(f)	mikst	mixed	
siéger	v	sjeʒe	to sit	
grand-chose	nmi	gʀɑ͂ʃoz	not very much	
la transparence	nf	tʀɑ͂spaʀɑ͂s	transparency	
amorcer	v	amɔʀse	to bait, prime, begin, initiate	
la productivité	nf	pʀɔdyktivite	productivity	
simplifier	v	sɛ͂plifje	to simplify	
le scrutin	nm	skʀytɛ͂	ballot, poll	
passionner	v	pasjɔne	to fascinate, grip	
généraliser	v	ʒeneʀalize	to generalize	
un économiste, une économiste	nm,nf	ekɔnɔmist	economist	
vouer	v	vwe	to devote, dedicate to, vow to	
proclamer	v	pʀɔklame	to proclaim, declare	
le monopole	nm	mɔnɔpɔl	monopoly	
approfondir	v	apʀɔfɔ͂diʀ	to deepen, make deeper, go further into	
syndical	adj	sɛ͂dikal, o	(trade-) union	
un abonné	nadj	abɔne	subscribed, subscriber	
structurel	adj	stʀyktyʀɛl	structural	
dispenser	v	dispɑ͂se	to exempt, avoid	
le déroulement	nm	deʀulmɑ͂	development, progress	
régir	v	ʀeʒiʀ	to govern	
ministériel	adj	ministeʀjɛl	ministerial; minister	
systématiquement	adv	sistematikmɑ͂	systematically	
équiper	v	ekipe	to equip, kit out, fit out, tool up	
le détriment	nm	detʀimɑ͂	detriment	
unanime	adj(f)	ynanim	unanimous	
islamique	adj(f)	islamik	Islamic	
une attribution	nf	atʀibysjɔ͂	awarding, allocation, assignment, attribution	
ethnique	nadj(f)	ɛtnik	ethnic	
un interlocuteur	nm	ɛ͂tɛʀlɔkytœʀ, -tʀis	speaker	
spécifier	v	spesifje	to specify	
la rémunération	nf	ʀemyneʀasjɔ͂	remuneration, payment, pay	
adhérer	v	adeʀe	to stick to, support, join, be a member of	
systématique	nadj(f)	sistematik	systematic	
parallèlement	adv	paʀalɛlmɑ͂	in parallel, similarly	
francophone	adj(f)	fʀɑ͂kɔfɔn	French-speaking, French speaker, francophone	
émaner	v	emane	to issue from, emanate from, come from, radiate from	
prévaloir	v	pʀevalwaʀ	to prevail	
apprêter	v	apʀete	to prepare, get ready, dress	
cibler	v	sible	to target	
additionnel	adj	adisjɔnɛl	additional	
le consensus	nm(pl)	kɔ͂sɛ͂sys	consensus	
un excédent	nm	ɛksedɑ͂	surplus	
la mondialisation	nf	mɔ͂djalizasjɔ͂	internationalisation, globalisation	
le conventionnel	nadj	kɔ͂vɑ͂sjɔnɛl	conventional	
une unanimité	nf	ynanimite	unanimity	
une inégalité	nf	inegalite	difference, uneveness, inequality	
accentuer	v	aksɑ͂tɥe	to stress, to emphasize, become more pronounced	
rattacher	v	ʀataʃe	to attach, join, tie	
contracter	v	kɔ͂tʀakte	to contract, take out, tense	
territorial	adj	teʀitɔʀjal, jo	territorial, land	
subsister	v	sybziste	to subsist, remain	
un usager	nm	yzaʒe, -ɛʀ	user	
la continuité	nf	kɔ͂tinɥite	continuity, continuation	
maximal	adj	maksimal, o	maximal	
une idéologie	nf	ideɔlɔʒi	ideology	
le demandeur	nm	d(ə)mɑ͂dœʀ, -øz	seeker, complainant	
homologue	adj(f)	ɔmɔlɔg	counterpart, homologue	
successif	adj	syksesif, -iv	successive	
le matériau	nm	mateʀjo	material	
la divergence	nf	divɛʀʒɑ͂s	divergence, difference	
la municipalité	nf	mynisipalite	municipality	
consécutif	adj	kɔ͂sekytif, -iv	consecutive	
institutionnel	adj	ɛ͂stitysjɔnɛl	institutional	
la confédération	nf	kɔ͂fedeʀasjɔ͂	confederation	
acquitter	v	akite	to acquit, pay, settle, pay off	
référer	v	ʀefeʀe	to refer, consult, refer to	
substantiel	adj	sypstɑ͂sjɛl	substantial	
une exclusion	nf	ɛksklyzjɔ͂	exclusion, expulsion	
préconiser	v	pʀekɔnize	to recommend, advocate	
un historien	nm	istɔʀjɛ͂, jɛn	historian	
atténuer	v	atenɥe	to lessen, diminish, dim, subdue, reduce	
applicable	adj(f)	aplikabl	applicable	
sud-est	nmi	sydɛst	south-east	
le conjoint	nadj	kɔ͂ʒwɛ͂, wɛ͂t	spouse, joint	
assortir	v	asɔʀtiʀ	to match, accompany	
la restructuration	nf	ʀəstʀyktyʀasjɔ͂	restructure, restructuring	
demi-heure	nf	d(ə)mijœʀ	half an hour	
un actionnaire, une actionnaire	nm,nf	aksjɔnɛʀ	shareholder	
redouter	v	ʀədute	to dread, fear	
acheminer	v	aʃ(ə)mine	to forward, dispatch, transport	
conformer	v	kɔ͂fɔʀme	to model, conform	
délibérer	v	delibeʀe	to deliberate, debate	
puiser	v	pɥize	to draw, take	
géographique	adj(f)	ʒeɔgʀafik	geographic, geographical	
œuvrer	v	œvʀe	to work	
la contestation	nf	kɔ͂tɛstasjɔ͂	questioning, protest	
iranien	nadj	iʀanjɛ͂, jɛn	Iranian	
conférer	v	kɔ͂feʀe	to confer	
interpeller	v	ɛ͂tɛʀpəle	to call out to, question	
fréquemment	adv	fʀekamɑ͂	frequently	
la légitimité	nf	leʒitimite	legitimacy	
dériver	v	deʀive	to divert, derive	
respectivement	adv	ʀɛspɛktivmɑ͂	respectively	
induire	v	ɛ͂dɥiʀ	to infer, induce, result in , lead to	
un arbitrage	nm	aʀbitʀaʒ	refereeing, umpiring, arbitration	
déléguer	v	delege	to delegate	
miner	v	mine	to mine, erode	
composante	nf	kɔ͂pozɑ͂t	component	
instituer	v	ɛ͂stitɥe	to introduce, impose, establish, institute	
marocain	nadj	maʀɔkɛ͂, ɛn	Moroccan	
le nominal	nadj	nɔminal, o	nominal	
peiner	v	pene	to toil, labor, struggle	
le renouvellement	nm	ʀ(ə)nuvɛlmɑ͂	replacement, recurrence, repetition	
le protestant	nadj	pʀɔtɛstɑ͂, ɑ͂t	Protestant	
le faisceau	nm	fɛso	bundle, beam, stack	
le dégât	nm	degɑ	damage	
multinational	adj	myltinasjɔnal, o	multinational	
étroitement	adv	etʀwatmɑ͂	closely	
faillir	v	fajiʀ	to have almost, fail, fail to	
nous-mêmes	pro	numɛm	ourselves	
coter	v	kɔte	to quote, rate	
bien-être	nmi	bjɛ͂nɛtʀ	well being	
énoncer	v	enɔ͂se	to state, set out, express	
un islamiste, une islamiste	nm,nf	islamist	Islamist	
bilatéral	adj	bilateʀal, o	bilateral	
environnemental	adj	ɑ͂viʀɔnmɑ͂tal, o	environmental	
le constructeur	nadj	kɔ͂stʀyktœʀ	builder, manufacturer	
déceler	v	des(ə)le	to discover, detect	
acharner	v	aʃaʀne	to go at fiercely and unrelentingly	
assimiler	v	asimile	to assimilate, take in	
incarner	v	ɛ͂kaʀne	to embody, incarnate	
opter	v	ɔpte	to opt, decide	
décréter	v	dekʀete	to declare, decree	
dix-huit	det,nmi	dizɥit	eighteen	
coïncider	v	kɔɛ͂side	to coincide, correspond	
le renforcement	nm	ʀɑ͂fɔʀsəmɑ͂	reinforcement, strengthening	
une élaboration	nf	elabɔʀasjɔ͂	working-out, development	
une habitation	nf	abitasjɔ͂	residence, home, dwelling, housing	
représentatif	adj	ʀ(ə)pʀezɑ͂tatif, -iv	representative	
une imposition	nf	ɛ͂pozisjɔ͂	taxation	
un ajustement	nm	aʒystəmɑ͂	adjustment	
la répercussion	nf	ʀepɛʀkysjɔ͂	repercussion	
soi-disant	adji	swadizɑ͂	so-called, supposedly	
salarial	adj	salaʀjal, jo	salary	
abolir	v	abɔliʀ	to abolish, do away with	
la cohésion	nf	koezjɔ͂	cohesion	
minimal	adj	minimal, o	minimal, minimum	
implanter	v	ɛ͂plɑ͂te	to implant, set up, establish	
exhorter	v	ɛgzɔʀte	to exhort, urge	
sélectionner	v	selɛksjɔne	to select	
paralyser	v	paʀalize	to paralyze	
le préjugé	nm	pʀeʒyʒe	prejudice, bias	
nord-ouest	nmi	nɔʀwɛst	north-west	
un affaiblissement	nm	afeblismɑ͂	weakening	
peupler	v	pœple	to populate, inhabit	
resserrer	v	ʀ(ə)seʀe	to tighten up, strengthen	
activement	adv	aktivmɑ͂	actively	
incompatible	adj(f)	ɛ͂kɔ͂patibl	incompatible	
la synthèse	nf	sɛ͂tɛz	summary, synthesis	
la conjoncture	nf	kɔ͂ʒɔ͂ktyʀ	situation, climate	
réformer	v	ʀefɔʀme	to re-form, reform, discharge	
reléguer	v	ʀ(ə)lege	to relegate	
un intervenant	nadj	ɛ͂tɛʀvənɑ͂, ɑ͂t	contributor, intervener	
arbitraire	nadj(f)	aʀbitʀɛʀ	arbitrary	
la propagation	nf	pʀɔpagasjɔ͂	propagation, spreading	
grand-père	nm	gʀɑ͂pɛʀ	grandfather	
décliner	v	dekline	to decline, refuse, turn down	
un écu	nm	eky	ecu	
indirect	adj	ɛ͂diʀɛkt	indirect	
démentir	v	demɑ͂tiʀ	to deny, refute, contradict	
sud-ouest	nmi	sydwɛst	south-west	
le déterminant	nadj	detɛʀminɑ͂	determining, deciding, crucial	
sous-marin	nadj	sumaʀɛ͂	submarine, underwater	
un acheminement	nm	aʃ(ə)minmɑ͂	routing, shipment	
le notable	nadj(f)	nɔtabl	notable, noteworthy	
le tchèque	nadj(f)	tʃɛk	Czech	
là-dedans	adv	lad(ə)dɑ͂	inside, in it	
le différend	nm	difeʀɑ͂	disagreement, controversy	
explicite	adj(f)	ɛksplisit	explicitly	
par-dessus	adv	paʀdəsy	over	
apparent	adj	apaʀɑ͂, ɑ͂t	apparent, obvious	
une allocation	nf	alɔkasjɔ͂	allocation, granting, allotment, allowance	
décéder	v	desede	to die, pass away, pass on	
dix-sept	det,nmi	dissɛt	seventeen	
une ambiguïté	nf	ɑ͂bigɥite	ambiguity	
consultatif	adj	kɔ͂syltatif, -iv	advisory	
la complexité	nf	kɔ͂plɛksite	complexity	
brandir	v	bʀɑ͂diʀ	to brandish, wield, wave	
précaire	adj(f)	pʀekɛʀ	precarious, makeshift	
la justification	nf	ʒystifikasjɔ͂	justification, proof	
la conservation	nf	kɔ͂sɛʀvasjɔ͂	preservation, preserving, retention	
un aménagement	nm	amenaʒmɑ͂	development, planning, fitting, adjustment	
le manifestant	nm	manifɛstɑ͂, ɑ͂t	protester, demonstrator	
prôner	v	pʀone	to laud, extol, advocate, commend	
radicalement	adv	ʀadikalmɑ͂	radically	
ultérieur	adj	ylteʀjœʀ	later, subsequent	
axer	v	akse	to center	
rectifier	v	ʀɛktifje	to rectify, correct	
émouvoir	v	emuvwaʀ	to move, touch	
alléger	v	aleʒe	to lighten, alleviate,	
la dégradation	nf	degʀadasjɔ͂	degrading, damaging, erosion; demotion	
le vingtième, la vingtième	det,nm,nf	vɛ͂tjɛm	twentieth	
grand-mère	nf	gʀɑ͂mɛʀ	grandmother	
la citoyenneté	nf	sitwajɛnte	citizenship	
attester	v	atɛste	to attest, confirm	
nullement	adv	nylmɑ͂	not in the least	
incorporer	v	ɛ͂kɔʀpɔʀe	to incorporate, insert, merge	
débloquer	v	deblɔke	to free, unfreeze, unjam, release, unblock	
la linguistique	nadj(f)	lɛ͂gɥistik	linguistic, linguistics	
main-d’œuvre	nf	mɛ͂dœvʀ	manpower, labor, workforce	
rallier	v	ʀalje	to rally, win over, join	
réaffirmer	v	ʀeafiʀme	to reaffirm, reassert	
assigner	v	asiɲe	to assign, allocate, attach, attribute	
souhaitable	adj(f)	swɛtabl	desirable	
le constat	nm	kɔ͂sta	report, statement	
le dynamisme	nm	dinamism	dynamism	
concerter	v	kɔ͂sɛʀte	to devise, consult	
désespérer	v	dezɛspeʀe	to despair	
exporter	v	ɛkspɔʀte	to export	
ériger	v	eʀiʒe	to erect, set up	
transitoire	adj(f)	tʀɑ͂zitwaʀ	transient, interim, provisional	
tardif	adj	taʀdif, -iv	late	
un apport	nm	apɔʀ	supply, contribution	
un échelon	nm	eʃlɔ͂	rung, step, grade, echelon	
une occurrence	nf	ɔkyʀɑ͂s	instance, case, occurrence	
au-dessous	adv	od(ə)su	underneath	
fonctionnel	adj	fɔ͂ksjɔnɛl	functional	
entre-temps	adv,nm(pl)	ɑ͂tʀətɑ͂	meanwhile, in the meantime	
le confrère	nm	kɔ͂fʀɛʀ	colleague	
la variation	nf	vaʀjasjɔ͂	variation, change	
productif	adj	pʀɔdyktif, -iv	productive	
le groupement	nm	gʀupmɑ͂	grouping, group, categorization	
la modernisation	nf	mɔdɛʀnizasjɔ͂	modernization	
souscrire	v	suskʀiʀ	to subscribe	
le suffrage	nm	syfʀaʒ	vote	
concilier	v	kɔ͂silje	to reconcile	
libanais	nadj(pl)	libanɛ, ɛz	Lebanese	
le rapporteur	nadj	ʀapɔʀtœʀ	telltale, rapporteur	
le dix-neuvième, la dix-neuvième	det,nm,nf	diznœvjɛm	nineteenth	
une indemnisation	nf	ɛ͂dɛmnizasjɔ͂	indemnification, compensation	
le leadership	nm	lidœʀʃip	leadership	
la qualification	nf	kalifikasjɔ͂	qualification	
dédier	v	dedje	to dedicate	
un artisan	nm	aʀtizɑ͂, an	craftsman, self-employed	
économiquement	adv	ekɔnɔmikmɑ͂	economically	
industrialiser	v	ɛ͂dystʀijalize	to industrialize	
efficacement	adv	efikasmɑ͂	efficiently, effectively	
le marginal	nadj	maʀʒinal, o	marginal	
modérer	v	mɔdeʀe	to restrain, moderate, reduce	
une appartenance	nf	apaʀtənɑ͂s	membership, belonging	
constructif	adj	kɔ͂stʀyktif, -iv	constructive	
minime	nadj(f)	minim	minor, minimal	
le ralentissement	nm	ʀalɑ͂tismɑ͂	slowing down	
la mobilisation	nf	mɔbilizasjɔ͂	mobilization	
tâcher	v	tɑʃe	to endeavor	
la récession	nf	ʀesesjɔ͂	recession	
sensiblement	adv	sɑ͂sibləmɑ͂	approximately, more or less, noticeably	
léguer	v	lege	to bequeath, hand down, pass on	
problématique	nadj(f)	pʀɔblematik	problematic; problem	
voiler	v	vwale	to veil	
erroné	adj	eʀɔne	erroneous	
yougoslave	nadj(f)	jugɔslav	Yugoslav, Yugoslavian	
explicitement	adv	ɛksplisitmɑ͂	explicitly	
la souplesse	nf	suplɛs	suppleness, flexibility	
le contingent	nadj	kɔ͂tɛ͂ʒɑ͂	contingent, draft, quota	
émerger	v	emɛʀʒe	to emerge, rise up, come out	
instruire	v	ɛ͂stʀɥiʀ	to teach, educate, inform	
une équité	nf	ekite	equity, fairly	
soustraire	v	sustʀɛʀ	to substract, remove, shield, escape from	
téléviser	v	televize	to televise	
consolider	v	kɔ͂sɔlide	to strengthen, reinforce	
le contrevenant	nadj	kɔ͂tʀəv(ə)nɑ͂, ɑ͂t	offender, offending	
coder	v	kɔde	to code, encode	
la controverse	nf	kɔ͂tʀɔvɛʀs	controversy	
filial	adj	filjal, jo	filial; branch office	
un opposant	nadj	ɔpozɑ͂, ɑ͂t	opponent, opposing	
le sommaire	nadj(f)	sɔmɛʀ	summary, brief, cursory	
le versant	nm	vɛʀsɑ͂	hillside, mountainside	
la réticence	nf	ʀetisɑ͂s	reluctance, hesitation	
un élargissement	nm	elaʀʒismɑ͂	widening, letting-out, stretching, broadening	
dégrader	v	degʀade	to degrade, debase, damage, erode	
colonial	nadj	kɔlɔnjal, jo	colonial	
le pourparler	nm	puʀpaʀle	talk, discussion, negotiation	
un incidence	nf	ɛ͂sidɑ͂s	effect, incidence	
vingt-quatre	det,nmi	vɛ͂tkat(ʀ)	twenty four	
le teneur, la teneur	nf	tənœʀ	content	
centrer	v	sɑ͂tʀe	to center	
algérien	nadj	alʒeʀjɛ͂, jɛn	Algerian	
alentour	adv	alɑ͂tuʀ	around, round about	
perpétuer	v	pɛʀpetɥe	to perpetuate, carry on	
la doctrine	nf	dɔktʀin	doctrine	
compétitif	adj	kɔ͂petitif, -iv	competitive	
omettre	v	ɔmɛtʀ	to leave out, miss out, omit	
concurrentiel	adj	kɔ͂kyʀɑ͂sjɛl	competitive	
le désarmement	nm	dezaʀməmɑ͂	disarmament, disarming	
quotidiennement	adv	kɔtidjɛnmɑ͂	daily, every day	
état-major	nm	etamaʒɔʀ	staff, staff headquarters	
attarder	v	ataʀde	to linger	
englober	v	ɑ͂glɔbe	to include, encompass, incorporate	
le séparatiste, la séparatiste	nadj(f)	sepaʀatist	separatist	
le surcroît	nm	syʀkʀwɑ	extra, additional	
nationaliste	nadj(f)	nasjɔnalist	nationalist	
un exportateur	nadj	ɛkspɔʀtatœʀ, -tʀis	exportateur, exporting	
ratifier	v	ʀatifje	to ratify	
aviser	v	avize	to notice, advise	
écologique	adj(f)	ekɔlɔʒik	ecological	
sanctionner	v	sɑ͂ksjɔne	to sanction, punish, approve	
aisé	adj	eze	easy, well off, well-to-do	
défavoriser	v	defavɔʀize	to put at a disadvantage	
civiliser	v	sivilize	to civilze	
octroyer	v	ɔktʀwaje	to grant, bestow	
la limitation	nf	limitasjɔ͂	limitation, restriction, limit	
irréversible	adj(f)	iʀevɛʀsibl	irreversible	
verbal	adj	vɛʀbal, o	verbal	
une appréciation	nf	apʀesjasjɔ͂	appreciation, assessment, appraisal	
le complément	nm	kɔ͂plemɑ͂	complement	
initialement	adv	inisjalmɑ͂	initially	
replier	v	ʀ(ə)plije	to fold, roll up, fold up, withdraw	
le vérificateur	nadj	veʀifikatœʀ	checker, inspector, auditor	
la prétention	nf	pʀetɑ͂sjɔ͂	claim	
la stabilisation	nf	stabilizasjɔ͂	stabilisation	
la lacune	nf	lakyn	gap, deficiency	
mépriser	v	mepʀize	to scorn, look down, spurn, disdain	
minoritaire	nadj(f)	minɔʀitɛʀ	minority	
idéologique	adj(f)	ideɔlɔʒik	ideological	
le compatriote, la compatriote	nm,nf	kɔ͂patʀijɔt	compatriot	
majoritaire	adj(f)	maʒɔʀitɛʀ	majority	
le redressement	nm	ʀ(ə)dʀɛsmɑ͂	straightening up, upturn, righting	
chiffrer	v	ʃifʀe	to put a figure to, assess, quantify, number	
la compétitivité	nf	kɔ͂petitivite	competitiveness	
sous-sol	nm	susɔl	basement, lower ground floor, subsoil, underground	
indépendamment	adv	ɛ͂depɑ͂damɑ͂	independently, irrespective of, regardless of	
le rayonnement	nm	ʀɛjɔnmɑ͂	radiance	
minier	adj	minje, -jɛʀ	mining	
ébranler	v	ebʀɑ͂le	to shake, rattle	
unilatéral	adj	ynilateʀal, o	unilateral	
tisser	v	tise	to weave	
la cohérence	nf	koeʀɑ͂s	coherence, consistency	
modéré	nadj	mɔdeʀe	moderate, restrained, reasonable	
négligeable	adj(f)	negliʒabl	negligible, trivial	
symboliser	v	sɛ͂bɔlize	to symbolize	
substituer	v	sypstitɥe	to substitute	
le gestionnaire, la gestionnaire	adj(f),nm,nf	ʒɛstjɔnɛʀ	administrator, administrative	
un immigrant	nadj	imigʀɑ͂, ɑ͂t	immigrant	
la polémique	nadj(f)	pɔlemik	controversial, controversy	
alourdir	v	aluʀdiʀ	to weigh down, make heavy	
sévir	v	seviʀ	to act ruthlessly, be rife	
la localité	nf	lɔkalite	town, village	
vigoureux	adj(pl)	viguʀø, -øz	vigorous	
la rentabilité	nf	ʀɑ͂tabilite	profitability	
incliner	v	ɛ͂kline	to tilt, tend towards	
révolter	v	ʀevɔlte	to revolt, rebel, outrage	
philosophique	adj(f)	filɔzɔfik	philosophical	
la parenthèse	nf	paʀɑ͂tɛz	parenthesis, bracket, aside	
le boursier	nadj	buʀsje, -jɛʀ	grant-holder, scholarship holder; stock	
déformer	v	defɔʀme	to bend, distort, deform	
nord-est	nmi	nɔʀɛst	north-east	
la substitution	nf	sypstitysjɔ͂	substitution, mix-up	
parer	v	paʀe	to adorn, put on; to ward off, parry	
avantageux	nadj(pl)	avɑ͂taʒø, -ʒøz	profitable, worthwhile, advantageous, attractive	
handicaper	v	ˊɑ͂dikape	to handicap	
imputer	v	ɛ͂pyte	to impute to, attribute to	
desservir	v	desɛʀviʀ	to clear, go against, harm, serve	
le mensuel	nadj	mɑ͂sɥɛl	monthly	
le report	nm	ʀəpɔʀ	postponement, deferment	
aucunement	adv	okynmɑ͂	in no way, not in the least, not at all	
globalement	adv	glɔbalmɑ͂	globally	
alternatif	adj	altɛʀnatif, -iv	alternate, alternating	
réglementaire	adj(f)	ʀɛgləmɑ͂tɛʀ	regulation, control, statutory	
une incitation	nf	ɛ͂sitasjɔ͂	incitement, incentive	
un éditorial	nadj	editɔʀjal, jo	editorial	
vingt-cinq	det,nmi	vɛ̃sɛ̃k	twenty five	
le déséquilibre	nm	dezekilibʀ	imbalance	
entraver	v	ɑ͂tʀave	to hinder, hamper, get in the way of	
sous-estimer	v	suzɛstime	to underestimate	
un embargo	nm	ɑ͂baʀgo	embargo	
syrien	nadj	ˈzyːriən	Syrian	
ponctuel	adj	pɔ͂ktɥɛl	punctual	
la fermeté	nf	fɛʀməte	firmness, solidness, steadiness	
véhiculer	v	veikyle	to transport, convey	
répliquer	v	ʀeplike	to reply	
la théologie	nf	teɔlɔʒi	theology	
advenir	v	advəniʀ	to happen that, happen to	
immigrer	v	imigʀe	to immigrate	
le privilégié	nadj	pʀivileʒje	privileged	
controversé	adj	kɔ͂tʀɔvɛʀse	much debated, controversial	
nouer	v	nwe	to knot, tie	
la gendarmerie	nf	ʒɑ͂daʀməʀi	police force, police station	
analogue	nadj(f)	analɔg	similar, analogous	
initier	v	inisje	to initiate, introduce	
cessez-le-feu	nmi	sesel(e)fø	ceasefire	
dissiper	v	disipe	to dispel, disperse, clear away	
entrevoir	v	ɑ͂tʀəvwaʀ	to make out, catch a glimpse of, foresee	
stipuler	v	stipyle	to state, stipulate, specify	
une impossibilité	nf	ɛ͂pɔsibilite	impossibility	
le conditionnel	nadj	kɔ͂disjɔnɛl	conditional	
la nuance	nf	nɥɑ͂s	shade, hue, nuance	
conjointement	adv	kɔ͂ʒwɛ͂tmɑ͂	jointly	
articuler	v	aʀtikyle	to articulate	
successivement	adv	syksesivmɑ͂	successively	
la provision	nf	pʀɔvizjɔ͂	stock, supply	
amplifier	v	ɑ͂plifje	to amplify, magnify, expand	
intergouvernemental	adj	ɛ͂tɛʀguvɛʀnəmɑ͂tal, o	intergovernmental	
la délibération	nf	delibeʀasjɔ͂	deliberation, debate, consideration	
saisonnier	adj	sɛzɔnje, -jɛʀ	seasonal	
restituer	v	ʀɛstitɥe	to return, restore, refund	
la disponibilité	nf	dispɔnibilite	availability	
le glissement	nm	glismɑ͂	sliding, slipping, skidding	
un auditeur	nm	oditœʀ, -tʀis	auditor, listener	
un indigène, une indigène	nadj(f)	ɛ͂diʒɛn	native, local	
indirectement	adv	ɛ͂diʀɛktəmɑ͂	indirectly	
une obtention	nf	ɔptɑ͂sjɔ͂	obtaining, achievement	
le prostitué	nadj	pʀɔstitɥe	prostitute	
le concitoyen	nm	kɔ͂sitwajɛ͂, jɛn	fellow citizen	
libéralisation	nf	libeʀalizasjɔ͂	liberalization	
le signataire, la signataire	nm,nf	siɲatɛʀ	signatory	
le douanier	nadj	dwanje, -jɛʀ	customs officer	
borner	v	bɔʀne	to limit, confine	
triompher	v	tʀijɔ͂fe	to triumph, beat	
concrétiser	v	kɔ͂kʀetize	to materialise	
la soumission	nf	sumisjɔ͂	submission	
continuellement	adv	kɔ͂tinɥɛlmɑ͂	continually, continuously	
dérober	v	deʀɔbe	to steal, hide	
le romancier	nm	ʀɔmɑ͂sje, -jɛʀ	novelist	
déplaire	v	deplɛʀ	to displease, be unhappy	
innombrable	adj(f)	i(n)nɔ͂bʀabl	innumerable, countless	
inédit	nadj	inedi	unpublished; original, new	
désireux	adj(pl)	deziʀø, -øz	avid for, anxious to, desirous of	
diversifier	v	divɛʀsifje	to vary, diversify	
une instabilité	nf	ɛ͂stabilite	instability	
pénaliser	v	penalize	to penalize, punish	
foncier	adj	fɔ͂sje, -jɛʀ	land-related, land, fundamental	
envelopper	v	ɑ͂vlɔpe	to wrap, surround, veil	
irrégulier	adj	iʀegylje, -jɛʀ	irregular, uneven	
un encadrement	nm	ɑ͂kɑdʀəmɑ͂	training, framing, supervision	
moderniser	v	mɔdɛʀnize	to modernize	
incomber	v	ɛ͂kɔ͂be	to be incumbent upon	
la retombée	nf	ʀ(ə)tɔ͂be	fallout, consequences, effects	
équivaloir	v	ekivalwaʀ	to be equivalent, amount to	
le chiite, la chiite	nadj(f)	ʃiit	Shiite	
le bouleversement	nm	bulvɛʀsəmɑ͂	upheaval	
relater	v	ʀ(ə)late	to relate, recount	
concrètement	adv	kɔ͂kʀɛtmɑ͂	in concrete terms	
la coulisse	nf	kulis	backstage, wings, behind the scenes	
la ratification	nf	ʀatifikasjɔ͂	ratification	
le renouveau	nm	ʀ(ə)nuvo	renewal	
le néerlandais	nadj(pl)	neɛʀlɑ͂dɛ	Dutch	
intégral	adj	ɛ͂tegʀal, o	complete, unabridged	
spécification	nf	spesifikasjɔ͂	specification	
la documentation	nf	dɔkymɑ͂tasjɔ͂	documentation, literature	
logiquement	adv	lɔʒikmɑ͂	logically	
harmoniser	v	aʀmɔnize	to harmonize, harmonize with	
le débouché	nm	debuʃe	prospect, opportunity, opening	
le secrétariat	nm	s(ə)kʀetaʀja	secretaryship, secretariat, secretarial offices, secretary’s office	
le détenteur	nadj	detɑ͂tœʀ, -tʀis	holder, possessor, bearer	
le basque, la basque	nadj(f)	bask	Basque	
une accumulation	nf	akymylasjɔ͂	accumulation, amassing, storage, stockpiling, build-up	
un essor	nm	esɔʀ	expansion, development, flight	
obséder	v	ɔpsede	to obsess, haunt	
préventif	adj	pʀevɑ͂tif, -iv	preventive	
la désignation	nf	deziɲasjɔ͂	designation	
la conformité	nf	kɔ͂fɔʀmite	conformity	
inhérent	adj	ineʀɑ͂, ɑ͂t	inherent	
une illustration	nf	i(l)lystʀasjɔ͂	illustration	
néfaste	adj(f)	nefast	harmful, ill-fated	
lasser	v	lɑse	to tire, weary, grow weary	
influer	v	ɛ͂flye	to influence, have an influence on	
présentement	adv	pʀezɑ͂tmɑ͂	at present, presently	
plate-forme	nf	platfɔʀm	platform	
le kurde	nadj(f)	kyʀd	Kurd, Kurdish	
inchangé	adj	ɛ͂ʃɑ͂ʒe	unchanged	
la multiplication	nf	myltiplikasjɔ͂	multiplication	
camoufler	v	kamufle	to cover up, conceal, camouflage	
figer	v	fiʒe	to clot, coagulate, congeal, set	
la planification	nf	planifikasjɔ͂	planning	
le regroupement	nm	ʀ(ə)gʀupmɑ͂	regrouping, reassembly	
désastreux	adj(pl)	dezastʀø, -øz	disastrous	
la configuration	nf	kɔ͂figyʀasjɔ͂	configuration, layout	
escompter	v	ɛskɔ͂te	to discount; to expect	
intensif	nadj	ɛ͂tɑ͂sif	intensive	
le scepticisme	nm	sɛptisism	scepticism	
plénier	adj	plenje, -jɛʀ	plenary, full	
épanouir	v	epanwiʀ	to bloom, blossom	
minimiser	v	minimize	to minimize, play down	
inévitablement	adv	inevitabləmɑ͂	inevitably	
échéant	adj	eʃeɑ͂, ɑ͂t	if need be	
murmurer	v	myʀmyʀe	to murmur	
une implantation	nf	ɛ͂plɑ͂tasjɔ͂	implanting, setting up, establishment, implantation, installation	
décerner	v	desɛʀne	to award, give, issue	
replacer	v	ʀ(ə)plase	to replace, put back	
vêtir	v	vetiʀ	to clothe, dress, put on	
enchanter	v	ɑ͂ʃɑ͂te	to delight, enchant, rejoice	
démographique	adj(f)	demɔgʀafik	demographic	
la fourniture	nf	fuʀnityʀ	supply, provision	
taxer	v	takse	to tax	
dévouer	v	devwe	to devote, sacrifice oneself	
hâter	v	ˊɑte	to quicken, hasten	
la mobilité	nf	mɔbilite	mobility	
la dénonciation	nf	denɔ͂sjasjɔ͂	denunciation	
exiler	v	ɛgzile	to exile	
forger	v	fɔʀʒe	to forge, contrive, make up	
le textile	nadj(f)	tɛkstil	textile	
la médiation	nf	medjasjɔ͂	mediation, arbitration	
réprimer	v	ʀepʀime	to suppress, repress	
rémunérer	v	ʀemyneʀe	to remunerate, pay	
fasciner	v	fasine	to fascinate	
le progressiste, la progressiste	nm,nf	pʀɔgʀesist	progressive	
excéder	v	ɛksede	to exceed	
inexistant	adj	inɛgzistɑ͂, ɑ͂t	non-existent	
concéder	v	kɔ͂sede	to grant, concede	
retrancher	v	ʀ(ə)tʀɑ͂ʃe	to deduct, remove; to entrench	
renfermer	v	ʀɑ͂fɛʀme	to contain, shut, lock, enclose	
traditionnellement	adv	tʀadisjɔnɛlmɑ͂	traditionally	
le mécontentement	nm	mekɔ͂tɑ͂tmɑ͂	displeasure, dissatisfaction	
inaugurer	v	inogyʀe, inɔgyʀe	to unveil, open	
proportionnel	adj	pʀɔpɔʀsjɔnɛl	proportional	
un aboutissement	nm	abutismɑ͂	outcome, result	
libre-échange	nm	libʀeʃɑ͂ʒ	free trade	
maltraiter	v	maltʀete	to manhandle, ill-treat, misuse, slight	
continental	adj	kɔ͂tinɑ͂tal, o	continental	
réitérer	v	ʀeiteʀe	to reiterate, repeat	
énumérer	v	enymeʀe	to enumerate	
dix-neuf	det,nmi	diznœf	nineteen	
guetter	v	gete	to watch over, watch out for	
frustrer	v	fʀystʀe	to frustrate	
anglo-saxon	nadj	ɑ͂glosaksɔ͂, ɔn	Anglo-Saxon	
sécuritaire	adj(f)	sekyʀitɛʀ	safe	
écrier	v	ekʀije	to exclaim, cry out	
la rente	nf	ʀɑ͂t	annuity, pension	
résolument	adv	ʀezɔlymɑ͂	resolutely	
soixante-dix	det,nmi	swasɑ͂tdis	seventy	
perpétuel	adj	pɛʀpetɥɛl	perpetual, everlasting, never-ending	
militer	v	milite	to militate	
procès-verbal	nm	pʀɔsɛvɛʀbal, o	minutes, statement	
énergique	adj(f)	enɛʀʒik	energetic	
défavorable	adj(f)	defavɔʀabl	unfavorable	
un albanais	nadj(pl)	albanɛ	Albanian	
savoir-faire	nmi	savwaʀfɛʀ	know-how	
écrasant	adj	ekʀɑzɑ͂, ɑ͂t	crushing, overwhelming	
la munition	nf	muniˈtsioːn	ammunition, supplies	
allouer	v	alwe	to allocate	
scandaliser	v	skɑ͂dalize	to shock, scandalize	
empresser	v	ɑ͂pʀese	to bustle about, hasten to do	
inonder	v	inɔ͂de	to flood	
réglementer	v	ʀɛgləmɑ͂te	to regulate, control	
sonder	v	sɔ͂de	to probe, poll, sound out	
le téléspectateur	nm	telespɛktatœʀ, -tʀis	TV viewer	
le forestier	nadj	fɔʀɛstje, -jɛʀ	forest, forester	
ravager	v	ʀavaʒe	to ravage, devastate	
racial	adj	ʀasjal, jo	racial	
ensuivre	v	ɑ͂sɥivʀ	to follow, result, ensue	
ajourner	v	aʒuʀne	to adjourn, defer, postpone	
la détérioration	nf	deteʀjɔʀasjɔ͂	deterioration	
civique	adj(f)	sivik	civil; civics	
ancrer	v	ɑ͂kʀe	to anchor	
la législature	nf	leʒislatyʀ	legislature	
audiovisuel	nadj	odjovisɥɛl	audio-visual	
confiner	v	kɔ͂fine	to confine	
occasionner	v	ɔkazjɔne	to cause, give rise to	
allégement	nm	alɛʒmɑ͂	lightening, unweighting, reduction	
performant	adj	pɛʀfɔʀmɑ͂, ɑ͂t	productive, efficient	
la concertation	nf	kɔ͂sɛʀtasjɔ͂	meeting, consultation	
une interaction	nf	ɛ͂tɛʀaksjɔ͂	interaction	
le sillage	nm	sijaʒ	wake, slipstream	
hisser	v	ˊise	to hoist, raise up	
agréer	v	agʀee	to accept, approve of	
le bosniaque	nadj(f)	bɔsnjak	Bosnian	
solidaire	adj(f)	sɔlidɛʀ	interdependent, jointly dependent	
ferroviaire	adj(f)	fɛʀɔvjɛʀ	railway, rail	
la céréale	nf	seʀeal	cereal	
aménager	v	amenaʒe	to develop, plan, fit, adjust	
un exode	nm	ɛgzɔd	exodus	
le socialisme	nm	sɔsjalism	socialism	
harmonisation	nf	aʀmɔnizasjɔ͂	harmonization	
provisoirement	adv	pʀɔvizwaʀmɑ͂	temporarily, provisionally	
détériorer	v	deteʀjɔʀe	to deteriorate	
.	.	.	.	
.	.	.	.	
.	.	.	.	
.	.	.	.	
.	.	.	.	
le bien	adji,adv,nm	bjɛ͂	well	
bien	adv	bjɛ͂	well	
