Phrase	Grammar	Transcription	Translation	Notes
Ἰησοῦς	N		Jesus, Joshua	
Ἰουδαῖος, -α, -ον	N		Jewish (person)	
Παῦλος	N		Paul	
Πέτρος	N		Peter	
Ἱεροσόλυμα	N		Jerusalem	
Ἰωάννης	N		John	
ὁ Φαρισαῖος, -ου	N		a Pharisee	
Μωϋσῆς	N		Moses	
Σίμων	N		Simon	
Ἀβραάμ	N		Abraham	
Ἰσραήλ	N		Israel	
Γαλιλαία	N		Galilee	
Δαυίδ	N		David	
Πιλᾶτος	N		Pilate	
Μαρία	N		Mary	
Ἰούδας	N		Judas, Judah	
Ἰουδαία	N		Judea	
Ἡρῴδης	N		Herod	
Ἰάκωβος	N		James	
Φίλιππος	N		Philip	
Σατανᾶς	N		Satan	
Ἰωσήφ	N		Joseph	
Ἠλίας	N		Elijah	
Βαρναβᾶς	N		Barnabas	
Ἕλλην, -ηνος  (ὁ)<br>Ἑλληνίς, -ίδος  (ἡ)<br>Ἑλληνικός, -ή, -όν	N		a Greek man (noun: 25)<br>a Greek woman (noun: 2)<br>Greek (adjective: 1)	
Ἰακώβ	N		Jacob	
Aἴγυπτος	N		Egypt	
Τιμόθεος	N		Timothy	
Μακεδονία	N		Macedonia	
Ἠσαϊας	N		Isaiah	
Ἰσαάκ	N		Isaac	
ὁ Ναζωραῖος / Ναζαρηνός -ου	N		an inhabitant of Nazareth, Nazarene	
Ἀντιόχεια	N		Antioch	
Ἀσία	N		Asia	
Καισάρεια	N		Caesarea	
Ἔφεσος	N		Ephesus	
Καφαρναούμ	N		Capernaum	
Σαῦλος	N		Saul	
Λάζαρος	N		Lazarus	
Ἰορδάνης	N		the Jordan	
Δαμασκός	N		Damascus	
ὁ Σαδδουκαῖος, -ου	N		a Sadducee	
Φῆστος	N		Festus	
Τίτος	N		Titus	
Ἀνδρέας	N		Andrew	
Μάρθα	N		Martha	
Βηθανία	N		Bethany	
Ζεβεδαῖος	N		Zebedee	
Βαβυλών	N		Babylon	
͑͑Ρωμαῖος, -ου  (ὁ)<br>Ρωμαῖος, -α, -ον	N		a Roman (noun)<br>Roman (adjective)	
Ναζαρά / Ναζαρέθ	N		Nazareth	
Μαγδαληνή	N		woman of Magdala	
Σολομών	N		Solomon	
Σιλᾶς	N		Silas	
Θωμᾶς	N		Thomas	
Ζαχαρίας	N		Zacharias	
ἡ Σαμαρίτης, -ου  (ὁ	N		a Samaritan	
Βαραββᾶς	N		Barabbas	
Ἀγρίππας	N		Agrippa	
Σαμάρεια	N		Samaria	
Ἰσκαριώθ	N		Iscariot	
Τύρος	N		Tyre	
Ἁνανίας	N		Ananias	
Γαλιλαῖος, -α, -ον	N		Galilean	
Ἀχαΐα	N		Achaia	
Ἰόππη	N		Joppa	
Ἀπολλῶς	N		Apollos	
Σιδών	N		Sidon	
Ἰωνᾶς	N		Jonah	
Σόδομα	N		Sodom	
ὁ Ἰσραηλίτης, -ου	N		an Israelite	
Σαούλ	N		Saul	
Καϊάφας	N		Caiaphas	
Ἐλισάβετ	N		Elizabeth	
Ἀδάμ	N		Adam	
Φῆλιξ	N		Felix	
Κηφᾶς	N		Cephas ("Rock")	
Συρία	N		Syria	
Κιλικία	N		Cilicia	
Κορνήλιος	N		Cornelius	
Μελχισέδεκ	N		Melchizedek	
Μᾶρκος	N		Mark	
Λευί / Λευίς	N		Levi	
Νῶε	N		Noah	
͑Ρώμη	N		Rome	
Βηθλέεμ	N		Bethlehem	
Σιών	N		Zion	
Συμεών	N		Simeon	
Βεελζεβούλ	N		Beelzebul	
Ἰεριχώ	N		Jericho	
Βηθσαϊδά	N		Bethsaida	
ὁ Κυρηναῖος, -ου	N		a Cyrenian	
Κόρινθος	N		Corinth	
Ἀλέξανδρος	N		Alexander	
Πρίσκα	N		Prisca, Priscilla	
Ἀκύλας	N		Aquila	
Τρῳάς	N		Troas	
Λαοδίκεια	N		Laodicea	
Λύστρα	N		Lystra	
Ἰκόνιον	N		Iconium	
Ἡρῳδιάς	N		Herodias	
Ναθαναήλ	N		Nathanael	
Νικόδημος	N		Nicodemus	
ὁ Μακεδών, -όνος	N		a Macedonian	
Γάϊος	N		Gaius	
Μαθθαῖος	N		Matthew	
Ἰεσσαί	N		Jesse	
Παμφυλία	N		Pamphylia	
Ἁλφαῖος	N		Alphaeus	
Aἰγύπτιος, -α, -ον	N		Egyptian	
Κύπρος	N		Cyprus	
Ἄρτεμις	N		Artemis	
Τυχικός	N		Tychicus	
Ἐφέσιος, -α, -ον	N		Ephesian	
Θεσσαλονίκη	N		Thessalonica	
Κρήτη	N		Crete	
Ἀρίσταρχος	N		Aristarchus	
Ἀαρών	N		Aaron	
Ἰάσων	N		Jason	
Ἁριμαθαία	N		Arimathea	
Σινᾶ	N		Sinai	
Σιλουανός	N		Silvanus	
Σάρρα	N		Sarah	
Γόμορρα	N		Gomorrah	
ὁ Ἑβραῖος, -ου	N		a Hebrew	
Ἅβελ	N		Abel	
Ἰταλία	N		Italy	
Βαρθολομαῖος	N		Bartholomew	
Βενιαμίν	N		Benjamin	
Ἀλεξανδρεύς, -έως  (ὁ)<br>Ἀλεξανδρῖνος, -η, -ον	N		an Alexandrian (noun: 2)<br>Alexandrian (adjective: 2)	
Ἀθῆναι	N		Athens	
Φίλιπποι	N		Philippi	
Θυάτειρα	N		Thyatira	
Γαλατία	N		Galatia	
Ἅννας	N		Annas	
Κανά	N		Cana	
ὁ Θεσσαλονικεύς, -έως	N		a Thessalonian	
Λευίτης, -ου  (ὁ)<br>Λευιτικός, -ή, -όν	N		a Levite (noun: 3)<br>Levitical (adjective: 1)	
Λώτ	N		Lot	
Γαλάτης, -ου  (ὁ)<br>Γαλατικός, -ή, -όν	N		a Galatian (noun: 1)<br>Galatian (adjective: 2)	
Ἐλιακίμ	N		Eliakim	
Κάϊν	N		Cain	
Ζακχαῖος	N		Zaccheus	
Ζοροβαβέλ	N		Zerubbabel	
Κλαύδιος	N		Claudius	
Τρόφιμος	N		Trophimus	
Ἰωσῆς	N		Joses	
Ἔραστος	N		Erastus	
Γεννησαρέτ	N		Gennesaret	
Ἑβραϊς	N		the Hebrew language	
Νεφθαλίμ	N		Naphtali	
Βαλαάμ	N		Balaam	
Μίλητος	N		Miletus	
Τιβεριάς	N		Tiberias	
Ἠσαῦ	N		Esau	
Ἑσρώμ	N		Hezron	
Γολγοθᾶ	N		Golgotha	
Δίδυμος	N		Didymus	
Φάρες	N		Perez	
Ζαβουλών	N		Zebulun	
Δημήτριος	N		Demetrius	
Βερνίκη	N		Bernice	
Ἐπαφρᾶς	N		Epaphras	
Ἰοῦστος	N		Justus	
Ταρσός	N		Tarsus	
Βηθφαγή	N		Bethphage	
Ἰερεμίας	N		Jeremiah	
Γερασηνός, -ή, -όν	N		Gerasene	
Δέρβη	N		Derbe	
Φρυγία	N		Phrygia	
Στεφανᾶς	N		Stephanas	
Ἀμώς	N		Amos	
Λουκᾶς	N		Luke	
Ἑνώχ	N		Enoch	
ὁ Κύπριος, -ου	N		a Cyprian	
Δεκάπολις	N		Decapolis	
Βόες	N		Boaz	
Πέργη	N		Perga	
Λύδδα	N		Lydda	
Μανασσῆ	N		Manasseh	
Ναασσών	N		Nahshon	
Ἀβιά	N		Abijah	
Γαλλίων	N		Gallio	
ὁ Ἑλληνιστής, -οῦ	N		a Hellenist, Grecian Jew	
Ἰωβήδ	N		Obed	
Σιλωάμ	N		Siloam	
ὁ Νινευίτης, -ου	N		a Ninevite	
Δημᾶς	N		Demas	
Σαλαθιήλ	N		Shealtiel	
Ἀμιναδάβ	N		Amminadab	
Σάρδεις	N		Sardis	
Φοινίκη	N		Phoenicia	
Σαμουήλ	N		Samuel	
ὁ Ἡρῳδιανοί, -ῶν	N		a Herodian	
Πόντιος	N		Pontius (Pilate)	
Λούκιος	N		Lucius	
Ἀζώρ	N		Azor	
πόντος	N		Pontus	
Ἅγαβος	N		Agabus	
Καππαδοκία	N		Cappadocia	
ὁ Ταρσεύς, -έως	N		a Tarsian	
ὁ Καναναῖος, -ου	N		a Cananean	
Βιθυνία	N		Bithynia	
Ἀχάζ	N		Ahaz	
Ἀράμ	N		Aram	
Μεσοποταμία	N		Mesopotamia	
Σιδώνιος, -α, -ον	N		Sidonian	
͑Ροβοάμ	Rehoboam	2			proper-uncommon
Ἰεχονίας	Jechoniah	2			proper-uncommon
Γεθσημανί	Gethsemane	2			proper-uncommon
Βέροια	Berea	2			proper-uncommon
Γαβριήλ	Gabriel	2			proper-uncommon
Ἰωράμ	Joram	2			proper-uncommon
Eὕα	Eve	2			proper-uncommon
Γαμαλιήλ	Gamaliel	2			proper-uncommon
Ὑμέναιος	Hymenaeus	2			proper-uncommon
Σμύρνα	Smyrna	2			proper-uncommon
Τέρτυλλος	Tertullus	2			proper-uncommon
Πόπλιος	Publius	2			proper-uncommon
Πέργαμος	Pergamum	2			proper-uncommon
Βαρσαββᾶς	Barsabbas	2			proper-uncommon
Λυσίας	Lysias	2			proper-uncommon
Ἄρειος Πάγος	Areopagus (the hill of Ares)	2			proper-uncommon
Ταβιθά	Tabitha	2			proper-uncommon
Ἑρμῆς	Hermes	2			proper-uncommon
Ἰούλιος	Julius	2			proper-uncommon
Θεόφιλος	Theophilus	2			proper-uncommon
Σαδώκ	Zadok	2			proper-uncommon
Ἁγάρ	Hagar	2			proper-uncommon
Σαλήμ	Salem	2			proper-uncommon
Κορίνθιος, -ου  (ὁ)	a Corinthian	2			proper-uncommon
Δορκάς	Dorcas	2			proper-uncommon
Λυδία	Lydia	2			proper-uncommon
λίβανος	Lebanon	2			proper-uncommon
Θαδδαῖος	Thaddaeus	2			proper-uncommon
Νικολαϊτης	Nicolaitan	2			proper-uncommon
Ἀσάφ	Asa(ph)	2			proper-uncommon
Χαρράν	Haran	2			proper-uncommon
Ἀραβία	Arabia	2			proper-uncommon
Ἰωσίας	Josiah	2			proper-uncommon
Ἄρχιππος	Archippus	2			proper-uncommon
Φιλαδέλφεια	Philadelphia	2			proper-uncommon
Ἰωαθάμ	Jotham	2			proper-uncommon
Κρίσπος	Crispus	2			proper-uncommon
Ἰάϊρος	Jairus	2			proper-uncommon
Ἐλεάζαρ	Eleazar	2			proper-uncommon
Ἀσήρ	Asher	2			proper-uncommon
Ὀνήσιμος	Onesimus	2			proper-uncommon
Μαθθάτ	Matthat	2			proper-uncommon
Ζεύς	Zeus	2			proper-uncommon
͑Ραάβ	N		Rahab	
Ματταθίας	N		Mattathias	
Σπανία	N		Spain	
ὁ Ἱεροσολυμίτης, -ου	N		an inhabitant of Jerusalem	
ὁ Κρής, -ητός	N		a Cretan	
Ἑζεκίας	N		Hezekiah	
Χανάαν	N		Canaan	
Σαλώμη	N		Salome	
Ἰωάννα	N		Joanna	
Aἰνέας	N		Aeneas	
Ἆσσος	N		Assos	
Μελχί	N		Melchi	
Ἀθηναῖος, -α, -ον	N		Athenian	
Ἀβιούδ	N		Abiud	
Eὐφράτης	N		the Euphrates	
Καϊνάμ	N		Cainan	
Μυσία	N		Mysia	
͑Ροῦφος	Rufus	2			proper-uncommon
Σαλά	Shelah	2			proper-uncommon
Σαλμών	Salmon	2			proper-uncommon
Ἰωσαφάτ	Josaphat	2			proper-uncommon
Ματθάν	Matthan	2			proper-uncommon
Aἰθίοψ, -οπος  (ὁ)	an Ethiopian	2			proper-uncommon
Κεγχρεαί	Cenchreae	2			proper-uncommon
Χοραζίν	Chorazin	2			proper-uncommon
Ὀζίας	Uzziah	2			proper-uncommon
Μιχαήλ	Michael	2			proper-uncommon
Συχέμ	Shechem	2			proper-uncommon
Ἐπαφρόδιτος	Epaphroditus	2			proper-uncommon
Μαθθίας	Matthias	2			proper-uncommon
Πάφος	Paphos	2			proper-uncommon
Σωσθένης	Sosthenes	2			proper-uncommon
Ἀχίμ	Achim	2			proper-uncommon
Ἐλιούδ	Eliud	2			proper-uncommon
Ὀνησίφορος	Onesiphorus	2			proper-uncommon
Ἰεζάβελ	Jezebel	1			proper-uncommon
Ἐπαίνετος	Epaenetus	1			proper-uncommon
Ἐλμαδάμ	Elmadam	1			proper-uncommon
Νικόλαος	Nicolaus	1			proper-uncommon
Διονύσιος	Dionysius	1			proper-uncommon
Ἁρμαγεδών	Armageddon	1			proper-uncommon
Κίς	Kish	1			proper-uncommon
Ἰουνιᾶς	Junias	1			proper-uncommon
Ἀντιπατρίς	Antipatris	1			proper-uncommon
στάχυς	Stachys	1			proper-uncommon
Συντύχη	Syntyche	1			proper-uncommon
Σώπατρος	Sopater	1			proper-uncommon
Κάρπος	Carpus	1			proper-uncommon
Δάμαρις	Damaris	1			proper-uncommon
Κρήσκης	Crescens	1			proper-uncommon
Ζηνᾶς	Zenas	1			proper-uncommon
Eὐνίκη	Eunice	1			proper-uncommon
Παρμενᾶς	Parmenas	1			proper-uncommon
Ἀριστόβουλος	Aristobulus	1			proper-uncommon
Πύρρος	Pyrrhus	1			proper-uncommon
Νύμφα	Nympha	1			proper-uncommon
Ἡρῳδίων	Herodion	1			proper-uncommon
Βλάστος	Blastus	1			proper-uncommon
Βελιάρ	Beliar	1			proper-uncommon
Νικόπολις	Nicopolis	1			proper-uncommon
Ἀρτεμᾶς	Artemas	1			proper-uncommon
Ἑμμώρ	Hamor	1			proper-uncommon
Ἐλύμας	Elymas	1			proper-uncommon
Ζάρα	Zerah	1			proper-uncommon
Χουζᾶς	Chuza	1			proper-uncommon
Λυσανίας	Lysanias	1			proper-uncommon
Σύρτις	Syrtis	1			proper-uncommon
Κνίδος	Cnidus	1			proper-uncommon
Δαλματία	Dalmatia	1			proper-uncommon
Aἰνών	Aenon	1			proper-uncommon
Κωσάμ	Cosam	1			proper-uncommon
Χίος	Chios	1			proper-uncommon
Ἀττάλεια	Attalia	1			proper-uncommon
Μάαθ	Maath	1			proper-uncommon
Σαλείμ	Salim	1			proper-uncommon
Ἑλλάς	Greece	1			proper-uncommon
Σήθ	Seth	1			proper-uncommon
Ἐλισαῖος	Elisha	1			proper-uncommon
Γαδαρηνός, -ή, -όν	from Gadara	1			proper-uncommon
Πάταρα	Patara	1			proper-uncommon
Συροφοινίκισσα, -ης  (ἡ)	a Syrophoenician woman	1			proper-uncommon
Ναϊν	Nain	1			proper-uncommon
Βαριησοῦς	Bar-jesus	1			proper-uncommon
Eὔβουλος	Eubulus	1			proper-uncommon
Νάρκισσος	Narcissus	1			proper-uncommon
Ἱεράπολις	Hierapolis	1			proper-uncommon
Λυκία	Lycia	1			proper-uncommon
Βαριωνᾶ	Barjona	1			proper-uncommon
Γώγ	Gog	1			proper-uncommon
Πρόχορος	Prochorus	1			proper-uncommon
Ματταθά	Mattatha	1			proper-uncommon
Λάμεχ	Lamech	1			proper-uncommon
Λαοδικεύς, -έως  (ὁ)	a Laodicean	1			proper-uncommon
Ναούμ	Nahum	1			proper-uncommon
Ἁρέτας	Aretas	1			proper-uncommon
Κολοσσαί	Colossae	1			proper-uncommon
Θαμάρ	Tamar	1			proper-uncommon
Λωϊς	Lois	1			proper-uncommon
Τύραννος	Tyrannus	1			proper-uncommon
Ὀλυμπᾶς	Olympas	1			proper-uncommon
Ναθάμ	Nathan	1			proper-uncommon
Oὐρίας	Uriah	1			proper-uncommon
Ἐμμαοῦς	Emmaus	1			proper-uncommon
Μῆδος, -ου  (ὁ)	a Mede	1			proper-uncommon
Φιλιππήσιος, -ου  (ὁ)	a Philippian	1			proper-uncommon
Τραχωνῖτις	Trachonitis	1			proper-uncommon
Πατροβᾶς	Patrobas	1			proper-uncommon
Πάρθος, -ου  (ὁ)	a Parthian	1			proper-uncommon
Ἰταλικός, -ή, -όν	Italian	1			proper-uncommon
Ἁκελδαμάχ	Akeldama	1			proper-uncommon
͑Ρόδη	N		Rhoda	
Μαδιάμ	N		Midian	
Μιτυλήνη	N		Mitylene	
Ὡσηέ	N		Hosea	
Σωσίπατρος	N		Sosipater	
Σέργιος	N		Sergius	
Ἤρ	N		Er	
Ἀπφία	N		Apphia	
͑Ραιφάν	Rephan	1			proper-uncommon
Ἅννα	Anna	1			proper-uncommon
Συράκουσαι	Syracuse	1			proper-uncommon
Σελεύκεια	Seleucia	1			proper-uncommon
͑Ρούθ	N		Ruth	
Ἰδουμαία	N		Idumea	
Κυρήνιος	N		Quirinius	
Κλήμης	N		Clement	
͑Ρουβήν	Reuben	1			proper-uncommon
Περσίς	Persis	1			proper-uncommon
Ἐφραίμ	Ephraim	1			proper-uncommon
Τίμων	Timon	1			proper-uncommon
Ἀσιάρχης	Asiarch	1			proper-uncommon
Βεροιαῖος, -α, -ον	Berean, of Berea	1			proper-uncommon
Φορτουνᾶτος	Fortunatus	1			proper-uncommon
Σεμεϊν	Semein	1			proper-uncommon
Ἀρεοπαγίτης, -ου  (ὁ)	an Areopagite	1			proper-uncommon
Φανουήλ	Phanuel	1			proper-uncommon
Δρούσιλλα	Drusilla	1			proper-uncommon
Βαρτιμαῖος	Bartimaeus	1			proper-uncommon
Μαγαδάν	Magadan	1			proper-uncommon
Καῦδα	Clauda	1			proper-uncommon
Ἀρχέλαος	Archelaus	1			proper-uncommon
Τίτιος	Titius	1			proper-uncommon
Ποντικός, -ή, -όν	from Pontus	1			proper-uncommon
Ἑσλί	Esli	1			proper-uncommon
Ἰάρετ	Jared	1			proper-uncommon
Φιλόλογος	Philologus	1			proper-uncommon
Ἑρμᾶς	Hermas	1			proper-uncommon
Ἰλλυρικόν	Illyricum	1			proper-uncommon
Ἀβιληνή	Abilene	1			proper-uncommon
Συχάρ	Sychar	1			proper-uncommon
Τιμαῖος	Timaeus	1			proper-uncommon
Μαγώγ	Magog	1			proper-uncommon
Ἀπολλωνία	Apollonia	1			proper-uncommon
Πτολεμαϊς	Ptolemais	1			proper-uncommon
Κανδάκη	Candace	1			proper-uncommon
Eὔτυχος	Eutychus	1			proper-uncommon
Τρυφῶσα	Tryphosa	1			proper-uncommon
Eὐοδία	Euodia	1			proper-uncommon
Πισίδιος	Pisidia	1			proper-uncommon
Σκευᾶς	Sceva	1			proper-uncommon
Ἰωανάν	Joanan	1			proper-uncommon
Φλέγων	Phlegon	1			proper-uncommon
Ἐπικούρειος, -ου  (ὁ)	an Epicurean	1			proper-uncommon
Ἰώβ	Job	1			proper-uncommon
Πισιδία	Pisidia	1			proper-uncommon
Ἀπελλῆς	Apelles	1			proper-uncommon
Ἐμμανουήλ	Emmanuel	1			proper-uncommon
Μελίτη	Malta	1			proper-uncommon
Λυκαονία	Lycaonia	1			proper-uncommon
Βάαλ	Baal	1			proper-uncommon
Oὐρβανός	Urbanus	1			proper-uncommon
Aὐγοῦστος	Augustus	1			proper-uncommon
Ἀππίου Φόρου	the Forum of Appius	1			proper-uncommon
Φίλητος	Philetus	1			proper-uncommon
Πάτμος	Patmos	1			proper-uncommon
Σύρος, -ου  (ὁ)	a Syrian man	1			proper-uncommon
Δανιήλ	Daniel	1			proper-uncommon
Στοϊκός, -ή, -όν	Stoic	1			proper-uncommon
Ἀδρίας	the Adriatic Sea	1			proper-uncommon
Ἰωρίμ	Jorim	1			proper-uncommon
Λιβύη	Libya	1			proper-uncommon
Ἀχαϊκός	Achaicus	1			proper-uncommon
Ἰανναί	Jannai	1			proper-uncommon
͑Ραμά	N		Ramah	
Σεκοῦνδος	N		Secundus	
Χαναναῖος, -α, -ον	N		a Canaanite	
Πόρκιος	N		Porcius	
Γαββαθά	N		Gabbatha	
Ἄζωτος	N		Azotus	
Μάλχος	N		Malchus	
͑Ραγαύ	Reu	1			proper-uncommon
Γάδ	Gad	1			proper-uncommon
Κόρε	Korah	1			proper-uncommon
Λασαία	Lasea	1			proper-uncommon
Βοανηργές	Boanerges	1			proper-uncommon
Ἀσύγκριτος	Asyncritus	1			proper-uncommon
Ἀδραμυττηνός, -ή, -όν	of Adramyttium	1			proper-uncommon
͑Ραχάβ	N		Rahab	
ὁ Ἀσιανός, -οῦ	N		an Asian	
Φιλήμων	N		Philemon	
Ἀντιπᾶς	N		Antipas	
Ἀπολλύων	N		Apollyon ("Destroyer")	
Φύγελος	N		Phygelus	
Τιβέριος	N		Tiberius	
Ἀρφαξάδ	N		Arphaxad	
Βηθζαθά	N		Bethzatha	
Φάλεκ	N		Peleg	
Ἀδμίν	N		Admin	
Ἀβιαθάρ	N		Abiathar	
Δαλμανουθά	N		Dalmanutha	
Γεδεών	N		Gideon	
Ἰτουραῖος	N		Ituraea	
͑Ρήγιον	Rhegium	1			proper-uncommon
Φοίβη	Phoebe	1			proper-uncommon
Μνάσων	Mnason	1			proper-uncommon
Διόσκουροι	the Dioscuri	1			proper-uncommon
Κυρήνη	Cyrene	1			proper-uncommon
Τέρτιος	Tertius	1			proper-uncommon
Βοσόρ	Bosor	1			proper-uncommon
Μελεά	Melea	1			proper-uncommon
͑Ρησά	N		Rhesa	
Κώς	N		Cos	
Ἀντιοχεύς	N		Antiochene	
Νικάνωρ	N		Nicanor	
Δερβαῖος, -α, -ον	N		from Derbe	
Μαθουσαλά	N		Methuselah	
͑Ρεβέκκα	Rebecca	1			proper-uncommon
Ἰωήλ	Joel	1			proper-uncommon
Κεδρών	Kidron	1			proper-uncommon
Σαμοθρᾴκη	Samothrace	1			proper-uncommon
Ἰωσήχ	Josech	1			proper-uncommon
Σάμος	Samos	1			proper-uncommon
Ἰωδά	Joda	1			proper-uncommon
Κλεοπᾶς	Cleopas	1			proper-uncommon
Ἐλαμίτης	Elamites	1			proper-uncommon
Σουσάννα	Susanna	1			proper-uncommon
Μαναήν	Manaen	1			proper-uncommon
͑Ραχήλ	N		Rachel	
ὁ Ἄραψ, -βος	N		an Arab	
Ἐλιέζερ	N		Eliezer	
Σαρών	N		Sharon	
Ἐνώς	N		Enosh	
Ἰεφθάε	N		Jephthah	
Μεννά	N		Menna	
Βαράκ	N		Barak	
Νηρεύς	N		Nereus	
Μύρα	N		Myra	
Μαλελεήλ	N		Maleleel	
Ἀρνί	N		Arni	
Σερούχ	N		Serug	
Νηρί	N		Neri	
Ἰάννης	N		Jannes	
Σάπφιρα	N		Sapphira	
Ναγγαί	N		Naggai	
Κλαυδία	N		Claudia	
Θάρα	N		Terah	
Δαμασκηνός, -ή, -όν	N		from Damascus	
Σαλμώνη	N		Salmone	
͑Ρόδος	Rhodes	1			proper-uncommon
Σαμψών	Samson	1			proper-uncommon
Κλωπᾶς	Clopas	1			proper-uncommon
Λίνος	Linus	1			proper-uncommon
Μολόχ	Moloch	1			proper-uncommon
Ἰωνάμ	Jonam	1			proper-uncommon
Τύριος, -ου  (ὁ)	a Tyrian	1			proper-uncommon
Διοτρέφης	Diotrephes	1			proper-uncommon
Ναχώρ	Nahor	1			proper-uncommon
Ναιμάν	Naaman	1			proper-uncommon
Ἀβαδδών	Abaddon	1			proper-uncommon
Βαλάκ	Balak	1			proper-uncommon
Ἰουλία	Julia	1			proper-uncommon
Σήμ	Shem	1			proper-uncommon
Ἰαμβρῆς	Jambres	1			proper-uncommon
Θευδᾶς	Theudas	1			proper-uncommon
Νίγερ	Niger	1			proper-uncommon
Ἀμφίπολις	Amphipolis	1			proper-uncommon
Χαλδαῖος	Chaldean	1			proper-uncommon
Πούδης	Pudens	1			proper-uncommon
Κούαρτος	Quartus	1			proper-uncommon
Σκύθης, -ου  (ὁ)	a Scythian	1			proper-uncommon
Χλόη	Chloe	1			proper-uncommon
Ἑρμογένης	Hermogenes	1			proper-uncommon
Ἀνδρόνικος	Andronicus	1			proper-uncommon
Ἔβερ	Heber	1			proper-uncommon
Σάρεπτα	Zarephath	1			proper-uncommon
Τρύφαινα	Tryphena	1			proper-uncommon
Ἰσσαχάρ	Issachar	1			proper-uncommon
Σαλαμίς	Salamis	1			proper-uncommon
Βαραχίας	Barachiah	1			proper-uncommon
Ποτίολοι	Puteoli	1			proper-uncommon
Ἀμπλιᾶτος	Ampliatus	1			proper-uncommon
Ἀδδί	Addi	1			proper-uncommon
τελευτή, -ῆς  (ἡ)	an end, death	Matthew 2:15	καὶ ἦν ἐκεῖ ἕως τῆς <b>τελευτῆς</b> Ἡρῴδου· ἵνα πληρωθῇ τὸ ῥηθὲν ὑπὸ κυρίου διὰ τοῦ προφήτου λέγοντος· Ἐξ Αἰγύπτου ἐκάλεσα τὸν υἱόν μου.	hapax noun pref:τελ-
θυμόομαι	to make angry, enrage	Matthew 2:16	Τότε Ἡρῴδης ἰδὼν ὅτι ἐνεπαίχθη ὑπὸ τῶν μάγων <b>ἐθυμώθη</b> λίαν, καὶ ἀποστείλας ἀνεῖλεν πάντας τοὺς παῖδας τοὺς ἐν Βηθλέεμ καὶ ἐν πᾶσι τοῖς ὁρίοις αὐτῆς ἀπὸ διετοῦς καὶ κατωτέρω, κατὰ τὸν χρόνον ὃν ἠκρίβωσεν παρὰ τῶν μάγων.	hapax deponent verb suf:-όω
διετής, -ές	two years old	Matthew 2:16	Τότε Ἡρῴδης ἰδὼν ὅτι ἐνεπαίχθη ὑπὸ τῶν μάγων ἐθυμώθη λίαν, καὶ ἀποστείλας ἀνεῖλεν πάντας τοὺς παῖδας τοὺς ἐν Βηθλέεμ καὶ ἐν πᾶσι τοῖς ὁρίοις αὐτῆς ἀπὸ <b>διετοῦς</b> καὶ κατωτέρω, κατὰ τὸν χρόνον ὃν ἠκρίβωσεν παρὰ τῶν μάγων.	hapax adjective suf:-της
κατωτέρω	lower, below	Matthew 2:16	Τότε Ἡρῴδης ἰδὼν ὅτι ἐνεπαίχθη ὑπὸ τῶν μάγων ἐθυμώθη λίαν, καὶ ἀποστείλας ἀνεῖλεν πάντας τοὺς παῖδας τοὺς ἐν Βηθλέεμ καὶ ἐν πᾶσι τοῖς ὁρίοις αὐτῆς ἀπὸ διετοῦς καὶ <b>κατωτέρω</b>, κατὰ τὸν χρόνον ὃν ἠκρίβωσεν παρὰ τῶν μάγων.	hapax adverb pref:κατα- suf:-ω
διακαθαρίζω	to clean out	Matthew 3:12	οὗ τὸ πτύον ἐν τῇ χειρὶ αὐτοῦ, καὶ <b>διακαθαριεῖ</b> τὴν ἅλωνα αὐτοῦ καὶ συνάξει τὸν σῖτον αὐτοῦ εἰς τὴν ἀποθήκην, τὸ δὲ ἄχυρον κατακαύσει πυρὶ ἀσβέστῳ.	hapax verb pref:δια- suf:-ίζω
διακωλύω	to prevent	Matthew 3:14	ὁ δὲ Ἰωάννης <b>διεκώλυεν</b> αὐτὸν λέγων· Ἐγὼ χρείαν ἔχω ὑπὸ σοῦ βαπτισθῆναι, καὶ σὺ ἔρχῃ πρός με;	hapax verb pref:δια-
παραθαλάσσιος, -α, -ον	by the sea	Matthew 4:13	καὶ καταλιπὼν τὴν Ναζαρὰ ἐλθὼν κατῴκησεν εἰς Καφαρναοὺμ τὴν <b>παραθαλασσίαν</b> ἐν ὁρίοις Ζαβουλὼν καὶ Νεφθαλίμ·	hapax adjective pref:παρα-
ἀμφίβληστρον, -ου  (τό)	casting-net	Matthew 4:18	Περιπατῶν δὲ παρὰ τὴν θάλασσαν τῆς Γαλιλαίας εἶδεν δύο ἀδελφούς, Σίμωνα τὸν λεγόμενον Πέτρον καὶ Ἀνδρέαν τὸν ἀδελφὸν αὐτοῦ, βάλλοντας <b>ἀμφίβληστρον</b> εἰς τὴν θάλασσαν, ἦσαν γὰρ ἁλιεῖς·	hapax noun pref:ἀμφ-
εἰρηνοποιός, -ου  (ὁ)	making peace	Matthew 5:9	μακάριοι οἱ <b>εἰρηνοποιοί</b>, ὅτι αὐτοὶ υἱοὶ θεοῦ κληθήσονται.	hapax noun
ἰῶτα  (τό)	iota (the tenth Hebrew letter, yodh)	Matthew 5:18	ἀμὴν γὰρ λέγω ὑμῖν, ἕως ἂν παρέλθῃ ὁ οὐρανὸς καὶ ἡ γῆ, <b>ἰῶτα</b> ἓν ἢ μία κεραία οὐ μὴ παρέλθῃ ἀπὸ τοῦ νόμου, ἕως ἂν πάντα γένηται.	hapax noun
ῥακά	raka": an empty-headed fool			Matthew 5:22	
διαλλάσσομαι			to be reconciled	
εὐνοέω			to think kindly of, to make friends	
ἐπιορκέω			to swear falsely, make a false vow	
τό μίλιον, -ου			a mile	
βατταλογέω			to use the same words again and again, stammer	
ἡ πολυλογία, -ας			much speaking, wordiness	
καταμανθάνω			to observe (well), learn	
εὐρύχωρος, -ον			broad, spacious	
ὁ δαίμων, -ονος			demon, evil spirit	
αἱμορροέω			to bleed, suffer with hemorrhage	
διχάζω			to divide in two	
ὁ βιαστής, -οῦ			a violent man	
αἱρετίζω			to choose	
ἐρίζω			to quarrel, wrangle	
τύφομαι			to smoke, smolder	
τό κῆτος, -ους			a sea-monster	
ἐπισπείρω			to sow upon or besides	
συναυξάνομαι			to grow together	
ἡ δέσμη, -ης			a bundle	
ἐρεύγομαι			to utter, proclaim	
ἐκλάμπω			to shine (forth)	
ἡ σαγήνη, -ης			a dragnet	
ἀναβιβάζω			to bring up, draw up	
τό ἄγγος, -ους			vessel, container	
προβιβάζω			to cause to come forward, prompt	
ἡ φυτεία, -ας			a plant	
φράζω			to explain, interpret	
ἀκμήν			even yet, still	
ἡ εὐδία, -ας			fair weather, tranquillity	
ἡ ὀλιγοπιστία, -ας			littleness of faith	
προφθάνω			to anticipate, come before	
τό ἄγκιστρον, -ου			a fishhook	
ὁ στατήρ, -ῆρος			the stater (a coin)	
ἑβδομηκοντάκις			seventy times	
τό δάνειον, -ου			a loan, debt	
ὁ βασανιστής, -οῦ			a jailer, a torturer	
τό τρύπημα, -ατος			a hole	
ἐπικαθίζω			to sit, sit down	
θαυμάσιος, -α, -ον			wonderful, remarkable, admirable	
ἡ ἐμπορία, -ας			business, trade	
ἐμπίπρημι			to set on fire, burn	
ἡ διέξοδος, -ου			an outlet, a way out	
παγιδεύω			to ensnare, entrap	
τό νόμισμα, -τος			a coin	
ἐπιγαμβρεύω			to marry as next of kin	
τό φυλακτήριον, -ου			a phylactery, a prayer-band	
τό ἄνηθον, -ου			dill	
τό κύμινον, -ου			cummin	
διϋλίζω			to filter out, strain out	
ὁ κώνωψ, -ωπος			a gnat, mosquito	
ἡ παροψίς, -ίδος			a dish, plate	
παρομοιάζω			to be like	
ψύχομαι			to go out, be extinguished, grow cold	
ἡ φυγή, -ῆς			flight	
ἡ οἰκετεία, -ας			a household (of slaves)	
τό ἀγγεῖον, -ου			a vessel, flask, container	
ὁ τραπεζίτης, -ου			a money changer, banker	
τό ἐρίφιον, -ου			a goat	
βαρύτιμος, -ον			very expensive, very precious	
ὁ δεῖνα			a certain one	
ἐξορκίζω			to put under oath, adjure	
καταθεματίζω			to curse	
ἀπάγχομαι			to hang oneself	
ὁ κορβανᾶς, -ᾶ			temple treasury	
ἡ ταφή, -ῆς			a burial, burial-place	
καθά			just as	
ἀπονίπτω			to wash off	
ἀναβοάω			to cry out	
ἡ ἔγερσις, -εως			resurrection	
τοὔνομα			this one, called	
ἡ εἰδέα, -ας			a form, appearance	
ἀμφιβάλλω			to cast	
ἔννυχος			by night, at night	
καταδιώκω			to pursue closely, hunt	
ἀλλαχοῦ			elsewhere	
ἡ κωμόπολις, -εως			a market town, country town	
ἀποστεγάζω			to unroof	
ἐπιράπτω			to sew upon	
συλλυπέομαι			to be deeply grieved, feel sorry for	
μηκύνω			to lengthen, grow	
τό προσκεφάλαιον, -ου			a pillow, cushion	
ἡ κατοίκησις, -εως			a dwelling	
κατακόπτω			to lacereate, cut , gash	
δισχίλιοι, -αι, -α			two thousand	
ἐσχάτως			finally	
ταλιθά κουμ			talitha koum: little girl, get up; maiden, arise	
ὁ σπεκουλάτωρ, -ορος			a courier, executioner	
προσορμίζομαι			to come into harbor, come to anchor	
περιτρέχω			to run around, run about	
ἡ πυγμή, -ῆς			the fist, boxing	
ὁ ξέστης, -ου			a pitcher, jug	
τό χαλκίον, -ου			a bronze vessel	
Κορβᾶν			korban: gift to God	
παρόμοιος, -ον			like, similar	
ἡ ὑπερηφανία, -ας			arrogance, haughtiness, pride	
μογιλάλος, -ον			speaking with difficulty	
ἐφφαθά			ephphatha: be opened	
ὑπερπερισσῶς			beyond all measure, utterly	
ἀναστενάζω			to sigh deeply	
τηλαυγῶς			plainly, clearly	
στίλβω			to shine, be radiant	
ὁ γναφεύς, -έως			one who cleans woolen cloth, a launderer	
ἐξάπινα			suddenly, unexpectedly	
ἐξουδενέω			to despise, treat with contempt	
τρίζω			to gnash, grind	
κυλίομαι			to roll, roll about	
παιδιόθεν			from childhood	
ἐπισυντρέχω			to run together again	
ὁ σκώληξ, -ηκος			a worm	
ἄναλος, -ον			without salt	
δύσκολος, -ον			hard, difficult	
ἡ τρυμαλιά, -ᾶς			a hole, eye (of a needle)	
προσπορεύομαι			to approach, come near	
ἀναπηδάω			to stand up, leap up, jump	
τό ἀμφόδον, -ου			street, block of houses	
ἡ στιβάς, -άδος			leaves, a leafy branch	
τό ὑπολήνιον, -ου			a wine trough, vat	
κεφαλιόω			to strike on the head	
ἀγρεύω			to catch unawares, to trap	
ἐκθαυμάζω			to be utterly amazed	
νουνεχῶς			wisely, thoughtfully	
προμεριμνάω			to be anxious beforehand	
ἀπόδημος, -ον			away on a journey	
ἡ ἀλεκτοροφωνία, -ας			crowing of a cock	
μυρίζω			to anoint	
ἐκπερισσῶς			extraordinarily, insistently	
καταβαρύνομαι			to weigh down, burden, oppress	
ἡ σύσσημον, -ου			signal, sign, standard, banner	
τό προαύλιον, -ου			a porch, forecourt, gateway	
ὁ στασιαστής, -οῦ			a rebel, insurrectionist	
σμυρνίζω			to mix with myrrh	
οὐά			aha!	
τό προσάββατον, -ου			the day before the Sabbath	
ἐνειλέω			to wrap in	
ἡ δύσις, -εως			west, a sinking	
θανάσιμος			deadly	
ἐπειδήπερ			inasmuch as, since	
ἀνατάσσομαι			to arrange in order, compile	
ἡ διήγησις, -εως			a narrative, account	
ὁ αὐτόπτης, -ου			an eyewitness	
ἱερατεύω			to be a priest, perform priestly service	
θυμιάω			to burn or offer incense	
τό σίκερα			beer, liquor, strong drink	
διανεύω			to make a sign	
περικρύβω			to hide, conceal (entirely)	
τό ὄνειδος, -ους			disgrace, reproach, insult	
διαταράσσομαι			to confuse, perplex	
ἡ συγγενίς, -ίδος			a kinswoman, relative	
τό γῆρας, -ως			old age	
ἀναφωνέω			to cry out	
ὁ περίοικος, -ου			living around, in the neighborhood	
ἐννεύω			to nod, make signs	
τό πινακίδιον, -ου			a little (wooden) tablet (for writing)	
περιοικέω			to be in the neighborhood of, dwell around	
ἡ ἀνάδειξις, -εως			commissioning, installation, public appearance	
ἔγκυος, -ον			pregnant	
ἀγραυλέω			to live out of doors	
ἡ τρυγών, -όνος			small pigeon, turtledove	
ἐθίζω			to accustom	
ἡ ἀγκάλη, -ης			arm	
ἡ παρθενία, -ας			virginity	
ἀνθομολογέομαι			to praise, gibe thanks	
ἡ συνοδία, -ας			a caravan	
πεντεκαιδέκατος, -η, -ον			fifteenth	
ἡ ἡγεμονία, -ας			rule, management	
ἡ φάραγξ, -αγγος			a ravine, chasm	
λεῖος, -α, -ον			smooth, level	
διασείω			to extort	
διακαθαίρω			to thoroughly purge, clean out	
ἡ στιγμή, -ῆς			a moment	
διαφυλάσσω			to guard, protect	
ἀναπτύσσω			to unroll	
ὁ αἰχμάλωτος, -ου			captive	
ἡ ἀνάβλεψις, -εως			recovery of sight	
θραύω			to breakin pieces, oppress	
πτύσσω			to fold up, roll up, close	
ἡ ὀφρύς, -ύος			an eyebrow; an edge	
κατακρημνίζω			to throw down (from) a cliff	
ἔα			ah!, ha!	
κατανεύω			to signal	
ὁ κέραμος, -ου			clay, a roof tile	
παράδοξος, -ον			strange, wonderful, remarkable	
βλητέος, -α, -ον			must be put	
ψώχω			to rub	
διανυκτερεύω			to spend the whole night	
πεδινός, -ή, -όν			flat, level	
ἡ παράλιος, -ου			coastal	
ἀπελπίζω			to despair of, expect in return	
πιέζω			to press	
ὑπερεκχύννομαι			to pour out over, overflow	
ἀντιμετρέω			to measure in return	
βαθύνω			to deepen, go down deep	
ἡ πλήμμυρα, -ης			high water, flood	
συμπίπτω			to collapse, fall together	
τό ῥῆγμα, -τος			wreck, ruin, destruction	
ἐκκομίζω			to carry out	
ἡ σορός, -οῦ			a coffin, bier	
τό βασίλειον, -ου			a palace	
ὁ δανιστής, -οῦ			a creditor	
διαλείπω			to stop, cease	
ἐπιπορεύομαι			to journey to, travel to	
ἡ ἰκμάς, -άδος			moisture	
συμφύομαι			to grow up with	
τελεσφορέω			to produce mature fruit, bring fruit to maturity	
συντυγχάνω			to meet with, join	
ἀφυπνόω			to fall asleep	
καταπλέω			to sail down	
ἀντιπέρα			opposite	
προσαναλίσκω			to spend lavishly	
ἀποθλίβω			to press upon, crowd in upon	
ὁ ἐπισιτισμός, -οῦ			provisions	
ἡ κλισία, -ας			a group of people eating together	
ἐξαστράπτω			to flash like lightning	
διαγρηγορέω			to keep awake, awake fully	
διαχωρίζω			to part, separate entirely	
ὁ ἀφρός, -οῦ			foam, foaming	
μόγις			hardly, scarcely, with difficulty	
παρακαλύπτομαι			to hide, conceal	
αἰσθάνομαι			to notice, perceive, understand	
ἡ ἀνάλημψις, -εως			ascension	
τό ἄροτρον, -ου			a plow	
ὁ ἀρήν, -ἀρνός			a lamb	
ἀπομάσσομαι			to wipe off	
ἡμιθανής, -ές			half dead	
ἡ συγκυρία, -ας			coincidence, chance	
ὁδεύω			to go, travel, journey	
καταδέω			to bind up, bandage	
τό τραῦμα, -τος			a wound	
ἐπιχέω			to pour over, pour on	
τό πανδοχεῖον, -ου			inn	
ὁ πανδοχεύς, -έως			an innkeeper	
προσδαπανάω			to spend in addition	
παρακαθέζομαι			to sit beside	
περισπάομαι			to be drawn away, distracted	
θορυβάζω			to be troubled or bothered	
κίχρημι			to lend	
ἡ ἀναίδεια, -ας			shamelessness, shameless persistence	
τό ᾠόν, -οῦ			an egg	
τό διανόημα, -τος			a thought	
καθοπλίζω			to arm oneself fully	
τό σκῦλον, -ου  (τό			booty, spoils, plunder	
μενοῦν			rather, on the contrary	
ἐπαθροίζομαι			to increase	
ἡ κρύπτη, -ης			a dark and hidden place, a cellar, crypt	
τό πήγανον, -ου			rue	
προσψαύω			to touch	
ἀποστοματίζω			to question closely, interrogate	
θηρεύω			to hunt, catch	
συγκαλύπτω			to conceal, cover up	
ἐμβάλλω			to throw, cast	
ὁ μεριστής, -οῦ			a divider, arbitrator	
εὐφορέω			to bear good crops, be fruitful, productive	
ὁ κόραξ, -ακος			crow, raven	
ἀμφιέζω			to clothe	
μετεωρίζομαι			to be anxious, worried	
ἀνέκλειπτος, -ον			unfailing, inexhaustible	
τό σιτομέτριον, -ου			a food allowance, ration	
ὁ διαμερισμός, -οῦ			division, disunity	
ὁ ὄμβρος, -ου			a shower, thunderstorm	
κατασύρω			to drag (away by force)	
ὁ ἀμπελουργός, -οῦ			vinedresser, gardener	
τό κόπριον, -ου			dung, manure , filth, dirt	
συγκύπτω			to be bent over	
ἀποκλείω			to close, shut	
ἐνδέχομαι			to be possible	
ἡ νοσσία, -ᾶς			a brood, nest	
ὑδρωπικός, -ή, -όν			suffering from dropsy or edema	
προσαναβαίνω			to go up, move up	
ἀντικαλέω			to invite in return	
ἡ δαπάνη, -ης			cost, expense	
ὁ ἀπαρτισμός, -οῦ			completion	
ἡ κοπρία, -ας			a manure pile	
ἐπιμελῶς			carefully, diligently	
ἀσώτως			wastefully, recklessly	
τό κεράτιον, -ου			carob pods	
ὁ δακτύλιος, -ου			a ring	
ἡ συμφωνία, -ας			music, a symphony	
ὁ χορός, -οῦ			a (choral) dance, dancing	
διαβάλλω			to bring charges, report	
οἰκονομέω			to manage, administer, be a steward	
ὁ κόρος, -ου			measure	
φρονίμως			prudently, shrewdly	
ἡ βύσσος, -ου			fine linen	
λαμπρῶς			splendidly	
ἑλκόομαι			to cause sores or ulcers	
ἐπιλείχω			to lick	
καταψύχω			to cool off, refresh	
τό χάσμα, -τος			chasm	
ἀνένδεκτος, -ον			impossible	
λυσιτελέω			to be better, more advantageous	
μυλικός, -ή, -όν			belonging to a mill	
ἡ συκάμινος, -ου			the mulberry tree	
ὁ ἀλλογενής, -οῦς			foreign	
ἡ παρατήρησις, -εως			observation, observance	
τό τρῆμα, -τος			an opening, hole	
ἡ βελόνη, -ης			a needle	
πολλαπλασίων, -ον			many times as much	
ὁ ἀρχιτελώνης, -ου			a chief tax collector	
ἡ συκομορέα, -ας			a sycamore tree or fig mulberry tree	
τετραπλοῦς, -ῆ, -οῦν			four times, fourfold	
πραγματεύομαι			to do business, trade	
διαπραγματεύομαι			to gain by trading, earn	
προσεργάζομαι			to make more	
εὖγε			well done! excellent!	
κατασφάζω			to slay, strike down, kill off	
ὑποστρωννύω			to spread out underneath	
ἡ κατάβασις, -εως			descent, slope	
παρεμβάλλω			to set up, interpose	
ὁ χάραξ, -ακος			a pointed stake, entrenchment	
περικυκλόω			to surround, encircle	
ἐδαφίζω			to dash to the ground, raze to the ground	
ἐκκρεμάννυμι			to hang out, hang on	
συλλογίζομαι			to reason, discuss, debate	
καταλιθάζω			to stone to death	
ἴσως			perhaps, probably	
ὁ ἐγκάθετος, -ου			hired to lie in wait	
ὑποκρίνομαι			to pretend, make believe	
γαμίσκω			to give in marriage	
ἰσάγγελος, -ον			like an angel	
πενιχρός, -ά, -όν			poor, needy	
τό ἀνάθημα, -τος			votive offering	
τό φόβητρον, -ου			terrible sight, horror	
προμελετάω			to practice beforehand, prepare	
τό στρατόπεδον, -ου			a legion, army	
ἐκχωρέω			to go out, leave, depart	
ἡ ἀπορία, -ας			perplexity, anxiety	
ὁ σάλος, -ου			a surge, wave	
ἀποψύχω			to faint	
ἡ κραιπάλη, -ης			drinking bout, drunken dissipation	
ἐπεισέρχομαι			to come	
ὀρθρίζω			to rise early in the morning	
ἡ φιλονεικία, -ας			contentiousness, dispute, love of strife	
ὁ εὐεργέτης, -ου			a benefactor	
ἐξαιτέομαι			to ask for, demand	
σινιάζω			to sift	
ἡ βολή, -ῆς			a throw	
ἡ ἀγωνία, -ας			agony, anguish	
ὁ ἱδρώς, -ῶτος			sweat, perspiration	
ὁ θρόμβος, -ου			a drop	
περιάπτω			to kindle	
ἐπισχύω			to grow strong	
παμπληθεί			all together	
ἐπικρίνω			to decree, pronounce sentence	
ὑγρός, -ά, -όν			moist, green	
συμπαραγίνομαι			to come together, come to the aid of	
ἡ θεωρία, -ας			spectacle, sight	
συγκατατίθεμαι			to agree with, consent to	
λαξευτός, -ή, -όν			hewn	
ὁ λῆρος, -ου			idle talk, empty talk, nonsense	
ἀντιβάλλω			to exchange, discuss	
ὀρθρινός, -ή, -όν			early in the morning	
προσποιέομαι			to act as though, pretend	
ἄφαντος, -ον			invisible	
ἀθροίζω			to collect, gather together	
βρώσιμος, -ον			eatable	
ὀπτός, -ή, -όν			roasted, baked, broiled	
ὁ μετρητής, -οῦ			a liquid measure	
ὁ κερματιστής, -ου			a money-changer	
τό φραγέλλιον, -ου			a whip, lash, scourge	
τό κέρμα, -τος			a piece of money, coin	
τό ἐμπόριον, -ου			a market	
ὁ γέρων, -οντος			an old man	
καίτοιγε			and yet	
συγχράομαι			to associate with, have dealings with	
τό ἄντλημα, -τος			a bucket	
τό θρέμμα, -τος			a (domesticated) animal; cattle (plural)	
ὁ προσκυνητής, -οῦ			a worshiper	
ἡ τετράμηνος, -ου			lasting four months	
κομψότερον			better	
προβατικός, -ή, -όν			pertaining to sheep	
ἐκνεύω			to turn aside, withdraw	
τό παιδάριον, -ου			a child, young boy	
βιβρώσκω			to eat, consume	
ἡ σκηνοπηγία, -ας			the Feast Booths or Tabernacles	
μεσόω			to be in the middle, in the midst	
πότερον			whether	
χολάω			to be angry	
ῥέω			to flow	
ἐπάρατος, -ον			accursed	
αὐτόφωρος, -ον			(caught) in the act	
καταγράφω			to write, trace	
ἀναμάρτητος, -ον			without sin	
κατακύπτω			to bend down	
ἡ γενετή, -ῆς			birth	
τό πτύσμα, -τος			saliva, spittle	
θεοσεβής, -ές			god-fearing, devout	
ἀλλαχόθεν			at another place, by another way	
τό ἐγκαίνια, -ων			festival of rededication	
ἐξυπνίζω			to wake up, arouse	
ἡ κοίμησις, -εως			sleep, a resting	
ὁ συμμαθητής, -οῦ			a fellow disciple	
δακρύω			to weep	
ὄζω			to (emit a) smell, give off an odor	
τεταρταῖος, -α, -ον			happening on the fourth day	
ἡ κειρία, -ας			binding material, wrappings	
περιδέω			to bind, to wrap around	
τό βάϊον, -ου			a palm branch	
τό ὀνάριον, -ου			a young donkey	
ἤπερ			than	
ὁ νιπτήρ, -ῆρος			a wash basin	
ἡ πτέρνα, -ης			the heel	
δειλιάω			to be cowardly, fearful	
καθαίρω			to make clean, clear, prune	
ὁ χείμαρρος, -ου			a brook	
ὁ φανός, -οῦ			a lamp	
ἡ θήκη, -ης			a sheath	
ὁ πενθερός, -οῦ			father-in-law	
οὐκοῦν			therefore, so, then	
λιθόστρωτος			a stone pavement, mosaic	
͑Ρωμαϊστί			in the Latin language	
ἄραφος, -ον			seamless	
ὑφαντός, -ή, -όν			woven	
ἡ λόγχη, -ης			a spear, lance	
νύσσω			to prick, pierce	
τό μίγμα, -τος			a mixture, compound	
ἡ ἀλόη, -ης			aloes	
ὁ κηπουρός, -οῦ			a gardener	
ἀγγέλλω			to announce	
ἐμφυσάω			to breathe on	
ἁλιεύω			to fish	
τό προσφάγιον, -ου			fish (to eat)	
ὁ ἐπενδύτης, -ου			outer garment, coat	
τό τεκμήριον, -ου			a proof	
ὀπτάνομαι			to appear	
συναλίζομαι			to assemble, gather together	
περιμένω			to wait for	
ὁ ἐλαιών, -ῶνος			an olive grove, olive orchard	
καταμένω			to stay, live, remain	
καταριθμέω			to count, number among	
πρηνής, -ές			forward, prostrate, head first, headlong	
λακάω			to burst apart, burst open	
ἡ ἔπαυλις, -εως			a homestead, residence	
συγκαταψηφίζομαι			to be enrolled with, be numbered with	
βίαιος, -α, -ον			violent, forcible	
τό μεγαλεῖος			greatness, magnificense	
διαχλευάζω			to jeer, mock	
τό γλεῦκος, -ους			sweet new wine	
μεστόω			to fill	
ἐνωτίζομαι			to give ear, hearken	
τό ἐνύπνιον, -ου			a dream	
ἐπιφανής, -ές			splendid, glorious, remarkable	
ἔκδοτος, -ον			given up, delivered up	
προσπήγνυμι			to fasten to (a cross)	
κατανύσσομαι			to be pierced, stabbed	
τρισχίλιοι, -αι, -α			three thousand	
ἡ ἀφελότης, -ητος			sincerity, simplicity, humility	
ἡ βάσις, -εως			a foot	
τό σφυδρόν, -οῦ			the ankle	
ἐξάλλομαι			to leap up	
ἔκθαμβος, -ον			utterly astonished, full of amazement	
ἡ ὁλοκληρία, -ας			wholeness, completeness, perfect health	
ἡ ἀνάψυξις, -εως			a recovery of breath, a refreshing	
ἡ ἀποκατάστασις, -εως			restoration	
ἐξολεθρεύω			to destroy utterly, root out	
ἀρχιερατικός, -όν			highpriestly	
ὁ οἰκοδόμος, -ου			a builder	
ἀγράμματος, -ον			uneducated, illiterate	
διανέμω			to distribute, spread	
καθόλου			entirely, completely	
προσαπειλέομαι			to threaten further	
φρυάσσω			to be arrogant, haughty, insolent	
ἐνδεής, -ές			poor, needy	
ὁ κτήτωρ, -ορος			an owner	
τό διάστημα, -τος			interval	
τό κλινάριον, -ου			a bed, cot	
πέριξ			(all) around, in the vicinity	
ὀχλέομαι			to trouble, disturb, afflict	
ἡ γερουσία, -ας			a council of elders	
προσκλίνομαι			to attach oneself to, join	
διαλύω			to break up, disperse	
θεομάχος, -ον			fighting against God	
παραθεωρέω			to overlook, neglect	
καθημερινός, -ή, -όν			daily	
ὁ Λιβερτῖνος, -ου			a freedman	
ὑποβάλλω			to instigate or induce (secretly)	
συγκινέω			to stir up, move	
τό χόρτασμα, -τος			food	
τό σιτίον, -ου			grain, food (plural)	
ἀναγνωρίζομαι			to make oneself known again	
ὠνέομαι			to buy, purchase	
κατασοφίζομαι			to take advantage of by cunning	
ἔκθετος, -ον			exposed, abandoned	
ἀμύνομαι			to help, defend	
συνελαύνω			to compel, urge, force together	
ἡ κάκωσις, -εως			mistreatment, oppression	
ὁ λυτρωτής, -οῦ			a redeemer, deliverer	
μοσχοποιέω			to make a calf	
τό σφάγιον, -ου			a victim, offering	
ἐπέκεινα			farther on, beyond	
διαδέχομαι			to receive in turn	
σκληροτράχηλος, -ον			stiff-necked, stubborn	
ἀπερίτμητος, -ον			uncircumcised, stubborn	
ἀντιπίπτω			to resist, oppose	
ἡ ἔλευσις, -εως			coming, arrival	
βρύχω			to gnash	
ἡ ἀναίρεσις, -εως			a murder, killing, putting to death	
συγκομίζω			to bring in, bury	
ὁ κοπετός, -ου			mourning, lamentation	
λυμαίνομαι			to ravage, destroy	
μαγεύω			to practice magic	
ἡ μαγεία, -ας			magic	
ἡ ἐπίνοια, -ας			a thought, intention	
ἡ περιοχή, -ῆς			a passage (of written text)	
ἐμπνέω			to breathe, inspire	
συνοδεύω			to travel together with	
ἐνεός, -ά, -όν			speechless	
ἀποπίπτω			to fall, fall off	
ἡ λεπίς, -ίδος			a scale (of a fish)	
ἡ μαθήτρια, -ας			a female disciple, disciple	
ὀκνέω			to hesitate, delay	
ὁδοιπορέω			to travel, be on the way	
πρόσπεινος, -ον			hungry	
διερωτάω			to ask about, learn by inquiry	
διενθυμέομαι			to ponder, reflect	
εἰσκαλέομαι			to invite in	
συνομιλέω			to talk, converse with	
ἀλλόφυλος, -ον			alien, foreign	
ἀναντιρρήτως			without objection	
ὁ προσωπολήμπτης, -ου			one who shows partiality	
εὐεργετέω			to do good to	
προχειροτονέω			to choose beforehand	
συμπίνω			to drink with	
πρώτως			for the first time	
εὐπορέομαι			to prosper, be well off	
τό τετράδιον, -ου			a squad of four soldiers	
τό οἴκημα, -τος			a room, dwelling, prison cell	
εἰστρέχω			to run in	
θυμομαχέω			to be very angry	
ὁ κοιτών, -ῶνος			a bedroom, bedchamber	
τακτός, -ή, -όν			fixed, appointed	
δημηγορέω			to deliver a public address	
σκωληκόβρωτος, -ον			eaten by worms	
ὁ σύντροφος, -ου			one broughr up with, a foster-brother, companion	
ἡ ῥᾳδιουργία, -ας			deceit, fraud, unscrupulousness	
ἡ ἀχλύς, -ύος			a mist, mistiness	
ὁ χειραγωγός, -οῦ			one who leads another by the hand, a leader	
τροποφορέω			to bear or put up with another's manners	
κατακληρονομέω			to give (over) as rightful possession or inheritance	
προκηρύσσω			to proclaim publicly	
ἐκπληρόω			to fulfill	
ὁ καταφρονητής, -οῦ			a despiser, scoffer	
παροτρύνω			to arouse, incite	
Λυκαονιστί			in (the) Lycaonian (language)	
τό στέμμα, -τος			a wreath or garland of flowers	
ἐκπηδάω			to rush out	
παροίχομαι			to be past, gone	
ἀμάρτυρος, -ον			without witness	
καρποφόρος, -ον			fruitful	
ἡ ἐπιστροφή, -ῆς			attention, conversion	
κατάλοιπος, -ον			rest, remaining	
παρενοχλέω			to trouble, annoy	
τό ἀλίσγημα, -τος			pollution, defilement	
ἀνασκευάζω			to upset, unsettle	
ἐπάναγκες			of a necessary nature	
ῥώννυμαι			farewell ("be strong!")	
ἡ κολωνία, -ας			a colony	
ἡ πορφυρόπωλις, -ιδος			a merchant dealing in purple cloth	
ὁ πύθων, -ωνος			a spirit of divination	
μαντεύομαι			to prophesy, tell fortunes, predict	
ἐκταράσσω			to agitate, throw into confusion	
συνεφίστημι			to join in an attack, rise up together	
περιρήγνυμι			to tear off all around	
ἐπακροάομαι			to listen to	
ἔξυπνος, -ον			awake, aroused	
εἰσπηδάω			to leap in, rush in	
πανοικεί			with the whole household	
προσκληρόομαι			to be attached to, join	
ὀχλοποιέω			to form a mob	
κατείδωλος, -ον			full of idols	
παρατυγχάνω			to happen to be present	
ὁ φιλόσοφος, -ου			philosopher	
ὁ σπερμολόγος, -ου			a scavenger (of information)	
ὁ καταγγελεύς, -έως			a proclaimer, preacher	
δεισιδαίμων, -ον			devout, religious	
ὁ βωμός, -οῦ			an altar	
ἄγνωστος, -ον			unknown	
προσδέομαι			to need	
ἡ ὁροθεσία, -ας			a limit, fixed boundary	
ἡ κατοικία, -ας			a dwelling-place, habitation	
ὑπεροράω			to overlook, disregard, pass over	
χλευάζω			to mock, sneer, scoff	
προσφάτως			recently	
ὁμότεχνος, -ον			of the same trade	
ὁ σκηνοποιός, -οῦ			a tent-maker	
συνομορέω			to be next (door) to	
κατεφίσταμαι			to rise up	
ἀναπείθω			to induce, persuade	
τό ῥᾳδιούργημα, -τος			a crime	
ἀπελαύνω			to drive away	
ἐπινεύω			to give consent (by a nod)	
λόγιος, -α, -ον			eloquent, learned, cultured	
προτρέπω			to urge (on), encourage	
διακατελέγχομαι			to refute, overwhelm in argument	
ἀνωτερικός, -ή, -όν			upper	
ἡ σχολή, -ῆς			a lecture hall, school	
ὁ χρώς, -χρωτός			skin	
τό σιμικίνθιον, -ου			an apron	
ὁ ἐξορκιστής, -οῦ			an exorcist	
ἐφάλλομαι			to leap upon	
συμψηφίζω			to count up, add up	
ὁ ἀργυροκόπος, -ου			silversmith	
ἡ εὐπορία, -ας			prosperity	
ὁ ἀπελεγμός, -οῦ			disrepute, discredit	
ἡ θεά, -ᾶς			a goddess	
ἡ σύγχυσις, -εως			confusion, tumult	
ὁ νεωκόρος, -ου			a temple keeper, guardian	
διοπετής, -ές			fallen from heaven	
ἀναντίρρητος, -ον			not to be contradicted, undeniable	
ὁ ἱερόσυλος, -ου			a robber of temples	
περαιτέρω			further, beyond	
συνέπομαι			to accompany	
παρατείνω			to extend, prolong	
τό τρίστεγον, -ου			the third story, floor	
συμπεριλαμβάνω			to embrace	
ἡ αὐγή, -ῆς			dawn	
μετρίως			moderately, somewhat	
πεζεύω			to travel by land	
ἄντικρυς			opposite	
παραβάλλω			to arrive, cross over	
παραπλέω			to sail past	
χρονοτριβέω			to spend time, lose time	
ἡ ἄφιξις, -εως			departure	
ἡ τριετία, -ας			three years	
ἀποφορτίζομαι			to unload	
ἀπασπάζομαι			to take leave of, say farewell to	
διανύω			to complete, finish	
ἐντόπιος, -α, -ον			local	
συνθρύπτω			to break in pieces	
ἐπισκευάζομαι			to equip, get ready	
ἀσμένως			gladly	
ἡ ἐκπλήρωσις, -εως			completion	
ὁ ἁγνισμός, -οῦ			purification	
ἡ συνδρομή, -ῆς			a running together	
ἡ φάσις, -εως			a report, announcement	
κατατρέχω			to run down	
ὁ σικάριος, -ου			a dagger man, assassin, terrorist	
ἄσημος, -ον			insignificant	
ἡ ἀκρίβεια, -ας			exactness, precision	
τό ἔδαφος, -ους			ground	
φυλακίζω			to take into custody, imprison	
προτείνω			to stretch out, spread out	
μαστίζω			to whip, scourge	
ὁ τοῖχος, -ου			a wall	
παρανομέω			to break the law, act contrary to the law	
διαμάχομαι			to contend sharply	
ἡ συνωμοσία, -ας			a conspiracy, plot	
ἐκλαλέω			to tell	
ὁ δεξιολάβος, -ου			bowman, slinger, spearman	
ἀναδίδωμι			to deliver, hand over	
διακούω			to give a hearing	
ὁ ῥήτωρ, -ορος			an advocate, attorney	
τό διόρθωμα, -τος			an improvement, reform	
πάντῃ			in every way	
ὁ πρωτοστάτης, -ου			a leader, ringleader	
συνεπιτίθημι			to join in an attack	
εὐθύμως			cheerfully	
ἀσκέω			to practice, engage in	
ἀναβάλλομαι			to put off, adjourn, postpone	
ὁ διάδοχος, -ου			a successor	
συγκαταβαίνω			to go down with someone	
τό αἰτίωμα, -τος			a charge, complaint	
ἡ καταδίκη, -ης			condemnation, sentence of condemnation	
ἡ ἀναβολή, -ῆς			a postponement, delay	
ἡ δεισιδαιμονία, -ας			religion	
ἡ διάγνωσις, -εως			a decision	
ἡ φαντασία, -ας			pomp, pageantry, show	
τό ἀκροατήριον, -ου			auditorium, audience hall	
ἡ ἐξοχή, -ῆς			prominence	
συμπάρειμι			to be together, be present with	
ἡ ἀνάκρισις, -εως			an investigation, examination	
ὁ γνώστης, -ου			an expert, one who knows	
μακροθύμως			patiently	
ἡ βίωσις, -εως			manner of life	
ἀκριβής, -ές			exact, precise	
τό δωδεκάφυλον, -ου			the twelve tribes	
ἡ ἐκτένεια, -ας			perseverance, earnestness	
ἐμμαίνομαι			to be enraged	
ἡ ἐπιτροπή, -ῆς			permission, a commission, authority	
ἡ λαμπρότης, -ητος			shining, brilliance	
λακτίζω			to kick	
πειράομαι			to try, attempt	
ἡ ἐπικουρία, -ας			help	
παθητός, -ή, -όν			subject to suffering	
ἡ μανία, -ας			madness, frenzy	
περιτρέπω			to turn about, drive insane	
φιλανθρώπως			benevolently, kindly	
ἡ ἐπιμέλεια, -ας			care, attention	
διαπλέω			to sail through	
ἐμβιβάζω			to put aboard	
βραδυπλοέω			to sail slowly	
προσεάω			to permit to go farther	
ἐπισφαλής, -ές			unsafe, dangerous	
ὁ ναύκληρος, -ου			a ship captain	
ἀνεύθετος, -ον			unsuitable, poor	
ἡ παραχειμασία, -ας			wintering	
λίψ			the southwest	
ὁ χῶρος, -ου			northwest wind	
ὑποπνέω			to blow gently	
ἆσσον			nearer	
τυφωνικός, -ή, -όν			like a whirlwind, violent, tempestuous	
ὁ Eὐρακύλων, -ωνος			a northeast wind	
ἀντοφθαλμέω			to look directly at, to face	
τό νησίον, -ου			a small island	
ὑποτρέχω			to run under the shelter of	
περικρατής, -ές			having power, having full command of	
ὑποζώννυμι			to undergird, brace	
σφοδρῶς			exceedingly, greatly, violently	
χειμάζομαι			to toss in a storm, distress	
ἡ ἐκβολή, -ῆς			a jettisoning	
αὐτόχειρ, -ος			with one's own hand	
ἡ σκευή, -ῆς			equipment, tackle, gear	
ἡ ἀσιτία, -ας			a lack of appetite	
ἄσιτος, -ον			without eating	
διατελέω			to continue, remain	
εὔθυμος, -ον			cheerful, encouraged	
κουφίζω			to make light, lighten	
ἡ ζευκτηρία, -ας			a band, rope	
ὁ ἀρτέμων, -ωνος			a foresail	
διθάλασσος, -ον			where two seas met	
ἐπικέλλω			to run aground	
ἡ ναῦς, νεώς			a ship	
ἐρείδω			to stick fast, fix firmly	
ἐκκολυμβάω			to swim away	
διαφεύγω			to escape	
κολυμβάω			to swim up and down, swim	
ἀπορίπτω			to jump overboard	
ἡ σανίς, -ίδος			a board, plank	
τό φρύγανον, -ου			a bush, shrub, stick	
ἡ θέρμη, -ης			heat	
καθάπτω			to take hold of, seize	
πίμπρημι			to burn with fever, swell up	
μεταβάλλομαι			to change one's mind, to turn about	
φιλοφρόνως			courteously, hospitably	
τό δυσεντέριον, -ου			dysentery	
παράσημος, -ον			peculiar, marked (with a figurehead)	
ἐπιγίνομαι			to come to pass	
δευτεραῖος, -α, -ον			on the second day	
ἡ ταβέρνη, -ης			a rest-house, inn, tavern	
τό θάρσος, -ους			courage	
ἀσύμφωνος, -ον			discordant, in disagreement	
τό μίσθωμα, -τος			what is rented, a rented house	
ἀκωλύτως			without hindrance	
συμπαρακαλέομαι			to encourage together	
καθοράω			to perceive, discern clearly	
ἡ θειότης, -ητος			divinity, divine nature	
ματαιόομαι			to render futile or worthless	
σεβάζομαι			to worship	
ἐκκαίομαι			to kindle, be inflamed	
ἡ ὄρεξις, -εως			longing, desire	
ἡ κακοήθεια, -ας			malice, malevolence	
ὁ ψιθυριστής, -οῦ			a gossip, tale-bearer, whisperer	
ὁ κατάλαλος, -ου			slanderous	
θεοστυγής, -ές			hating God	
ὁ ἐφευρετής, -ου			an inventor, a discoverer	
ἀσύνθετος, -ον			faithless, untrustworthy	
ἀνελεήμων, -ον			unmerciful	
ἡ σκληρότης, -ητος			hardness (of heart), stubbornness	
ἀμετανόητος, -ον			unrepentant	
ἡ δικαιοκρισία, -ας			a righteous judgment	
γραπτός, -ή, -όν			written	
ἐπονομάζομαι			to call by name	
ἱεροσυλέω			to rob temples	
τό ψεῦσμα, -τος			a lie, falsehood	
προέχομαι			to excel, be first, be better than	
προαιτιάομαι			to accuse beforehand	
ἀχρειόομαι			to make useless, become worthless	
ὁ λάρυγξ, -γγος			the throat	
δολιόω			to deceive	
ἡ ἀσπίς, -ίδος			an asp	
τό σύντριμμα, -τος			destruction, ruin	
ὑπόδικος, -ον			answerable, accountable	
ἡ πάρεσις, -εως			a passing over, overlooking	
προγίνομαι			to happen before, be done before	
ὁ προπάτωρ, -ορος			a ancestor, forefather	
ἐπικαλύπτω			to cover up	
ἑκατονταετής, -ές			a hundred years old	
σύμφυτος, -ον			identified with, united with	
ἤτοι			either	
ὕπανδρος, -ον			under or subject to a man, married	
ἡ παλαιότης, -ητος			age, oldness	
σύμφημι			to concur, agree with	
συνήδομαι			to delight in, rejoice together	
ἀντιστρατεύω			to make war against	
συνδοξάζομαι			to join in praise, be glorified with someone	
συστενάζω			to lament, groan together	
συνωδίνω			to suffer agony together	
ὑπερεντυγχάνω			to plead, intercede	
ἀλάλητος, -ον			inexpressible	
ὑπερνικάω			to prevail completely	
ἡ νομοθεσία, -ας			legislation, law	
τό πλάσμα, -τος			an image, figure, that which is molded	
τό ὑπόλειμμα, -τος			a remnant	
συντέμνω			to cut short, shorten	
ἀποτολμάω			to be bold	
ἐκπετάννυμι			to spread out, stretch out	
ὑπολείπω			to leave remaining	
ὁ χρηματισμός, -οῦ			a divine response, an oracle	
ἑπτακισχίλιοι, -αι, -α			seven thousand	
τό λεῖμμα, -τος			remnant	
ἡ κατάνυξις, -εως			stupefaction	
ἡ θήρα, -ας			a net, trap	
ὁ νῶτος, -ου			the back	
συγκάμπτω			to (cause to) bend, to bend together	
ἡ πρόσλημψις, -εως			acceptance	
ἡ πιότης, -ητος			fatness	
ἡ καλλιέλαιος, -ου			a cultivated olive tree	
ἀνεξεραύνητος, -ον			unfathomable	
ὁ σύμβουλος, -ου			an adviser, counsellor	
προδίδωμι			to give in advance, to give first	
ὑπερφρονέω			to think too highly of oneself, be haughty	
ἡ ἀναλογία, -ας			proportion	
ἡ ἱλαρότης, -ητος			cheerfulness, gladness	
ἀποστυγέω			to hate strongly, abhor	
φιλόστοργος, -ον			loving dearly, devoted	
προηγέομαι			to go before, consider better	
ὁ ἄνθραξ, -ακος			charcoal, coals	
τό ἀσθένημα, -τος			weakness	
τολμηρός			rather boldly	
ἐπαναμιμνῄσκω			to remind someone	
ἱερουργέω			to perform holy service, act as a priest	
ἡ ἐπιποθία, -ας			longing, desire	
συναγωνίζομαι			to strive together	
συναναπαύομαι			to rest with	
ἡ προστάτις, -ιδος			a patron, benefactor, helper	
ἡ χρηστολογία, -ας			smooth, plausible speech	
ἀφικνέομαι			to reach, arrive at	
ὁ συζητητής, -οῦ			a disputer, debater	
ἀγενής, -ές			base, low, insignificant	
πειθός, -ή, -όν			persuasive	
ἡ ἀπόδειξις, -εως			proof, demonstration	
τό γεώργιον, -ου			cultivated land, field	
ὁ ἀρχιτέκτων, -ονος			a master builder	
ἡ καλάμη, -ης			stubble, straw	
δράσσομαι			to catch, seize	
ἐπιθανάτιος, -ον			condemned to death	
γυμνιτεύω			to be poorly clothed	
ἀστατέω			to be unsettled, be homeless	
δυσφημέω			to slander, defame	
τό περικάθαρμα, -τος			dirt, refuse, rubbish	
τό περίψημα, -τος			dirt, dregs, scum	
ἑορτάζω			to celebrate a feast	
ἐξαίρω			to remove, drive away	
ἀνάξιος, -ον			unworthy, incompetent	
σύμφωνος			attuned to, harmonious, agreeing	
ἡ συγγνώμη, -ης			a concession, indulgence, pardon	
ἐπισπάομαι			to become uncircumcised	
ὁ ἀπελεύθερος, -ου			a freedman	
ἡ λύσις, -εως			a release, separation, loosing	
ὁ βρόχος, -ου			a noose	
εὐπάρεδρος			constantly in service	
ἀπερισπάστως			without distraction	
ὑπέρακμος, -ον			past the bloom of youth, of full age	
τό εἰδωλεῖον, -ου			idol's temple	
κημόω			to muzzle	
ἡ ἐγκοπή, -ῆς			a hindrance	
παρεδρεύω			to serve, wait upon, attend regularly	
συμμερίζομαι			to have a share with (middle)	
ἄκων			unwilling	
ἀδάπανος, -ον			free of charge	
ἀδήλως			uncertainly	
πυκτεύω			to box	
δουλαγωγέω			to enslave, subjugate	
καταστρώννυμι			to lay low, overthrow	
ὁ ἐπιθυμητής, -οῦ			one who desires	
παίζω			to play, amuse oneself	
ὁ ὀλοθρευτής, -οῦ			a destroyer	
τυπικῶς			as an example or warning	
τό μάκελλον, -ου			a meat market, food market	
ἱερόθυτος, -ον			sacrificed to idols, offered in sacrifice	
ἡ κόμη, -ης			(long) hair	
φιλόνεικος, -ον			quarrelsome, contentious	
ἀναξίως			in an unworthy or improper manner	
ἡ ὄσφρησις, -εως			the sense of smell, nose	
ἀσχήμων, -ον			unseemly	
ἡ εὐσχημοσύνη, -ης			propriety, seemliness	
ἡ ἀντίλημψις, -εως			help	
ἡ κυβέρνησις, -εως			an administration	
ἠχέω			to sound, ring out	
τό κύμβαλον, -ου			a cymbal	
χρηστεύομαι			to be kind, loving, merciful	
περπερεύομαι			to boast, brag	
τό αἴνιγμα, -τος			a riddle	
ἡ παραμυθία, -ας			encouragement, comfort, consolation	
ἄψυχος, -ον			inanimate, lifeless	
ὁ αὐλός, -οῦ			a flute	
εὔσημος, -ον			clear, distinct	
νηπιάζω			to be (as) a child, babe	
ἑτερόγλωσσος, -ον			of another tongue, speaking a foreign language	
ὁ διερμηνευτής, -οῦ			interpreter, translator	
ὡσπερεί			like, as, as though	
τό ἔκτρωμα, -τος			an untimely birth	
τό τάγμα, -τος			division, group, class, order	
νή			by (a particle of affirmation employed in oaths)	
θηριομαχέω			to fight with wild animals	
τό ἦθος, -ους			custom, habit, morals	
ἡ ὁμιλία, -ας			association, company	
ἐκνήφω			to come to one's senses	
πτηνός			feathered, winged	
ἄτομος, -ον			indivisible (moment)	
ἡ ῥιπή, -ῆς			a rapid movement, twinkling, blinking	
ἀμετακίνητος, -ον			immovable	
ἡ πάροδος, -ου			passage, thoroughfare, passing	
ἀνδρίζομαι			to act like a man	
μαράναθά			maranatha: O Lord, come! (or: the Lord has come)	
τό ἀπόκριμα, -τος			a sentence, decision	
συνυπουργέω			to join in helping	
ἡ ἐλαφρία, -ας			vacillation, levity	
ἡ ἐπιτιμία, -ας			punishment	
καπηλεύω			to trade in, peddle	
συστατικός, -ή, -όν			commendatory	
ἡ ἱκανότης, -ητος			fitness, sufficiency, adequacy	
ἐντυπόω			to carve, impress, engrave	
κατοπτρίζομαι			to show as in a mirror	
ἀπεῖπον			to speak out, renounce	
δολόω			to falsify, adulterate	
αὐγάζω			to see, shine forth	
παραυτίκα			immediately, for the moment	
ἐπακούω			to hear, listen to	
ἡ προσκοπή, -ῆς			cause for offense, occasion of stumbling	
ἡ δυσφημία, -ας			defamation, slander, evil report	
ἡ εὐφημία, -ας			a good report	
ἑτεροζυγέω			to be unevenly yoked, be mismated	
ἡ μετοχή, -ῆς			a sharing, partnership	
ἡ συμφώνησις, -εως			agreement, harmony	
ἡ συγκατάθεσις, -εως			agreement, union	
ἐμπεριπατέω			to walk about, to walk among	
εἰσδέχομαι			to receive, welcome	
ὁ μολυσμός, -οῦ			defilement	
ἡ ἀγανάκτησις, -εως			indignation	
πτωχεύω			to be (extremely) poor, destitute	
ἐλαττονέω			to have less, have too little	
ἡ ἁδρότης, -ητος			an abundance	
ἀπαρασκεύαστος, -ον			not ready, unprepared	
προκαταρτίζω			to arrange beforehand	
προαιρέομαι			to choose (for oneself), commit oneself to, prefer	
ἱλαρός, -ά, -όν			cheerful, glad, happy	
ὁ δότης, -ου			a giver	
ὁ πένης, -ητος			poor, needy	
ἀνεκδιήγητος, -ον			indescribable	
τό ὀχύρωμα, -τος			a fortress	
ἐκφοβέω			to frighten, terrify	
ἐγκρίνω			to class, classify	
ὑπερεκτείνω			to stretch out beyond, overextent	
ὑπερέκεινα			beyond	
ἁρμόζομαι			to join (in marriage)	
συλάω			to rob, plunder	
ἀβαρής, -ές			not burdensome	
ὁ ψευδαπόστολος, -ου			a false apostle	
δόλιος, -α, -ον			deceitful, treacherous	
παραφρονέω			to be beside oneself, to be insane	
ὑπερβαλλόντως			above measure, much more	
πεντάκις			five times	
τό νυχθήμερον, -ου			a day and a night	
ὁ βυθός, -οῦ			sea, deep water	
τό δίψος, -ους			thirst	
ὁ ἐθνάρχης, -ου			an ethnarch (provincial governor)	
ἡ σαργάνη, -ης			a basket	
ἄρρητος, -ον			inexpressible, unspeakable	
ὁ σκόλοψ, -οπος			a thorn, splinter	
ἐπισκηνόω			to dwell, set up a tent upon	
ἑσσόομαι			to be inferior to, be worse off than	
ἐκδαπανάομαι			to expend, exhaust	
πανοῦργος, -ον			clever, crafty, sly	
συναποστέλλω			to send with	
ὁ ψιθυρισμός, -οῦ			a gossiping, tale-bearing, whispering	
ἡ φυσίωσις, -εως			a puffing up, arrogance	
ἡ κατάρτισις, -εως			a being made complete	
ὁ συνηλικιώτης, -ου			a contemporary	
πατρικός, -ή, -όν			ancestral, paternal	
ἱστορέω			to visit	
παρείσακτος, -ον			secretly brought in, brought in under false pretenses	
κατασκοπέω			to spy out, lie in wait for	
εἴκω			to yield	
συνυποκρίνομαι			to join in hypocrisy	
ὀρθοποδέω			to walk straight, act rightly, be straightforward	
ἐθνικῶς			as a Gentile	
Ἰουδαϊκῶς			in a Jewish manner	
Ἰουδαϊζω			to live in a Jewish fashion	
βασκαίνω			to bewitch	
προευαγγελίζομαι			to proclaim good news in advance	
ἐπιδιατάσσομαι			to add a condition, provision	
προκυρόω			to ratify in advance	
ἡ προθεσμία, -ας			an appointed day, set time	
ἐκπτύω			to disdain, loathe	
μορφόω			to form, shape	
ἀλληγορέω			to speak allegorically	
συστοιχέω			to correspond to	
ἡ πεισμονή, -ῆς			persuasion	
δάκνω			to bite	
κενόδοξος, -ον			conceited, boastful	
προκαλέομαι			to provoke, challenge	
φθονέω			to envy, be jealous	
φρεναπατάω			to deceive	
μυκτηρίζω			to turn up the nose at, to mock	
εὐπροσωπέω			to make a good showing	
τό στίγμα, -τος			a mark, brand	
κληρόω			to appoint by lot, obtain an inheritance	
προελπίζω			to hope before, be the first to hope	
τό μέγεθος, -ους			size, greatness	
ἄθεος, -ον			without God, godless	
τό μεσότοιχον, -ου			a middle wall, dividing wall	
ὁ συμπολίτης, -ου			a fellow-citizen	
συνοικοδομέω			to build (up) together	
σύσσωμος, -ον			of the same body	
πολυποίκιλος, -ον			many-sided, manifold	
ἐξισχύω			to be able, be strong enough	
αἰχμαλωτεύω			to capture, lead captive	
κατώτερος, -α, -ον			lower	
ὁ καταρτισμός, -οῦ			equipment, equipping	
κλυδωνίζομαι			to be tossed here and there by waves	
ἡ κυβεία, -ας			craftiness, trickery	
ἀπαλγέω			to become callous, dead to feeling, be despondent	
ἀνανεόω			to renew., become young again	
ἐπιδύω			to set, go down	
ὁ παροργισμός, -οῦ			irritation, anger	
ἡ αἰσχρότης, -ητος			shamefulness, obscenity, filthiness	
ἡ μωρολογία, -ας			foolish or silly talk	
ἡ εὐτραπελία, -ας			coarse jesting	
κρυφῇ			secretly	
ἐπιφαύσκω			to arise, appear, shine	
ἄσοφος, -ον			unwise, foolish	
ἡ ῥυτίς, -ίδος			a wrinkle	
μακροχρόνιος, -ον			long-lived	
ἡ εὔνοια, -ας			favor, affection, good will	
ἡ πάλη, -ης			a struggle, fight	
ὁ κοσμοκράτωρ, -ορος			a world ruler	
ἡ ἑτοιμασία, -ας			readiness, preparation	
ὁ θυρεός, -οῦ			a shield	
τό βέλος, -ους			an arrow	
ἡ προσκαρτέρησις, -εως			perseverance, steadfastness	
ἡ ἄνοιξις, -εως			an opening	
ἡ αἴσθησις, -εως			perception, discernment	
ἁγνῶς			purely, sincerely	
πτύρομαι			to be frightened, terrified	
τό παραμύθιον, -ου			consolation, encouragement	
σύμψυχος, -ον			harmonious, of one mind or spirit	
ἡ κενοδοξία, -ας			vanity, empty conceit, vainglory	
ὁ ἁρπαγμός, -οῦ			a thing to be grasped, booty	
ὑπερυψόω			to raise, exalt beyond measure	
καταχθόνιος, -ον			under the earth, subterranean	
ἡ ἀπουσία, -ας			absence	
εὐψυχέω			to be glad, have courage	
ἰσόψυχος, -ον			like-minded, of kindred spirit	
γνησίως			sincerely, genuinely	
παραπλήσιος			coming near, resembling	
ἄλυπος			free from anxiety	
παραβολεύομαι			to expose to danger, risk	
ἡ κατατομή, -ῆς			mutilation, cutting in pieces	
ὀκταήμερος, -ον			on the eighth day	
τό σκύβαλον, -ου			refuse, garbage, rubbish	
συμμορφίζομαι			to conform to, take on the same form as	
ἡ ἐξἀνάστασις -εως			a resurrection	
ἐπεκτείνομαι			to stretch out	
ὁ σκοπός, -οῦ			a goal, mark	
ἑτέρως			differently, otherwise	
ὁ συμμιμητής, -οῦ			a fellow-imitator	
τό πολίτευμα, -τος			a commonwealth, state, citizenship	
ἐπιπόθητος, -ον			longed for, desired	
ὁ σύζυγος, -ου			a comrade, fellow-worker	
προσφιλής, -ές			pleasing, agreeable, lovely, amiable	
εὔφημος, -ον			praiseworthy, commendable	
μεγάλως			greatly	
ἀναθάλλω			to grow up again, revive	
ἀκαιρέομαι			to have no opportunity	
αὐτάρκης, -ες			content, self-sufficient, satisfied	
μυέομαι			to initiate (into the mysteries), learn the secret	
ἡ λῆμψις, -εως			receiving	
προακούω			to hear beforehand	
ἡ ἀρεσκεία, -ας			desire to please	
ὁρατός, -ή, -όν			visible	
πρωτεύω			to be first, have first place	
εἰρηνοποιέω			to make peace	
μετακινέω			to shift, remove, move away	
ἀνταναπληρόω			to fill up in turn	
ἡ πιθανολογία, -ας			persuasive speech	
τό στερέωμα, -τος			the firmament, firmness, steadfastness	
συλαγωγέω			to make captive of, carry off as spoil	
ἡ φιλοσοφία, -ας			philosophy	
ἡ θεότης, -ητος			divine nature, deity, godhead	
σωματικῶς			in bodily form, bodily	
ἡ ἀπέκδυσις, -εως			removal, stripping off	
τό χειρόγραφον, -ου			an account, record of debts	
προσηλόω			to nail (fast)	
ἡ νεομηνία, -ας			the new moon, first of the month	
καταβραβεύω			to rob of a prize	
ἐμβατεύω			to enter into	
δογματίζομαι			to obligate	
ἡ ἀπόχρησις, -εως			consuming, using up	
ἡ ἐθελοθρησκία, -ας			self-made religion, self-willed religion	
ἡ ἀφειδία, -ας			unsparing treatment	
ἡ πλησμονή, -ῆς			indulgence, satisfaction, gratification	
ἡ αἰσχρολογία, -ας			obscene speech, dirty talk	
ἡ μομφή, -ῆς			blame, (cause for) complaint	
βραβεύω			to be judge, rule	
εὐχάριστος, -ον			thankful	
ἀθυμέω			to be discouraged, disheartened	
ἡ ἀνταπόδοσις, -εως			recompense, reward	
ὁ ἀνεψιός, -οῦ			a cousin	
ἡ παρηγορία, -ας			comfort, encouragement	
ἐξηχέομαι			to ring out, sound forth	
ἀναμένω			to wait for, expect	
προπάσχω			to suffer previously	
ἡ κολακεία, -ας			flattery	
ἡ τροφός, -οῦ			a nurse, mother	
ὁμείρομαι			to long for, desire earnestly	
ὁσίως			devoutly, piously	
ὁ συμφυλέτης, -ου			a fellow-countryman	
ἐκδιώκω			to drive out, persecute harshly	
ἀπορφανίζω			to make an orphan of	
σαίνομαι			to flatter, disturb, agitate	
ὑπερβαίνω			to go beyond, trespass, sin against	
θεοδίδακτος, -ον			taught by God	
τό κέλευσμα, -τος			a shouted command	
ἄτακτος, -ον			disorderly, unruly	
ὀλιγόψυχος, -ον			faint-hearted, discouraged	
ὁλοτελής, -ές			in every way complete, perfect	
ἐνορκίζω			to adjure	
ὑπεραυξάνω			to grow abundantly, increase beyond measure	
ἐγκαυχάομαι			to boast	
τό ἔνδειγμα, -τος			evidence, plain indication	
τίνω			to pay, pay a penalty	
ἀτακτέω			to behave inappropriately	
περιεργάζομαι			to be a busybody, meddler	
καλοποιέω			to do what is right, good	
σημειόομαι			to write, mark, take note of	
ἀπέραντος, -ον			endless, limitless	
ἡ ἐκζήτησις, -εως			useless speculation	
ἡ ματαιολογία, -ας			empty, idle, fruitless talk	
ὁ πατρολῴας, -ου			one who kills his father, a patricide	
ὁ μητρολῴας, -ου			one who murders his mother, a matricide	
ὁ ἀνδροφόνος, -ου			a murderer	
ὁ ἀνδραποδιστής, -οῦ			a slave dealer, kidnapper	
ὁ ἐπίορκος, -ου			a perjurer	
ὁ διώκτης, -ου			a persecutor	
ὑπερπλεονάζω			to abound exceedingly, overflow	
ἤρεμος, -ον			quiet, tranquil	
τό ἀντίλυτρον, -ου			ransom	
ἡ καταστολή, -ῆς			attire, clothing	
ἡ αἰδώς, -οῦς			modesty	
τό πλέγμα, -τος			braided hair	
ἡ θεοσέβεια, -ας			piety, godliness	
αὐθεντέω			to govern, exercise authority	
ἡ τεκνογονία, -ας			the bearing of children	
νεόφυτος, -ον			newly converted	
δίλογος, -ον			insincere, double-tongued	
ὁ βαθμός, -οῦ			a step, grade	
τό ἑδραίωμα, -τος			a support	
ὁμολογουμένως			undeniably, beyond question, by common confession	
ῥητῶς			expressly, explicitly	
ὁ ψευδολόγος, -ου			speaking falsely, lying	
καυστηριάζω			to sear, mark by branding	
ἡ μετάλημψις, -εως			sharing	
ἀπόβλητος, -ον			rejected	
ἐντρέφομαι			to train in	
γραώδης, -ες			characteristic of an elderly woman	
ἡ γυμνασία, -ας			training, discipline	
ἐπιπλήσσω			to rebuke, reprove	
ἔκγονος, -ον			descended from, grandchildren of	
ἡ ἀμοιβή, -ῆς			a return, recompense	
μονόομαι			to forsake, leave alone	
καταλέγω			to enroll, place on a list	
τεκνοτροφέω			to bring up children	
ξενοδοχέω			to show hospitality, entertain starngers	
καταστρηνιάω			to be governed by strong physical desire	
φλύαρος, -ον			gossipy	
τεκνογονέω			to bear or beget children	
οἰκοδεσποτέω			to rule a household, keep house	
τό πρόκριμα, -τος			prejudice, bias	
ἡ πρόσκλισις, -εως			partiality, favoritism	
ὑδροποτέω			to drink water	
ὁ στόμαχος, -ου			stomach	
ἄλλως			otherwise	
νοσέω			to be sick, have an unhealthy desire	
ἡ λογομαχία, -ας			a dispute about words	
ἡ ὑπόνοια, -ας			suspicion, conjecture	
ἡ διαπαρατριβή, -ῆς			wrangling, constant arguing	
ἡ διατροφή, -ῆς			food, nourishment	
τό σκέπασμα, -τος			a covering	
βλαβερός, -ά, -όν			harmful	
ἡ φιλαργυρία, -ας			love of money, avarice	
περιπείρω			to pierce through, impale	
ἡ πραϋπαθία			gentleness	
ἀπρόσιτος, -ον			unapproachable	
ὑψηλοφρονέω			to be proud, haughty, conceited	
ἡ ἀδηλότης, -ητος			uncertainty	
εὐμετάδοτος, -ον			generous	
κοινωνικός, -ή, -όν			liberal, generous	
ἀποθησαυρίζω			to store up, lay up, treasure up	
ἡ ἀντίθεσις, -εως			contradiction, opposition	
ψευδώνυμος, -ον			falsely called, so-called	
ἡ μάμμη, -ης			a grandmother	
ἀναζωπυρέω			to rekindle , kindle afresh, kindle into flame	
ἡ δειλία, -ας			cowardice, timidity	
ὁ σωφρονισμός, -οῦ			self-discipline, sound judgment, self-control	
ἀναψύχω			to refresh, revive	
βελτίων			better	
ἡ πραγματεία, -ας			activity, occupation	
στρατολογέω			to enlist soldiers	
λογομαχέω			to dispute about words	
χρήσιμος			useful, beneficial	
ἀνεπαίσχυντος, -ον			unashamed, not needing to be ashamed	
ὀρθοτομέω			to use or interpret correctly	
ἡ γάγγραινα, -ης			gangrene, cancer	
νεωτερικός, -ή, -όν			youthful	
ἀπαίδευτος, -ον			uninstructed, uneducated, ignorant	
ἤπιος, -α, -ον			gentle, mild, kind	
ἀνεξίκακος, -ον			patient, tolerant	
ἀντιδιατίθημι			to set oneself in opposition, be opposed	
ἀνανήφω			to regain one's senses	
φίλαυτος, -ον			loving oneself, selfish	
ἄσπονδος, -ον			irreconcilable	
ἀκρατής, -ές			without self-control, dissolute	
ἀνήμερος, -ον			savage, brutal	
ἀφιλάγαθος, -ον			without love of good	
φιλήδονος, -ον			loving pleasure	
φιλόθεος, -ον			God-loving	
ἀποτρέπομαι			to turn away from, avoid	
ἐνδύνω			to slip in	
τό γυναικάριον, -ου			a little, idle or foolish woman	
καταφθείρω			to destroy, ruin	
ἔκδηλος, -ον			clearly evident, obvious	
ἡ ἀγωγή, -ῆς			a way of life, conduct	
ὁ γόης, -ητος			a swindler, cheat, impostor	
πιστόομαι			to be convinced, firmly believe	
θεόπνευστος, -ον			inspired by God	
ὁ ἐλεγμός, -οῦ			reproach, rebuke, reproof	
ἡ ἐπανόρθωσις, -εως			improvement,correction	
ἄρτιος, -α, -ον			complete, adequate	
ἀκαίρως			untimely	
ἐπισωρεύω			to heap up, accumulate	
κνήθομαι			to itch, scratch	
ἡ ἀνάλυσις, -εως			departure	
ὁ φαιλόνης, -ου			a cloak	
ἡ μεμβράνα, -ης			a parchment	
ὁ χαλκεύς, -έως			a coppersmith, metalworker	
ἀψευδής, -ές			unable to lie, truthful, trustworthy	
ἐπιδιορθόω			to set right, correct in addition	
ὀργίλος, -η, -ον			inclined to anger, quick-tempered	
φιλάγαθος, -ον			loving what is good	
ἐγκρατής, -ές			self-controlled, disciplined	
ὁ ματαιολόγος, -ου			talking idly, and empty talker	
ὁ φρεναπάτης, -ου			a deceiver, misleader	
ἐπιστομίζω			to silence, stop the mouth	
Ἰουδαϊκός, -ή, -όν			Jewish, relating to Judaism or the Jewish people	
βδελυκτός, -ή, -όν			abhorrent, detestable	
ἡ πρεσβῦτις, -ιδος			an older woman, elderly lady	
τό κατάστημα, -τος			behavior, demeanor	
ἱεροπρεπής, -ές			reverent	
καλοδιδάσκαλος, -ον			teaching what is good	
σωφρονίζω			to encourage, advise, urge	
φίλανδρος			having love for a husband	
φιλότεκνος, -ον			loving one's children	
οἰκουργός, -όν			busy at home, working at home	
ἡ ἀφθορία, -ας			soundness, purity	
ἀκατάγνωστος, -ον			beyond reproach	
σωτήριος, -ον			saving, bringing salvation	
σωφρόνως			soberly, sensibly, showing self-control	
περιούσιος, -ον			chosen, special	
περιφρονέω			to disregard, look down on, despise	
στυγητός, -ή, -όν			hateful, loathsome, despicable	
φροντίζω			to be intent on, be careful about	
αἱρετικός, -ή, -όν			factious, causing division	
ἐκστρέφω			to turn aside, pervert	
αὐτοκατάκριτος, -ον			self-condemned	
ἄχρηστος, -ον			useless, worthless	
ἑκούσιος, -α, -ον			voluntary, of free will	
ἀποτίνω			to pay back, repay	
προσοφείλω			to owe besides, still owe	
ὀνίναμαι			to benefit, profit; to enjoy	
πολυμερῶς			in various parts	
πολυτρόπως			in many ways	
τό ἀπαύγασμα, -τος			radiance, effulgence, reflection	
ὁ χαρακτήρ, -ῆρος			an impress, exact representation, exact likeness	
ἡ εὐθύτης, -ητος			righteousness, uprightness	
λειτουργικός, -ή, -όν			engaged in special service, ministering	
παραρρέω			to be washed away, drift away	
συνεπιμαρτυρέω			to bear witness together with	
ἡ θέλησις, -εως			will	
παραπλησίως			similarly, likewise	
δήπου			of course, surely	
ὁ θεράπων, -οντος			an attendant, servant	
ἡ δοκιμασία, -ας			a testing, proving	
παραπικραίνω			to embitter, provoke	
τό κῶλον, -ου			a dead body, corpse	
ὁ σαββατισμός, -οῦ			a sabbath rest, sabbath observance	
τομός, -ή, -όν			cutting, sharp	
διϊκνέομαι			to pierce, penetrate	
ὁ ἁρμός, -οῦ			a joint	
ὁ μυελός, -ου			marrow	
κριτικός, -ή, -όν			able to judge, critical	
ἀφανής, -ές			invisible, hidden	
τραχηλίζομαι			to lay bear	
μετριοπαθέω			to moderate one's feelings, deal gently	
καθώσπερ			even as	
ἡ ἱκετηρία, -ας			supplication	
προσαγορεύω			to call by name, designate	
δυσερμήνευτος, -ον			hard to explain	
ἄπειρος, -ον			unacquainted with, unaccustomed to	
ἡ ἕξις, -εως			maturity	
τό αἰσθητήριον, -ου			faculty of perception, a sense	
παραπίπτω			to fall away, commit apostasy	
ἀνακαινίζω			to renew, restore	
ἀνασταυρόω			to crucify again	
παραδειγματίζω			to expose, make an example of, put to shame	
ἡ βοτάνη, -ης			herb, plant, vegetation	
γεωργέω			to cultivate, till	
ἡ καῦσις, -εως			a burning	
μεσιτεύω			to guarantee	
ὁ πρόδρομος, -ου			going before, forerunner	
ἡ κοπή, -ῆς			a miting, slaughter	
ἀπάτωρ, -ορος			fatherless, without a father	
ἀμήτωρ, -ορος			without a mother	
ἀγενεαλόγητος, -ον			without genealogy	
ἀφομοιόω			to make like	
τό ἀκροθίνιον, -ου			booty, spoils, plunder	
γενεαλογέομαι			to trace descent or ancestry	
τό ἔπος, -ους			a word	
κατάδηλος, -ον			very clear, quite plain	
ἀκατάλυτος, -ον			endless, indestructible	
ἡ ἐπεισαγωγή, -ῆς			a bringing in besides	
ὁ ἔγγυος, -ου			under good security	
ἀπαράβατος, -ον			permanent, unchangeable	
πήγνυμι			to make firm, put together, build	
ὁ ἀφανισμός, -οῦ			a vanishing	
τό θυμιατήριον, -ου			an altar of incense, a censer	
ἡ στάμνος, -ου			a jar	
Χερούβ			a cherub, a winged creature	
τό ἀγνόημα, -τος			a sin of ignorance	
ἡ διόρθωσις, -εως			a reformation, new order	
ἡ δάμαλις, -εως			a heifer, young cow	
ἡ καθαρότης, -ητος			purity, cleansing	
ἡ αἱματεκχυσία, -ας			the shedding of blood	
ἡ κεφαλίς, -ίδος			roll of a book	
πρόσφατος, -ον			new, recent	
ἀκλινής, -ές			without wavering	
ἡ ἐκδοχή, -ῆς			expectation	
ἡ τιμωρία, -ας			punishment	
ἐνυβρίζω			to insult, outrage	
ἡ ἄθλησις, -εως			a contest, conflict	
θεατρίζω			to put to shame, expose publicly	
ἡ ὑποστολή, -ῆς			hesitancy, timidity	
ὁ ἔλεγχος, -ου			proof, conviction	
ὁ μισθαποδότης, -ου			a rewarder	
εὐλαβέομαι			to reverence, respect	
ὁ δημιουργός, -οῦ			a builder, maker, creator	
ἀναρίθμητος, -ον			innumerable	
ἐκβαίνω			to go out, leave	
τρίμηνος			of three months	
τό διάταγμα, -τος			edict, command	
συγκακουχέομαι			to sufferwith, be mistreated with	
ἀποβλέπω			to look, pay attention	
καρτερέω			to be steadfast, endure	
ἡ πρόσχυσις, -εως			a pouring, sprinkling	
ὀλοθρεύω			to destroy, ruin	
συναπόλλυμι			to destroy with, to perish together (middle)	
ὁ κατάσκοπος, -ου			a spy	
ἐπιλείπω			to fail	
καταγωνίζομαι			to conquer, defeat, overcome	
τυμπανίζω			to torment, torture	
ὁ ἐμπαιγμός, -οῦ			scorn, mocking	
πρίζω			to saw (in two)	
ἡ μηλωτή, -ῆς			a sheepskin	
αἴγειος, -α, -ον			of a goat	
τό δέρμα, -τος			skin, hide	
προβλέπομαι			to foresee , provide	
τό νέφος, -ους			a cloud	
ὁ ὄγκος, -ου			bulk, encumbrance, impediment	
εὐπερίστατος, -ον			easily ensnaring, easily entangling	
ὁ τελειωτής, -οῦ			a perfecter	
ἀναλογίζομαι			to consider	
ἀντικαθίστημι			to oppose, resist	
ἀνταγωνίζομαι			to struggle, strive	
ἐκλανθάνομαι			to forget (altogether)	
ὀλιγωρέω			to regard lightly	
νόθος, -η, -ον			an illegitimate child	
ἡ ἁγιότης, -ητος			holiness	
ἡ τροχιά, -ᾶς			wheel-track, path, way	
τό πρωτοτόκια, -ων			a birthright	
μετέπειτα			afterwards	
ὁ γνόφος, -ου			darkness	
ἡ θύελλα, -ης			a storm, whirlwind	
φαντάζομαι			to become visible, appear	
ἡ πανήγυρις, -εως			festal gathering	
εὐαρέστως			acceptably	
τό δέος, -ους			awe	
καταναλίσκω			to consume	
συνδέομαι			to bind together, be in prison with	
ὁ βοηθός, -οῦ			helping, a helper	
ἡ αἴνεσις, -εως			praise	
ἡ εὐποιϊα, -ας			doing good, a good deed	
ὑπείκω			to yield, give way, submit	
ἀλυσιτελής, -ές			unprofitable	
ἁπλῶς			simply, sincerely, generously	
ἀνεμίζομαι			to be driven by the wind	
ῥιπίζομαι			to be tossed about by the wind	
ἡ εὐπρέπεια, -ας			beauty, loveliness	
μαραίνομαι			to die out, fade away	
ἀπείραστος, -ον			unable to be tempted	
ἐξέλκω			to drag away	
ἡ παραλλαγή, -ῆς			a change, variation	
ἡ τροπή, -ῆς			a turning, change	
τό ἀποσκίασμα, -τος			a shadow	
ταχύς, εῖα, ύ			quick, prompt, ready	
ἡ ῥυπαρία, -ας			filthiness, vulgarity	
ἔμφυτος, -ον			implanted	
ἡ ἐπιλησμονή, -ῆς			forgetfulness	
ἡ ποίησις, -εως			a making, a doing	
θρησκός, -όν			religious	
χρυσοδακτύλιος, -ον			with a gold ring	
προσωπολημπτέω			to show partiality	
ἀνέλεος, -ον			merciless	
ἐφήμερος, -ον			daily	
ἐπιτήδειος, -α, -ον			necessary	
φρίσσω			to shudder	
αὐχέω			to boast	
ἡ ὕλη, -ης			a forest, wood, timber	
ὁ τροχός, -οῦ			a wheel, course	
ἐνάλιος			belonging to the sea, marine creatures	
θανατηφόρος, -ον			death-bringing, deadly	
ἡ ὁμοίωσις, -εως			a likeness, resemblance	
χρή			to it is necessary, it ought	
βρύω			to pour forth	
ἁλυκός, -ή, -όν			salty	
ἐπιστήμων, -ον			expert, skilled, understanding	
δαιμονιώδης, -ες			demonic, devilish	
εὐπειθής, -ές			compliant, obedient	
ἀδιάκριτος, -ον			unwavering	
ἡ φιλία, -ας			friendship, love	
κενῶς			to no purpose, in vain	
κατοικίζω			to cause to dwell	
ταλαιπωρέω			to endure hardship, be miserable	
ὁ γέλως, -ωτος			laughter	
μετατρέπω			to turn around	
ἡ κατήφεια, -ας			gloominess, dejection	
ὁ νομοθέτης, -ου			a lawgiver	
ὀλολύζω			to cry out, wail	
σήπω			to decay, rot	
σητόβρωτος, -ον			moth-eaten	
κατιόομαι			to become rusty, corroded	
ἀμάω			to mow	
ἡ βοή, -ῆς			an outcry, shout	
τρυφάω			to live for pleasure, revel, carouse	
ὁ πρόϊμος, -ου			early rain, early crops	
ὁ ὄψιμος, -ου			late rain, spring rain	
ἡ κακοπάθεια, -ας			suffering, affliction	
πολύσπλαγχνος, -ον			sympathetic, compassionate, merciful	
ἀμάραντος, -ον			unfading, permanent	
ἀνεκλάλητος, -ον			inexpressible	
ἐξεραυνάω			to try to find out	
προμαρτύρομαι			to bear witness to beforehand, predict	
ἀναζώννυμι			to bind up, gird up	
τελείως			fully, completely	
ἀπροσωπολήμπτως			impartially	
πατροπαράδοτος, -ον			inherited, handed down from one's father	
ἡ σπορά, -ᾶς			a seed	
ἀρτιγέννητος, -ον			newborn	
ἄδολος, -ον			unadulterated, pure	
βασίλειος, -ον			royal	
ὁ ἀγαθοποιός, -οῦ			beneficent, doing good	
τό ἐπικάλυμμα, -τος			a cover, veil	
ἀδίκως			unjustly	
τό κλέος, -ους			fame, glory	
ὑπολιμπάνω			to leave, leave behind	
ὁ ὑπογραμμός, -οῦ			an example	
ἀντιλοιδορέω			to revile in return	
ἀπογίνομαι			to die	
ὁ μώλωψ, -ωπος			a bruise, wound	
ἡ ἐμπλοκή, -ῆς			braiding, braid	
ἡ περίθεσις, -εως			putting on, wearing	
ἡ ἔνδυσις, -εως			a putting on , clothing	
ἡ πτόησις, -εως			intimidation, fear, terror	
συνοικέω			to live with	
γυναικεῖος, -α, -ον			feminine, female	
ἀπονέμω			to assign, show, grant	
ὁμόφρων, -ον			of one mind, harmonious	
συμπαθής, -ές			sympathetic, understanding	
φιλάδελφος, -ον			having brotherly love	
ταπεινόφρων, -ον			humble	
ὁ ῥύπος, -ου			dirt, filth	
τό ἐπερώτημα, -τος			an inquiry, appeal	
ὁπλίζομαι			to equip, arm	
ἐπίλοιπος, -ον			left, remaining, rest	
βιόω			to live	
ἡ οἰνοφλυγία, -ας			drunkenness	
ὁ πότος, -ου			a drinking party, drunken orgy	
ἡ ἀνάχυσις, -εως			a wide stream, flood, excess	
ἐκτενής, -ές			zealous, earnest, fervent, eager	
ὁ ἀλλοτριεπίσκοπος, -ου			a busybody, meddler	
ὁ κτίστης, -ου			the Creator	
ἡ ἀγαθοποιϊα, -ας			welldoing	
ὁ συμπρεσβύτερος, -ου			a fellow elder	
ἀναγκαστῶς			under compulsion	
αἰσχροκερδῶς			in fondness for dishonest gain, greedily	
προθύμως			willingly, eagerly, freely	
ὁ ἀρχιποίμην, -ενος			chief shepherd	
ἀμαράντινος, -η, -ον			unfading	
ἐγκομβόομαι			to put on, clothe	
κραταιός, -ά, -όν			powerful, mighty	
ὠρύομαι			to roar	
σθενόω			to strengthen, make strong	
συνεκλεκτός			chosen together	
ἰσότιμος, -ον			equal, like, of the same kind	
παρεισφέρω			to apply, bring to bear	
μυωπάζω			to be short-sighted	
ἡ λήθη, -ης			forgetfulness	
ἑκάστοτε			at any time, always	
ἡ μνήμη, -ης			a memory, remembrance	
ὁ ἐπόπτης, -ου			an eyewitness, spectator	
τοιόσδε, -άδε, -όνδε			such as this	
μεγαλοπρεπής, -ές			magnificent, majestic	
αὐχμηρός, -α, -v			dark, gloomy	
διαυγάζω			to shine through, dawn	
ὁ φωσφόρος, -ου			a morning star	
ἡ ἐπίλυσις, -εως			an explanation, interpretation	
ὁ ψευδοδιδάσκαλος, -ου			a false teacher	
παρεισάγω			to bring in, introduce secretly	
πλαστός, -ή, -όν			fabricated, false	
ἀργέω			to become idle	
ἡ σειρά, -ᾶς			a cord, rope, chain	
ταρταρόω			to cast into Tartarus, cast into hell	
τεφρόω			to reduce to ashes	
τό βλέμμα, -τος			a look, what is seen	
ἐγκατοικέω			to live, reside	
ὁ μιασμός, -οῦ			defilement, corruption	
ὁ τολμητής, -οῦ			a bold, daring person	
ἡ ἅλωσις, -εως			capture, a taking	
ὁ μῶμος, -ου			a defect, blemish	
ἐντρυφάω			to delight in , revel	
ἀκατάπαυστος, -ον			unceasing, restless	
ἡ ἔλεγξις, -εως			rebuke, reproof	
ἡ παρανομία, -ας			lawlessness, evil-doing	
ἡ παραφρονία, -ας			madness, insanity	
ἡ ὁμίχλη, -ης			a mist, fog	
ὀλίγως			scarcely, barely	
τό μίασμα, -τος			a shameful deed, misdeed, crime	
τό ἐξέραμα, -τος			vomit	
ἡ ὗς, -ὑός			sow	
ὁ κυλισμός, -οῦ			a rolling, wallowing	
ὁ βόρβορος, -ου			mire, slime, mud	
ἡ ἐμπαιγμονή, -ῆς			mocking	
κατακλύζω			to flood, inundate	
ἡ βραδύτης, -ητος			slowness	
ῥοιζηδόν			with a rushing sound, with a loud noise	
τήκομαι			to melt, dissolve	
ἀμώμητος, -ον			blameless	
δυσνόητος, -ον			hard to understand	
ἀμαθής, -ές			ignorant, unlearned	
στρεβλόω			to torment, twist, distort	
ὁ στηριγμός, -οῦ			firmness, steadfastness	
ὁ χάρτης, -ου			papyrus, a sheet of paper	
φιλοπρωτεύω			to wish to be first	
φλυαρέω			to talk nonsense (about), disparage	
ἐπαγωνίζομαι			to contend	
παρεισδύω			to creep in unnoticed	
ἐκπορνεύω			to indulge in gross immorality	
τό δεῖγμα, -τος			a proof, an example	
ὑπέχω			to undergo punishment, suffer	
φυσικῶς			naturally, by instinct, by nature	
ἡ σπιλάς, -άδος			a (hidden) reef, spot, stain	
φθινοπωρινός, -ή, -όν			belonging to late autumn, autumnal	
ἐπαφρίζω			to cause to foam	
ὁ πλανήτης, -ου			a wanderer, roamer	
ἀσεβέω			to act impiously, in an ungodly way	
ὁ γογγυστής, -οῦ			a grumbler	
μεμψίμοιρος, -ον			dissatisfied, finding fault, discontented	
ἀποδιορίζω			to cause divisions	
ἄπταιστος, -ον			without stumbling	
ὁ ποδήρης, -ους			a long robe	
ὁ νεφρός, -οῦ			a mind	
κεραμικός, -ή, -όν			belonging to a potter, made of clay	
χλιαρός, -ά, -όν			lukewarm	
ἐμέω			to vomit, throw up	
τό κολλούριον, -ου			eye salve	
ἐγχρίω			to smear on, anoint	
ζηλεύω			to be eager, earnest, zealous	
σμαράγδινος, -η, -ον			(of) emerald	
κατασφραγίζω			to seal (up)	
τό τόξον, -ου			a bow	
ἡ κριθή, -ῆς			barley	
τρίχινος, -η, -ον			made of hair	
ὁ ὄλυνθος, -ου			a late fig, an unripe fig	
τό ἡμιώριον, -ου  (τό			half an hour	
πλήσσω			to strike, smite	
ἱππικός			horsemen, cavalry	
ἡ δισμυριάς, -άδος			a double myriad	
πύρινος, -η, -ον			fiery	
ὑακίνθινος, -η, -ον			hyacinth-colored	
θειώδης, -ες			sulphurous, of brimstone	
χαλκοῦς, -ῆ, -οῦν			made of copper/brass/bronze	
τό φάρμακον, -ου			poison, sorcery	
τό κλέμμα, -τος			stealing, theft	
μυκάομαι			to roar	
ποταμοφόρητος, -ον			swept away by a river	
ἡ πάρδαλις, -εως			a leopard	
ὁ ἄρκος, -ου			a bear	
ἄκρατος, -ον			unmixed, undiluted	
ὁ βότρυς, -υος			a bunch of grapes	
ἀκμάζω			to bloom, ripen	
μασάομαι			to bite, gnaw, chew	
ὁ βάτραχος, -ου			a frog	
ταλαντιαῖος, -α, -ον			weighing a talent	
τό στρῆνος, -ους			sensuality, luxury	
διπλόω			to double	
σιρικός			silk	
θύϊνος, -η, -ον			from the citron tree	
ἐλεφάντινος, -η, -ον			of ivory	
ὁ σίδηρος, -ου			iron	
ὁ μάρμαρος, -ου			marble	
τό κιννάμωμον, -ου			cinnamon	
τό ἄμωμον, -ου			amomum (a spice)	
ἡ σεμίδαλις, -εως			fine wheat flour	
ἡ ῥέδη, -ης			a carriage, chariot	
ἡ ὀπώρα, -ας			fruit	
λιπαρός, -ά, -όν			bright, costly, rich, luxurious	
ἡ τιμιότης, -ητος			wealth, prosperity	
μύλινος, -η, -ον			belonging to a mill, a millstone	
τό ὅρμημα, -τος			a violent rush, violence	
ὁ μουσικός, -οῦ			a musician	
ὁ σαλπιστής, -οῦ			a trumpeter	
ὁ μηρός, -οῦ			the thigh	
πελεκίζω			to behead (with an ax)	
κυκλεύω			to surround , go encirle	
κρυσταλλίζω			to shine like crystal, be as transparent as crystal	
τετράγωνος, -ον			four-cornered, rectangle, square	
ἡ ἐνδώμησις, -εως			construction, material	
ἡ σάπφιρος, -ου			the sapphire	
ὁ χαλκηδών, -όνος			chalcedony	
ὁ σμάραγδος, -ου			an emerald	
ὁ σαρδόνυξ, -υχος			sardonyx	
ὁ χρυσόλιθος, -ου			yellow topaz, chrysolite	
ὁ βήρυλλος, -ου			beryl	
τό τοπάζιον, -ου			topaz	
ὁ χρυσόπρασος, -ου			chrysoprase	
ὁ ὑάκινθος, -ου			the jacinth, hyacinth	
δωδέκατος, -η, -ον			twelfth	
ἡ ἀμέθυστος, -ου			amethyst	
διαυγής, -ές			transparent	
τό κατάθεμα, -τος			an accursed thing, a curse	
ῥυπαίνομαι			to defile, pollute, make filthy	
ὑπολαμβάνω	V		to take up, to receive, to assume	
ὁ φόρος, -ου	N		tribute, tax	
ἡ ἔχιδνα, -ης	N		a viper	
ἡ παγίς, -ίδος	N		a trap, snare	
προγινώσκω	V		to know beforehand	
πλάνος, -ον	Adj		deceptive	
ψάλλω	V		to sing, sing praise	
ἀφανίζω	V		to destroy	
τό εἶδος, -ους	N		form, sight, appearance	
ὁ ὄνος, -ου	N		an ass, donkey	
ὁρμάω	V		to hasten on, rush	
ἀντιτάσσομαι	V		to range in battle against, to oppose, resist	
ὁ ἀντίδικος, -ου	N		an opponent, adversary	
ἀνακράζω	V		to cry out	
τό γαζοφυλάκιον, -ου	N		treasury	
ἑξῆς	Adv		next	
περιαιρέω	V		to cast off, take away	
ἀσφαλής, -ές	Adj		certain, definite, sure	
τό ζήτημα, -τος	N		an inquiry, question, issue	
ἡ ἀγαλλίασις, -εως	N		exultation, great joy, gladness	
ὁ ἰδιώτης, -ου	N		an unskilled or ungifted person	
ὁ ὀνειδισμός, -οῦ	N		a reproach	
ἡ πίναξ, -ακος	N		a board, dish, platter	
πέτομαι	V		to fly	
ἡ γένεσις, -εως	N		origin, birth, genealogy	
ἐπιεικής, -ές	Adj		yielding, gentle, kind, courteous	
κολαφίζω	V		to strike with the fist, treat roughly	
ἐκμάσσω	V		to wipe dry	
ἥμισυς, -εια, -υ	Adj		half	
ὁ κατήγορος, -ου / κατήγωρ	N		an accuser	
κατακλίνω	V		to make to lie down, to recline	
ἀνεκτός, -όν	Adj		tolerable, bearable	
τό φύραμα, -τος	N		that which is mixed, a lump	
βασιλικός, -ή, -όν	Adj		royal	
τό γάλα, -γαλακτος	N		milk	
ἐκτρέπομαι	V		to turn aside	
ἐμβριμάομαι	V		to be moved with anger, to admonish sternly	
τό κράσπεδον, -ου	N		a border, tassel, fringe	
ἀναπέμπω	V		to send back	
ὁ παραβάτης, -ου	N		transgressor	
ἐπιτυγχάνω	V		to obtain	
ὀλιγόπιστος, -ον	Adj		of little faith	
δή	Adv		also, indeed, now, therefore (used to give greater exactness)	
κενόω	V		to empty, make void	
λούω	V		to bathe, to wash	
προβαίνω	V		to go forward, advance	
ἐξαλείφω	V		to wipe out, erase, obliterate	
συσταυρόομαι	V		to crucify with	
ἄρρωστος, -ον	Adj		feeble, sickly	
ὁ ὁδηγός, -οῦ	N		a leader, guide	
βέβηλος, -ον	Adj		worldly, profane	
στοιχέω	V		to walk orderly, follow	
περίλυπος, -ον	Adj		very sad	
ἡ ἀκαταστασία, -ας	N		a distrurbance, disorder, tumult	
ἡ λατρεία, -ας	N		service, divine worship	
ὁ οἰκτιρμός, -οῦ	N		compassion, pity, mercy	
σύρω	V		to draw, drag	
πατέω	V		to tread or tread under foot	
ὑπερήφανος, -ον	Adj		arrogant, haughty, proud	
ἑβδομήκοντα	Num		seventy	
ἡ εἴσοδος, -ου	N		an entrance	
ὁ χαλκός, -οῦ	N		money, copper or bronze	
σείω	V		to shake	
ἐμπίπλημι	V		to fill up, to satisfy	
ὁ κῆπος, -ου	N		a garden	
τό πένθος, -ους	N		mourning	
φωτεινός, -ή, -όν	Adj		bright, full of light	
ὁ ὑετός, -ου	N		rain	
ἐπιχορηγέω	V		to supply	
τό σίναπι, -εως	N		mustard (a plant)	
ἄμεμπτος, -ον	Adj		blameless	
παρακύπτω	V		to stoop to look, to look	
ἐξαίφνης	Adv		suddenly	
ὄγδοος, -η, -ον	Adj		the eighth	
καταλαλέω	V		to speak evil of, slander	
ἡ ἄνεσις, -εως	N		a loosening, relaxation, rest, relief	
περίκειμαι	V		to be around, surround, wear	
ἡ πανουργία, -ας	N		cleverness, craftiness, trickery	
ὁδηγέω	V		to lead, guide, teach	
ἐγκόπτω	V		to impede, detain, hinder	
ἡ υἱοθεσία, -ας	N		adoption	
ᾄδω	V		to sing	
ἀκριβῶς	Adv		carefully, accurately	
ὁ ζόφος, -ου	N		deep gloom, darkness	
ἡ οὐρά, -ᾶς	N		a tail	
ἐντυγχάνω	V		to entreat, intercede, plead	
ἡσυχάζω	V		to be still, be silent	
τετρακισχίλιοι, -αι, -α	Num		four thousand	
εὖ	Adv		well	
σκορπίζω	V		to scatter	
ἡ ληνός, -οῦ	N		a wine press	
πλεονεκτέω	V		to take advantage	
ἡ δουλεία, -ας	N		slavery	
ἡ στεῖρα, -ας	N		one who is barren, infertile	
παίω	V		to strike, spec. to sting	
τό δόγμα, -τος	N		(a public) decree, ordinance	
ἡ νηστεία, -ας	N		fasting, a fast	
ἡ ἀνάπαυσις, -εως	N		cessation, rest	
καίπερ	Conj		although	
ἀπέναντι	Pre		across, opposite, in opposition to, before	
συνεσθίω	V		to eat with	
ἡ προθυμία, -ας	N		eagerness, readiness	
ὁποῖος, -α, -ον	Adj		what sort of, what kind of	
θηλάζω	V		to suckle, nurse	
ἡ περιποίησις, -εως	N		preservation, acquisition, possession	
δαπανάω	V		to spend, spend freely	
πταίω	V		to cause to stumble, to stumble	
θῆλυς, -εια, -υ	Adj		female, woman	
καθεξῆς	Adv		successively	
ἡ πτέρυξ, -υγος	N		a wing	
ἅρπαξ, -αγος	Adj		ravenous	
ὁ ἀντίχριστος, -ου	N		antichrist	
ἡ νῖκος, -ους  (τό)<br>νίκη, -ης	N		victory	
διαμένω	V		to remain, continue	
βύσσινος, -η, -ον	Adj		fine linen	
ἐνοικέω	V		to dwell in	
τό πλοιάριον, -ου	N		a small boat	
παραπορεύομαι	V		to go beside or past	
ὁ λειτουργός, -οῦ	N		a minister, a servant	
μεταδίδωμι	V		to give a share of	
μετασχηματίζω	V		to transform, disguise	
ἐναντίον	Pre		in the sight of, before	
ὁ ἐπίσκοπος, -ου	N		an overseer, bishop, superintendent	
σκηνόω	V		to spread a tent, dwell	
ὑπερβάλλω	V		to go beyond, surpass	
ἡ ἄμμος, -ου	N		sand	
σκληρός, -ά, -όν	Adj		hard, rough, strong	
τό ὀθόνιον, -ου	N		a piece of fine linen	
ἐπιγράφω	V		to write upon	
ἡ ἐπιγραφή, -ῆς	N		an inscription	
ὁ ἔμπορος, -ου	N		a merchant	
ψευδομαρτυρέω	V		to bear false witness	
ἡ παροιμία, -ας	N		a proverb, parable, allegory, figure of speech	
ἡ ἀρετή, -ῆς	N		virtue, moral excellence	
τό περίσσευμα, -τος	N		superfluity, abundance	
μαίνομαι	V		to rage, be furious, be insane	
ἡ μερίς, -ίδος	N		a part, portion	
δεκτός, -ή, -όν	Adj		acceptable, welcome	
τό κῦμα, -τος	N		a wave	
ἐλαύνω	V		to drive or push, row	
καταράομαι	V		to curse	
ἔπειμι	V		to come upon, come after, follow	
ἔντιμος, -ον	Adj		valued, precious, highly regarded	
ἀνέγκλητος, -ον	Adj		above reproach, blameless	
δεκατέσσαρες	Num		fourteen	
ὁ τρόμος, -ου	N		trembling, quaking	
ἡ ἡδονή, -ῆς	N		pleasure	
ἐρημόομαι	V		to desolate, lay waste	
μιαίνω	V		to stain, defile	
αἰσχύνομαι	V		to dishonor, put to shame, fell ashamed	
ὁ μῦθος, -ου	N		a fable, myth	
συμπνίγω	V		to choke	
ὁ Φαραώ	N		Pharaoh	
ὑβρίζω	V		to mistreat, insult	
ἐπέχω	V		to hold fast, to hold toward	
ἡδέως	Adv		sweetly, gladly	
μεθύσκομαι	V		to make drunk	
ὁ ἱματισμός, -οῦ	N		clothing	
πωρόω	V		to harden	
συνεργέω	V		to work together	
καταπατέω	V		to trample under foot	
ἡ ὑπόστασις, -εως	N		substance, confidence, assurance	
διαρρήγνυμι	V		to tear, break	
χρῄζω	V		to need, have need of	
εὐσχήμων, -ον	Adj		comely, seemly, prominent	
ἀσύνετος, -ον	Adj		without understanding	
ὁ ἀνθύπατος, -ου	N		a consul, proconsul	
ὁ ἁλιεύς, -έως	N		a fisherman	
συγχέω	V		to confuse, confound	
ὁ κονιορτός, -οῦ	N		dust	
ἀόρατος, -ον	Adj		invisible	
μεθίστημι	V		to remove, turn away	
μαρτύρομαι	V		to affirm, testify	
ὑπερέχω	V		to rise above, to surpass	
ὁ ἀετός, -οῦ	N		an eagle, vulture	
διαπορεύομαι	V		to pass across, to journey through	
ἡ σπυρίς, -ίδος	N		a large basket	
ἡ παραγγελία, -ας	N		an instruction, a command	
ἐννέα	Num		nine	
ἐκλύομαι	V		to loose, faint, grow weary	
μεθύω	V		to be drunken	
τό ὀψάριον, -ου	N		fish	
θεμελιόω	V		to lay a foundation, found, establish	
ἡ πλευρά, -ᾶς	N		the side	
ὁ αἴτιος, -ου	N		causative of, responsible for	
χρίω	V		to anoint	
ἡ πρωτοκλισία, -ας	N		the chief place, place of honor (at table)	
καταδικάζω	V		to pass sentence upon, condemn	
δικαίως	Adv		righteously, justly	
ὁ θώραξ, -ακος	N		a breastplate	
εἰσακούω	V		to listen, to hear	
εὐπρόσδεκτος, -ον	Adj		acceptable	
ὁ σκορπίος, -ου	N		a scorpion	
ὁ παράκλητος, -ου	N		helper, advocate	
σιδηροῦς, -ᾶ, -οῦν	Adj		(made of) iron	
ἡ μωρία, -ας	N		foolishness	
χρονίζω	V		to spend or take time, delay	
παραλύομαι	V		to weaken, disable, paralyze	
τό στῆθος, -ους	N		the breast, chest	
πρόκειμαι	V		to be set before, be exhibited	
ἡ δυσμή, -ῆς	N		(the) western (region)	
ἔμφοβος, -ον	Adj		terrified, frightened	
βάπτω	V		to dip	
τό ἄστρον, -ου	N		a star	
διαπορέω	V		to be greatly perplexed or at a loss	
καταφέρω	V		to bring down, against	
ἄσπιλος, -ον	Adj		spotless, unstained	
ἡ ἀπόκρισις, -εως	N		an answer	
τό γένημα, -τος	N		fruit, produce, harvest	
τό μάννα	N		manna	
ἡ ἄγκυρα, -ας	N		an anchor	
μακρός, -ά, -όν	Adj		long, far distant	
προγράφω	V		to write before	
ὠφέλιμος, -ον	Adj		useful, profitable	
ὁ κανών, -όνος	N		a rule, standard	
ὁ πλεονέκτης, -ου	N		a covetous or greedy person	
ἐκλείπω	V		to fail, cease, come to an end	
ἐνενήκοντα	Num		ninety	
ἄτοπος, -ον	Adj		out of place, unusual, wrong	
ἡ ῥύμη, -ης	N		a narrow street, lane, alley	
βαθύς, -εῖα, -ύ	Adj		deep	
ὁμοῦ	Adv		together	
πού	Adv		somewhere, about, approximately	
μηνύω	V		to make known, report, inform	
στερεός, -ά, -όν	Adj		hard, firm, solid	
ἡ προσωπολημψία, -ας	N		respect of persons, partiality, personal favoritism	
ἐξουσιάζω	V		to have authority over, master	
προσάγω	V		to bring (forward), approach	
πλουσίως	Adv		richly, abundantly	
διηνεκής, -ές	Adj		continuous, perpetual	
διορύσσω	V		to break through, break in	
σιτευτός / σιτιστός, -ή, -όν	Adj		fattened	
ἡ ἴασπις, -ιδος	N		jasper (a translucent stone)	
ἡ ἀντιλογία, -ας	N		dispute, contradiction, hostility	
πόρρω	Adv		far (away)	
πρόσκαιρος, -ον	Adj		temporary, passing, transitory	
ἀποβαίνω	V		to get out, go away	
διπλοῦς, -ῆ, -οῦν	Adj		double, two-fold	
ἡ κάμινος, -ου	N		a furnace	
ἐπιστηρίζω	V		to strengthen	
ἀνακάμπτω	V		to turn back, to return	
ἡ ὠδίν, -ῖνος	N		a birth pang, agony	
ἡ ἀποστολή, -ῆς	N		apostleship	
κακοποιέω	V		to do evil, harm, wrong	
ὁ τετραάρχης, -ου	N		a tetrarch	
βλάσφημος, -ον	Adj		blasphemous, slanderous	
ἐθνικός, -ή, -όν	Adj		Gentile	
δημόσιος, -α, -ον	Adj		public	
ἡ ἔνδειξις, -εως	N		a proof, sign, demonstration	
τό ἦχος, -ους	N		a noise, sound	
ἡ ἐγκράτεια, -ας	N		mastery, self-control	
πειθαρχέω	V		to obey authority	
ἀπόκειμαι	V		to be laid up, put away	
παρακολουθέω	V		to follow closely, investigate, accompany	
ἄνυδρος, -ον	Adj		waterless, dry	
αὐτοῦ	Adv		there, here	
ἀποσπάω	V		to draw away, withdraw, draw out	
ἡ ἐρημία, -ας	N		a wilderness, desert	
θρηνέω	V		to lament, mourn, sing a dirge	
ὁ πόνος, -ου	N		labor, toil, pain	
ἡ πικρία, -ας	N		bitterness	
ἐπακολουθέω	V		to follow after	
θορυβέω	V		to make a commotion, agitate, disturb	
συμπορεύομαι	V		to come together, go (along) with	
ἡ λεγιών, -ῶνος	N		a "legion"<br>a major unit or division of the Roman army	
μαλακός, -ή, -όν	Adj		soft, effeminate	
κυλλός, -ή, -όν	Adj		crippled	
κείρω	V		to shear, cut off	
τό ἄνθος, -ους	N		a flower	
καθό	Adv		in so far as, as, to the degree that	
ἀσφαλίζω	V		to make secure, fasten	
ἀναθεματίζω	V		to anathematize, curse, put under an oath or curse	
ἀδιαλείπτως	Adv		constantly, unceasingly	
τό ἐπίβλημα, -τος	N		a patch	
ἡ ἀνάμνησις, -εως	N		a remembrance, reminder	
τό ἅρμα, -τος	N		a chariot	
ἔνδοξος, -ον	Adj		honored, glorious, splendid	
τό σῦκον, -ου	N		a fig	
ἡ βασίλισσα, -ης	N		a queen	
μοιχάομαι	V		to commit adultery with	
ὡραῖος, -α, -ον	Adj		beautiful, fair, lovely	
τό σουδάριον, -ου	N		a face cloth, handkerchief, cloth	
κατάγνυμι	V		to break in pieces	
μεταμορφόομαι	V		to transform, transfigure	
τό πλάτος, -ους	N		breadth, width	
εὐλαβής, -ές	Adj		devout, God-fearing	
χλωρός, -ά, -όν	Adj		pale green, pale	
τό ἁμάρτημα, -τος	N		a sin	
ἡ ἐνθύμησις, -εως	N		deliberation, thought, idea	
ἡ ζημία, -ας	N		damage, loss	
μάχομαι	V		to fight, quarrel	
πετρώδης	Adj		rocky, stony	
ἡ στοά, -ᾶς	N		a portico	
ἀποδείκνυμι	V		to exhibit, display, prove	
κατακαυχάομαι	V		to exult over, triumph over	
αἰσχρός, -ά, -όν	Adj		shameful, base	
διαδίδωμι	V		to distribute, give	
σκολιός, -ά, -όν	Adj		crooked, unscrupulous, perverse	
γυμνάζω	V		to train, undergo discipline	
ὁ ἀκροατής, -οῦ	N		a hearer	
ἡ κοίτη, -ης	N		a bed, sexual promiscuity	
πικραίνω	V		to make bitter, embitter	
ψυχρός, -ά, -όν	Adj		cold	
συνετός, -ή, -όν	Adj		intelligent, clever, wise	
ἡ ἀγαθωσύνη, -ης	N		goodness	
σπουδαίως	Adv		with haste, diligently, eagerly	
λαγχάνω	V		to chose by lot, receive	
ἐκριζόω	V		to uproot	
ἡ ἀφροσύνη, -ης	N		foolishness	
πέμπτος, -η, -ον	Adj		fifth	
ὁ πῆχυς, -εως	N		a cubit	
σάρκινος, -η, -ον	Adj		of the flesh, fleshly	
ὁ τεχνίτης, -ου	N		a craftsman, artisan, designer	
ὑποστέλλω	V		to draw back, withdraw, shrink back	
παραμυθέομαι	V		to encourge, comfort, console	
ἐκτινάσσω	V		to shake off or out	
ὁ μαμωνᾶς, -ᾶ	N		mammon<br>riches, wealth	
ἀποκρύπτω	V		to hide, conceal	
ἐμμένω	V		to persevere, remain (in), abide, continue	
κατασείω	V		to shake, motion, make a sign	
ὀδυνάομαι	V		to suffer pain, be in agony	
τό μεσονύκτιον, -ου	N		midnight	
ὀρθῶς	Adv		rightly, correctly	
εἴωθα	V		to be accustomed	
ἀποπλέω	V		to sail away	
ὁ στῦλος, -ου	N		a pillar	
τό δεσμωτήριον, -ου	N		a prison, jail	
ἀνίημι	V		to give up, loosen, unfasten	
ἡ ἀκρίς, -ίδος	N		a locust	
ἑπτάκις	Adv		seven times	
ἡ ἡσυχία, -ας	N		stillness, silence, rest	
τό κρανίον, -ου	N		a skull	
ἐκδίδωμι	V		to rent, let out for hire	
ἐπιφωνέω	V		to cry out, shout	
ἡ ὑποταγή, -ῆς	N		subjection, obedience	
ὁ ἱμάς, -άντος	N		a thong, strap	
κυκλόω	V		to encircle, surround	
ὁ γογγυσμός, -οῦ	N		grumbling, murmuring, complaint	
ἡ ἐπίθεσις, -εως	N		a laying on, an assault	
παρασκευάζω	V		to prepare, make ready	
ὑμνέω	V		to sing to, to praise	
ἡ ὁρκωμοσία, -ας	N		an oath	
ὁ πατριάρχης, -ου	N		a patriarch	
τετρακόσιοι, -αι, -α	Num		four hundred	
τό ὑπερῷον, -ου	N		upper story, room upstairs	
ἡ φάτνη, -ης	N		a manger, stall	
ἐξαγοράζω	V		to redeem, make the most of, deliver	
τό πέρας, -ατος	N		a limit, end, boundary	
γνήσιος, -α, -ον	Adj		genuine, true, legitimate	
ὁ πύργος, -ου	N		a tower	
λοιδορέω	V		to abuse, revile	
δανίζω	V		to lend money<br>to borrow money (middle)	
ὁ ταῦρος, -ου	N		a bull, ox	
ἡ εἰδωλολατρία, -ας	N		image worship, idolatry	
μαθητεύω	V		to be a disciple, to make a disciple	
ἡ ἐπιβουλή, -ῆς	N		a plot, a plot against	
συναρπάζω	V		to seize, drag away	
μενοῦνγε / μενοῦν	2-4 other		on the contrary, rather, indeed	
ἔξειμι	V		to go away, leave, depart	
ἀντλέω	V		to draw (water)	
καταπαύω	V		to cause to rest to rest, stop	
ἡ ἐπισκοπή, -ῆς	N		a visitation, an overseeing	
τό δόμα, -τος	N		a present, gift	
ἀντέχομαι	V		to hold, hold fast, be devoted to	
τηλικοῦτος, -αύτη, -οῦτο	Pro		so great, so large	
κινδυνεύω	V		to be in danger	
μίγνυμι	V		to mix	
ἀποκυλίω	V		to roll away	
ὁ πολίτης, -ου	N		a citizen	
ὁ κῆνσος, -ου	N		a poll tax	
τό ὀψώνιον, -ου	N		compensation, wages	
ἀμελέω	V		to neglect, be unconcerned	
τό κέντρον, -ου	N		a sharp point, sting, goad	
ελωι / ἠλὶ	N		Eloi / Eli<br>my God	
ὁ ἀμνός, -οῦ	N		a lamb	
ἄτιμος, -ον	Adj		without honor, dishonored	
ἀρεστός, -ή, -όν	Adj		pleasing, desirable	
συμβουλεύω	V		to plot, advise	
ἡ ὀπτασία, -ας	N		a vision	
παλαιόω	V		to make or become old, obsolete	
ῥαντίζω	V		to sprinkle, cleanse, purify	
ὄφελον	V		would that (used to express a fruitless wish)	
ὁ τράγος, -ου	N		a male goat	
ἐπιφαίνω	V		to appear, shine	
ἡ καταλλαγή, -ῆς	N		reconciliation	
καθίημι	V		to let down, lower	
τό ἀλάβαστρος, -ου  (τό	N		vase for holding perfume or ointment	
ὁ ὄλεθρος, -ου	N		destruction, death, ruin	
εἰρηνεύω	V		to bring to peace, to be at peace	
ὁ κακοῦργος, -ου	N		a criminal	
ἡ πορφύρα, -ας	N		purple (cloth)	
συγκληρονόμος, -ον	Adj		fellow heir	
γλυκύς, -εια, -ύ	Adj		sweet	
ὁμιλέω	V		to converse, speak	
κολοβόω	V		to curtail, shorten	
ὁ συγκοινωνός, -οῦ	N		partaker, participant, partner	
ὁ σάκκος, -ου	N		sackcloth	
ὁ οἰκέτης, -ου	N		a house servant	
καυματίζω	V		to burn up, scorch	
συμπαραλαμβάνω	V		to take along with	
ὀρχέομαι	V		to dance	
σεμνός, -ή, -όν	Adj		venerable, serious, honorable, dignified	
ἀγρυπνέω	V		to be alert, keep watch	
διάφορος, -ον	Adj		various, different, excellent	
φρουρέω	V		to guard, protect	
κράτιστος, -η, -ον	Adj		most noble, most excellent	
κάμπτω	V		to bend, bow	
ὁ προσήλυτος, -ου	N		a proselyte, convert	
ἀποκεφαλίζω	V		to behead	
ἡ ὅρασις, -εως	N		a vision, appearance	
τό ὀστέον, -ου  (τό	N		a bone	
ἄφωνος, -ον	Adj		speechless, mute, silent	
εὐοδόομαι	V		to prosper, succeed	
ὁ δῆμος, -ου	N		a popular assembly, crowd	
τό κάλυμμα, -τος	N		a covering, veil	
βλαστάνω	V		to sprout, produce	
ἀμίαντος, -ον	Adj		undefiled	
ἡ μάχη, -ης	N		a fight, conflict	
παραζηλόω	V		to provoke to jealousy	
ὅλως	Adv		altogether, completely, actually	
ἡ πληροφορία, -ας	N		full assurance, certainty	
ἡ ταπείνωσις, -εως	N		humiliation, humble state	
παραχειμάζω	V		to winter	
ἀριστερός, -α, -v	Adj		left, on the left	
συγκλείω	V		to shut, enclose, confine	
ὁ πάροικος, -ου	N		an alien, stranger	
ὁ θυρωρός, -οῦ	N		a doorkeeper, gatekeeper	
ὁ ἀρχηγός, -οῦ	N		founder, leader, prince	
χοϊκός, -ή, -όν	Adj		made of earth or dust, earthy	
ἀνακύπτω	V		to straighten up, stand erect	
τό λάχανον, -ου	N		a garden herb, a vegetable	
μιμέομαι	V		to imitate, emulate	
μωραίνω	V		to make foolish, make tasteless	
ἐκπειράζω	V		to test thoroughly, tempt	
ὁ σύνδεσμος, -ου	N		a bond, fetter	
περιϊστημι	V		to stand around, avoid, shun	
ὁ φραγμός, -οῦ	N		a wall, fence, hedge, partition	
κακολογέω	V		to speak evil of, revile	
τό ἄρωμα, -τος	N		a spice	
τό γέννημα, -τος	N		offspring, child, brood	
ψηλαφάω	V		to feel or grope around, to touch, handle	
τό κτίσμα, -τος	N		a creature	
κατασκηνόω	V		to cause to dwell, settle, abide	
ὑποδέχομαι	V		to welcome, receive, entertain as a guest	
ἡ κιθάρα, -ας	N		a lyre, harp	
ἡ λέπρα, -ας	N		leprosy	
ἡ θρησκεία, -ας	N		religion, worship	
λάθρᾳ	Adv		secretly	
ἡ ἄγνοια, -ας	N		ignorance	
ὁ μύλος, -ου	N		a mill, a millstone	
τό ἑρπετόν, -οῦ	N		a creeping thing, reptile	
τό μέλι, -ιτος	N		honey	
τό στρουθίον, -ου	N		a sparrow	
ἀπογράφω	V		to register, enroll	
ὁ βαπτισμός, -οῦ	N		washing, cleansing, ablution	
ἁλληλουϊά	V		hallelujah<br>praise the Lord	
ἡ στενοχωρία, -ας	N		difficulty, distress, anguish	
τό κτῆμα, -τος	N		a possession, piece of property	
ἡ ἄγαμος, -ου	N		unmarried	
δειπνέω	V		to eat, dine	
σκύλλω	V		to trouble, bother, annoy	
ἀνυπότακτος, -ον	Adj		not subject to rule, rebellious	
ἡ νεότης, -ητος	N		youth	
στέγω	V		to endure, bear	
δαμάζω	V		to tame, subdue	
αἰχμαλωτίζω	V		to take or lead captive	
ἀφόβως	Adv		fearlessly	
τό φρόνημα, -τος	N		a mind set, way of thinking	
πραϋς, -πραεῖα, -πραϋ	Adj		gentle	
εἴσειμι	V		to enter, go into	
μετακαλέομαι	V		to invite, summon, call	
παραμένω	V		to remain beside, continue, abide	
πορφυροῦς, -ᾶ, -οῦν	Adj		purple	
τό βαλλάντιον, -ου	N		a purse, money bag	
τό κτῆνος, -ους	N		a beast of burden	
ἐκθαμβέομαι	V		to amaze, to be amazed, distressed	
ἡ κυριότης, -ητος	N		lordship, dominion, authority	
τό ψωμίον, -ου	N		a fragment, morsel, small piece of bread	
ἡ χάλαζα, -ης	N		hailstone	
ζυμόω	V		to leaven, ferment	
τό λόγιον, -ου  (τό	N		a saying, an oracle	
σώφρων, -ον	Adj		self-controlled, sensible, prudent	
τό ταμεῖον, -ου	N		inner room, storeroom	
ἀποδεκατόω	V		to tithe, collect a tithe	
ἡ μετοικεσία, -ας	N		change of abode, deportation	
κραταιόομαι	V		to strengthen, become strong	
γονυπετέω	V		to fall on the knees, kneel down	
παραφέρω	V		to carry away, remove	
προοράω	V		to see before, foresee	
τό κλῆμα, -τος	N		a vine branch	
ἡ πρωτοκαθεδρία, -ας	N		the chief seat, seat of honor	
ὁ κατακλυσμός, -οῦ	N		a flood	
κατακυριεύω	V		to exercise dominion over, lord over, subdue	
περισσῶς	Adv		abundantly, exceedingly, beyond measure	
ἐκτίθημι	V		to declare, explain	
ἡ περισσεία, -ας	N		superfluity, surplus, abundance	
ὁ γείτων, -ονος	N		a neighbor	
ὀψέ	Adv		long after, late	
ὁ μαστός, -οῦ	N		breast, nipple	
ἡ κατηγορία, -ας	N		an accusation	
κυκλόθεν	Adv		in a circle around	
ξυράομαι	V		to shave	
ἐντυλίσσω	V		to wrap up, fold up	
συντρέχω	V		to run together, go with	
ὁ νυμφών, -ῶνος	N		a bridal chamber, wedding hall	
ἡ μέθη, -ης	N		drunkenness	
ὁ συναιχμάλωτος, -ου	N		a fellow prisoner	
ἡ πανοπλία, -ας	N		full armor	
παρακούω	V		to overhear, listen, refuse to listen to	
συναποθνῄσκω	V		to die with	
ἀμφιέννυμι	V		to clothe, dress	
ὁ κακοποιός, -οῦ	N		an evildoer	
ὁ κῶμος, -ου	N		excessive feasting, carousing	
ὁ παράδεισος, -ου	N		paradise	
ὑάλινος, -η, -ον	Adj		of glass, glassy	
τό κατάλυμα, -τος	N		a lodging place	
ζῳογονέω	V		to preserve alive	
ἡ ψῆφος, -ου	N		a small smooth stone, a voting-pebble	
ἀπρόσκοπος, -ον	Adj		blameless, giving no offense	
ἡ λύτρωσις, -εως	N		a ransoming, redemption	
τρέμω	V		to tremble	
ἡ εἰλικρίνεια, -ας	N		sincerity, purity of motive	
στενός, -ή, -όν	Adj		narrow	
ὁ ὄρθρος, -ου	N		daybreak, dawn, early morning	
ἡ ἀθανασία, -ας	N		immortality	
θαμβέομαι	V		to astonish, amaze	
συγκρίνω	V		to combine, compare	
ἀροτριάω	V		to plow	
δῆλος, -η, -ον	Adj		clear, evident, plain	
ἀναστατόω	V		to stir up, disturb, upset	
δειλός, -ή, -όν	Adj		cowardly, timid	
κατισχύω	V		to overpower, prevail	
μύριοι, -αι, -α	Num		ten thousand	
τετράπους	Adj		four-footed	
εὔθετος, -ον	Adj		useful, fit, suitable	
ἐξώτερος, -α, -ον	Adj		outer, outside	
ἡ καθέδρα, -ας	N		a seat, chair	
ὁ ἐπίτροπος, -ου	N		a guardian, steward, foreman	
ἡ μορφή, -ῆς	N		form, shape, outward appearance	
φιλοτιμέομαι	V		to have as an ambition, to aspire to	
τό ὄρνεον, -ου	N		a bird	
ἀνήκω	V		to be fit, be proper	
βραδύς, -εῖα, -ύ	Adj		slow	
συμμαρτυρέω	V		to bear witness with, confirm	
πολύτιμος, -ον	Adj		very precious, costly, valuable	
προσαιτέω / ἐπαιτέω	V		to beg	
ἡ μεγαλωσύνη, -ης	N		greatness, majesty	
τό θέατρον, -ου	N		a theater, a spectacle	
ὁ μόχθος, -ου	N		toil, hardship, labor	
ἀπαλλοτριόομαι	V		to alienate, estrange	
ἡ ἁγιωσύνη, -ης	N		holiness	
ἀπαλλάσσω	V		to leave, deliver, settle	
τό διάδημα, -τος	N		a diadem, crown	
ἀρκετός, -ή, -όν	Adj		sufficient, enough, adequate	
ὀρέγομαι	V		to desire, long for, aspire to	
προστρέχω	V		to run up (to)	
ἐπιβαρέω	V		to burden, weigh down	
περιπίπτω	V		to fall in with, strike, encounter	
ἡ αἰχμαλωσία, -ας	N		captivity, host of captives	
ἀπόκρυφος, -ον	Adj		hidden, secret	
ἡ ἀπειλή, -ῆς	N		a threat	
ὁ κεραμεύς, -έως	N		a potter	
ἀνορθόω	V		to restore, strengthen, rebuild	
καταπίπτω	V		to fall (down)	
βιωτικός, -ή, -όν	Adj		a matter of (daily) life, life	
ἐκπνέω	V		to breathe out, to expire	
ὁ παιδαγωγός, -οῦ	N		a tutor, guardian	
κεράννυμι	V		to mix	
ἡ ὕβρις, -εως	N		damage, an insult	
διϊστημι	V		to pass, part, go away	
συζάω	V		to live with	
ἡ γυμνότης, -ητος	N		nakedness, exposure, destitution	
ὁ ἀρχιτρίκλινος, -ου	N		headwaiter, butler	
ἡ πεντηκοστή, -ῆς	N		Pentecost	
ἡ νουθεσία, -ας	N		admonition, instruction, warning	
ἐπάγω	V		to bring upon	
ὁ εὐαγγελιστής, -οῦ	N		an evangelist, a bringer of good tidings	
ἡ πέδη, -ης	N		a fetter, shackle	
ἡ πύρωσις, -εως	N		a burning, burning ordeal	
ἡ ἀσωτία, -ας	N		dissipation, debauchery, profligacy	
ἡ ἰσότης, -ητος	N		equality, fairness	
ἀχειροποίητος, -ον	Adj		not made with hands	
ἡ πατριά, -ᾶς	N		lineage, family	
ὁ μεγιστάν, -ᾶνος	N		a great man, magnate	
στενοχωρέομαι	V		to confine, restrain, crush	
ἀστοχέω	V		to miss the mark, go astray	
σκάπτω	V		to dig	
ἡ εὐωδία, -ας	N		fragrance	
ἑδραῖος, -α, -ον	Adj		steadfast, firm	
συμπληρόω	V		to fulfill, be swamped, approach	
συγκοινωνέω	V		to have fellowship with, participate, share	
καταξιόω	V		to consider worthy	
θιγγάνω	V		to touch	
ἡ δίκη, -ης	N		penalty, punishment, justice	
διαφημίζω	V		to spread abroad	
ἐκκλίνω	V		to deviate, turn away, turn aside	
δωρέομαι	V		to present, to bestow, grant	
ἡ λαῖλαψ, -απος	N		a hurricane, storm, gale	
ἡ ὄψις, -εως	N		outward appearance, face, countenance	
ἡ προσαγωγή, -ῆς	N		access	
τρυγάω	V		to gather in, harvest	
ὁσάκις	Adv		as often as, however many times	
ἀνέρχομαι	V		to go up	
ἐπιβιβάζω	V		to put on	
ὁ κολλυβιστής, -οῦ	N		a moneychanger	
ὁ φύλαξ, -ακος	N		a guard, sentinel	
ὁ δυνάστης, -ου	N		a ruler, a sovereign, court official	
ὁ Χριστιανός, -οῦ	N		a Christian	
δεσμεύω	V		to bind together, to tie up (in a bundle)	
ὁ ἀββά	N		abba<br>father	
ἐπιμελέομαι	V		to care for, take care of	
πάντοθεν	Adv		from all sides	
διαγγέλλω	V		to publish abroad, proclaim	
φράσσω	V		to stop, shut, close	
ὁ καύσων, -ωνος	N		burning heat	
ὀκνηρός, -ά, -όν	Adj		lazy, idle, indolent	
φύω	V		to grow (up), come up	
τό σκέλος, -ους	N		the leg	
ἐκκλάω	V		to break off	
ποσάκις	Adv		how often?, how many times?	
δίστομος, -ον	Adj		two-edged	
ὁ ἑταῖρος, -ου	N		a companion, friend, comrade	
ἀνεπίλημπτος, -ον	Adj		without reproach, above reproach	
τό ἄλφα	N		alpha<br>first letter in Greek alphabet	
καταμαρτυρέω	V		to bear witness against, testify against	
οἴομαι	V		to suppose, expect, think	
νηφάλιος, -α, -ον	Adj		sober, temperate, self-controlled	
ἀλοάω	V		to thresh	
προνοέω	V		to provide for, have regard for, respect	
θεῖος, -α, -ον	Adj		divine	
ὁ πλόος, -οῦς	N		a voyage	
ἐπιχειρέω	V		to endeavor, attempt, undertake	
σεβαστός, -ή, -όν	Adj		revered, august	
δελεάζω	V		to lure, entice	
εὐσεβής, -ές	Adj		pious, devout	
ἡλίκος, -η, -ον	Adj		how great, how small	
ἡ συγγένεια, -ας	N		kinship, relatives	
ἡ ἀσφάλεια, -ας	N		certainty, security, safety, truth	
ἀσφαλῶς	Adv		safely, securely, certainly	
στερεόω	V		to make firm, strengthen	
τό πρεσβυτέριον, -ου	N		a body of elders	
κατακαλύπτομαι	V		to cover up, veil	
ἄγριος, -α, -ον	Adj		wild, savage	
ἡ πόσις, -εως	N		a drinking, a drink	
ὁ δεσμοφύλαξ, -ακος	N		a prison keeper, jailer	
ἐπιβλέπω	V		to look on (with favor), have regard for	
ἡ ἐρήμωσις, -εως	N		desolation, devastation, destruction	
ἡ πλάξ, -πλακός	N		a tablet, table	
συναπάγομαι	V		to lead away with, carry away, associate with	
ὁ οἰκεῖος, -ου	N		household, members of the household	
ὁ δρόμος, -ου	N		a course, race	
ἡ πρύμνα, -ης	N		the stern (of a ship)	
ἡ πώρωσις, -εως	N		hardness, obstinancy	
ἀπαίρω	V		to take away, depart	
συναίρω	V		to settle accounts	
πατρῷος, -α, -ον	Adj		paternal, received from one's father	
ἡ ὑδρία, -ας	N		a water pot, jar	
τό θάμβος, -ους	N		amazement	
σχεδόν	Adv		almost, nearly	
τυφλόω	V		to blind, to make blind	
ἡ ἑσπέρα, -ας	N		evening	
πλέκω	V		to plait, weave	
ἀναζητέω	V		to look, search	
ἐξετάζω	V		to scrutinize, examine, make a search	
ὁ ἀνθρωποκτόνος, -ου	N		a murderer	
ἐπανάγω	V		to put out (to sea), to return	
ἡ μετάθεσις, -εως	N		a change, removal	
περικαλύπτω	V		to cover, conceal, blindfold	
πλουτίζω	V		to enrich, make wealthy	
ἄσβεστος, -ον	Adj		unquenchable	
ὁ νομοδιδάσκαλος, -ου	N		a teacher of the law	
τό αἴτημα, -τος	N		a request	
ἡ διάκρισις, -εως	N		the act of passing judgment, distinguishing	
ἀνατρέφω	V		to nurture, care for, bring up	
ἡ παραθήκη, -ης	N		a deposit or trust	
ἡ τέχνη, -ης	N		art, craft, trade	
ἑρμηνεύω	V		to interpret	
ἡ συνήθεια, -ας	N		habit, custom, practice	
ἔντρομος, -ον	Adj		terrified, trembling	
φιλόξενος, -ον	Adj		hospitable	
διαβλέπω	V		to see clearly, look intently	
λυτρόομαι	V		to redeem	
συναναμίγνυμι	V		to associate with, mingle	
δυσκόλως	Adv		with difficulty, hardly	
τό ἴχνος, -ους	N		a track, footprint, step	
ἡ ῥύσις, -εως	N		a flowing, hemorrhage	
νοσφίζομαι	V		to keep back	
ἐλαττόω	V		to make lower, decrease, diminish	
ἐξακολουθέω	V		to follow, imitate, obey	
ἄλογος, -ον	Adj		without reason, absurd	
ἀριστάω	V		to have breakfast, eat a meal	
ἀποφεύγω	V		to escape, escape from	
τοίνυν	Conj		accordingly, therefore, hence	
δυνατέω	V		to be able, be powerful	
ἡ ὑπόμνησις, -εως	N		a reminding, reminder, remembrance	
ὑπερεκπερισσοῦ	Adv		exceeding abundantly	
φανερῶς	Adv		openly, publicly, clearly	
ἡ σταφυλή, -ῆς	N		(a bunch of) grapes	
διαγίνομαι	V		to go through, pass, elapse	
ἡ βάσανος, -ου	N		(an examination by) torture, torment, pain	
ἐλεάω	V		to have mercy on	
κοπάζω	V		to stop, abate, cease	
ὁ μοιχός, -οῦ	N		an adulterer	
ἡ ἱερωσύνη, -ης	N		priesthood	
ἄνευ	Pre		without (gen)	
ὁ ἰός, -οῦ	N		rust, poison	
διαζώννυμι	V		to gird about, put on	
ἡ διαστολή, -ῆς	N		a difference, distinction	
ὠδίνω	V		to have birth pangs, to travail in labor	
ὁ βραχίων, -ονος	N		the arm	
ἡ μεγαλειότης, -ητος	N		splendor, magnificence, greatness, majesty	
ἡ μισθαποδοσία, -ας	N		recompense, reward	
καταγελάω	V		to deride, ridicule, laugh at	
ἐκδημέω	V		to leave, be absent	
ἐνεργής, -ές	Adj		effective, active, powerful	
θροέομαι	V		to be troubled, frightened	
ὁ γόμος, -ου	N		cargo, freight	
ἡ εὐχή, -ῆς	N		a prayer, vow	
ἡ σφαγή, -ῆς	N		slaughter	
στεφανόω	V		to crown, reward	
τό βιβλαρίδιον, -ου	N		a little book	
τό μέλαν, -ανος	N		ink	
τό ἀδίκημα, -τος	N		a wrong, injury, misdeed	
φυσικός, -ή, -όν	Adj		natural, according to nature	
ἡ σεμνότης, -ητος	N		seriousness, dignity	
τό ἔνταλμα, -τος	N		a precept, commandment	
κατενώπιον	Pre		before, in the presence of (gen)	
ὁ κῆρυξ, -υκος	N		a herald, preacher, proclaimer	
ὁ νεανίας, -ου	N		a young man, youth	
τό κλίμα, -τος	N		a region	
τό κατάκριμα, -τος	N		penalty, condemnation	
ἡ τρίβος, -ου	N		a beaten track, a path	
πυκνός, -ή, -όν	Adj		frequent, numerous, often	
ὁ κεντυρίων, -ωνος	N		a "centurion"<br>a Roman officer commanding about 100 men	
πρόθυμος, -ον	Adj		willing, ready, eager	
ἡ καθαίρεσις, -εως	N		a tearing down, destruction	
ἡ ἀνάγνωσις, -εως	N		reading	
ἡ σωφροσύνη, -ης	N		self-control, moderation, good judgment	
μολύνω	V		to stain, soil, defile	
ἡ ἔξοδος, -ου	N		a departure, exodus	
εὐκαιρέω	V		to have opportunity, time	
κατευθύνω	V		to lead, direct, guide	
ἑνδέκατος, -η, -ον	Adj		eleventh	
τό ὠτίον, -ου	N		an ear	
ὁ μόδιος, -ου	N		a (dry) measure	
ἡ ἀπάντησις, -εως	N		a meeting	
τό κριτήριον, -ου	N		a law court, tribunal	
ὁ ναύτης, -ου	N		a sailor	
διδακτός, -ή, -όν	Adj		instructed, taught	
ἀποσυνάγωγος, -ον	Adj		expelled from the congregation, synagogue	
ὑπονοέω	V		to suspect, conjecture, suppose	
ἀποφθέγγομαι	V		to declare, utter	
ἆρα	2-4 other		an untranslatable interrog. particle implying anxiety or impatience.	
ἀριθμέω	V		to number, count	
ἡ ἁρπαγή, -ῆς	N		plunder, robbery	
νεκρόω	V		to put to death	
ὀρύσσω	V		to dig	
ἀποχωρέω	V		to go away, depart, leave	
ἀργυροῦς, -α, -οῦν	Adj		silver	
φθέγγομαι	V		to utter, speak, proclaim	
εὐθυμέω	V		to be cheerful	
ἐάνπερ	Conj		if only	
ἀντιλαμβάνομαι	V		to help, take part in	
μηδαμῶς / οὐδαμῶς	Adv		by no means	
τό σκήνωμα, -τος	N		a tent, dwelling	
ἡ ἴασις, -εως	N		a healing, cure	
τό ῥάπισμα, -τος	N		a blow, slap in the face	
ὁ σής, -σητός	N		a moth	
ἡ τήρησις, -εως	N		an imprisonment, a keeping	
λειτουργέω	V		to render (religious) service, minister, serve	
ἐπαρκέω	V		to help, aid, assist	
ἡ παρακοή, -ῆς	N		disobedience	
ἀκέραιος, -ον	Adj		unmixed, pure, innocent	
ὑπηρετέω	V		to serve, to minister to	
τό λεπτός, -οῦ  (τό	N		a thin, small (coin)	
ἡ θεραπεία, -ας	N		treatment, healing, therapy; servants	
τό μνημόσυνον, -ου	N		memory, a memorial	
ὑποφέρω	V		to endure, bear up under	
ἡ πτωχεία, -ας	N		poverty	
δεκαπέντε	Num		fifteen	
ἐχθές	Adv		yesterday	
εὔχρηστος, -ον	Adj		useful	
τό ἀποστάσιον, -ου	N		certificate of divorce	
φάσκω	V		to affirm, assert, profess	
πορθέω	V		to destroy	
ἡ γαλήνη, -ης	N		a calm	
αὐλέω	V		to play a flute	
περιφέρω	V		to carry about	
προχειρίζομαι	V		to determine, appoint	
ἐκπλέω	V		to sail away	
εὐγενής, -ές	Adj		noble, high-born, noble-minded	
ὑποδέομαι	V		to bind under, put on, wear	
σκιρτάω	V		to leap	
τό χρῖσμα, -τος	N		an anointing, unction, chrism	
καταναρκάω	V		to burden	
ἅλλομαι	V		to leap, spring up	
ὁ μακαρισμός, -οῦ	N		a blessing	
ὑπεράνω	Adv		(high) above (gen)	
πνικτός, -ή, -όν	Adj		strangled	
οἰκτίρμων, -ον	Adj		merciful	
τό ὁλοκαύτωμα, -τος	N		a whole burnt offering	
ἑκατονταπλασίων, -ον	Adj		hundredfold	
τίλλω	V		to pluck, pick	
ἡ σκάφη, -ης	N		a dish, small boat	
ἡ κουστωδία, -ας	N		a guard	
ἡ λαλιά, -ᾶς	N		speech, way of talking	
συντάσσω	V		to arrange, direct, order	
εὐαρεστέω	V		to be pleasing, pleased	
ἀδημονέω	V		to be distressed, troubled	
πλύνω	V		to wash	
διαρπάζω	V		to plunder	
ὁ φοῖνιξ, -ικός	N		a palm tree, palm branch	
ἡ ὀφειλή, -ῆς	N		a debt, duty, obligation	
ἀγγαρεύω	V		to compel, press into service	
ἐγγράφω	V		to inscribe, write, record	
τό ψῦχος, -ους	N		cold	
καταγινώσκω	V		to condemn	
ὁ ἀρραβών, -ῶνος	N		an earnest, pledge, deposit	
ὁ βόθυνος, -ου	N		a pit	
τό ἴαμα, -τος	N		a healing	
σκοτεινός, -ή, -όν	Adj		dark	
σπαράσσω	V		to convulse, shake to and fro	
ἄφνω	Adv		suddenly	
ὑπεραίρομαι	V		to exalt oneself	
ὁ κρημνός, -οῦ	N		a steep bank, cliff	
τό βούλημα, -τος	N		purpose, will, intention, desire	
ἡ δραχμή, -ῆς	N		a "drachma"<br>a Greek coin (worth 1 day's wages)	
περιποιέομαι	V		to preserve, obtain, acquire	
τό μεσουράνημα, -τος	N		the zenith, midheaven	
ἐνδημέω	V		to be at home	
πρόδηλος, -ον	Adj		clear, evident	
ἡ προκοπή, -ῆς	N		progress	
ψευδής, -ές	Adj		lying, false	
προλαμβάνω	V		to take beforehand	
αἱρέομαι	V		to take, choose	
σπουδαῖος, -α, -ον	Adj		diligent, earnest, eager	
τό ἕλκος, -ους	N		a wound, a sore, an ulcer	
μνηστεύομαι	V		to espouse, betroth	
ἡ διαίρεσις, -εως	N		a division, variety	
ὁ παρεπίδημος, -ου	N		a sojourning in a strange place	
ὁ πρεσβύτης, -ου	N		an old man	
λίθινος, -η, -ον	Adj		of stone	
εὐσχημόνως	Adv		becomingly, properly, decently	
ἄλαλος, -ον	Adj		dumb, mute, speechless	
ἡ ἀλώπηξ, -εκος	N		a fox	
τό ὄφελος, -ους	N		use, benefit, good	
ὁ σπόγγος, -ου	N		a sponge	
ἐπάν	Adv		when, as soon as	
πλατύνω	V		to broaden, enlarge, open wide	
τετρααρχέω	V		to be tetrarch	
ἀπατάω	V		to deceive	
ἡ μοιχεία, -ας	N		adultery	
σύνειμι	V		to be with, come together	
ἡ σκληροκαρδία, -ας	N		hardness of heart	
ὅμως	Conj		yet, nevertheless	
ἑτοίμως	Adv		readily	
σπόριμος	pl		sown (adjective)<br>grain field (noun)	
ὑπήκοος, -ον	Adj		obedient	
ἡ μαλακία, -ας	N		sickness, weakness	
ἐξανίστημι	V		to raise up, to rise up, awaken, stand up	
ἡ ματαιότης, -ητος	N		vanity, emptiness, futility	
πολυτελής, -ές	Adj		very costly, precious	
ἐκψύχω	V		to expire, breathe one's last	
συνακολουθέω	V		to follow along with, accompany	
τό τελώνιον, -ου	N		tax office	
πνίγω	V		to choke, strangle	
ὁ προδότης, -ου	N		a betrayer, traitor	
συντηρέω	V		to preserve, treasure, defend	
τυφόομαι	V		to be puffed up, conceited	
ζεστός, -ή, -όν	Adj		hot	
διαβαίνω	V		to go through, cross	
συνεγείρω	V		to raise up with	
ἡ σποδός, -οῦ	N		ashes	
ἀρτύω	V		to season, make salty	
περιέρχομαι	V		to go about, go around	
ἡ βία, -ας	N		strength, force, violence	
ἡ στέγη, -ης	N		a roof	
παραβαίνω	V		to go aside, transgress	
διασπείρω	V		to scatter	
τό πάθος, -ους	N		a passion, a suffering	
ἐπιστέλλω	V		to write, instruct by letter	
ἐνέχω	V		to have a grudge against, be subject to, bear ill will	
τό ἄριστον, -ου	N		breakfast, dinner	
τό μῆκος, -ους	N		length	
πτύω	V		to spit	
ἡ λοιδορία, -ας	N		abuse, reproach, insult	
φοβερός, -ά, -όν	Adj		fearful, terrible	
κακοπαθέω	V		to suffer hardship, misfortune	
ὁ βυρσεύς, -έως	N		a tanner	
προτίθημι	V		to propose, plan	
ἀνατρέπω	V		to overturn, upset, destroy	
ἡ κολυμβήθρα, -ας	N		a pool	
ὁ λιμήν, -ένος	N		a harbor, a haven	
μέλας, -αινα, -αν	Adj		black	
συντίθημι	V		to agree	
ἡ ὑπάντησις, -εως	N		a going to meet	
ἀκυρόω	V		to revoke, invalidate	
τό κέρδος, -ους	N		gain, profit	
ἡ διασπορά, -ᾶς	N		diaspora, a dispersion	
τό θέρος, -ους	N		summer	
παρεκτός	Adv		except for, apart from, outside (gen)	
σαρόω	V		to sweep	
ὁ μισθωτός, -οῦ	N		a hired servant	
προσανατίθημι	V		to contribute, consult with	
σύνοιδα	V		to know, be conscious of	
ἀποπνίγω	V		to choke, drown	
ὁ πορισμός, -οῦ	N		means of gain	
περιλείπομαι	V		to remain, be left behind	
ἡ συστροφή, -ῆς	N		an unruly gathering; conspiracy	
ἡ ἐνέδρα, -ας	N		an ambush	
ἡ ἀγνωσία, -ας	N		ignorance	
διοδεύω	V		to travel through, go about	
ἐπιχρίω	V		to anoint	
δίψυχος, -ον	Adj		double-minded, hesitating	
τό ψιχίον, -ου	N		a crumb, scrap	
ταλαίπωρος, -ον	Adj		miserable, wretched	
καταφεύγω	V		to flee , take refuge	
ἀνόμως	Adv		lawlessly	
ἡ χλαμύς, -ύδος	N		a mantle, robe	
ἡ μήτρα, -ας	N		the womb	
εὐθύνω	V		to make straight	
τό ἀντάλλαγμα, -τος	N		an exchange	
ἐξαρτίζω	V		to finish, complete, equip	
μονόφθαλμος, -ον	Adj		one-eyed	
ἐρυθρός, -ά, -όν	Adj		red	
νεύω	V		to nod, beckon (as a sign)	
ὁ συνέκδημος, -ου	N		a traveling companion	
ἀποπλανάω	V		to mislead	
σωματικός, -ή, -όν	Adj		bodily	
κομάω	V		to have long hair	
τό θυγάτριον, -ου	N		little daughter	
συσπαράσσω	V		to convulse	
ἀστράπτω	V		to flash, gleam	
πεζῇ	Adv		by land	
ῥαπίζω	V		to slap	
ἐγκαινίζω	V		to renew, inaugurate, dedicate	
ὁ ἀφεδρών, -ῶνος	N		toilet, latrine	
τό ὀφείλημα, -τος	N		debt, that which is owed	
διαπονέομαι	V		to be annoyed, disturbed	
ἐπιφώσκω	V		to dawn, begin	
τό ἥττημα, -τος	N		loss, failure, defeat	
ἀνασπάω	V		to draw up, pull up	
ἀμεταμέλητος, -ον	Adj		without regret	
παρίημι	V		to neglect, weaken	
ἀνατίθημι	V		to set forth, declare	
ἡ αὔξησις, -εως	N		growth, increase	
μετοικίζω	V		to remove to another place of habitation, resettle	
ἡ τελειότης, -ητος	N		perfection, completeness, maturity	
τεσσερακονταετής, -ές	Adj		forty years	
ὁ τόκος, -ου	N		interest	
κολάζω	V		to penalize, punish	
ἐλαφρός, -ά, -όν	Adj		light, easy to bear	
ἀστήρικτος, -ον	Adj		unstable, weak	
παχύνομαι	V		to become dull or insensitive, to fatten	
παραινέω	V		to recommend, urge	
τό συμπόσιον, -ου	N		a party, group	
ἀμετάθετος, -ον	Adj		unchangeable	
ἡ πρασιά, -ᾶς	N		a group	
ἀφοράω	V		to fix one's eyes, see	
ἡ ἀκρασία, -ας	N		self-indulgence, lack of self-control	
συγκεράννυμι	V		to blend, unite, compose	
ὁ ἧλος, -ου	N		a nail	
ἔκπαλαι	Adv		long ago, for a long time	
ὀνικός, -ή, -όν	Adj		of or for an ass	
βραδύνω	V		to hesitate, to be slow, delay	
πυρέσσω	V		to suffer with a fever	
ζωγρέω	V		to capture alive	
ἡ βροχή, -ης	N		rain	
τό ἔσοπτρον, -ου	N		a mirror	
ὁ ἐνταφιασμός, -οῦ	N		preparation for burial, burial	
ἡ ἐπίστασις, -εως	N		pressure, attention	
φραγελλόω	V		to flog, scourge	
ἡ ἀπογραφή, -ῆς	N		census, registration	
ἐπαναπαύομαι	V		to rest, rest upon	
σπένδομαι	V		to pour out (as a drink offering)	
ἡ ἀπόλαυσις, -εως	N		enjoyment	
τό σκῆνος, -ους	N		a tent, lodging	
ἐνεὐλογέω	V		to bless	
προσρήσσω	V		to break to pieces, shatter	
ὁ ῥαβδοῦχος, -ου	N		a constable, police officer	
Ἑλληνιστί	Adv		in the Greek language	
ἀνευρίσκω	V		to find out, look for	
ἐκεῖσε	Adv		thither, there	
ὁ τίτλος, -ου	N		an inscription, notice	
κοσμικός, -ή, -όν	Adj		earthly, worldly	
ἔννομος, -ον	Adj		legal, lawful	
ὁ Ἰουδαϊσμός, -οῦ	N		Judaism	
γηράσκω	V		to grow old	
ἐκφύω	V		to put forth	
τό κλινίδιον, -ου	N		a small bed, cot	
ὁ δεσμώτης, -ου	N		a prisoner	
ἐνυπνιάζομαι	V		to dream	
ἡ εὐκαιρία, -ας	N		fitting time, favorable opportunity	
ἐπιρίπτω	V		to throw on, cast on	
ἁπαλός, -ή, -όν	Adj		tender	
αἰσχροκερδής, -ές	Adj		greedy of base gain, avaricious	
ἡ χοῖνιξ, -ικος	N		a quart	
ῥαββουνί	N		rabboni<br>my master	
ἡ δοχή, -ῆς	N		a reception, a banquet	
τό ἱεράτευμα, -τος	N		priesthood	
ἡ ὁσιότης, -ητος	N		piety, holiness	
ἀκρογωνιαῖος, -α, -ον	Adj		corner, cornerstone, capstone	
ἐξωθέω	V		to drive out, run aground	
μεταστρέφω	V		to change, turn (about), distort	
τό φάντασμα, -τος	N		an apparition, ghost	
ἀνεξιχνίαστος, -ον	Adj		inscrutable, incomprehensible	
ἐλεεινός, -ή, -όν	Adj		miserable, pitiable	
ὀρεινός	Adj		mountainous, hill country	
κρυφαῖος, -α, -ον	Adj		hidden, private	
προσλαλέω	V		to speak to, speak with	
ἡ διετία, -ας	N		a space of two years	
ὁ πλήκτης, -ου	N		a pugnacious person, bully	
ἄμαχος, -ον	Adj		uncontentious, peaceable	
τό κεράμιον, -ου	N		an earthen vessel, jar	
ἐνδοξάζομαι	V		to be glorified	
γεννητός, -ή, -όν	Adj		born, begotten	
συστρέφω	V		to gather up, bring together	
καταστρέφω	V		to overturn , destroy, ruin	
ἀποτόμως	Adv		severely, rigorously	
ἡ φαρμακεία, -ας	N		sorcery, magic	
φορτίζω	V		to load, burden	
τάχα	Adv		perhaps, possibly	
ἡ πρόνοια, -ας	N		forethought, foresight, providence	
ἡ χολή, -ῆς	N		gall (a bitter herb)	
συγκαθίζω	V		to cause to sit down together , sit down together	
ὀστράκινος, -η, -ον	Adj		made of earth or clay	
ὁ τέκτων, -ονος	N		a builder, carpenter	
συναναβαίνω	V		to come or go up with	
ἐγκρύπτω	V		to hide	
ἐντός	Adv		inside, among	
ὁ κρύσταλλος, -ου	N		a rock-crystal	
ὀρθός, -ή, -όν	Adj		straight, upright	
ἑλίσσω	V		to roll up, to coil	
ἐμπορεύομαι	V		to engage in business	
ὁ βουλευτής, -οῦ	N		a councilor	
ἡ εὐφροσύνη, -ης	N		gladness	
ὁ κοδράντης, -ου	N		a "quadrans"<br>a low-value Roman coin; a penny, farthing	
ἡ νάρδος, -ου	N		spikenard, oil of nard	
διασπάω	V		to tear apart	
ὁ ἀλαζών, -ονος	N		a boaster, braggart	
δειγματίζω	V		to make a show of, expose, disgrace	
ἀδιάλειπτος, -ον	Adj		unceasing, constant	
προετοιμάζω	V		to prepare beforehand	
ὁ λογισμός, -οῦ	N		reasoning, reflection, thought	
τό σέβασμα, -τος	N		an object of worship	
ἡ ὑπεροχή, -ῆς	N		superiority, authority	
διάγω	V		to spend one's life, live	
συναθροίζω	V		to gather, bring together	
ἡ πρεσβεία, -ας	N		an ambassador	
ἀπόδεκτος, -ον	Adj		acceptable	
ἡ νομή, -ῆς	N		a pasture, spreading	
ἐκδιηγέομαι	V		to tell in detail, describe	
προαμαρτάνω	V		to sin beforehand	
ἡ κλάσις, -εως	N		breaking, fracturing	
συγκάθημαι	V		to sit with	
ἀκατάστατος, -ον	Adj		unstable, restless	
ἡ ἔκβασις, -εως	N		outcome, a way out, end	
αὐθαίρετος, -ον	Adj		of one's own accord	
μισθόω	V		to hire	
τό βραβεῖον, -ου	N		a prize	
ἀνάπειρος	Adj		crippled	
ἡ πρῷρα, -ης	N		bow, prow (of a ship)	
μετάγω	V		to guide, direct	
ἀνακαλύπτω	V		to uncover, unveil	
συμπαθέω	V		to sympathize with	
ἡ πεῖρα, -ας	N		attempt, trial, experience	
ὑπέρογκος, -ον	Adj		arrogant, haughty, pompous	
ἀναπολόγητος, -ον	Adj		without excuse, inexcusable	
λατομέω	V		to hew out of a rock	
ναυαγέω	V		to suffer shipwreck	
εὐσεβῶς	Adv		in a godly manner	
πολιτεύομαι	V		to live one's life, live as a citizen	
μελετάω	V		to take care, take pains with	
παραλέγομαι	V		to coast or sail along, to sail past	
ὁ βουνός, -οῦ	N		a hill	
ὁ θεριστής, -οῦ	N		a reaper, harvester	
ἀποκυέω	V		to give birth to, bring forth	
πυρρός, -ά, -όν	Adj		fiery red	
τριακόσιοι, -αι, -α	Num		three hundred	
ἡ κατάσχεσις, -εως	N		possession, a holding fast	
ἀλήθω	V		to grind	
ὑποτίθημι	V		to lay down , make known, teach	
ὀρφανός, -ή, -όν	Adj		an orphan	
πνευματικῶς	Adv		spiritually, in a spiritual manner	
ἀπεκδύομαι	V		to strip off, disarm	
ἀνθρωπάρεσκος, -ον	Adj		man-pleasing	
ἡ λίτρα, -ας	N		a (Roman) pound	
ὁ ἱλασμός, -οῦ	N		expiation, propitiation, sin-offering	
ἄστοργος, -ον	Adj		without natural affection, unfeeling, unloving	
ἀνόσιος, -ον	Adj		unholy	
ὁ σπίλος, -ου	N		a spot, stain, blemish	
ἄδηλος, -ον	Adj		unseen, indistinct	
ἡ ἱερατεία, -ας	N		priestly office, priesthood	
δυναμόω	V		to strengthen, enable	
ἡ φανέρωσις, -εως	N		disclosure, announcement	
ἀντιπαρέρχομαι	V		to pass by on the opposite side	
ἱερός, -ά, -όν	Adj		holy, sacred	
ζέω	V		to be fervent, to be hot	
τό ἐνέργημα, -τος	N		an effect, activity	
ἡ κόλασις, -εως	N		punishment	
ἡ κατάκρισις, -εως	N		condemnation	
ἡ ἀποτομία, -ας	N		severity	
καταχέω	V		to pour out, down, over	
ἀποτινάσσω	V		to shake off	
ὁ ψευδάδελφος, -ου	N		a false brother	
συναθλέω	V		to contend along with, struggle along with	
τό γλωσσόκομον, -ου	N		a money-box	
εὐκαίρως	Adv		in season, conveniently	
ἡ ῥαφίς, -ίδος	N		needle	
ἀνασείω	V		to stir up, incite	
διαιρέω	V		to distribute, divide	
ὁ καθηγητής, -οῦ	N		a teacher, leader	
ὁ πολιτάρχης, -ου	N		a city official	
ἄτερ	Pre		apart from, without (gen)	
τό νοσσός, -οῦ  (ὁ)<br>νοσσίον, -ου	N		a young bird	
βλάπτω	V		to harm, injure	
ψωμίζω	V		to feed with morsels	
ἡ ὀργυιά, -ᾶς	N		a fathom	
ὁ ἀγοραῖος, -ου	N		the marketplace	
ἡ ἀθέτησις, -εως	N		a setting aside, annulment	
ἑκών, -οῦσα, -ον	Adj		of one's own free will, voluntarily	
τό ἐπάγγελμα, -τος	N		a promise	
ἡ λογεία, -ας	N		a collection	
ἐνθυμέομαι	V		to ponder, consider, think	
ἡ γάζα, -ης	N		treasure	
ἡ ψευδομαρτυρία, -ας	N		a false testimony	
σπιλόω	V		to stain, defile, pollute	
ἐνάρχομαι	V		to begin	
ἀναδείκνυμι	V		to show clearly, reveal, appoint	
εἰλικρινής, -ές	Adj		pure, sincere	
ὁ φωτισμός, -οῦ	N		enlightenment, light	
ἡ αὐτάρκεια, -ας	N		sufficiency, contentment, self-sufficiency	
διασαφέω	V		to report, explain	
εὔκαιρος, -ον	Adj		timely	
ἐκκαθαίρω	V		to cleanse thoroughly	
τό πέλαγος, -ους	N		the open sea, the depths (of the sea)	
ἀνακεφαλαιόω	V		to sum up, recapitulate	
γελάω	V		to laugh	
ἡ φρήν, -φρενός	N		thinking, understanding	
ἁλίζω	V		to salt	
σπαργανόω	V		to wrap in cloths	
ἡ φρόνησις, -εως	N		a way of thinking, insight, intelligence	
πυρράζω	V		to to be (fiery) red	
κατασκάπτω	V		to tear down, demolish	
ἐξανατέλλω	V		to spring up	
ἥσσων, -ον	Adj		inferior, lesser	
ἀνταποκρίνομαι	V		to answer again	
νομίμως	Adv		rightly, lawfully	
σκυθρωπός, -ή, -όν	Adj		sad, gloomy	
τό ἱλαστήριον, -ου  (τό	N		means of expiation, place of propitiation	
ἡ φιλοξενία, -ας	N		hospitality	
κορέννυμι	V		to satiate, fill	
διαπρίομαι	V		to be cut to the quick, to be infuriated	
τό λίνον, -ου	N		a lamp-wick, linen garment	
σύμφορος	Adj		beneficial, useful, profitable	
στυγνάζω	V		to become gloomy, to be shocked or sad	
ἄθεσμος, -ον	Adj		lawless, unprincipled	
ἐπίσημος, -ον	Adj		splendid, outstanding, notorious	
ἀθῷος, -ον	Adj		innocent	
ὑπερέκεινα / ἐπέκεινα	Adv		beyond, further on	
θάλπω	V		to cherish, comfort	
βολίζω	V		to take soundings	
ἡ καταλαλιά, -ᾶς	N		evil speech, slander	
διχοτομέω	V		to cut in two	
ἡ τελείωσις, -εως	N		perfection, fulfillment	
ἡ κατασκήνωσις, -εως	N		a place to live, nest	
πρεσβεύω	V		to be an ambassador	
ἡ ἶρις, -ιδος	N		a rainbow	
ἡ ὀφθαλμοδουλία, -ας	N		eyeservice, external service	
κιθαρίζω	V		to play the lyre, harp	
ἡ δόσις, -εως	N		gift, giving	
ὁ τάραχος, -ου	N		a disturbance, commotion	
ἡ ταλαιπωρία, -ας	N		distress, misery	
ἀποχωρίζομαι	V		to separate, split apart	
χοῦς, -χοός	N		soil, dust	
βεβηλόω	V		to profane, desecrate	
φλογίζω	V		to set on fire	
ἡ κλοπή, -ῆς	N		a theft	
διαχειρίζομαι	V		to lay violent hands on, put to death	
ὁ χαλινός, -οῦ	N		a bit, bridle	
σύμμορφος, -ον	Adj		similar in form	
δεκατόω	V		to collect or receive tithes	
αὐθάδης, -ες	Adj		self-willed, stubborn, arrogant	
ἡσύχιος, -ον	Adj		quiet, tranquil	
ὁ φωστήρ, -ῆρος	N		star, light, brilliance	
παράκειμαι	V		to be present, at hand	
ἡ ἀγγελία, -ας	N		a message	
ἡ ὑποτύπωσις, -εως	N		prototype, standard, example	
ἡ περικεφαλαία, -ας	N		a helmet	
ἄνιπτος, -ον	Adj		unwashed	
πρωϊνός, -ή, -όν	Adj		early, belonging to the morning	
ἡ καινότης, -ητος	N		newness	
συνθλάομαι	V		to crush (together), dash to pieces	
ὁ προσαίτης, -ου	N		a beggar	
συντόμως	Adv		briefly	
ὁ αἶνος, -ου	N		praise	
χαριτόω	V		to bestow favor on, favor highly	
αἰφνίδιος, -ον	Adj		sudden	
ἡ βοήθεια, -ας	N		help	
ἡ μεθοδεία, -ας	N		scheming, craftiness	
ἡ ὄρνις, -ιθος	N		a hen	
ἡ ὑστέρησις, -εως	N		need, want, poverty	
τό ζεῦγος, -ους	N		a yoke, team, pair	
ἀφιλάργυρος, -ον	Adj		free from the love of money	
ὁ ὀδυρμός, -οῦ	N		lamentation, mourning	
αὐστηρός, -ά, -όν	Adj		strict, exacting	
ὁ ἐμπαίκτης, -ου	N		a mocker	
ἡ μεσημβρία, -ας	N		midday, noon, the south	
ἀκάνθινος, -η, -ον	Adj		of thorns, thorny	
ὁρκίζω	V		to adjure, implore	
ἡ ἀγρυπνία, -ας	N		sleeplessness	
φιλάργυρος, -ον	Adj		fond of money, avaricious	
ἡ ἀλαζονεία, -ας	N		pretension, arrogance	
συμπάσχω	V		to suffer with	
ἀστεῖος, -α, -ον	Adj		handsome, well-bred	
προϋπάρχω	V		to exist before	
ἡ πτῶσις, -εως	N		a fall	
τό σανδάλιον, -ου	N		a sandal	
ἡ ὀδύνη, -ης	N		pain, grief , sorrow	
συμπέμπω	V		to send with, send along with	
ὁ ὑβριστής, -οῦ	N		a violent, insolent man	
νήθω	V		to spin	
προκαταγγέλλω	V		to foretell	
τό ἡδύοσμον, -ου	N		mint	
δερμάτινος, -η, -ον	Adj		(made of) leather	
τό καῦμα, -τος	N		burning, heat	
ἡ ὠφέλεια, -ας	N		benefit, advantage	
ἀνακαινόω	V		to renew	
ἄκακος, -ον	Adj		guileless, innocent	
ἡ διαταγή, -ῆς	N		ordinance, direction	
προσαναπληρόω	V		to supply	
δεινῶς	Adv		terribly, vehemently	
ὁ βορρᾶς, -ᾶ	N		the north	
τραυματίζω	V		to wound	
ἡ ἀνακαίνωσις, -εως	N		renewal	
προενάρχομαι	V		to begin (beforehand)	
ἡ ἐφημερία, -ας	N		a division, class (of temple priests)	
διαλαλέω	V		to discuss	
ἀμέριμνος, -ον	Adj		free from care	
παροικέω	V		to live a stranger	
ὑπωπιάζω	V		to strike in the face, treat roughly, torment	
ἡ ἐπιπόθησις, -εως	N		longing	
βυθίζω	V		to sink, to plunge	
ὁ ὕσσωπος, -ου	N		hyssop	
ἡ εὐεργεσία, -ας	N		a good deed	
ἀναγεννάω	V		to beget again, cause to be born again	
διστάζω	V		to doubt, waver, hesitate	
ἡττάομαι	V		to be overcome or defeated	
βαρέως	Adv		with difficulty	
κρίθινος, -η, -ον	Adj		made of barley flour	
ὁ ἔκδικος, -ου	N		avenging, punishing	
ὁλόκληρος, -ον	Adj		whole, complete	
ἡ δικαίωσις, -εως	N		justification	
κύπτω	V		to bend (oneself) down, stoop	
τό κρέας, -έως  (τό	N		meat	
συκοφαντέω	V		to acuse falsely, defraud, cheat	
κόσμιος, -ον	Adj		respectable, appropriate	
χαλιναγωγέω	V		to bridle, hold in check	
παραβιάζομαι	V		to urge strongly, prevail upon	
τό τρύβλιον, -ου	N		a bowl, dish	
στέλλομαι	V		to keep away, stand aloof	
συστέλλω	V		to limit, shorten, cover	
νωθρός, -ά, -όν	Adj		lazy, sluggish, dull	
τό ῥάκος, -ους	N		a rag, piece of cloth	
χρυσόω	V		to gild, adorn with gold	
κατακολουθέω	V		to follow after	
τό σάρδιον, -ου	N		carnelian, a reddish-brown (sardian) stone	
τεσσαρεσκαιδέκατος, -η, -ον	Adj		fourteenth	
ἡ βεβαίωσις, -εως	N		confirmation	
πόρρωθεν	Adv		from a distance, at a distance	
ἀνακαθίζω	V		to sit up	
ἐπανίστημι	V		to rise up against	
ὁ ἱππεύς, -έως	N		a horseman, cavalryman	
ἄτεκνος, -ον	Adj		childless	
ἐξαπορέομαι	V		to despair	
προπετής, -ές	Adj		rash, reckless, thoughtless	
ὁ αὐλητής, -οῦ	N		a flute player	
ὁ μέθυσος, -ου	N		a drunkard	
ἀνοικοδομέω	V		to rebuild	
ἡ ξενία, -ας	N		hospitality, a lodging place	
στρηνιάω	V		to live in luxury, live sensually	
καμμύω	V		to close (the eyes)	
ἀναλίσκω	V		to destroy, consume	
ἑκουσίως	Adv		voluntarily, willingly	
ἔνθεν	Adv		from here	
ὁ κλύδων, -ωνος	N		rough water, a wave	
ἀναφαίνω	V		to bring to light, cause to appear	
ἡ πορεία, -ας	N		a journey, way, pursuit	
περιαστράπτω	V		to shine around, flash around	
προτρέχω	V		to run ahead	
ἐμβάπτω	V		to dip	
ἀτάκτως	Adv		in a disorderly or unruly manner	
ἐκκεντέω	V		to pierce	
ἐνοχλέω	V		to trouble, annoy	
συζεύγνυμι	V		to join together	
ἡ ἔννοια, -ας	N		a thought, intention, purpose	
ἡ ἁγνεία, -ας	N		purity	
σεληνιάζομαι	V		to be an epileptic	
ἐναγκαλίζομαι	V		to take in one's arms, hug	
ὁ ψευδόμαρτυς, -υρος	N		a false witness	
τό σχῆμα, -τος	N		outward appearance, form, shape	
ὁ κλίβανος, -ου	N		an oven, furnace	
ὑποπλέω	V		to sail under the shelter of	
ἡ ἀσχημοσύνη, -ης	N		a disgraceful deed	
τό λέντιον, -ου	N		linen cloth, towel	
διαγινώσκω	V		to distinguish, decide	
κατατίθημι	V		to lay (down), place	
ὁ ἄψινθος, -οῦ	N		wormwood	
ἐπιφέρω	V		to bring upon, inflict	
ἁπλοῦς, -ῆ, -οῦν	Adj		simple, single, sincere	
καίτοι	Conj		yet, although	
ἔοικα	V		to be like	
τό ποίημα, -τος	N		work, creation	
ἀναλύω	V		to loose, depart, return	
σπάομαι	V		to draw, pull out (a sword)	
σωρεύω	V		to heap up, weigh down with	
ἡ κεραία, -ας	N		a projection, hook, stroke	
ὁ μίσθιος, -ου	N		day laborer, hired servant	
ἡ φήμη, -ης	N		report, news	
ἐμπλέκομαι	V		to be entangled, involved in	
ἡ ἅλων, -ος	N		a threshing floor	
ὁ περίεργος, -ου	N		meddlesome, belonging to magic	
περιλάμπω	V		to shine around	
κονιάω	V		to whitewash	
καταδουλόω	V		to enslave	
ἀθλέω	V		to compete	
ὁ ἀρσενοκοίτης, -ου	N		a homosexual	
τό πηδάλιον, -ου	N		a rudder	
ἡ γενεαλογία, -ας	N		a genealogy	
συνοράω	V		to perceive, comprehend, realize	
ἀληθεύω	V		to speak the truth	
μεταίρω	V		to go away, depart	
ἡ ἁφή, -ῆς	N		a joint	
εὐσεβέω	V		to show piety or profound respect towards	
ἡ ἀπόθεσις, -εως	N		a removal, laying aside	
ἀνάπτω	V		to kindle	
ἡ οὐσία, -ας	N		property, estate	
ὁ παραπικρασμός, -οῦ	N		a rebellion, provocation	
ὁ πράκτωρ, -ορος	N		bailiff, constable	
ἐπανέρχομαι	V		to return	
ἀϊδιος, -ον	Adj		everlasting, eternal	
καταβάλλω	V		to strike down, found, lay (a foundation)	
βδελύσσομαι	V		to detest, abhor	
ἔκφοβος, -ον	Adj		terrified	
ἐπιδημέω	V		to visit; live in a place	
ὑπερλίαν	Adv		exceedingly, beyond measure, preeminently	
τό οἰκητήριον, -ου	N		dwelling, habitation, abode	
ἐνισχύω	V		to strengthen	
ῥυπαρός, -ά, -όν	Adj		filthy, soiled	
ἐκτενῶς	Adv		intently, fervently	
φειδομένως	Adv		sparingly	
προσοχθίζω	V		to be angry	
τό ἀνάγαιον, -ου	N		upper room	
ὁ ἀρχάγγελος, -ου	N		chief angel, archangel	
συνεισέρχομαι	V		to enter together	
καταστέλλω	V		to restrain, quiet	
διόπερ	Conj		therefore, for this very reason	
ἡ προφῆτις, -ιδος	N		a prophet	
ἐπιούσιος, -ον	Adj		for today, daily	
ἡ εὐλάβεια, -ας	N		awe, reverence, piety	
ἐξορύσσω	V		to dig out, dig through	
δυσβάστακτος, -ον	Adj		hard to bear	
ἱκανόω	V		to make sufficient, qualify	
χειραγωγέω	V		to lead by the hand	
ὁ ψευδόχριστος, -ου	N		a false Christ or Messiah	
τό δώρημα, -τος	N		a gift, present	
τό ὠτάριον, -ου	N		ear	
τό λουτρόν, -οῦ	N		a bath, washing	
ἐκτρέφω	V		to to nourish, rear, bring up	
ἀνώτερος	Adj		higher, above	
μεταλλάσσω	V		to exchange	
ἐρεθίζω	V		to arouse, provoke, exasperate	
ἑξακόσιοι, -αι, -α	Num		six hundred	
ἀποτελέω	V		to bring to completion, finish, perform	
λευκαίνω	V		to make white	
ἀδυνατέω	V		to be unable	
ὁ ῥαντισμός, -οῦ	N		a sprinkling	
εὐτόνως	Adv		vigorously, vehemently	
ἀναδέχομαι	V		to undertake, receive, welcome	
ἐπισκοπέω	V		to look upon, oversee	
ἡ ἀποδοχή, -ῆς	N		acceptance, approval	
ἡ ἄγρα, -ας	N		a hunting, a catch	
ὑπεναντίος, -α, -ον	Adj		opposed, contrary, hostile	
ἡ μονή, -ῆς	N		a dwelling-place, abode, room	
ὁ ὦμος, -ου	N		a shoulder	
ἐνδιδύσκω	V		to dress, put on	
ἡ ἁγνότης, -ητος	N		purity, chastity, sincerity	
ἐπικατάρατος, -ον	Adj		cursed	
ὁ ἔριφος, -ου	N		a young goat, kid	
διαγογγύζω	V		to complain, grumble	
ἡ σιαγών, -όνος	N		a cheek	
ὁ παιδευτής, -οῦ	N		instructor, one who disciplines	
ἡ καταστροφή, -ῆς	N		ruin, destruction	
κυριακός, -ή, -όν	Adj		the Lord's	
καταχράομαι	V		to make full use of	
διδακτικός, -ή, -όν	Adj		able to teach	
ἀλαλάζω	V		to wail loudly	
πτοέομαι	V		to terrify, startle	
ἡ ἀντιμισθία, -ας	N		a reward	
συναρμολογέομαι	V		to fit or join together	
ἐπιλέγω	V		to call or name, choose	
πηλίκος, -η, -ον	Adj		how large , how great	
ἡ σμύρνα, -ης	N		myrrh (a costly perfume)	
συσχηματίζομαι	V		to conform to, be conformed to	
ἔνδικος, -ον	Adj		righteous, just	
ἡ παροικία, -ας	N		a sojourn, stay	
τό ἀνταπόδομα, -τος	N		repayment, reward, recompense	
ἡ ὀπή, -ῆς	N		opening, hole	
ἡ ὁδοιπορία, -ας	N		a walking, journey	
τό ἰχθύδιον, -ου	N		a small fish	
ξύλινος, -η, -ον	Adj		wooden	
αὐλίζομαι	V		to spend the night, lodge	
κακουχέομαι	V		to maltreat, torment	
ὁ πρόγονος, -ου	N		parents, forefathers	
ἡ ἀποστασία, -ας	N		apostacy, abandonment	
λικμάω	V		to crush, scatter	
ἔναντι	Pre		before (gen)	
νομοθετέομαι	V		to legislate, make law	
ἡ ἔντευξις, -εως	N		petition, request, prayer	
παροργίζω	V		to provoke to anger	
παντελής, -ές	Adj		completely, forever	
πλάσσω	V		to form, mold, create	
ἀσχημονέω	V		to act unbecomingly, disgracefully	
οὐρανόθεν	Adv		from heaven	
ἡ ἀδελφότης, -ητος	N		brotherhood	
προβάλλω	V		to put forward, put out	
καθήκω	V		to be proper or fitting	
ἑτεροδιδασκαλέω	V		to teach a different or divisive doctrine	
λεμα σαβαχθάνι	pl		lama sabachthani<br>why have you forsaken me?	
κατακλείω	V		to shut up, lock up	
παροξύνομαι	V		to provoke, stimulate	
ὁ πάροινος, -ου	N		addicted to wine, drunken	
κάμνω	V		to be weary, ill	
τό ἄλευρον, -ου	N		wheat flour	
ἀχρεῖος, -ον	Adj		useless, worthless, unworthy	
ἱλάσκομαι	V		to propitiate, expiate	
εὐθυδρομέω	V		to run a straight course	
χαλεπός, -ή, -όν	Adj		hard, difficult	
συνθάπτομαι	V		to bury (together) with	
ἡ ἐπιείκεια, -ας	N		kindness, gentleness	
ὁ οἰνοπότης, -ου	N		a drunkard	
καταδυναστεύω	V		to oppress	
τό ἄχυρον, -ου	N		chaff	
ἀπαιτέω	V		to ask for, demand	
ἡ ὕπαρξις, -εως	N		existence, subsistence, property, possession	
ἀνωφελής, -ές	Adj		unprofitable, useless	
πεντακόσιοι, -αι, -α	Num		five hundred	
τό περιβόλαιον, -ου	N		covering, cloak	
ἡ μόρφωσις, -εως	N		embodiment, form	
ἐνεδρεύω	V		to lie in wait , plot	
ἡ συνοχή, -ῆς	N		dismay, anguish	
ἡ ἀποβολή, -ῆς	N		rejection, loss	
ἐκτελέω	V		to finish	
τό ὑποζύγιον, -ου	N		a donkey, ass	
ἐσώτερος, -α, -ον	Adj		within, inside (gen)	
αὐτόματος, -η, -ον	Adj		by itself	
τό σάτον, -ου	N		a "seah"<br>a Hebrew dry measure (equal to about 3 gallons)	
τό κρίνον, -ου	N		a lily	
περιέχω	V		to surround, seize, contain	
ἡ ἀνθρακιά, -ᾶς	N		a charcoal fire	
ἡ παλιγγενεσία, -ας	N		renewal, rebirth, regeneration	
εἰρηνικός, -ή, -όν	Adj		peaceable, peaceful	
Σαβαώθ	N		Sabaoth<br>(Lord) of the Armies, (Lord) of Hosts	
ἡνίκα	Adv		when, at which time	
ταχινός, -ή, -όν	Adj		imminent, swift	
ὁ καρδιογνώστης, -ου	N		a knower of hearts	
ὁ λιβανωτός, -οῦ	N		incense, censer	
ἡ ὁρμή, -ῆς	N		impulse, inclination, attempt	
καυσόομαι	V		to burn with great heat	
ἡ ἀξίνη, -ης	N		an axe	
τό πτύον, -ου	N		a winnowing fork	
ὁ δικαστής, -οῦ	N		a judge	
πικρῶς	Adv		bitterly	
λογικός, -ή, -όν	Adj		thoughtful, reasonable, logical	
ἡ ὀθόνη, -ης	N		linen cloth, sheet	
ἡ πολιτεία, -ας	N		citizenship	
ἡ ἑνότης, -ητος	N		oneness, unity	
ὁ λοίδορος, -ου	N		a reviler, abusive person	
προφητικός, -ή, -όν	Adj		prophetic	
ἡ προσδοκία, -ας	N		an expectation	
συγκακοπαθέω	V		to suffer together with someone	
ὁ μερισμός, -οῦ	N		a division, distribution	
τό δοκίμιον, -ου	N		a testing	
ἄμετρος, -ον	Adj		immeasurable	
ἀφρίζω	V		to foam (at the mouth)	
ἡ πρωϊα, -ας	N		(early) morning	
ἐλλογέω	V		to charge to one's account, impute	
τό ὄμμα, -τος	N		an eye	
ὀγδοήκοντα	Num		eighty	
ὁ ἀναβαθμός, -οῦ	N		a flight of stairs	
ἡ διχοστασία, -ας	N		dissension	
τό λύτρον, -ου	N		the price of release, ransom	
ἡ ἄνοια, -ας	N		folly, foolishness	
τό ἔγκλημα, -τος	N		an accusation, charge	
ἀθέμιτος, -ον	Adj		unlawful, forbidden, disgusting	
ἔα / οὐά	Intrj		ah!, ha!, aha!	
ἡ ἐπαρχεία, -ας	N		a province	
ῥιζόομαι	V		to be or become firmly rooted	
ἀγαθοεργέω	V		to do good	
ἐλεήμων, -ον	Adj		merciful, sympathetic, compassionate	
ἀνετάζω	V		to examine judicially	
ἐφοράω	V		to gaze upon	
ἡ ἀποκαραδοκία, -ας	N		eager expectation	
τό φέγγος, -ους	N		light, brightness	
πικρός, -ά, -όν	Adj		bitter	
ἱματίζω	V		to dress, clothe	
τό πόμα, -τος	N		a drink	
ὁ φθόγγος, -ου	N		tone, voice	
μέμφομαι	V		to find fault with, blame	
ἐγκρατεύομαι	V		to exercise self-control	
ἀναθεωρέω	V		to observe carefully, examine, consider	
συνευωχέομαι	V		to feast together, carouse together	
τό ἀσσάριον, -ου	N		an "assarion"<br>a Roman coin (worth one tenth of a drachma)	
συμβασιλεύω	V		to reign (as king) with someone	
ἵλεως, -ων	Adj		gracious, merciful	
ἐπενδύω	V		to be clothed upon	
προσκυλίω	V		to roll (up to)	
ἄγναφος, -ον	Adj		unshrunken, new	
ὁ συμμέτοχος, -ου	N		sharing with, partaking with	
μάτην	Adv		in vain, to no end	
ἀκατάκριτος, -ον	Adj		uncondemned, without trial	
ἡ χιών, -όνος	N		snow	
μωμάομαι	V		to find fault with, criticize, blame	
σοφίζω	V		to make wise, devise craftily	
καταβαρέω	V		to burden, weigh down	
χειροτονέω	V		to choose, appoint	
ἐκπέμπω	V		to send out	
ὁ φάρμακος, -ου	N		a sorcerer, magician	
ὑπερπερισσεύω	V		to abound much more	
ἡ ἀνοχή, -ῆς	N		forbearance	
σπαταλάω	V		to live a life of self-indulgent or wanton luxury	
κατεξουσιάζω	V		to exercise authority over	
ἀποβάλλω	V		to throw away, cast aside	
νυστάζω	V		to become drowsy, doze	
ἡ ἑρμηνεία, -ας	N		an interpretation	
νῆστις, -ιδος	Adj		not eating, hungry	
ἐμφανής, -ές	Adj		visible , manifest	
ἡ θυρίς, -ίδος	N		a window	
ἡ χρῆσις, -εως	N		use, function	
ὁ συστρατιώτης, -ου	N		a fellow-soldier	
ἀκατακάλυπτος, -ον	Adj		uncovered	
προσκολλάομαι	V		to be faithfully devoted to, to cleave to	
ἀπειλέω	V		to threaten, warm	
δύνω	V		to go down, set (sun)	
ἀχάριστος, -ον	Adj		ungrateful	
ἡ νέκρωσις, -εως	N		death, putting to death	
καταποντίζομαι	V		to drown, sink	
πέρυσι	Adv		last year	
θριαμβεύω	V		to lead in a triumphal procession, to triumph over	
ὁ φωλεός, -οῦ	N		den, hole	
ὁ λοιμός, -οῦ	N		pestilence, plague	
ἐποπτεύω	V		to observe, see	
τό ὕψωμα, -τος	N		height, a lofty thing	
ἀπαντάω	V		to meet	
ψηφίζω	V		to count (up), calculate	
ἡ στρατεία, -ας	N		a campaign, warfare, fight	
ἐφικνέομαι	V		to reach	
παρεισέρχομαι	V		to slip in, come in	
ἐπηρεάζω	V		to mistreat, revile	
ἀντίτυπος, -ον	Adj		struck back, corresponding to	
τραχύς, -εῖα, -ύ	Adj		rough, uneven	
σχολάζω	V		to devote oneself to, be unoccupied	
προπορεύομαι	V		to go on before	
εὔσπλαγχνος, -ον	Adj		tenderhearted	
οἰκτίρω	V		to have compassion	
δεκαοκτώ	Num		eighteen	
τοιγαροῦν	Adv		consequently, therefore	
τό σχοινίον, -ου	N		a rope, cord	
καταπονέω	V		to wear down, oppress	
ἀναίτιος, -ον	Adj		innocent	
τό θαῦμα, -τος	N		a wonder, amazement	
ἡ ἐντροπή, -ῆς	N		shame, humiliation	
διαβεβαιόομαι	V		to speak confidently, insist	
ἀσάλευτος, -ον	Adj		immovable, unshakable	
συζωοποιέω	V		to make alive together with someone	
ἐπεγείρω	V		to arouse, excite, stir up	
τό χαλκολίβανον, -ου	N		burnished bronze	
τό γενέσια, -ων	N		a birthday celebration	
τό κατοικητήριον, -ου	N		dwelling, dwelling-place	
ἡ πυρά, -ᾶς	N		a fire	
βιάζομαι	V		to force, dominate	
τό ἔριον, -ου	N		wool	
διϊσχυρίζομαι	V		to insist, maintain firmly	
ῥαβδίζω	V		to beat with a rod	
προεπαγγέλλομαι	V		to promise beforehand	
ὁ τρίβολος, -ου	N		a thistle, briar	
ἀναζάω	V		to live again, be resurrected	
ὑποχωρέω	V		to withdraw, go away	
χορηγέω	V		to provide, supply (in abundance)	
συνθλίβω	V		to press together	
ἡ ἐπισυναγωγή, -ῆς	N		meeting, assembling	
ἐκκλείω	V		to shut out, exclude	
ὁ φάγος, -ου	N		a glutton	
ἐπιλύω	V		to explain, settle	
ἡ ἐπιχορηγία, -ας	N		assistance, provision	
ἡ ὕαλος, -ου	N		crystal, glass	
ὁ κυβερνήτης, -ου	N		a shipmaster, pilot	
ἐπιδέχομαι	V		to receive, accept	
ἐξεγείρω	V		to raise, raise up	
ἐκμυκτηρίζω	V		to ridicule, sneer	
ἡ κυρία, -ας	N		lady, mistress	
ὁ παροξυσμός, -οῦ	N		stimulation, provocation	
ἡ κενοφωνία, -ας	N		chatter, empty talk	
ἐνταφιάζω	V		to prepare for burial, bury	
διατηρέω	V		to keep free of	
πιστικός, -ή, -όν	Adj		genuine, pure	
ἡ πνοή, -ῆς	N		wind, breath	
ὁ ὕμνος, -ου	N		a song of praise	
ἡ τρυφή, -ῆς	N		reveling, luxury, splendor	
χαμαί	Adv		on or to the ground	
τιμωρέω	V		to punish	
ἡ ὁμοιότης, -ητος	N		likeness, similarity	
ὁ οἰκιακός, -οῦ	N		member of a household	
ὁ Μεσσίας, -ου	N		the Messiah, Anointed One	
ἡ σιγή, -ῆς	N		silence, quiet	
ἡ ἀτμίς, -ίδος	N		vapor	
ὁ στεναγμός, -οῦ	N		a groan, groaning	
ἀμέμπτως	Adv		blamelessly	
προφέρω	V		to bring forth	
ὁμοιοπαθής, -ές	Adj		with the same nature	
μακαρίζω	V		to consider blessed, happy	
κατακλάω	V		to break in pieces	
ἡ στρατιά, -ᾶς	N		a host, an army	
τό πτερύγιον, -ου	N		highest point, pinnacle	
συναντιλαμβάνομαι	V		to help	
ἡγεμονεύω	V		to be governor, rule	
ἡ πρόγνωσις, -εως	N		foreknowledge , predetermination	
ἡ ἀγριέλαιος, -ου	N		a wild olive tree	
ἡ φιλανθρωπία, -ας	N		(loving) kindness, love for mankind	
τό δίδραχμον, -ου	N		a double drachma, Greek coin (worth two days' wages)	
ἀπολούομαι	V		to wash oneself, wash away	
ὁ κιθαρῳδός, -οῦ	N		a lyre-player, harpist	
ἀκριβόω	V		to ascertain precisely	
τό κεφάλαιον, -ου	N		main thing, main point, sum of money	
κυρόω	V		to confirm, ratify, validate	
εὐνουχίζω	V		to make a eunuch of, castrate, emasculate	
παραλογίζομαι	V		to deceive, delude	
ὁ χρεοφειλέτης, -ου	N		a debtor	
ὁ / ἡ / τό	50+ other		the	
καί	Conj		and, even, also	
αὐτός, -ή, -ό	Pro		himself, herself, itself, same; he, she, it	
σύ	Pro		you	
δέ	Conj		but, and	
ἐν	Pre		in (dat)	
ἐγώ	Pro		I	
εἰμί	V		to be	
λέγω	V		to say, speak	
εἰς	Pre		into (acc)	
οὐ / οὐκ / οὐχ	50+ other		not, no	
ὅς / ἥ / ὅ	Pro		who, which	
οὗτος / αὕτη / τοῦτο	Pro		this; he, she, it	
ὁ θεός, -οῦ	N		a god, God	
ὅτι	Conj		that, because, since	
πᾶς, πᾶσα, πᾶν	Adj		all, every, all things	
μή	50+ other		not, lest	
γάρ	Conj		for	
ἐκ / ἐξ	Pre		out of, from (gen)	
ἐπί	Pre		over, on, at the time of (gen)<br>on the basis of, at (dat)<br>on, to, against (acc)	
ὁ κύριος, -ου	N		a lord, the Lord	
ἔχω	V		to have, hold	
πρός	Pre		to, towards, with (acc)	
γίνομαι	V		to become, be	
διά	Pre		through (gen)<br>on account of (acc)	
ἵνα	Conj		in order that, that	
ἀπό	Pre		from (gen)	
ἀλλά	Conj		but, except	
ἔρχομαι	V		to come, go	
ποιέω	V		to do, make	
τίς / τί	Pro		who? which? what? why?	
ὁ ἄνθρωπος, -ου	N		a man	
τὶς / τὶ	Pro		someone, something, a certain one, a certain thing, anyone, anything	
ὁ Χριστός, -οῦ	N		Christ, Messiah, Anointed One	
ὡς	Conj		as, that, how, about	
εἰ	Conj		if	
οὖν	Conj		then, accordingly	
κατά	Pre		down from, against (gen)<br>according to, during, throughout (acc)	
μετά	Pre		with (gen)<br>after (acc)	
ὁράω	V		to see	
ἀκούω	V		to hear	
πολύς / πολλή / πολύ	Adj		much<br>many (plural)	
δίδωμι	V		to give	
ὁ πατήρ, -ρός	N		a father	
ἡ ἡμέρα, -ας	N		a day	
τό πνεῦμα, -τος	N		a spirit, the Spirit; breath	
ὁ υἱός, -οῦ	N		a son	
εἷς, μία, ἕν	Num		one	
ἤ	Conj		or	
ὁ ἀδελφός, -οῦ	N		brother	
ἐάν	Conj		if	
περί	Pre		concerning, about (gen)<br>around (acc)	
ὁ λόγος, -ου	N		a word, the Word	
ἑαυτοῦ, -ῆς, -οῦ	Pro		of himself	
οἶδα	V		to know	
λαλέω	V		to speak	
ὁ οὐρανός, -οῦ	N		heaven, sky	
ὁ μαθητής, -οῦ	N		a disciple	
λαμβάνω	V		to take, receive	
ἡ γῆ, γῆς	N		the earth, land	
μέγας, μεγάλη, μέγα	Adj		large, great	
ἐκεῖνος, -η, -ο	Pro		that (that one, those)	
ἡ πίστις, -εως	N		faith, belief, trust	
πιστεύω	V		to have faith (in), believe	
οὐδείς / οὐδεμία / οὐδέν	Pro		no one, none, nothing, no	
ἅγιος, -α, -ον	pl		holy (adjective)<br>saints (noun)	
ἀποκρίνομαι	V		to answer	
τό ὄνομα, -τος	N		a name	
γινώσκω	V		to come to know, learn, know, realize	
ὑπό	Pre		by (gen)<br>under (acc)	
ἐξέρχομαι	V		to go out, come out	
ὁ ἀνήρ, ἀνδρός	N		a man, husband	
τέ	50+ other		and (enclitic weak connective particle)	
ἡ γυνή, -αικός	N		a woman, wife	
δύναμαι	V		to be powerful, able	
οὕτω / οὕτως	Adv		thus	
θέλω	V		to will, wish, desire	
ἰδού	Intrj		See! Behold! Look! Lo!	
οὐδέ / μηδέ	Conj		and not, not even, neither, nor	
παρά	Pre		from (gen)<br>beside, in the presence of (dat)<br>alongside of (acc)	
ὁ νόμος, -ου	N		a law, the Law (Torah)	
εἰσέρχομαι	V		to go or come in or into, enter	
γράφω	V		to write	
ὁ κόσμος, -ου	N		the world	
καθώς	Conj		as, just as, even as	
μέν	50+ other		on the one hand<br>indeed (postpositive particle often untranslated)	
ἡ χείρ, χειρός	N		a hand	
εὑρίσκω	V		to find	
ὁ ἄγγελος, -ου	N		an angel	
ὁ ὄχλος, -ου	N		a crowd, multitude	
ἡ ἁμαρτία, -ας	N		a sin, sin	
τό ἔργον, -ου	N		work, deed	
ἡ δόξα, -ης	N		glory	
ἄν	50+ other		untranslatable particle - makes a statement contingent	
ἡ πόλις, -εως	N		a city	
ἡ βασιλεία, -ας	N		a kingdom	
τό ἔθνος, -ους	N		a nation<br>Gentiles (plural)	
τότε	Adv		then, at that time	
ἐσθίω	V		to eat	
ἡ καρδία, -ας	N		the heart	
πρῶτος, -η, -ον	Adj		first	
ἵστημι	V		to cause to stand, stand	
ἄλλος, -η, -ο	Adj		other, another	
ἡ χάρις, -ιτος	N		grace	
πορεύομαι	V		to go, proceed	
ὑπέρ	Pre		on behalf of (gen)<br>above (acc)	
καλέω	V		to call, name invite	
νῦν	Adv		now	
ἡ σάρξ, σαρκός	N		flesh	
ἕως	pl		until (conjunction)<br>as far as (preposition: gen)	
ὅστις, ἥτις, ὅτι	Pro		whoever, whichever, whatever	
ὁ προφήτης, -ου	N		a prophet	
ἐγείρω	V		to raise up	
ἀφίημι	V		to let go, permit, forgive	
ἀγαπάω	V		to love	
τό σῶμα, -τος	N		a body	
ὁ λαός, -οῦ	N		a people	
πάλιν	Adv		again	
ζάω	V		to live	
ἡ φωνή, -ῆς	N		a sound, voice	
δύο	Num		two	
ἡ ζωή, -ῆς	N		life	
ἀποστέλλω	V		to send	
βλέπω	V		to see	
ἡ δοῦλος, -ου  (ὁ)<br>δούλη, -ης	N		a slave	
ἀμήν	50+ other		amen<br>verily, truly; so be it	
σύν	Pre		with (dat)	
νεκρός, -ά, -όν	Adj		dead	
ἀγαθός, -ή, -όν	Adj		good	
ὅταν	Conj		whenever	
ὁ ἀρχιερεύς, -έως	N		chief priest, high priest	
βάλλω	V		to throw, put, cast	
ὁ αἰών, -ῶνος	N		an age, eon	
οὔτε / μήτε	Conj		neither, nor	
ἀποθνῄσκω / θνῄσκω	V		to die	
ὁ θάνατος, -ου	N		death	
ἡ δύναμις, -εως	N		power	
παραδίδωμι	V		to hand over, betray	
μένω	V		to remain, abide	
ζητέω	V		to seek	
ἀπέρχομαι	V		to depart, go away	
ἡ ἀγάπη, -ης	N		love	
ὁ βασιλεύς, -έως	N		a king	
ἴδιος, -α, -ον	Adj		one's own	
μόνος, -η, -ον	Adj		alone, only	
ἡ ἐκκλησία, -ας	N		assembly, congregation, church	
κρίνω	V		to judge, decide	
ὁ οἶκος, -ου	N		a house, home	
ὅσος, -η, -ον	Adj		as great as, as many as	
ἡ ἀλήθεια, -ας	N		truth	
παρακαλέω	V		to beseech, urge, exhort, comfort	
ὅλος, -η, -ον	Adj		whole, all	
μέλλω	V		to be about to	
ἀνίστημι	V		to cause to arise, arise	
ἡ ὥρα, -ας	N		an hour	
σῴζω	V		to save	
ὅτε	Conj		when	
ἡ ψυχή, -ῆς	N		soul, life, self	
πῶς	Adv		how?	
καλός, -ή, -όν	Adj		good, beautiful	
ἡ ἐξουσία, -ας	N		authority	
αἴρω	V		to take up, take away	
ἡ ὁδός, -οῦ	N		a way, road, journey	
δεῖ	V		it is necessary	
ὁ ὀφθαλμός, -οῦ	N		an eye	
τίθημι	V		to place	
ἀλλήλων, -ους, -ους	Adj		of one another	
τό τέκνον, -ου	N		a child	
ἕτερος, -α, -ον	Adj		other, another, different	
γεννάω	V		to beget	
τό αἷμα, -τος	N		blood	
διδάσκω	V		to teach	
ὁ ἄρτος, -ου	N		bread, a loaf	
ἐκεῖ	Adv		there	
φοβέομαι	V		to fear	
περιπατέω	V		to walk	
ἐνώπιον	Pre		before (gen)	
ὁ τόπος, -ου	N		a place	
ἡ οἰκία, -ας	N		a house	
ὁ πούς, ποδός	N		a foot	
ἔτι	Adv		still, yet, even	
ἡ εἰρήνη, -ης	N		peace	
ἡ δικαιοσύνη, -ης	N		righteousness	
προσεύχομαι / εὔχομαι	V		to pray	
ἡ θάλασσα, -ης	N		the sea	
κάθημαι	V		to sit	
ἀπόλλυμι	V		to destroy<br>to perish (middle)	
πίπτω	V		to fall	
ἀκολουθέω	V		to follow	
μηδείς / μηδεμία / μηδέν	Pro		no one, none, nothing, no	
ἑπτά	Num		seven	
ἄρχω	V		to rule	
προσέρχομαι	V		to come to	
πληρόω	V		to fill, fulfill	
ὁ καιρός, -οῦ	N		time, an appointed time	
ὥστε	Conj		so that	
ἡ μήτηρ, -τρος	N		a mother	
ὅπου	Conj		where, whither	
ἕκαστος, -η, -ον	Adj		each	
ἀναβαίνω	V		to go up	
μᾶλλον	Adv		more, rather	
ἐκβάλλω	V		to cast out	
καταβαίνω	V		to go down	
ὁ ἀπόστολος, -ου	N		an apostle	
δίκαιος, -α, -ον	Adj		right, just, righteous	
πέμπω	V		to send	
ὑπάγω	V		to depart	
τό στόμα, -τος	N		a mouth	
πονηρός, -ά, -όν	Adj		evil	
τό σημεῖον, -ου	N		a sign	
ἀνοίγω	V		to open	
βαπτίζω	V		to baptize	
τό εὐαγγέλιον, -ου	N		good news, glad tidings, the Gospel	
τό ὕδωρ, ὕδατος	N		water	
μαρτυρέω	V		to bear witness, testify	
τό πρόσωπον, -ου	N		face, presence	
δώδεκα	Num		twelve	
ἡ κεφαλή, -ῆς	N		head	
ἐμός, -ή, -όν	Adj		my, mine	
ἀποκτείνω	V		to kill	
χαίρω	V		to rejoice	
πίνω	V		to drink	
τό φῶς, -φωτός	N		light	
τό ἱερόν, -οῦ	N		a temple	
τό πῦρ, -ός	N		fire	
αἰώνιος, -ον	Adj		eternal	
αἰτέω	V		to ask	
τηρέω	V		to keep	
τρεῖς, -τρία	Num		three	
ἄγω	V		to lead, bring, go	
οὐκέτι / μηκέτι	Adv		no longer	
τό ῥῆμα, -τος	N		a word	
τό σάββατον, -ου	N		the Sabbath	
πιστός, -ή, -όν	Adj		faithful, believing	
ἡ ἐντολή, -ῆς	N		a commandment	
τό πλοῖον, -ου	N		a boat	
ἄχρι / μέχρι	pl		as far as, up to, until (preposition: gen)<br>until (as conjunction)	
ἀπολύω	V		to release	
ὁ καρπός, -οῦ	N		fruit	
φέρω	V		to carry, bear, bring, lead	
πρεσβύτερος, -α, -ον	Adj		elder	
φημί	V		to say	
εἴτε	Conj		if, whether	
ἔξω	Adv		without; outside (gen)	
ἐρωτάω	V		to ask, request, entreat	
τό ὄρος, -ους	N		a mountain	
ὁ γραμματεύς, -έως	N		a scribe	
τό δαιμόνιον, -ου	N		a demon	
ὁ θρόνος, -ου	N		a throne	
τό θέλημα, -τος	N		will	
δοκέω	V		to think; seem	
δοξάζω	V		to glorify	
ὧδε	Adv		here, hither	
ἡ νύξ, -νυκτός	N		night	
κηρύσσω	V		to proclaim, preach	
κακός, -ή, -όν	Adj		bad, evil	
ἀγαπητός, -ή, -όν	Adj		beloved	
ἤδη	Adv		now, already	
προσκυνέω	V		to worship	
ὑπάρχω	V		to be, exist	
τό ἱμάτιον, -ου	N		a garment	
ἀπαγγέλλω / ἀναγγέλλω	V		to announce, report	
ὁ διδάσκαλος, -ου	N		a teacher	
εὐθύς, -εῖα, -ύ	pl		straight (adjective)<br>straightway, immediately (adverb)	
συνάγω	V		to gather together	
ὁ λίθος, -ου	N		a stone	
ἡ χαρά, -ᾶς	N		joy, delight	
ἀσπάζομαι	V		to greet, salute	
θεωρέω	V		to look at, behold	
μέσος, -η, -ον	Adj		middle, in the midst	
τοιοῦτος, -αύτη, -οῦτον	Pro		such	
ἐπερωτάω	V		to ask, question, demand of	
ἡ συναγωγή, -ῆς	N		a synagogue	
τρίτος, -η, -ον	Adj		third	
δέχομαι	V		to receive	
κράζω	V		to cry out	
ἡ ἀρχή, -ῆς	N		a beginning	
λοιπός, -ή, -όν	pl		remaining (adjective)<br>the rest (noun)<br>for the rest, henceforth (adverb)	
ὁ χρόνος, -ου	N		time	
οὐχί	Adv		(definitely) not	
εὐαγγελίζω	V		to evangelize, preach good news	
δεξιός, -ά, -όν	Adj		right	
διό	Conj		wherefore, for that reason	
ἡ ἐλπίς, -ίδος	N		hope	
ὅπως	Conj		in order that, that	
σπείρω	V		to sow	
πείθω	V		to persuade; to trust	
ἔσχατος, -η, -ον	Adj		last	
τό παιδίον, -ου	N		an infant, child	
ἡ ἐπαγγελία, -ας	N		a promise	
ἡ σοφία, -ας	N		wisdom	
τυφλός, -ή, -όν	Adj		blind	
μακάριος, -α, -ον	Adj		blessed, happy	
ἡ γλῶσσα, -ης	N		a tongue, language	
ἡ γραφή, -ῆς	N		a writing, Scripture	
ἡ παραβολή, -ῆς	N		a parable	
παραλαμβάνω	V		to take, receive	
ἄρα	Conj		then, therefore	
ἡ χρεία, -ας	N		a need	
τό ἔτος, -ους	N		a year	
φανερόω	V		to manifest, make manifest, reveal	
ἡ ἔρημος, -ου	N		a desert, wilderness	
ἔμπροσθεν	pl		in front of (adverb)<br>before (preposition: gen)	
ἀποδίδωμι	V		to give back, pay<br>to sell (middle)	
ποῦ	Adv		where? whither?	
κρατέω	V		to grasp	
ἡ σκότος, -ους  (τό)<br>σκοτία, -ας	N		darkness	
ὁ φόβος, -ου	N		fear, terror	
ἡ φυλακή, -ῆς	N		a guard, a prison, a watch	
πρό	Pre		before (gen)	
προσφέρω	V		to bring to, offer	
ἁμαρτωλός, -όν	pl		sinful (adjective)<br>a sinner (noun)	
ἡ κρίσις, -εως	N		judgment	
μικρός, -ά, -όν	Adj		small, little	
σταυρόω	V		to crucify	
ἡ σωτηρία, -ας	N		salvation	
οὐαί	Intrj		woe! alas!	
καθίζω	V		to seat, sit	
τό θηρίον, -ου	N		a wild beast	
ὁ ναός, -οῦ	N		a temple	
διώκω	V		to pursue, persecute	
ὅμοιος, -α, -ον	Adj		like	
ἡ θλῖψις, -εως	N		tribulation	
κατοικέω	V		to inhabit, dwell	
ἐπιγινώσκω	V		to come to know, recognize	
δεύτερος, -α, -ον	Adj		second	
θεραπεύω	V		to heal	
ἡ γενεά, -ᾶς	N		a generation	
θαυμάζω	V		to marvel, wonder at	
τό σπέρμα, -τος	N		a seed	
διέρχομαι	V		to pass through	
δέω	V		to bind	
ἁμαρτάνω	V		to sin	
σεαυτοῦ, -ῆς	Pro		of you	
φωνέω	V		to call	
καινός, -ή, -όν	Adj		new	
πάσχω	V		to suffer	
ἐγγίζω	V		to come near	
ἡ ἀνάστασις -εως	N		a resurrection	
τό μέρος, -ους	N		a part	
λύω	V		to loose	
χωρίς	Pre		without, apart from (gen)	
ἡ τιμή, -ῆς	N		honor, price	
τέσσαρες	Num		four	
πάντοτε	Adv		always	
παρίστημι	V		to be present, stand by	
σήμερον	Adv		today	
ἐργάζομαι	V		to work	
εὐλογέω	V		to bless	
ἄξιος, -α, -ον	Adj		worthy	
λογίζομαι	V		to account, reckon	
μισέω	V		to hate	
τό μνημεῖον, -ου	N		a tomb, monument	
ἑτοιμάζω	V		to prepare	
χρυσίον, -ου  (τό)<br>χρυσός, -οῦ  (ὁ)<br>χρυσοῦς, -ῆ, -οῦν	pl		gold (noun: 12)<br>gold (noun: 10)<br>golden (adjective: 18)	
ὀλίγος, -η, -ον	Adj		little, few	
κλαίω	V		to weep	
οἰκοδομέω	V		to build, edify	
τό τέλος, -ους	N		end	
ἡ θύρα, -ας	N		a door	
δικαιόω	V		to justify	
ἐπιτίθημι	V		to lay upon	
ἱκανός, -ή, -όν	Adj		sufficient, able, considerable	
πλανάω	V		to lead astray	
περισσεύω	V		to abound, be rich	
ἅπτω	V		to touch	
πράσσω	V		to do, perform	
τό πρόβατον, -ου	N		a sheep	
ὑποτάσσω	V		to subject, put in subjection	
πέντε	Num		five	
πειράζω	V		to test, tempt, attempt	
εὐχαριστέω	V		to give thanks	
ἡ ἐπιθυμία, -ας	N		eager desire, passion, lust	
διακονέω	V		to wait upon, serve	
ἐμαυτοῦ, -ῆς	Pro		of myself	
ἡ μαρτυρία, -ας	N		a testimony, evidence	
καυχάομαι	V		to boast	
βούλομαι	V		to wish, determine	
ὁ διάβολος, -ου	N		slanderer, accuser, the Devil	
παραγίνομαι	V		to come, arrive	
ὁ ἄρχων, -οντος	N		a ruler	
εὐθέως	Adv		immediately	
ἐπιστρέφω	V		to turn to, return	
καλῶς	Adv		well	
ἡ προσευχή, -ῆς	N		prayer	
ἄρτι	Adv		now, just now	
ἡ ὀργή, -ῆς	N		wrath, anger	
ἡ περιτομή, -ῆς	N		circumcision	
ὁ ἀγρός, -οῦ	N		a field	
ὥσπερ	Conj		just as, even as	
τό οὖς, ὠτός	N		an ear	
ὁ μάρτυς, μάρτυρος	N		a witness	
ὑποστρέφω	V		to return	
ὀπίσω	pl		behind, back (adverb)<br>after (preposition: gen)	
ὀφείλω	V		to owe, ought	
ἅπας, -ασα, -αν	Adj		all	
βλασφημέω	V		to revile, blaspheme	
πτωχός, -ή, -όν	pl		poor (adjective)<br>a poor man (noun)	
μετανοέω	V		to repent	
τό μέλος, -ους	N		a member	
ἡ διακονία, -ας	N		waiting at table, service, ministry	
ὁ οἶνος, -ου	N		wine	
τό βιβλίον, -ου	N		a (small) book, scroll	
ἀρνέομαι	V		to deny	
ποῖος, -α, -ον	Adj		what sort of? what?	
ἀσθενέω	V		to be weak, sick	
ἡ διαθήκη, -ης	N		a covenant; last will and testament	
ἐκπορεύομαι	V		to go out	
ναί	Conj		truly, yes	
δείκνυμι	V		to show	
οὔπω / οὐδέπω<br>μήπω / μηδέπω	Adv		not yet	
ἀκάθαρτος, -ον	Adj		unclean	
δυνατός, -ή, -όν	Adj		powerful, possible	
ἐχθρός, -ή, -όν	pl		hating, hateful (adjective)<br>enemy (noun)	
παραγγέλλω	V		to command, charge	
ὁ ἥλιος, -ου	N		the sun	
ἡ ὑπομονή, -ῆς	N		steadfast endurance, perseverance	
ἀναγινώσκω	V		to read	
ἔπειτα / εἶτα	Adv		then	
ἐλπίζω	V		to hope	
φαίνω	V		to shine, appear	
ἐγγύς	Adv		near	
ἡ φυλή, -ῆς	N		a tribe	
καθαρίζω	V		to cleanse	
τό ποτήριον, -ου	N		a cup	
ὁ ἄνεμος, -ου	N		a wind	
πλήν	pl		however, but, only, nevertheless (conjunction)<br>except (preposition: gen)	
ὁ ἱερεύς, -έως	N		a priest	
τό πλῆθος, -ους	N		a multitude	
ἡ παρρησία, -ας	N		boldness, confidence	
φυλάσσω	V		to guard, keep	
συνέρχομαι	V		to come together	
ἡ συνείδησις, -εως	N		conscience	
ἐπικαλέω	V		to call, name<br>to invoke, appeal to (middle)	
τό ἀρνίον, -ου	N		a lamb	
ἀγοράζω	V		to buy	
ὁμοίως	Adv		likewise	
ἡ διδαχή, -ῆς	N		teaching	
τό πάσχα	N		passover	
ἐπιτιμάω	V		to rebuke, warn	
ποτέ	Adv		at some time, once, ever, formerly	
ὁ μισθός, -οῦ	N		wages, reward	
ἡ μάχαιρα, -ης	N		a sword	
παρέρχομαι	V		to go by, pass by; to pass away, disappear	
ἡ γνῶσις, -εως	N		wisdom, knowledge	
φεύγω	V		to flee	
ἐλεέω	V		to have mercy	
σκανδαλίζω	V		to cause to stumble	
ὁ Καῖσαρ, -ος	N		Caesar<br>title of the Roman emperor	
ἡ παράκλησις, -εως	N		an exhortation, consolation, comfort	
ἰσχυρός, -ά, -όν	Adj		strong	
πόθεν	Adv		from where?, whence?	
φίλος, -ου  (ὁ)<br>φίλος, -η, -ον	pl		a friend (noun)<br>loving (adjective)	
ὁ διάκονος, -ου	N		a servant, administrator, deacon	
προσκαλέομαι	V		to summon, call to	
ἡ θυσία, -ας	N		a sacrifice	
ἐπουράνιος / οὐράνιος, -ον	Adj		heavenly, in heaven	
ἡ χώρα, -ας	N		a country	
πλούσιος, -α, -ον	Adj		rich	
νικάω	V		to conquer	
ἡ θυγάτηρ, -τρός	N		a daughter	
προφητεύω	V		to prophesy	
ἡγέομαι	V		to be chief; to think, regard, consider	
ἀδικέω	V		to wrong, do wrong, harm	
τελέω	V		to finish, fulfill	
ἴδε	Intrj		see! behold!	
ἀληθινός, -ή, -όν	Adj		true, genuine	
τό μυστήριον, -ου	N		a mystery	
ἁγιάζω	V		to sanctify	
ἰσχύω	V		to be strong, able	
γαμέω	V		to marry	
ἐκεῖθεν	Adv		from there, thence, from that place	
ὁ σταυρός, -οῦ	N		a cross	
πόσος, -η, -ον	Adj		how great? how much?	
καταργέω	V		to bring to naught, abolish	
τό ἔλεος, -ους	N		pity, mercy, compassion	
ἐνδύω	V		to put on, clothe	
βαστάζω	V		to bear, carry	
καθαρός, -ά, -όν	Adj		clean	
ἐκχέω	V		to pour out	
ἡ κώμη, -ης	N		a village	
τό κρίμα, -τος	N		judgment	
ἕνεκα	Pre		on account of, for the sake of (gen)	
ὁμολογέω	V		to confess, profess	
συνίημι	V		to understand	
ἀποκαλύπτω	V		to reveal	
ἰάομαι	V		to heal	
ἀληθής, -ές	Adj		true	
γέ	Conj		indeed, at least, really, even	
ἡ χήρα, -ας	N		a widow	
ὀμνύω	V		to swear, take an oath	
ἡ ἀδελφή, -ῆς	N		a sister	
πνευματικός, -ή, -όν	Adj		spiritual	
λυπέω	V		to grieve	
ἐπεί	Conj		when, since	
ἀσθενής, -ές	Adj		weak	
φρονέω	V		to think	
ἥκω	V		to be present, come	
ὁ στρατιώτης, -ου	N		a soldier	
ὁ στέφανος, -ου	N		a crown	
γνωρίζω	V		to make known	
ἀναβλέπω	V		to look up, receive sight	
λευκός, -ή, -όν	Adj		white	
κελεύω	V		to order	
ἡ πορνεία, -ας	N		fornication	
ἡ ἑορτή, -ῆς	N		a feast	
μανθάνω	V		to learn	
ἡ νεφέλη, -ης	N		a cloud	
δέκα	Num		ten	
ὁ ἀργύριον, -ου  (τό)<br>ἄργυρος, -ου	N		silver	
τό δένδρον, -ου	N		a tree	
φιλέω	V		to love	
ἡ ἀδικία, -ας	N		unrighteousness	
δουλεύω	V		to serve	
μήποτε	Adv		lest perhaps	
προσέχω	V		to attend to, give heed to	
ἡ ἀσθένεια, -ας	N		weakness	
καταλείπω	V		to leave	
ἀναιρέω	V		to take up; to kill, put to death	
σός, σή, σόν	Pro		your	
ὁ σωτήρ, -ῆρος	N		savior	
νέος, -α, -ον	Adj		new, young	
ὁ ἀστήρ, -έρος	N		a star	
πάρειμι	V		to be present; to have arrived	
κεῖμαι	V		to lie, be laid	
ἡ παῖς, παιδός  (ὁ	N		a boy, girl, child, servant	
ἡ ἐπιστολή, -ῆς	N		a letter	
ἡ ἀκοή, -ῆς	N		hearing; a report, news	
ἡ παρουσία, -ας	N		presence, coming; Christ's second coming	
πίμπλημι	V		to fill	
ὁ νοῦς, νοός, νοϊ, νοῦν	N		the mind	
ἄπιστος, -ον	Adj		unbelieving, faithless	
μιμνῄσκομαι	V		to remember	
περιβάλλω	V		to put around, clothe	
χαρίζομαι	V		to give freely, forgive	
κωλύω	V		to forbid, hinder, prevent	
πέραν	Pre		beyond (gen)	
τό ζῷον, -ου	N		a living creature, an animal	
αὐξάνω	V		to cause to grow; increase	
τό σκεῦος, -ους	N		a vessel<br>goods (plural)	
ἐλεύθερος, -α, -ον	Adj		free	
ἀνάγω	V		to lead up<br>to put to sea, set sail (middle)	
ἡ χιλιάς, -άδος	Num		a thousand	
τελειόω	V		to fulfill, make perfect	
κοπιάω	V		to toil, labor	
τό θυσιαστήριον, -ου	N		an altar	
κατηγορέω	V		to accuse	
διότι	Conj		because	
ὁ ἀμπελών, -ῶνος	N		a vineyard	
πεινάω	V		to hunger	
ἡ εἰκών, -όνος	N		an image, likeness	
τεσσεράκοντα	Num		forty	
ὁ πλοῦτος, -ου	N		wealth, riches	
δοκιμάζω	V		to prove, approve	
τό συνέδριον, -ου	N		the "Sanhedrin"<br>the Jewish ruling council	
ἡ κοιλία, -ας	N		the belly, womb, stomach	
περισσός, -ή, -όν	Adj		excessive, abundant	
ἀγνοέω	V		to not know, be unaware	
κατεργάζομαι	V		to work out, produce	
ἡ μετάνοια, -ας	N		repentance	
θεάομαι	V		to behold	
ἡ πληγή, -ῆς	N		a blow, wound, plague	
δέομαι	V		to beseech	
ἐκλέγω	V		to pick out, choose	
γρηγορέω	V		to watch, keep watch	
ἐκλεκτός, -ή, -όν	Adj		chosen, elect	
ἀντί	Pre		instead of, for (gen)	
καθεύδω	V		to sleep	
πωλέω	V		to sell	
τιμάω	V		to honor	
καθίστημι	V		to set, constitute, put in charge	
θερίζω	V		to reap	
βασιλεύω	V		to reign	
ὑπακούω	V		to obey	
εὐδοκέω	V		to think it good, be well pleased with	
ἡ διδασκαλία, -ας	N		teaching, doctrine	
ὡσεί	Adv		like, about	
ὁ χιλίαρχος, -ου	N		a military tribune, captain, commander	
μνημονεύω	V		to remember	
λατρεύω	V		to serve, worship	
ἐνεργέω	V		to work, effect	
στρέφω	V		to turn	
ἐφίστημι	V		to stand over, come upon	
ὁ πειρασμός, -οῦ	N		temptation	
ὁ τελώνης, -ου	N		a tax collector	
ὦ	Intrj		Oh!	
ὁ ὑπηρέτης, -ου	N		a servant, assistant	
προάγω	V		to lead forth, go before	
τό ξύλον, -ου	N		wood, tree	
ὁ ἰχθύς, -ύος	N		a fish	
ἡ ἐπίγνωσις, -εως	N		knowledge	
ὁ ἑκατοντάρχης, -ου	N		a centurion	
τοσοῦτος, -αύτη, -οῦτον	Pro		so great, so much; so many (plural)	
ὁ γονεύς, -έως	N		a parent	
καταγγέλλω / ἐξαγγέλλω	V		to proclaim, announce	
ὑψόω	V		to lift up, exalt	
ὁ ἡγεμών, -όνος	N		a leader, a (Roman) governor	
τρέχω	V		to run	
νυνί	Adv		right now	
σοφός, -ή, -όν	Adj		wise	
νηστεύω	V		to fast	
τό γένος, -ους	N		race, kind	
ἡ αἰτία, -ας	N		a cause, reason, accusation	
ἡ ἀκροβυστία, -ας	N		uncircumcision	
ἡ σκηνή, -ῆς	N		a tent, tabernacle	
ἅπαξ / ἐφάπαξ	Adv		once, once for all	
τό δῶρον, -ου	N		a gift	
ἐπάνω	pl		over (adverb)<br>over (preposition: gen)	
παλαιός, -ά, -όν	Adj		old	
παρατίθημι	V		to set before<br>to entrust (middle)	
ὁ γεωργός, -οῦ	N		a farmer	
τό παράπτωμα, -τος	N		a trespass	
ὁ μήν, μηνός	N		a month	
μεριμνάω	V		to be anxious, distracted	
πότε	Adv		when?	
τό μαρτύριον, -ου	N		a testimony, witness, proof	
ἡ προφητεία, -ας	N		a prophecy	
διακρίνω	V		to discriminate, judge<br>to doubt (middle)	
ἀπέχω	V		to already have; to be distant	
ἡ κτίσις, -εως	N		creation, creature	
ἡ κοινωνία, -ας	N		fellowship; contribution	
τέλειος, -α, -ον	Adj		complete, perfect, mature	
ἐπαίρω	V		to lift up	
ὁ κριτής, -ου	N		a judge	
τό βάπτισμα, -τος	N		baptism	
ἐπιλαμβάνομαι	V		to take hold of	
ἐπιβάλλω	V		to lay upon	
κοιμάομαι	V		to sleep, fall asleep	
ὁ πυλών, -ῶνος	N		a vestibule, gateway	
ὁ πόλεμος, -ου	N		a war	
μήτι	15-24 other		interrogative particle in questions expecting a negative answer	
ὁ κόπος, -ου	N		labor, trouble	
ὁ ἀριθμός, -οῦ	N		a number	
κατακρίνω	V		to condemn	
ἡ οἰκοδομή, -ῆς	N		a building; edification	
ἐλάσσων, -ον	Adj		lesser	
ἐπιτρέπω	V		to permit	
κενός, -ή, -όν	Adj		empty, vain	
ὁ θυμός, -ου	N		wrath	
ὁ δεσμός, -οῦ	N		a fetter, bond, chain	
παραχρῆμα	Adv		immediately	
προστίθημι	V		to add, add to	
πολλάκις	Adv		often, many times	
κρύπτω	V		to conceal	
ἡ ἀπώλεια, -ας	N		destruction	
ἀληθῶς	Adv		truly	
κληρονομέω	V		to inherit	
ἡ δέησις, -εως	N		an entreaty, prayer	
ὁ ποιμήν, -ένος	N		a shepherd	
ἡ ἀποκάλυψις, -εως	N		a revelation	
τίκτω	V		to give birth to	
φανερός, -ά, -όν	Adj		manifest	
ἡ βλασφημία, -ας	N		reproach, blasphemy	
εἰσπορεύομαι	V		to enter	
οὐδέποτε / μηδέποτε	Adv		never	
κρυπτός, -ή, -όν	Adj		hidden	
ἐπαύριον	Adv		on the morrow, on the next day	
νίπτω	V		to wash	
ἐξίστημι	V		to amaze, be amazed	
ἡ ἀνάγκη, -ης	N		necessity, distress	
τό βρῶμα, -τος	N		food	
ἑκατόν	Num		a hundred	
περιτέμνω	V		to circumcize	
ἐλέγχω	V		to convict, reprove	
ὡσαύτως	Adv		likewise	
ἡ ἄφεσις, -εως	N		a sending away, remission	
ὁ ὑποκριτής, -οῦ	N		a hypocrite	
κερδαίνω	V		to gain	
ὁ θησαυρός, -οῦ	N		a storehouse, treasure	
τό πλήρωμα, -τος	N		fullness	
καταλύω	V		to destroy; to lodge	
κατέχω	V		to hold back, hold fast	
ἕτοιμος, -η, -ον	Adj		ready, prepared	
ἡ ῥίζα, -ης	N		a root	
ὑπομένω	V		to tarry; to endure	
ὁ ἵππος, -ου	N		a horse	
ταράσσω	V		to trouble	
ἀρέσκω	V		to please	
ῥύομαι	V		to rescue, deliver	
ὁ ποταμός, -οῦ	N		a river	
τό χάρισμα, -τος	N		a gift, charism	
πλησίον	pl		near (adjective)<br>a neighbor (noun)	
διψάω	V		to thirst	
ἐπιθυμέω	V		to desire	
ἡ συκῆ, -ῆς	N		a fig tree	
ὁ ἐργάτης, -ου	N		a workman, laborer	
ἡ τροφή, -ῆς	N		food	
τό τέρας, -ατος	N		a wonder	
τό πάθημα, -τος	N		suffering	
ἡ εὐλογία, -ας	N		a blessing	
ὁ ζῆλος, -ου	N		zeal, jealousy	
τολμάω	V		to dare	
ὁ νυμφίος, -ου	N		a bridegroom	
ὁ κλέπτης, -ου	N		a thief	
πλήρης, -ες	Adj		full	
κλείω	V		to shut	
ἐπιμένω	V		to continue	
ἀθετέω	V		to reject	
ὁ δέσμιος, -ου	N		a prisoner	
ὁ δηνάριον, -ου	N		a "denarius"<br>a Roman coin (worth 1 day's wages)	
τό δεῖπνον, -ου	N		a supper	
διαλογίζομαι	V		to debate, reason	
διατάσσω	V		to command	
χορτάζω	V		to eat to the full, be satisfied, be filled	
ἡ λύπη, -ης	N		pain, grief, sorrow	
ὁ γάμος, -ου	N		a marriage, wedding, wedding feast	
κακῶς	Adv		badly	
ἡ σφραγίς, -ῖδος	N		a seal	
κατέρχομαι	V		to come down, go down	
θεμέλιος, -η, -ον	Adj		laid as a foundation, belonging to a foundation	
συνίστημι	V		to commend (transitive)<br>to stand with, consist (intransitive)	
παρέχω	V		to offer, afford	
ἐμβαίνω	V		to embark	
ἐκτείνω	V		to stretch forth, stretch out	
συλλαμβάνω	V		to take, conceive	
ὑστερέω	V		to lack, need	
προσδοκάω	V		to wait for, look for	
ἀνακρίνω	V		to examine	
τό σκάνδαλον, -ου	N		a cause of stumbling	
ὠφελέω	V		to profit	
σφραγίζω	V		to seal	
πώς	Adv		at all, somehow, in any way	
ὁμοιόω	V		to make like, liken, compare	
ἡ θρίξ, -τριχός	N		a hair	
ἀπάγω	V		to lead away	
παύομαι	V		to cease	
ὁ κληρονόμος, -ου	N		an heir	
ἡ ὑπακοή, -ῆς	N		obedience	
ἀνέχομαι	V		to endure	
ἡ εὐχαριστία, -ας	N		thanksgiving	
ἡ τράπεζα, -ης	N		a table	
ἡ πέτρα, -ας	N		a rock	
καταλαμβάνω	V		to overtake, apprehend	
νήπιος, -α, -ον	Adj		relating to an infant, toddler, or child	
ὅθεν	Adv		from which, whence	
ὁ ῥαββί	N		rabbi<br>master, teacher	
ξηραίνω	V		to dry up	
νομίζω	V		to suppose	
δέρω	V		to beat	
ἡ ὀψία, -ας	N		evening	
προλέγω	V		to say beforehand	
συμφέρω	V		to bring together; it is profitable	
ἡ παρθένος, -ου	N		a virgin	
ταχέως	Adv		quickly	
γνωστός, -ή, -όν	Adj		known	
μοιχεύω	V		to commit adultery	
ἡ ἀνομία, -ας	N		lawlessness	
ἐντέλλομαι	V		to command	
σαλεύω	V		to shake	
ἐπαγγέλλομαι	V		to promise	
ὁ τύπος, -ου	N		a mark, example	
κτίζω	V		to create	
ἡ εὐσέβεια, -ας	N		godliness, piety	
ὁ χόρτος, -ου	N		grass, hay	
ποτίζω	V		to give drink to	
ἡ ἐλαία, -ας	N		an olive tree	
ἡ οἰκουμένη, -ης	N		the (inhabited) world	
γυμνός, -ή, -όν	Adj		naked	
γεύομαι	V		to taste	
διαμαρτύρομαι	V		to testify solemnly	
ὁ λῃστής, -οῦ	N		a robber	
κοινός, -ή, -όν	Adj		common, unclean, unholy	
ὁ διαλογισμός, -οῦ	N		a reasoning, questioning, thought	
τό πετεινόν, -ου	N		a bird	
αὔριον	Adv		tomorrow	
ἀνθίστημι	V		to resist, oppose	
χωλός, -ή, -όν	Adj		lame	
ὁ ἐνιαυτός, -οῦ	N		a year	
κλάω	V		to break	
ἐπίσταμαι	V		to understand, know	
κατεσθίω	V		to eat up, devour	
ἡ μακροθυμία, -ας	N		long-suffering, patience, forbearance	
κοινόω	V		to make common, to defile	
ἡ ἄκανθα, -ης	N		a thorn	
ἕκτος, -η, -ον	Adj		sixth	
εὐφραίνω	V		to rejoice	
ἀφίστημι	V		to withdraw, depart, fall away	
ξένος, -η, -ον	pl		strange (adjective)<br>a stranger, a host (noun)	
κατανοέω	V		to observe	
ἁρπάζω	V		to seize	
θύω	V		to sacrifice, kill	
ἀμφότεροι, -αι, -α	Adj		both	
ἀναχωρέω	V		to depart, withdraw	
προσδέχομαι	V		to receive, wait for	
ὁ ὄφις, -εως	N		a serpent	
μακρόθεν	Adv		from afar, afar	
ἡ κληρονομία, -ας	N		an inheritance	
τό μύρον, -ου	N		ointment, perfume	
τό γράμμα, -τος	N		a letter<br>writings (plural)	
φρόνιμος, -ον	Adj		prudent, wise	
ἀτενίζω	V		to gaze, stare	
κωφός, -ή, -όν	Adj		deaf, dumb	
μερίζω	V		to divide, distribute	
ὁ σῖτος, -ου	N		wheat	
οἷος, -α, -ον	Pro		such as	
ἀπειθέω	V		to disbelieve, disobey	
τό μέτρον, -ου	N		a measure	
ὁ λύχνος, -ου	N		a lamp	
ἀνάκειμαι	V		to recline (at meals)	
τό τάλαντον, -ου	N		a talent	
ἡ φύσις, -εως	N		nature, race, instinct	
ὁ σεισμός, -οῦ	N		an earthquake	
νοέω	V		to understand	
ταπεινόω	V		to humble	
ἀλλότριος, -α, -ον	Adj		another's, strange, foreign	
διαλέγομαι	V		to dispute, reason	
διαφέρω	V		to differ	
ὕψιστος, -η, -ον	Adj		highest	
τίμιος, -α, -ον	Adj		precious, honorable	
ὁ τρόπος, -ου	N		manner, way	
ἀναλαμβάνω	V		to take up	
ἡ παιδίσκη, -ης	N		a maid servant	
παιδεύω	V		to teach, chastise, discipline	
καταρτίζω	V		to mend, fit, perfect, prepare	
ὁ καπνός, -οῦ	N		smoke	
στηρίζω	V		to establish	
ἕξ	Num		six	
ἡ παράδοσις, -εως	N		a tradition	
καταισχύνω	V		to put to shame	
ὁ θερισμός, -οῦ	N		harvest	
καταντάω	V		to come to, arrive	
τύπτω	V		to smite	
ἔξωθεν	Adv		from without, outside	
ὁ συνεργός, -οῦ	N		a fellow worker	
καθάπερ	Conj		even as, just as, as	
πρίν	Conj		before	
ἐκπλήσσομαι	V		to be astonished, amazed	
ἄνωθεν	Adv		from above, again	
ἐξαποστέλλω	V		to send forth	
ὁ δράκων, -οντος	N		a dragon	
ἀνά	Pre		upwards, up (acc)<br>each (with numerals)	
ἐπιζητέω	V		to seek for	
χωρίζω	V		to separate, depart, leave	
κλέπτω	V		to steal	
δαιμονίζομαι	V		to be demon possessed	
ἡ ἐλεημοσύνη, -ης	N		alms	
ἡ ἀναστροφή, -ῆς	N		conduct	
ἐμπαίζω	V		to mock	
ἡ ζύμη, -ης	N		leaven	
ὁ βαπτιστής, -οῦ	N		baptist	
τό γόνυ, γόνατος	N		a knee	
ὕστερος, -α, -ον	Adj		later, afterwards	
ὁ οἰκοδεσπότης, -ου	N		a householder	
ἔσωθεν	Adv		from within, within, inside	
ἡ βροντή, -ους	N		thunder	
δεῦτε	V		come!; follow!	
τό ἔθος, -ους	N		a custom	
ἡ λυχνία, -ας	N		a lampstand	
ψεύδομαι	V		to lie	
προσλαμβάνομαι	V		to receive, accept, take aside	
τό δίκτυον, -ου	N		a net	
ἡ ῥάβδος, -ου	N		a staff, rod	
ἄδικος, -ον	Adj		unjust, unrighteous	
κατακαίω	V		to burn up	
ὁ χοῖρος, -ου	N		a pig	
ὁ ἀλέκτωρ, -ορος	N		a cock	
ὁ ἀσκός, -οῦ	N		a (leather) bottle, wineskin	
περισσοτέρως	Adv		more abundantly	
πληθύνω	V		to multiply	
κατάκειμαι	V		to lie down, lie sick, recline (at meals)	
ταχύ	Adv		quickly	
ἀναπαύω	V		to refresh<br>to take rest (middle)	
ὁ λιμός, -οῦ	N		hunger, famine	
βοάω	V		to cry aloud	
λίαν	Adv		greatly	
ἐμβλέπω	V		to look at	
ἡ γέεννα, -ης	N		gehenna<br>Hell; Valley of Hinnom	
τό βῆμα, -τος	N		judgment seat	
πυνθάνομαι	V		to inquire	
πρωϊ	Adv		in the morning, early	
μάλιστα	Adv		especially	
σπλαγχνίζομαι	V		to have compassion	
ὁ κάλαμος, -ου	N		a reed	
ἡ φιάλη, -ης	N		a cup, bowl	
ὁ ὀδούς, ὀδόντος	N		a tooth	
ἡ πρόθεσις, -εως	N		a setting forth; a purpose	
κολλάομαι	V		to join, cleave to	
πλουτέω	V		to be rich	
παραιτέομαι	V		to make excuse, refuse	
τυγχάνω	V		to obtain, happen	
ἀναπίπτω	V		to recline	
τό ὅριον, -ου	N		a boundary, region	
τό κράτος, -ους	N		power, dominion	
πιάζω	V		to take	
ὁ πῶλος, -ου	N		a colt	
ἡ βουλή, -ῆς	N		counsel, purpose	
ἡ διάνοια, -ας	N		the mind, understanding, a thought	
τρίς	Adv		thrice	
μεταβαίνω	V		to depart	
φονεύω	V		to kill, murder	
ἐξάγω	V		to lead out	
τό ὅραμα, -τος	N		a vision	
ἡ πόρνη, -ης	N		a prostitute	
ἡ αὐλή, -ῆς	N		a courtyard, court	
μωρός, -ά, -όν	Adj		foolish	
ὑγιαίνω	V		to be in good health	
σαλπίζω	V		to sound a trumpet	
βασανίζω	V		to torment	
ἡ σπουδή, -ῆς	N		haste, diligence, earnestness	
συνέχω	V		to hold fast, oppress	
ἡ κακία, -ας	N		malice, evil	
πρότερος, -α, -ον	pl		former (adjective)<br>before (adverb)	
διαμερίζω	V		to divide, distribute	
συγγενής, -οῦς	pl		kindred (adjective)<br>a relative, kinsman (noun)	
καίω	V		to burn	
ἄφρων, -ον	Adj		foolish	
ἡ καταβολή, -ῆς	N		a foundation	
σχίζω	V		to split, tear	
ὁ δόλος, -ου	N		guile	
ἡ ἅλυσις, -εως	N		a chain	
ἡ ἐλευθερία, -ας	N		liberty	
ὑγιής, -ές	Adj		whole, healthy, well	
ἡ πηγή, -ῆς	N		a spring, fountain	
ἡ λίμνη, -ης	N		a lake	
ἀντιλέγω	V		to speak against, oppose	
θάπτω	V		to bury	
ὑποκάτω	Pre		under, below, down at	
κατασκευάζω	V		to prepare	
ἡ κλῆσις, -εως	N		a (divine) call, invitation, summons	
τό κέρας, -ατος	N		a horn	
ἡ πραΰτης, -ητος	N		gentleness, humility, courtesy	
εἴκοσι	Num		twenty	
ἐξουθενέω	V		to despise	
μετρέω	V		to measure	
σπουδάζω	V		to hasten, be eager	
χράομαι	V		to use	
ἡ ἀγορά, -ᾶς	N		a market-place	
φωτίζω	V		to give light, enlighten	
ὑμέτερος, -α, -ον	Adj		your	
εἰσάγω	V		to lead in	
ζηλόω	V		to be zealous	
τό πρᾶγμα, -τος	N		a deed, matter, thing	
ποιμαίνω	V		to shepherd, rule	
ἐπαισχύνομαι	V		to be ashamed	
ὁ ἔπαινος, -ου	N		praise	
ἡ βρῶσις, -εως	N		eating, food, rust	
ζῳοποιέω	V		to make alive	
τό καύχημα, -τος	N		a boasting, ground of boasting	
ὁμοθυμαδόν	Adv		with one accord	
ἡ δωρεά, -ᾶς	N		a gift from a beneficent giver	
ἡ νόσος, -ου	N		a disease	
ἡ ἀνατολή, -ῆς	N		east, dawn	
ὁ κράβαττος, -ου	N		a mattress, pallet, bed	
ἡ ἀπιστία, -ας	N		unbelief	
θανατόω	V		to put to death	
ὁ κλάδος, -ου	N		a branch (of a tree)	
ἐάω	V		to permit, allow	
ὁ κλῆρος, -ου	N		a lot, portion	
τό εἴδωλον, -ου	N		an image, idol	
τό ἔλαιον, -ου	N		olive oil	
ὁ ψευδοπροφήτης, -ου	N		a false prophet	
ὁ νεανίσκος, -ου	N		a youth	
φυτεύω	V		to plant	
ἐπισκέπτομαι	V		to visit, have a care for	
ἀγαλλιάω	V		to exult, rejoice	
ἡ σάλπιγξ, -ιγγος	N		a trumpet	
τό σπλάγχνον, -ου	N		bowels, heart, tender mercies, compassion	
ἀρχαῖος, -α, -ον	Adj		old, ancient	
σφόδρα	Adv		exceedingly	
τριάκοντα	Num		thirty (indeclinable)	
χίλιοι, -αι, -α	Num		a thousand	
ἐπιπίπτω	V		to fall upon	
τελευτάω	V		to die	
ἡ καύχησις, -εως	N		boasting	
ὑψηλός, -ή, -όν	Adj		high	
ἐνδείκνυμι	V		to show forth, show, demonstrate	
ὁ χιτών, -ῶνος	N		a tunic	
γέμω	V		to fill	
ἀπἀρνέομαι	V		to deny	
παράγω	V		to pass by	
ἡ ἀκαθαρσία, -ας	N		uncleanness, impurity	
ὁ ψεύστης, -ου	N		a liar	
τό δικαίωμα, -τος	N		regulation, righteous deed	
ἀπολογέομαι	V		to defend one's self	
ὁ οἰκονόμος, -ου	N		a steward	
ὁ ἀσπασμός, -οῦ	N		a greeting	
τό δάκρυον, -ου	N		a tear	
ἡ περιστερά, -ᾶς	N		a dove	
ἐξὁμολογέω	V		to confess, profess	
ἀπολαμβάνω	V		to receive from	
πενθέω	V		to mourn	
ἡ βίβλος, -ου	N		a book, scroll	
ἡ πύλη, -ης	N		a gate, porch	
ἐγκαταλείπω	V		to leave behind, forsake, abandon	
ἀναφέρω	V		to bring up, offer	
ἐπειδή	Conj		since, because	
ἡ ἀσέλγεια, -ας	N		licentiousness, debauchery, sensuality	
ὁ παντοκράτωρ, -ορος	N		ruler of all, the Almighty	
ἡ ἰσχύς, -ύος	N		strength	
φείδομαι	V		to spare	
σφάζω	V		to slay	
ὁ ᾅδης, -ου	N		Hades<br>Hell	
ἅμα	Pre		at the same time; together with (dat)	
κομίζω	V		to receive	
ὁ παραλυτικός, -οῦ	N		a paralytic	
μακροθυμέω	V		to be patient	
τέταρτος, -η, -ον	Adj		fourth	
τό ψεῦδος, -ους	N		a lie	
ἐμφανίζω	V		to manifest, disclose	
κοσμέω	V		to adorn	
χωρέω	V		to make room for; to hold	
ὁ πόρνος, -ου	N		a fornicator, immoral person	
πατάσσω	V		to smite	
πλατύς, -εῖα, -ύ	Adj		broad; street	
ὄντως	Adv		really, indeed	
σιωπάω	V		to be silent	
ἡ χρηστότης, -ητος	N		goodness, kindness	
ἀφαιρέω	V		to take away	
ξενίζω	V		to entertain (a stranger); to startle, bewilder	
ὁ διωγμός, -οῦ	N		persecution	
ἐπιτάσσω	V		to command	
ὁ ὅρκος, -ου	N		an oath	
μακράν	Adv		far away	
τό χωρίον, -ου	N		a place, field	
ἡ πλάνη, -ης	N		a wandering, error	
ἐκπίπτω	V		to fall away	
ἔνοχος, -ον	Adj		involved in, liable, guilty	
σέβω	V		to reverence, worship	
ὁ στρατηγός, -οῦ	N		a commander	
συζητέω	V		to discuss, dispute	
ἡ παρεμβολή, -ῆς	N		a camp, army, fortress	
ὅδε / ἥδε / τόδε	Pro		this (here)	
ἔνατος, -η, -ον	Adj		ninth	
ποικίλος, -η, -ον	Adj		varied, manifold	
τό ποίμνη, -ης  (ἡ)<br>ποίμνιον, -ου	N		a flock	
ἐκκόπτω	V		to cut out, cut off	
ἐντεῦθεν	Adv		from here, hence; on either side	
ὑπαντάω	V		to meet, go to meet	
ἀφορίζω	V		to separate, set apart	
θλίβω	V		to press, oppress	
ὁ κοινωνός, -οῦ	N		a partner, sharer	
σιγάω	V		to be silent, become silent	
μέλει	V		it is a care or concern	
κλητός, -ή, -όν	Adj		called	
ἀδύνατος, -ον	Adj		incapable, impossible	
προσκαρτερέω	V		to continue in or with	
ὁ βίος, -ου	N		life	
ἡ ἀπολύτρωσις, -εως	N		redemption	
ὀνομάζω	V		to name	
ἡ πλεονεξία, -ας	N		covetousness	
ὁ σύνδουλος, -ου	N		a fellow slave	
ὁ ἁγιασμός, -οῦ	N		sanctification	
τό ὑπόδημα, -τος	N		a sandal, shoe	
ἐπιτελέω	V		to complete, perform, finish	
ὁ δεσπότης, -ου	N		a master, lord	
καταλλάσσω / ἀποκαταλλάσσω	V		to reconcile	
καταφρονέω	V		to think little of, despise	
προπέμπω	V		to send before, send forth	
ἡ κλίνη, -ης	N		a couch	
ὁ μαργαρίτης, -ου	N		a pearl	
μεστός, -ή, -όν	Adj		full	
ἡ προσφορά, -ᾶς	N		an offering	
ὀνειδίζω	V		to reproach	
ἀναστρέφω	V		to return; to live	
ἡ ἄβυσσος, -ου	N		boundless, bottomless	
τό ὑστέρημα, -τος	N		that which is lacking, need, want	
ἡ λαμπάς, -άδος	N		a torch, lamp	
ἡ ἔρις, -ιδος	N		strife	
ἄρσην, -εν	Adj		male	
προέρχομαι	V		to go in front, precede	
ἡ οἰκονομία, -ας	N		stewardship, administration	
πιπράσκω	V		to sell	
ἡ αἵρεσις, -εως	N		choice, faction, party, sect	
ἡ γνώμη, -ης	N		purpose, opinion, consent, decision	
ἀναγκάζω	V		to force, compel, urge	
ἡ στάσις, -εως	N		a standing, rebellion, dissension	
ὁ λέων, -οντος	N		a lion	
τό κήρυγμα, -τος	N		a proclamation	
κατάγω	V		to bring down	
ἀσεβής, -ές	Adj		ungodly, impious	
ἡ περίχωρος, -ου	N		neighboring	
τό κύων, -κυνός  (ὁ) (ἡ)<br>κυνάριον, -ου	N		a dog (5)<br>a little dog (4)	
ἡ ἐκδίκησις, -εως	N		vengeance, vindication	
ἀποστρέφω	V		to turn away, turn back	
ὁ φθόνος, -ου	N		envy	
ἀποτίθημι	V		to put off, lay aside	
ἐπέρχομαι	V		to come to or upon	
ἡ ἀπαρχή, -ῆς	N		the first fruits	
ἡ ἀστραπή, -ῆς	N		lightning, brightness	
ἔσω	Adv		within	
ὁ λεπρός, -οῦ	pl		a leper (noun)<br>scaly, leprous (adjective)	
εὐάρεστος, -ον	Adj		well-pleasing	
καθαιρέω	V		to take down, pull down	
φθείρω	V		to destroy, corrupt, spoil	
οἰκέω	V		to inhabit, dwell, live	
ἡ σελήνη, -ης	N		the moon	
ὁ ἀρχισυνάγωγος, -ου	N		ruler of a synagogue	
ἡ μνᾶ, -ᾶς	N		a "mina"<br>a Greek monetary unit (worth 100 days' wages)	
ὁ φόνος, -ου	N		a murder	
τρέφω	V		to make to grow, to nourish, feed	
νομικός, -ή, -όν	Adj		pertaining to the law; one skilled in the Mosaic law, a lawyer	
λαμπρός, -ά, -όν	Adj		bright	
ἕβδομος, -η, -ον	Adj		seventh	
μεταξύ	Pre		between, after	
ἀποδοκιμάζω	V		to reject	
ὁ κλαυθμός, -οῦ	N		weeping	
διατρίβω	V		to continue	
λιθάζω	V		to throw stones, to stone	
ἡ εὐδοκία, -ας	N		good pleasure	
ἡ τάξις, -εως	N		an arranging, order	
κρούω	V		to knock, strike	
ὁ κίνδυνος, -ου	N		danger	
τό κλάσμα, -τος	N		a broken piece	
ἐπιδίδωμι	V		to give to	
εἰδωλόθυτος	Adj		sacrificed to idols	
πλεονάζω	V		to superabound, to make to abound	
χάριν	Pre		in favor of, for the pleasure of	
ἡ κατάπαυσις, -εως	N		rest	
δωρεάν	Adj		without cost; without cause	
μονογενής, -ές	Adj		only begotten, only	
ἀγαθοποιέω	V		to do good, right	
ἡ νῆσος, -ου	N		an island	
τό τεῖχος, -ους	N		a wall	
ἄζυμος, -ον	Adj		unleavened	
ἡ γωνία, -ας	N		an angle, a corner	
ἡ στολή, -ῆς	N		equipment, apparel, robe	
κάτω	Adv		down, below	
περιζώννυμι / ζωννύω	V		to gird	
ἡ φθορά, -ᾶς	N		destruction, corruption	
δεῦρο	V		come here!	
ἡ γαστήρ, -τρός	N		the belly	
εὐώνυμος, -ον	Adj		of good name, euph. for left	
μεταπέμπομαι	V		to send after, summon	
ἄνω	Adv		up, above	
διασκορπίζω	V		to scatter, separate, squander	
κραυγάζω	V		to cry out	
χρηματίζω	V		to instruct, reveal, answer, warn	
ἐντρέπω	V		to turn about, to reverence, to put to shame, respect	
ἡ ἄμπελος, -ου	N		vine	
ἀλείφω	V		to anoint	
ἀνατέλλω	V		to cause to rise	
στήκω	V		to stand, stand fast	
βόσκω	V		to feed	
ἑξήκοντα	Num		sixty	
ἐπιποθέω	V		to long for	
παρρησιάζομαι	V		to speak freely or boldly	
ἄνομος, -ον	Adj		lawless, without law	
ἀγωνίζομαι	V		to contend for a prize, struggle	
κινέω	V		to move	
νουθετέω	V		to admonish, exhort	
ἀπιστέω	V		to disbelieve, be faithless	
ἄμωμος, -ον	Adj		without blemish	
ἡ ἀπολογία, -ας	N		a speech in defense	
ὅσιος, -α, -ον	Adj		righteous, pious, holy	
μέντοι	Conj		yet, however	
ξηρός, -ά, -όν	Adj		dry, withered	
κοινωνέω	V		to have a share of	
θησαυρίζω	V		to lay up, store up, treasure	
πάντως	Adv		altogether, by all means	
διασῴζω	V		to bring safely through (a danger), to save thoroughly	
ἐναντίος, -α, -ον	Adj		opposite, hostile, opposed, contrary	
μεγαλύνω	V		to make or declare great, enlarge, exalt	
ἡ μυριάς, -άδος	N		ten thousand, a myriad	
βεβαιόω	V		to confirm, secure	
ἐκτός	Pre		aside from, besides, outside (gen)	
τό ἅλας, -ατος	N		salt	
ἄφθαρτος, -ον	Adj		imperishable; immortal	
ἡ ὑπερβολή, -ῆς	N		excess, superiority, surpassing greatness	
ἡ ἐσθής, -ῆτος	N		clothing	
ἴσος, -η, -ον	Adj		equal	
ὁ ζηλωτής, -οῦ	N		zealot	
τό σχίσμα, -τος	N		a tear, division, schism	
ὀξύς, -εῖα, -ύ	Adj		sharp, swift	
τό χάραγμα, -τος	N		a stamp, impress	
καλύπτω	V		to cover	
κατηχέω	V		to teach by word of mouth	
ἁγνός, -ή, -όν	Adj		pure, holy; chaste, innocent	
πορνεύω	V		to commit fornication	
ἀποκαθιστάνω	V		to restore, bring back	
ἀδόκιμος, -ον	Adj		not standing the test, rejected	
ταπεινός, -ή, -όν	Adj		humble, downcast	
ἡ ζώνη, -ης	N		a belt	
ἀπεκδέχομαι	V		to await eagerly	
μετέχω	V		to partake of, share in	
προϊστημι	V		to put before, to set over, to rule	
ἡ ἁπλότης, -ητος	N		singleness, hence simplicity	
ἕλκω	V		to drag	
γεμίζω	V		to fill	
βέβαιος, -α, -ον	Adj		firm, secure	
ῥίπτω	V		to throw, cast, to throw off, toss	
ἐξαιρέω	V		to take out, to deliver	
ἡ ὀσφύς, -ύος	N		the loin	
πρωτότοκος, -ον	Adj		first-born	
τό πραιτώριον, -ου	N		a "praetorium"<br>the headquarters in a Roman camp	
μεθερμηνεύω	V		to translate, to interpret	
συλλέγω	V		to collect, gather	
ἐνθάδε	Adv		within, here, hither	
τό τάχος, -ους	N		speed	
διηγέομαι	V		to relate fully	
σαπρός, -ά, -όν	Adj		rotten, worthless	
τάσσω	V		to arrange, appoint, order	
τό στράτευμα, -τος	N		an expedition, an army, a company of soldiers	
ὁ εὐνοῦχος, -ου	N		a eunuch	
ὁ βοῦς, βοός	N		an ox, a cow	
τό κοράσιον, -ου	N		a girl	
τό ἔνδυμα, -τος	N		apparel (esp. the outer robe)	
ἀρκέω	V		to assist, suffice	
συμβαίνω	V		to come together; to come to pass, happen	
εἰσφέρω	V		to carry inward, bring in	
κύκλῳ	Adv		in a circle, round about	
τό ζιζάνιον, -ου	N		a tare	
κατέναντι	Pre		over against, opposite	
ἡ νύμφη, -ης	N		a bride, a young woman	
γογγύζω	V		to mutter, murmur	
τό δρέπανον, -ου	N		a sickle, a pruning hook	
ἐπιλανθάνομαι	V		to forget, neglect	
εὐλογητός, -ή, -όν	Adj		well spoken of, blessed	
αἰνέω	V		to praise	
ὀκτώ	Num		eight	
σκοτίζομαι / σκοτόομαι	V		to darken	
διανοίγω	V		to open up completely	
ἐκφέρω	V		to carry out, bring forth	
ὁ δάκτυλος, -ου	N		a finger	
τό τεκνίον, -ου	N		a little child	
ἡ ἡλικία, -ας	N		maturity, age	
ἡ πατρίς, -ίδος	N		fatherland, hometown	
τό μέτωπον, -ου	N		the forehead	
ἀργός, -ή, -όν	Adj		inactive, idle	
ὁρίζω	V		to mark off by boundaries, to determine	
ὀργίζομαι	V		to make angry	
ἀντίκειμαι	V		to lie opposite, i.e. oppose, withstand	
ἄπειμι	V		to go away, depart; to be absent	
καρποφορέω	V		to bear fruit	
ἀναγκαῖος, -α, -ον	Adj		necessary	
ἡ ἐνέργεια, -ας	N		operative power	
τό βάθος, -ους	N		depth	
κόπτω	V		to strike, smite	
δουλόω	V		to enslave, bring under subjection	
τό συμβούλιον, -ου	N		counsel, a council	
προσκόπτω	V		to strike against, to stumble	
προσπίπτω	V		to fall upon, fall prostrate before	
ἐκφεύγω	V		to flee away	
συγκαλέω	V		to call together	
περιτίθημι	V		to place around	
ἐπισυνάγω	V		to gather, gather together	
διακόσιοι, -αι, -α	Num		two hundred	
βοηθέω	V		to come to the aid of	
πανταχοῦ / πανταχῇ	Adv		everywhere	
τό μνῆμα, -τος	N		grave, tomb	
διαστέλλομαι	V		to set apart, fig. to distinguish, to charge expressly	
τό βρέφος, -ους	N		an unborn or a newborn child, baby	
ἡ ἐπιταγή, -ῆς	N		a command, commandment	
φθάνω	V		to come before (another), anticipate, arrive	
ἐνίστημι	V		to be present	
κλίνω	V		to cause to bend, bow	
ἡ φλόξ, -φλογός	N		a flame	
ἡ μνεία, -ας	N		remembrance, mention	
τό δῶμα, -τος	N		a house, a housetop	
ἀποδέχομαι	V		to receive gladly, welcome	
περιβλέπομαι	V		to look around	
ἡ ἀγέλη, -ης	N		a herd	
εὔκοπος	Adj		easier	
δόκιμος, -ον	Adj		tested, approved	
διαστρέφω	V		to distort, pervert, misinterpret, corrupt	
σαρκικός, -ή, -όν	Adj		fleshly, carnal	
ὁ καθαρισμός, -οῦ	N		a cleansing, purification	
ἡ ζήτησις, -εως	N		a debate, controversy, discussion	
χαλάω	V		to slacken, let down	
ἡ ταπεινοφροσύνη, -ης	N		lowliness of mind, humility	
θαρσέω	V		to be of good courage	
ἐγκαλέω	V		to accuse, bring a charge	
μαστιγόω	V		to scourge	
λιθοβολέω	V		to pelt with stones, to stone	
ὁ ἰατρός, -οῦ	N		a physician	
ἐπιδείκνυμι	V		to show, prove	
ὁ βρυγμός, -οῦ	N		a biting, a gnashing of teeth	
πεντήκοντα	Num		fifty	
ἐπίκειμαι	V		to lie on	
ὁ εἰδωλολάτρης, -ου	N		an image worshiper, idolater	
ἡ ἀπείθεια, -ας	N		disobedience	
τό θεῖον, -ου	N		brimstone	
στρατεύομαι	V		to make war, hence to serve as a soldier	
προσφωνέω	V		to call to	
τό στάδιον -ου	N		an arena, stadium<br>a stadia (one-eighth mile)	
ἀεί	Adv		always, ever, unceasingly	
τό στοιχεῖον, -ου  (τό	N		elementary principles, elements	
ὁ τάφος, -ου	N		a grave, tomb	
ῥήγνυμι	V		to break apart, throw down, dash; to break forth	
διατίθημι	V		to grant, dispose of by a will	
ἀτιμάζω	V		to dishonor	
ὁ ψαλμός, -οῦ	N		a psalm	
ἐποικοδομέω	V		to build upon	
δέκατος, -η, -ον	Adj		tenth	
συγχαίρω	V		to rejoice with	
ἡ σύνεσις, -εως	N		understanding, insight	
ὁ κόκκος, -ου	N		a grain, seed	
ἁγνίζω	V		to purify, cleanse from defilement	
ἡ σκιά, -ᾶς	N		shadow	
ἡ σπεῖρα, -ης	N		cohort	
ποταπός, -ή, -όν	Adj		from what country? what kind of?	
πάλαι	Adv		long ago, of old	
ἡ ἐκλογή, -ῆς	N		a (divine) selection, choice	
ἡ ἔκστασις, -εως	N		bewilderment, ecstasy, astonishment	
καθέζομαι	V		to sit down	
φυσιόω	V		to puff or blow up, be arrogant	
προσμένω	V		to wait longer, remain	
συνανάκειμαι	V		to recline with (at table)	
πνέω	V		to blow	
ὁ θόρυβος, -ου	N		an uproar, riot	
χρηστός, -ή, -όν	Adj		good, kind	
ἡ ἀφορμή, -ῆς	N		an occasion, opportunity	
ἐνδυναμόω	V		to strengthen, empower	
ἡ δοκιμή, -ῆς	N		proof, approval	
συντρίβω	V		to break in pieces, crush	
ἡ ἀφθαρσία, -ας	N		incorruptibility, immortality	
ὄπισθεν	Adv		from behind, after	
ἐλευθερόω	V		to set free, exempt (from liability)	
κτάομαι	V		to acquire	
κυριεύω	V		to be lord over, rule	
ἀξιόω	V		to consider worthy	
τό ὑποπόδιον, -ου	N		a footstool	
ἐπίγειος, -ον	Adj		of the earth, earthly	
ἀνθρώπινος, -η, -ον	Adj		human	
ἀνταποδίδωμι	V		to recompense, repay	
ὁ ἀήρ, -έρος	N		air	
μεταλαμβάνω	V		to partake of, share	
προστάσσω	V		to command, order	
Ἑβραϊστί	Adv		in the Hebrew (or Aramaic) language	
ἐκζητέω	V		to seek out, inquire	
καταπίνω	V		to drink down, swallow	
ἡμέτερος, -α, -ον	Adj		our	
ἐμπίπτω	V		to fall into	
τό φίλημα, -τος	N		a kiss	
ἡ πονηρία, -ας	N		iniquity, wickedness	
ὁ ὀφειλέτης, -ου	N		a debtor	
ὁ φονεύς, -έως	N		a murderer	
ἡ ἐριθεία, -ας	N		rivalry, ambition	
ἄκαρπος, -ον	Adj		unfruitful	
κρεμάννυμι	V		to hang	
ὁ τράχηλος, -ου	N		the neck	
γαμίζω	V		to give in marriage	
ἡ κατάρα / ἀρά, -ᾶς	N		a curse	
ὁ νότος, -ου	N		the south wind, south	
ἡ ἀπάτη, -ης	N		deceit, deceitfulness	
πολεμέω	V		to wage war	
τό χεῖλος, -ους	N		a lip, an edge	
ἔνειμι	V		to be in, within	
συμβιβάζω	V		to hold together, to instruct	
ἡ ἀτιμία, -ας	N		dishonor	
βραχύς, -εια, -ύ	Adj		short, little	
ἡ ῥομφαία, -ας	N		a sword	
βρέχω	V		to send rain, to rain, to wet	
ἀπολείπω	V		to leave, leave behind, abandon	
λάμπω	V		to shine	
ὁ ἐπιστάτης, -ου	N		a chief, commander, master	
τό πτῶμα, -τος	N		dead body, corpse	
ἀγανακτέω	V		to be indignant	
πρέπω	V		to be clearly seen, to be fitting, proper	
φιμόω	V		to muzzle, to put to silence	
δηλόω	V		to make clear, declare	
ἡ παράβασις, -εως	N		a going aside, a transgression	
ὑπομιμνῄσκω	V		to remind, remember	
τό φρέαρ, -ατος	N		a well	
ἡ μοιχαλίς, -ίδος	N		an adulteress	
ἡ ᾠδή, -ῆς	N		a song, ode	
ἡ σινδών, -όνος	N		fine linen cloth	
ἐπαἰνέω	V		to praise	
πώποτε	Adv		ever yet, any time	
τό χρῆμα, -τος	N		wealth, money	
ἡ συντέλεια, -ας	N		completion, end, consummation	
ἐκδικέω	V		to vindicate, to avenge	
βαρέω	V		to burden, weigh down	
ὁ αἰγιαλός, -οῦ	N		the seashore, beach	
τό ἀνάθεμα, -τος	N		anathema<br>that which is accursed	
νήφω	V		to be sober, to abstain from wine	
λείπω	V		to leave, leave behind, lack	
ζημιόω	V		to suffer loss	
καταφιλέω	V		to kiss fervently	
ἡ διαφθορά, -ᾶς	N		decay, corruption	
βουλεύομαι	V		to take counsel, deliberate, resolve	
ὁ ὕπνος, -ου	N		sleep	
ἐκδέχομαι	V		to await, expect	
τό ὁμοίωμα, -τος	N		likeness, form, appearance	
πλέω	V		to sail	
τό καταπέτασμα, -τος	N		a curtain or veil	
τό ὑπόδειγμα, -τος	N		a copy, example	
τό ὄναρ	N		a dream	
ὁ μέτοχος, -ου	N		partaker, partner	
ἡ κιβωτός, -οῦ	N		a wooden box, ark	
ἀποτάσσομαι	V		to set apart, take leave of	
τό κάρφος, -ους	N		a speck	
ἡ μάστιξ, -ιγος	N		a whip, scourge, affliction	
χειροποίητος, -ον	Adj		made by hand	
ἡ πενθερά, -ᾶς	N		a mother-in-law	
ὁ πηλός, -οῦ	N		clay, mud	
ἀνόητος, -ον	Adj		foolish	
συμφωνέω	V		to agree with, agree together	
σκληρύνω	V		to harden	
συλλαλέω	V		to talk with, discuss	
σπεύδω	V		to hasten, urge on, hurry	
ἐξηγέομαι	V		to relate, explain	
ἡ πρᾶξις, -εως	N		a deed, function, practice, praxis	
φθαρτός, -ή, -όν	Adj		perishable, corruptible	
παραδέχομαι	V		to receive, accept	
ὁ ζυγός, -οῦ	N		a yoke	
ἀπωθέομαι	V		to reject, repudiate	
ἀπειθής, -ές	Adj		disobedient	
θαρρέω	V		to be of good courage, have confidence	
σκοπέω	V		to look at, contemplate, observe	
ἡ κλείς, -κλειδός	N		a key	
τό θυμίαμα, -τος	N		incense	
καθότι	Conj		according as, because, since	
ἀπορέω	V		to be at a loss, be perplexed	
ὑποδείκνυμι	V		to show, indicate, point out	
ὁ ποιητής, -οῦ	N		a maker, a doer	
θερμαίνομαι	V		to warm	
ὁ σπόρος, -ου	N		a seed (sown)	
ἡ πεποίθησις, -εως	N		confidence	
ὁ μιμητής, -οῦ	N		an imitator	
ὁ πυρετός, -οῦ	N		a fever	
θαυμαστός, -ή, -όν	Adj		wonderful, marvelous	
μετατίθημι	V		to transfer, change	
συναντάω	V		to meet with, hence to happen	
ἀναμιμνῄσκω	V		to remind, remember	
ἡ παρασκευή, -ῆς	N		preparation, the day of preparation (for a Sabbath or feast)	
σωφρονέω	V		to be of sound mind, judgment	
ὁ κάμηλος, -ου	N		camel	
παρατηρέω	V		to watch closely, to observe scrupulously	
ἐπιβαίνω	V		to go aboard, to set foot, embark	
τό βάρος, -ους	N		burden, weight	
ὡσαννά	V		hosanna<br>save, help us	
συνευδοκέω	V		to consent, approve, agree heartily	
ἐγκεντρίζω	V		to ingraft, graft in	
ἡ πρόφασις, -εως	N		a pretense, pretext	
τό πρόσκομμα, -τος	N		a stumbling, an occasion of stumbling, offense	
τό ὅπλον, -ου	N		a tool, implement, weapon	
ἱνατί	Adv		for what purpose? why?	
διεγείρω	V		to arouse completely, stir up	
διαπεράω	V		to cross over	
ἐμπτύω	V		to spit upon	
τό ἄκρον, -ου	N		high point, boundary	
σβέννυμι	V		to quench, extinguish	
πληροφορέω	V		to fulfill, accomplish fully	
ἐραυνάω	V		to search, examine, inquire	
πεντακισχίλιοι, -αι, -α	Num		five thousand	
ἀποστερέω	V		to defraud, deprive of	
ἡ ἐπιφάνεια, -ας	N		appearance, appearing	
ἀποκόπτω	V		to cut off	
ἀναπληρόω	V		to fill up, fulfill	
διαφθείρω	V		to destroy utterly, to spoil, corrupt	
τό σπήλαιον, -ου	N		a cave	
ἡ ἀποθήκη, -ης	N		a storehouse, barn	
ψυχικός, -ή, -όν	Adj		natural, wordly-minded	
βαρύς, -εῖα, -ύ	Adj		heavy, burdensome	
βάρβαρος, -ον	Adj		barbarous, barbarian	
προκόπτω	V		to proceed, advance	
ἕνδεκα	Num		eleven	
κακόω	V		to mistreat, harm	
φαῦλος, -η, -ον	Adj		worthless, bad	
ἀξίως	Adv		worthily	
τό ὕψος, -ους	N		height	
ὁ μόσχος, -ου	N		a calf	
διερμηνεύω	V		to translate, interpret	
ὁ κόλπος, -ου	N		a bosom, breast	
προορίζω	V		to predetermine, foreordain, predestine	
μεταμέλομαι	V		to regret, repent	
εἰκῇ	Adv		without cause or reason, vainly	
ἐκδύω	V		to take off, to put off	
ἡ πήρα, -ας	N		a leather pouch, bag	
ἡ ὑπόκρισις, -εως	N		hypocrisy	
ἐπισκιάζω / κατασκιάζω	V		to overshadow	
περιάγω	V		to lead around, to go about	
θνητός, -ή, -όν	Adj		subject to death, mortal	
μάταιος, -α, -ον	Adj		vain, useless, worthless	
πυρόομαι	V		to set on fire, to burn (pass.)	
τό φορτίον, -ου	N		a burden, load	
συμβάλλω	V		to discuss, consider, meet with	
ἐξαπατάω	V		to seduce wholly, deceive	
στρωννύω	V		to spread, furnish	
τό φύλλον, -ου	N		a leaf	
τό βδέλυγμα, -τος	N		a detestable thing, abomination	
σημαίνω	V		to indicate, signify	
ἀνυπόκριτος, -ον	Adj		sincere, without hypocrisy, genuine	
ἀποδημέω	V		to go abroad, go on a journey	
ἀνακλίνω	V		to lay upon, lay down, to lie back	
ἐγκακέω	V		to lose heart	
ὁ βάτος, -ου	N		a bath (a liquid measure)	
μόλις	Adv		with difficulty	
ὁ κόφινος, -ου	N		a basket	
ἡ ὀσμή, -ῆς	N		a smell, aroma, fragrance	
ἡ ἀσέβεια, -ας	N		ungodliness, impiety	
ἡ διάλεκτος, -ου	N		speech, language	
ὁ μάγος, -ου	N		a magician, mage	
φορέω	V		to wear, bear	
ἡ κραυγή, -ῆς	N		an outcry, crying, clamor	
κόκκινος, -η, -ον	Adj		scarlet	
ἡ ὁμολογία, -ας	N		a confession	
ἡ αἰσχύνη, -ης	N		shame	
ἡ φιλαδελφία, -ας	N		the love of brothers, brotherly love	
ἡ ἔχθρα, -ας	N		enmity, hostility	
συντελέω	V		to complete, accomplish, finish	
ἡ δοκός, -οῦ	N		a beam of timber, log	
στενάζω	V		to groan (within oneself), sigh deeply	
εἴπερ	Conj		if perhaps	
ἡ παιδεία, -ας	N		training, discipline	
ὁ βασανισμός, -οῦ	N		torment	
ὁ ἀγών, -ῶνος	N		a struggle, fight	
τρώγω	V		to gnaw, crunch, eat	
ἐξαυτῆς	Adv		at once, forthwith, immediately	
ἡ λειτουργία, -ας	N		a religious service, ceremony, liturgy; a ministry	
ἀλλάσσω	V		to change	
ὁ μεσίτης, -ου	N		a mediator	
ὁ λύκος, -ου	N		a wolf	
ἡ ἐργασία, -ας	N		profit, business, work	
ἀποφέρω	V		to carry off, bear away	
τό ὄξος, -ους	N		sour wine	
δίς	Adv		twice	
λανθάνω	V		to escape notice	
ὁ χειμών, -ῶνος	N		winter, a storm	
ἡ μέριμνα, -ης	N		care, anxiety, worry	
τό νόημα, -τος	N		thought, mind, purpose	
