Phrase	Grammar	Transcription	Translation	Notes
مِنْ	Preposition		from	2107
اللَّهِ	Proper noun		Allah	1899
فِي	Preposition		in	1168
الَّذِينَ	Relative pronoun		those who	819
لَا	Negative particle		not	737
مَا	Relative pronoun		what	729
إِنَّ	Accusative particle		indeed	654
إِلَّا	Restriction particle		except	554
وَلَا	Negative particle		not	482
وَمَا	Negative particle		and not	446
أَنْ	Subordinating conjunction		that	436
قَالَ	Verb		to say	425
عَلَىٰ	Preposition		on	371
يَقُولُ	Verb		to say	369
مَنْ	Relative pronoun		who	355
رَبَّكُمُ	Noun		your lord	342
ثُمَّ	Coordinating conjunction		then	336
ذَٰلِكَ	Demonstrative pronoun		that	327
إِلَى	Preposition		to	315
بِمَا	Relative pronoun		what	282
إِنْ	Conditional particle		if	282
أَوْ	Coordinating conjunction		or	280
عَلَى	Preposition		on	265
كَانُوا	Verb		to be	255
اللَّهُ	Proper noun		Allah	253
قَالُوا	Verb		to say	252
الْأَرْضِ	Noun		the earth	251
يُؤْمِنُونَ	Verb		to believe	249
وَاللَّهُ	Proper noun		Allah	247
هَٰذَا	Demonstrative pronoun		this	234
الَّذِي	Relative pronoun		those who	227
كُنْتُمْ	Verb		to be	225
مَا	Relative pronoun Relative pronoun		what	729
فِيهِ	Preposition		in	193
كُلِّ	Noun		every	193
كَانَ	Verb		to be	192
إِذَا	Time adverb		when	191
عَنْ	Preposition		from	188
السَّمَاوَاتِ	Noun		the heavens	188
وَلَا	Negative particle Negative particle		not	482
قَدْ	Particle of certainty		and certainly	178
مِنَ	Preposition		from	177
وَمَا	Negative particle Negative particle		and not	446
كَانَتْ	Verb		to be	175
وَالَّذِينَ	Relative pronoun		those who	169
فِيهَا	Preposition		in	167
لَمْ	Negative particle		not	165
رَبِّ	Noun		your lord	163
عَلَيْهِمْ	Preposition		on	159
وَالْأَرْضِ	Noun		the earth	157
إِذْ	Time adverb		when	157
وَإِنْ	Conditional particle		if	156
عَلَيْهِ	Preposition		on	154
إِنَّا	Accusative particle		indeed	153
وَإِذَا	Time adverb		when	151
بِاللَّهِ	Proper noun		Allah	146
يَا أَيُّهَا	Noun		o you	146
إِنَّهُ	Accusative particle		indeed	144
الْكِتَابُ	Noun		the book	143
تَعْلَمُونَ	Verb		to know	138
مِنْهُمْ	Preposition		from	137
عَلَيْكُمْ	Preposition		on	137
يَوْمِ	Noun		day	135
وَمَنْ	Relative pronoun		who	133
أُولَٰئِكَ	Demonstrative pronoun		those	133
فَإِنْ	Conditional particle		if	130
مِنْهَا	Preposition		from	126
فَلَمَّا	Time adverb		and when	125
أَنَّ	Accusative particle		that	124
إِنِّي	Accusative particle		indeed	123
يَشَاءُ	Verb		to will, to wish	123
أَمْ	Coordinating conjunction		or	122
بَلْ	Retraction particle		nay	122
كَفَرُوا	Verb		to disbelieve	122
عَذَابٌ	Noun		a punishment	121
شَيْءٍ	Noun		thing	120
شَيْئًا	Noun		thing	120
مِنْكُمْ	Preposition		from	116
النَّاسِ	Noun		the people	115
لِلَّهِ	Proper noun		Allah	112
رَبِّهِمْ	Noun		your lord	112
إِنَّمَا	Accusative particle		indeed	111
مِمَّا	Preposition		from	110
رَبَّنَا	noun		your lord	106
إِلَيْكَ	Preposition		to	106
وَلَوْ	Conditional particle		and if	105
مُوسَىٰ	Proper noun		Musa	105
وَلَقَدْ	Particle of certainty		and certainly	104
النَّارَ	Noun		the fire	104
إِلَّا	Restriction particle Restriction particle		except	554
السَّمَاءِ	Noun		the heavens	100
وَمَنْ	Relative pronoun Relative pronoun		who	133
إِنْ	Conditional particle Conditional particle		if	282
عِنْدَ	Location adverb		with	98
الْحَقُّ	Noun		the truth	97
سَبِيلِ	Noun		way	97
يَكْفُرُونَ	Verb		to disbelieve	97
الْمُؤْمِنِينَ	Noun		the believers	95
حَتَّىٰ	Preposition		until	95
آمَنَ	Verb		to believe	95
قَبْلُ	Noun		before	94
لَا	Negative particle Negative particle		not	737
يَعْمَلُونَ	Verb		to do, to work	92
أَلَمْ	Negative particle		not	91
فَلَا	Negative particle		not	89
إِلَٰهًا	Noun		god	89
الْقَوْمِ	Noun		a people	88
الَّتِي	Relative pronoun		those who	87
كَذَٰلِكَ	Demonstrative pronoun		that	87
قَوْمًا	Noun		a people	87
وَقَالُوا	Verb		to say	87
وَكَانَ	Verb		to be	86
بَعْدِ	Noun		after	85
دُونِ	Noun		besides	84
وَإِنَّ	Accusative particle		indeed	83
عَلَيْكُمُ	Preposition		on	83
آيَةٍ	Noun		a sign	82
الْعَذَابِ	Noun		a punishment	78
لِلَّذِينَ	Relative pronoun		those who	77
إِلَيْهِ	Preposition		to	76
الْعَذَابُ	Noun		a punishment	76
رَحِيمٌ	Adjective		most merciful	76
كَذَّبُوا	Verb		to deny, to reject	76
مِنْهُ	Preposition		from	75
بَيْنَهُمْ	Location adverb		between them	75
آمَنُوا	Verb		to believe	75
رَبِّهِ	Noun		your lord	74
جَهَنَّمُ	Proper noun		Hell	74
وَإِذْ	Time adverb		when	72
عَظِيمٌ	Adjective		great	72
الدُّنْيَا	Adjective		the world	72
عَنْهُمْ	Preposition		from	70
الْقِيَامَةِ	Noun		the resurrection	70
فَإِنَّ	Accusative particle		indeed	69
إِلَىٰ	Preposition		to	69
لَوْ	Conditional particle		and if	69
وَقَدْ	Particle of certainty		and certainly	68
وَرَسُولِهِ	Noun		and his messenger	67
هَلْ	Interogative particle		is	67
أَلِيمٌ	Adjective		painful	67
مُبِينٍ	Noun		clear	67
يَعْلَمُ	Verb		to know	67
وَقَالَتِ	Verb		to say	66
إِنَّكُمْ	Accusative particle		indeed	65
بَيْنَ	Location adverb		between them	65
قُلُوبِهِمْ	Noun		their hearts	65
الْعَلِيمُ	Adjective		all-knower	65
يَوْمَئِذٍ	Time adverb		that day	65
وَلَٰكِنْ	Amendment particle		but	65
تَكُونُوا	Verb		to be	65
أَنْفُسَهُمْ	Noun		themselves	64
الظَّالِمِينَ	Noun		the wrongdoers	64
الْآخِرَةِ	Noun		the hereafter	63
لَعَلَّكُمْ	Accusative particle		so that you may	63
أُنْزِلَ	Verb		to send down, to reveal	63
جَنَّاتٍ	Noun		gardens	62
أَصْحَابُ	Noun		companions	62
فِرْعَوْنَ	Proper noun		Firaun	62
خَلَقَ	Verb		to create	62
إِنَّهُمْ	Accusative particle		indeed	61
لَنْ	Negative particle		never	61
الْعَالَمِينَ	Noun		the worlds	61
الصَّالِحَاتِ	Noun		righteous deeds	61
بِآيَاتِنَا	Noun		a sign	60
بِالْكَافِرِينَ	Noun		the disbelievers	60
بِالْحَقِّ	Noun		the truth	59
كَيْفَ	Interogative particle		how	59
رَبَّ	Noun		your lord	58
الصَّلَاةَ	Noun		the prayer	58
اللَّيْلِ	Noun		the night	57
الْحَيَاةِ	Noun		the life	57
إِبْرَاهِيمَ	Proper noun		Ibrahim	57
تَعْمَلُونَ	Verb		to do, to work	57
كُلُّ	Noun		every	56
خَيْرٌ	Noun		better	56
الشَّيْطَانُ	Proper noun		The shaitaan	56
كَمَا	Subordinating conjunction		as	56
بَعْدَ	Time adverb		after	56
مَعَ	Location adverb		with	55
شَاءَ	Verb		to will, to wish	55
لِمَنْ	Relative pronoun		who	53
فَإِذَا	Time adverb		when	53
وَلَمْ	Negative particle		not	53
فَلَا	Negative particle Negative particle		not	89
يَوْمًا	Noun		day	53
وَلَٰكِنَّ	Accusative particle		but	53
وَمِنَ	Preposition		from	52
لِقَوْمٍ	Noun		a people	52
لِلنَّاسِ	Noun		the people	52
بَعْضٍ	Noun		some of them	52
عَلِيمٌ	Noun		all-knower	52
اعْبُدُوا	Verb		to worship	52
عَلَيْنَا	Preposition		on	51
جَاءَهُمْ	Verb		to come	51
وَمِنْ	Preposition		from	50
بِغَيْرِ	Noun		without	50
يَوْمَ	Time adverb		day	50
جَمِيعًا	Noun		all	50
عَمَّا	Preposition		from	49
رَسُولٌ	Noun		and his messenger	49
عِلْمَ	Noun		knowledge	49
الْجَنَّةَ	Proper noun		Paradise	49
وَقُولُوا	Verb		to say	49
كُنَّا	Verb		to be	49
تَجْرِي	Verb		to flow, to run	49
وَأَنَّ	Accusative particle		that	48
حَكِيمٌ	Adjective		all-wise	48
أَفَلَا	Negative particle		not	47
النَّاسُ	Noun		the people	47
بِمُؤْمِنِينَ	Noun		the believers	47
الْمَلَائِكَةِ	Noun		the angels	47
أَحَدٍ	Noun		anyone	47
غَفُورٌ	Noun		oft-forgiving	47
حَتَّىٰ	Preposition Preposition		until	95
وَاتَّقُوا	Verb		to be righteous, to fear (Allah)	47
يَهْدِي	Verb		to guide	47
قَبْلِكَ	Noun		before	46
الْقُرْآنُ	Proper noun		The quran	46
الْأَنْهَارُ	Noun		the rivers	46
فَأُولَٰئِكَ	Demonstrative pronoun		those	45
فَمَنْ	Conditional particle		and whoever	45
جَعَلَ	Verb		to make	45
تَرَ	Verb		to see	45
عَلَيْهِمُ	Preposition		on	44
الرَّسُولُ	Noun		and his messenger	44
أَرْسَلْنَا	Verb		to send	44
هَٰؤُلَاءِ	Demonstrative pronoun		this	43
الْعَزِيزُ	Noun		the all-mighty	43
يُحِبُّ	Verb		to love, to like	43
فَمَا	Negative particle		and not	42
أَلَّا	conjunction Subordinating		that	42
لَعَلَّهُمْ	Accusative particle		so that you may	42
قَدِيرٌ	Noun		all-powerful	42
إِسْرَائِيلَ	Proper noun		Israel	42
أَنَّهُمْ	Accusative particle		that	41
خَالِدُونَ	Noun		abide forever	41
إِنْسَانٍ	Noun		man	41
مَاءً	Noun		water	41
تَحْتِهَا	Noun		underneath it	41
الدُّنْيَا	Adjective Adjective		the world	72
الْأَرْضَ	Noun		the earth	40
إِلَيْهِمْ	Preposition		to	39
وَكَذَٰلِكَ	Demonstrative pronoun		that	39
أَلَا	Inceptive particle		no doubt	39
وَجَعَلْنَا	Verb		to make	39
يُرِيدُ	Verb		to intend, to desire, to want, to wish	39
أَخَافُ	Verb		to fear, to be afraid	39
يَا قَوْمِ	Noun		a people	38
وَعْدَ	Noun		promise	38
وَكَانُوا	Verb		to be	38
وَعَمِلُوا	Verb		to do, to work	38
يَرَوْا	Verb		to see	38
قَبْلِهِمْ	Noun		before	37
مَنْ	Relative pronoun Relative pronoun		who	355
مَعَكُمْ	Location adverb		with	37
دُونِهِ	Noun		besides	37
أَكْثَرُهُمْ	Noun		most of them	37
السَّاعَةُ	Noun		the hour	37
جَاءَ	Verb		to come	37
قَوْمُهُ	Noun		a people	36
الْآيَاتِ	Noun		a sign	36
أَنْفُسَكُمْ	Noun		themselves	36
بَعْضُهُمْ	Noun		some of them	36
أَهْلِ	Noun		people	36
أَيْدِيهِمْ	Noun		their hands	36
عَلِيمٌ	Noun Noun		all-knower	52
قَلِيلًا	Noun		a little	36
مِنَّا	Preposition		from	35
مَعَهُ	Location adverb		with	35
مَا	Relative pronoun Relative pronoun Relative pronoun		what	729
صَالِحًا	Noun		the righteous	35
قِيلَ	Verb		to say	35
وَقَالَ	Verb		to say	35
عَنْهَا	Preposition		from	34
هُدًى	Noun		guidance	34
الرَّحْمَٰنُ	Noun		the most gracious	34
نُوحٍ	Proper noun		Nuh	34
ظَلَمُوا	Verb		to oppress, to wrong	34
لَيْسَتِ	Verb		to not be	34
وَمِنْهُمْ	Preposition		from	33
وَفِي	Preposition		in	33
وَإِنَّا	Accusative particle		indeed	33
خَيْرٍ	Noun		better	33
الرَّحِيمِ	Adjective		most merciful	33
أَوْلِيَاءَ	Noun		allies	33
مُبِينٌ	Adjective		clear	33
أَعْلَمُ	Noun		most knowing	33
كَلَّا	Aversion particle		nay	33
أَنْزَلَ	Verb		to send down, to reveal	33
تَتَّخِذُوا	Verb		to take	33
آيَاتِنَا	Noun		a sign	32
رَحْمَتَ	Noun		mercy	32
صَادِقِينَ	Noun		truthful	32
نَذِيرٍ	Noun		a warner	32
آلَاءِ	Noun		favors	32
جَعَلْنَا	Verb		to make	32
أُوتُوا	Verb		to give	32
عَلَيْهِنَّ	Preposition		on	31
عَنْكُمْ	Preposition		from	31
آيَاتٍ	Noun		a sign	31
كِتَابٌ	Noun		the book	31
ذُو	Noun		owner	31
مَثَلًا	Noun		example	31
الْحَكِيمُ	Adjective		all-wise	31
بَنِي	Noun		children	31
خَالِدِينَ	Noun		abide forever	31
الْحَمْدُ	Noun		all praise	31
جَاءُوا	Verb		to come	31
تُكَذِّبَانِ	Verb		to deny, to reject	31
تَتَّبِعُوا	Verb		to follow	31
يَسْمَعُونَ	Verb		to hear, to listen	31
آيَاتِهِ	Noun		a sign	30
نَفْسٌ	Noun		themselves	30
الْمُحْسِنِينَ	Noun		the good-doers	30
فَيَقُولُونَ	Verb		to say	30
نُؤْمِنَ	Verb		to believe	30
وَعَمِلَ	Verb		to do, to work	30
فَاتَّقُونِ	Verb		to be righteous, to fear (Allah)	30
لَفِي	Preposition		in	29
وَالْيَوْمِ	Noun		day	29
لَمَّا	Time adverb		and when	29
خَيْرَ	Noun		better	29
فَضْلِهِ	Noun		his bounty	29
النِّسَاءَ	Noun		the women	29
ضَلَالٍ	Noun		error	29
الْمُرْسَلِينَ	Noun		the messengers	29
فَإِنَّمَا	Accusative particle		indeed	28
أَشْيَاءَ	Noun		thing	28
بَيْنَكُمْ	Location adverb		between them	28
أَكْثَرَ	Noun		most of them	28
أَعْمَالَهُمْ	Noun		their deeds	28
الْغَيْبِ	Noun		the unseen	28
أَنْ	Subordinating conjunction Subordinating conjunction		that	436
الْمُجْرِمِينَ	Noun		the criminals	28
لَوْلَا	Exhortation particle		why not	28
شَدِيدٌ	Adjective		severe	28
مَرْيَمَ	Proper noun		Maryam	28
عَاقِبَةُ	Noun		end	28
أَبَدًا	Time adverb		ever	28
وَجَعَلَ	Verb		to make	28
كُلُوا	Verb		to eat, to consume	28
وَإِلَى	Preposition		to	27
فَقَدْ	Particle of certainty		and certainly	27
بِكُلِّ	Noun		every	27
وَيَوْمَ	Noun		day	27
غَيْرِ	Noun		without	27
الدِّينَ	Noun		the religion	27
الْمُشْرِكِينَ	Noun		the polytheists	27
الزَّكَاةَ	Noun		the zakah	27
تَدْعُونَ	Verb		to call, to invite, to pray	27
تُرْجَعُ	Verb		to return	27
تَعْقِلُونَ	Verb		to understand, to reason	27
وَلِلَّهِ	Proper noun		Allah	26
فِيمَا	Preposition		in	26
لِكُلِّ	Noun		every	26
نَفْسٍ	Noun		themselves	26
الْقَوْلِ	Noun		the word	26
وَمَا	Negative particle Negative particle Negative particle		and not	446
ابْنَ	Noun		son	26
الْأَوَّلِينَ	Noun		the former	26
غَفُورًا	Adjective		oft-forgiving	26
قَلِيلًا	Noun Noun		a little	36
نَشَاءُ	Verb		to will, to wish	26
يَدْعُونَ	Verb		to call, to invite, to pray	26
إِلَيَّ	Preposition		to	25
بِآيَاتِ	Noun		a sign	25
لَآيَاتٍ	Noun		a sign	25
رَسُولٍ	Noun		and his messenger	25
نَفْسَهُ	Noun		themselves	25
الْحَقِّ	Noun		the truth	25
الْأَمْرُ	Noun		the matter	25
عِبَادِهِ	Noun		his slaves	25
أَوَّلَ	Noun		the former	25
النَّهَارِ	Noun		the day	25
وَالنَّهَارِ	Noun		the day	25
الْجَحِيمِ	Noun		the hellfire	25
يَعْلَمُونَ	Verb		to know	25
لَيْسَ	Verb		to not be	25
مِمَّنْ	Preposition		from	24
تِلْكَ	Demonstrative pronoun		that	24
وَأُولَٰئِكَ	Demonstrative pronoun		those	24
السَّبِيلِ	Noun		way	24
يَا مُوسَىٰ	Proper noun		Musa	24
كَافِرِينَ	Noun		the disbelievers	24
الْفَضْلِ	Noun		his bounty	24
عَدُوًّا	Noun		an enemy	24
وَأَمَّا	Explanation particle		but as for	24
كَثِيرًا	Noun		many	24
بِإِذْنِ	Noun		by (the) permission	24
الْخَاسِرُونَ	Noun		the losers	24
كَرِيمًا	Adjective		noble	24
أَنْزَلْنَا	Verb		to send down, to reveal	24
وَاذْكُرُوا	Verb		to remember, to mention	24
يَحْزَنُونَ	Verb		to grieve	24
حَقٌّ	Noun		the truth	23
نَارٌ	Noun		the fire	23
غَيْرَ	Noun		without	23
لِلْكَافِرِينَ	Noun		the disbelievers	23
وَرَحْمَةٌ	Noun		mercy	23
الْعِلْمِ	Noun		knowledge	23
فَهَلْ	Interogative particle		is	23
أُمَّةٍ	Noun		nation	23
بِالْبَيِّنَاتِ	Noun		with clear proofs	23
رِزْقًا	Noun		provision	23
الْمَوْتِ	Noun		death	23
الْمُتَّقُونَ	Noun		the righteous	23
فَسَوْفَ	Future particle		then soon	23
الْبَحْرَ	Noun		the sea	23
الْجِبَالَ	Noun		the mountains	23
وَلَوْلَا	Conditional particle		and if not	23
الْمَوْتَىٰ	Noun		the dead	23
بَصِيرٌ	Noun		all-seer	23
يُوسُفُ	Proper noun		Yusuf	23
أَجْمَعِينَ	Noun		all	23
وَآتُوا	Verb		to give	23
وَيُقِيمُونَ	Verb		to establish	23
تَشْكُرُونَ	Verb		to be grateful, to give thanks	23
وَإِلَيْهِ	Preposition		to	22
وَأَنْ	Subordinating conjunction		that	22
فَقَدِ	Particle of certainty		and certainly	22
أَوَلَمْ	Negative particle		not	22
رُسُلٌ	Noun		and his messenger	22
الْيَوْمَ	Noun		day	22
سَبِيلًا	Noun		way	22
بَعْضُكُمْ	Noun		some of them	22
أَجْرٌ	Noun		a reward	22
وَلَنْ	Negative particle		never	22
قَبْلَ	Time adverb		before	22
أَحْسَنُ	Noun		best	22
الْمَصِيرُ	Noun		the destination	22
مَاذَا	Interogative particle		what	22
بَلَىٰ	Answer particle		yes	22
يَكُونَ	Verb		to be	22
آتَيْنَا	Verb		to give	22
لَمِنَ	Preposition		from	21
بِأَنَّهُمْ	Accusative particle		that	21
بِالْآخِرَةِ	Noun		the hereafter	21
قُلُوبِ	Noun		their hearts	21
الْعَظِيمِ	Adjective		great	21
الْأَمْوَالِ	Noun		wealth	21
الْهُدَىٰ	Noun		guidance	21
أَجَلٍ	Noun		a term	21
سُوءٍ	Noun		evil	21
السَّلَامَ	Noun		peace	21
فِتْنَةٌ	Noun		a trial	21
بِالشَّمْسِ	Noun		the sun	21
كَبِيرٌ	Adjective		great	21
خَيْرًا	Adjective		better	21
خَوْفٌ	Noun		fear	21
الْفُلْكِ	Noun		the ship	21
تَوَلَّوْا	Verb		to turn	21
وَكَفَىٰ	Verb		to be sufficient	21
وَعَلَى	Preposition		on	20
وَرَبُّكُمْ	Noun		your lord	20
لَآيَةً	Noun		a sign	20
الْكِتَابِ	Noun		the book	20
النَّاسَ	Noun		the people	20
فَلَنْ	Negative particle		never	20
أَمْوَالَهُمْ	Noun		wealth	20
مِثْلُ	Noun		like	20
بُيُوتًا	Noun		houses	20
آبَاءَنَا	Noun		our forefathers	20
الصَّالِحِينَ	Noun		the righteous	20
فَأَمَّا	Explanation particle		but as for	20
الْعَزِيزِ	Adjective		the all-mighty	20
سُلْطَانًا	Noun		an authority	20
حِينٍ	Noun		a time	20
قُوَّةً	Noun		strength	20
الْعَرْشِ	Noun		the throne	20
مُسْلِمُونَ	Noun		muslims	20
مُسْتَقِيمًا	Noun		straight	20
الَّذِينَ	Relative pronoun Relative pronoun		those who	819
خَبِيرٌ	Noun		all-aware	20
فَقُلْ	Verb		to say	20
وَاعْلَمُوا	Verb		to know	20
خَلَقَكُمْ	Verb		to create	20
يَفْتَرُونَ	Verb		to invent	20
مَلَكَتْ	Verb		to possess, to have power	20
عَسَى	Verb		to perhaps	20
وَعَلَىٰ	Preposition		on	19
فَمَا	Negative particle Negative particle		and not	42
إِلَيْنَا	Preposition		to	19
عَنْهُ	Preposition		from	19
بِأَنَّ	Accusative particle		that	19
لِلْمُؤْمِنِينَ	Noun		the believers	19
أَمْرُ	Noun		the matter	19
عِنْدَهُ	Location adverb		with	19
بَعْدِهِ	Noun		after	19
يَدَيْهِ	Noun		their hands	19
الدِّينِ	Noun		the religion	19
الصَّادِقِينَ	Noun		truthful	19
الْقُرَىٰ	Noun		a town	19
رَجُلٌ	Noun		a man	19
وَالْقَمَرَ	Noun		and the moon	19
لُوطٍ	Proper noun		Lut	19
سَيَقُولُ	Verb		to say	19
يَأْتِيَ	Verb		to come, to bring	19
خَلَقْنَا	Verb		to create	19
ادْخُلُوا	Verb		to enter	19
نَجْزِي	Verb		to reward, to recompense	19
يَغْفِرُ	Verb		to forgive	19
يَعْقِلُونَ	Verb		to understand, to reason	19
لِمَا	Relative pronoun		what	18
أَنَّهُ	Accusative particle		that	18
الرُّسُلُ	Noun		and his messenger	18
أَمْرًا	Noun		the matter	18
آلِهَةً	Noun		god	18
أُمَّةً	Noun		nation	18
نِعْمَةَ	Noun		favor	18
لِلْمُتَّقِينَ	Noun		the righteous	18
مَغْفِرَةً	Noun		forgiveness	18
حَسَنًا	Adjective		good	18
جَاءَكَ	Verb		to come	18
جَاءَكُمْ	Verb		to come	18
عَمِلُوا	Verb		to do, to work	18
تُرْجَعُونَ	Verb		to return	18
وَالْآخِرَةِ	Noun		the hereafter	17
بَعْدِهِمْ	Noun		after	17
قَوْلًا	Noun		the word	17
وَلِيًّا	Noun		allies	17
النَّبِيُّ	Noun		the prophet	17
النُّورِ	Noun		light	17
جَزَاءُ	Noun		a reward	17
عَزِيزٌ	Adjective		the all-mighty	17
فَأَيُّ	Interogative particle		so which	17
الْمُنَافِقِينَ	Noun		the hypocrites	17
فَبِأَيِّ	Noun		so which	17
خَبِيرًا	Adjective		all-aware	17
الْآخِرِ	Adjective		the last	17
رَيْبَ	Noun		doubt	17
تَقُولُونَ	Verb		to say	17
قَالَتْ	Verb		to say	17
فَاتَّقُوا	Verb		to be righteous, to fear (Allah)	17
أَوْحَيْنَا	Verb		to reveal, to inspire	17
وَعَدَ	Verb		to promise	17
يُنْفِقُونَ	Verb		to spend	17
يَكْسِبُونَ	Verb		to earn	17
إِنَّكَ	Accusative particle		indeed	16
فَإِنَّهُمْ	Accusative particle		indeed	16
وَالَّذِي	Relative pronoun		those who	16
أَنَّكُمْ	Accusative particle		that	16
رُسُلُنَا	Noun		and his messenger	16
وَهَٰذَا	Demonstrative pronoun		this	16
مُؤْمِنًا	Noun		the believers	16
أَهْلَهُ	Noun		people	16
أَجْرُ	Noun		a reward	16
ظَالِمُونَ	Noun		the wrongdoers	16
لِمَ	Interogative particle		what	16
النَّبِيَّ	Noun		the prophet	16
عَزِيزٌ	Adjective Adjective		the all-mighty	17
وَلَدًا	Noun		a son	16
خَلْقِ	Noun		creation	16
الْمُلْكِ	Noun		dominion	16
أُولُو	Noun		men	16
صِرَاطٍ	Noun		a path	16
شَهِيدًا	Noun		a witness	16
اسْمَ	Noun		name	16
السَّمِيعُ	Noun		all-hearing	16
الْحِسَابِ	Noun		account	16
عِنْدِ	Noun		from	16
رِجَالًا	Noun		men	16
وَاحِدٍ	Adjective		one	16
وَمَا	Negative particle Negative particle Negative particle Negative particle		and not	446
الظُّلُمَاتِ	Noun		the darkness[es]	16
بَصِيرًا	Adjective		all-seer	16
شَدِيدُ	Noun		severe	16
الْفَوْزُ	Noun		the success	16
تُرَابٌ	Noun		dust	16
أَظْلَمُ	Noun		more unjust	16
أَعْلَمُ	Noun Noun		most knowing	33
الْأَلْبَابِ	Noun		understanding	16
حَيْثُ	Noun		where	16
مُسَمًّى	Noun		appointed	16
يَأْتِيَهُمُ	Verb		to come, to bring	16
تَتَّقُوا	Verb		to be righteous, to fear (Allah)	16
يَظْلِمُونَ	Verb		to oppress, to wrong	16
تَفْعَلُوا	Verb		to do	16
تُشْرِكُونَ	Verb		to associate partners	16
يُشْرِكُونَ	Verb		to associate partners	16
ضَلَّ	Verb		to go astray, to err, to lose	16
يُحْيِي	Verb		to give life	16
أَهْلَكْنَا	Verb		to destroy	16
اخْتَلَفُوا	Verb		to differ	16
وَإِنَّهَا	Accusative particle		indeed	15
عَلَيَّ	Preposition		on	15
عَلَيْهَا	Preposition		on	15
أَفَمَنْ	Relative pronoun		who	15
فَمَنْ	Conditional particle Conditional particle		and whoever	45
عَنِ	Preposition		from	15
بِأَمْرِهِ	Noun		the matter	15
نَارًا	Noun		the fire	15
قُلُوبُكُمْ	Noun		their hearts	15
وَإِنْ	Conditional particle Conditional particle		if	156
رَحْمَتِهِ	Noun		mercy	15
مَثَلُ	Noun		example	15
وَهُدًى	Noun		guidance	15
ذِكْرًا	Noun		a reminder	15
أَخِيهِ	Noun		his brother	15
وُجُوهَهُمْ	Noun		their faces	15
الْخَلْقُ	Noun		creation	15
مُلْكُ	Noun		dominion	15
قَبْلَهُمْ	Time adverb		before	15
الصُّدُورِ	Noun		the breasts	15
سَمِيعٌ	Noun		all-hearing	15
كَذِبًا	Noun		a lie	15
الْمَلَإِ	Noun		the chiefs	15
أَشَدُّ	Noun		stronger	15
بِغَافِلٍ	Noun		unaware	15
جُنَاحَ	Noun		blame	15
الظَّالِمُونَ	Adjective		the wrongdoers	15
سَبْعَ	Noun		seven	15
وَاحِدَةً	Noun		one	15
إِذًا	Surprise particle		then	15
التَّوْرَاةَ	Proper noun		The taurat	15
النَّعِيمِ	Noun		delight	15
بَيِّنَاتٍ	Adjective		clear	15
الثَّمَرَاتِ	Noun		fruits	15
قُلْنَا	Verb		to say	15
وَقِيلَ	Verb		to say	15
كُنْتُ	Verb		to be	15
أَرَأَيْتَكُمْ	Verb		to see	15
يُرِدْ	Verb		to intend, to desire, to want, to wish	15
وَأَطِيعُوا	Verb		to obey	15
تَابَ	Verb		to repent, to turn	15
كَسَبُوا	Verb		to earn	15
تَذَكَّرُونَ	Verb		to receive admonition	15
افْتَرَىٰ	Verb		to invent	15
حَرَّمَ	Verb		to forbid, to make unlawful	15
تُفْلِحُونَ	Verb		to succeed	15
يَسْتَهْزِئُونَ	Verb		to mock, to ridicule	15
فَإِنَّهُ	Accusative particle		indeed	14
وَذَٰلِكَ	Demonstrative pronoun		that	14
بِآيَاتِي	Noun		a sign	14
بِأَنَّا	Accusative particle		that	14
حَقًّا	Noun		the truth	14
قَبْلِهِ	Noun		before	14
الْآخِرِ	Adjective Adjective		the last	17
أَجْرُهُمْ	Noun		a reward	14
وَالْمَلَائِكَةِ	Noun		the angels	14
الْيَوْمَ	Noun Noun		day	22
النَّبِيِّينَ	Noun		the prophet	14
جَزَاءً	Noun		a reward	14
سُبْحَانَهُ	Noun		glory be to him	14
شُرَكَاءُ	Noun		partners	14
وَيْلٌ	Noun		woe	14
الْكُفْرَ	Noun		disbelief	14
بِالْمَعْرُوفِ	Noun		in a fair manner	14
الْكَذِبَ	Noun		a lie	14
الْمَسْجِدِ	Noun		al-masjid	14
أَنَّىٰ	Interogative particle		how	14
الْكُفَّارَ	Noun		the disbelievers	14
آدَمَ	Proper noun		Adam	14
مَكَانًا	Noun		a place	14
الْجِنِّ	Noun		the jinn	14
كَثِيرًا	Noun Noun		many	24
بَعِيدٍ	Adjective		far	14
الْعِقَابِ	Noun		punishment	14
شَهِيدًا	Noun Noun		a witness	16
شَكٍّ	Noun		doubt	14
بِالْقِسْطِ	Noun		in justice	14
أَقُلْ	Verb		to say	14
فَقَالَ	Verb		to say	14
فَيَكُونُ	Verb		to be	14
اجْعَلْ	Verb		to make	14
يَعْمَلْ	Verb		to do, to work	14
يَأْتِكُمْ	Verb		to come, to bring	14
تَشَاءُ	Verb		to will, to wish	14
يَخْلُقُ	Verb		to create	14
أَنْزَلْنَاهُ	Verb		to send down, to reveal	14
اتَّخَذُوا	Verb		to take	14
تَأْكُلُونَ	Verb		to eat, to consume	14
يَنْظُرُونَ	Verb		to look, to see	14
تَقْتُلُونَ	Verb		to kill	14
سَمِعْنَا	Verb		to hear, to listen	14
كَسَبَتْ	Verb		to earn	14
صَبَرُوا	Verb		to be patient	14
كُتِبَ	Verb		to write, to prescribe, to ordain	14
تَهْتَدُونَ	Verb		to be guided	14
يَسْتَوِي	Verb		to be equal, to be alike, to establish	14
يُبْصِرُونَ	Verb		to see	14
قَدَّمَتْ	Verb		to send forth, to offer	14
وَإِنَّهُ	Accusative particle		indeed	13
لِقَوْمِهِ	Noun		a people	13
أَنِّي	Accusative particle		that	13
رَسُولُهُ	Noun		and his messenger	13
أَيَّامًا	Noun		day	13
بَيْنَنَا	Location adverb		between them	13
وَبَيْنَكُمْ	Location adverb		between them	13
مَعَهُمْ	Location adverb		with	13
يَا أَهْلَ	Noun		people	13
وَلِيٍّ	Noun		allies	13
ذِكْرٌ	Noun		a reminder	13
الْإِنْسَانَ	Noun		man	13
الْمَوْتُ	Noun		death	13
سُبْحَانَ	Noun		glory be to him	13
بِمَعْرُوفٍ	Noun		in a fair manner	13
مَنْ	Relative pronoun Relative pronoun Relative pronoun		who	355
نَصِيرٍ	Noun		any helper	13
الْكَاذِبِينَ	Noun		the liars	13
أَنْبَاءِ	Noun		news	13
بِكَلِمَةٍ	Noun		a word	13
عِيسَى	Proper noun		Isa	13
وَإِمَّا	Explanation particle		or	13
مُعْرِضُونَ	Noun		turn away	13
حُدُودُ	Noun		limits	13
بَغْتَةً	Noun		suddenly	13
حَيْثُ	Noun Noun		where	16
الْفَاسِقِينَ	Adjective		defiantly disobedient	13
الْمُفْلِحُونَ	Noun		the successful ones	13
وَكُنَّا	Verb		to be	13
يَكْفُرُ	Verb		to disbelieve	13
وَأَنْزَلْنَا	Verb		to send down, to reveal	13
أَرَادَ	Verb		to intend, to desire, to want, to wish	13
أَسْأَلُكُمْ	Verb		to ask	13
سَتَجِدُونَ	Verb		to find	13
يَفْعَلُ	Verb		to do	13
اذْكُرُوا	Verb		to remember, to mention	13
تَوَلَّيْتُمْ	Verb		to turn	13
أَطِيعُوا	Verb		to obey	13
أَنْفَقْتُمْ	Verb		to spend	13
وَبِئْسَ	Verb		to be wretched, to be evil	13
يُبَيِّنُ	Verb		to make clear	13
تُغْنِيَ	Verb		to avail, to enrich	13
تَشْعُرُونَ	Verb		to perceive, to realize	13
يَرْجُونَ	Verb		to hope, to expect, to desire	13
يَفْقَهُونَ	Verb		to understand	13
وَتِلْكَ	Demonstrative pronoun		that	12
وَكُلًّا	Noun		every	12
وَرُسُلِهِ	Noun		and his messenger	12
بِعَذَابٍ	Noun		a punishment	12
بِهَٰذَا	Demonstrative pronoun		this	12
بَيْنَهُمَا	Location adverb		between them	12
قَوْلٌ	Noun		the word	12
بِذَاتِ	Noun		owner	12
ذِي	Noun		owner	12
فَكَيْفَ	Interogative particle		how	12
نَبِيٍّ	Noun		the prophet	12
لِلْعَالَمِينَ	Noun		the worlds	12
أَعْمَالُكُمْ	Noun		their deeds	12
الْبَيْتَ	Noun		houses	12
أَيْمَانِهِمْ	Noun		the right	12
الْيَمِينِ	Noun		the right	12
صِرَاطَ	Noun		a path	12
وَمَنْ	Relative pronoun Relative pronoun Relative pronoun		who	133
فَرِيقٌ	Noun		a party	12
الْأَنْعَامِ	Noun		the cattle	12
شَرَّ	Noun		evil	12
آخَرَ	Adjective		other	12
أُخَرَ	Adjective		other	12
ثَمُودَ	Proper noun		Thamud	12
وَثَمُودَ	Proper noun		Thamud	12
آلِ	Noun		people	12
عَادٍ	Proper noun		Aad	12
الْفَاسِقِينَ	Adjective Adjective		defiantly disobedient	13
طَائِفَةٌ	Noun		a group	12
السَّمْعَ	Noun		the hearing	12
الْبَرِّ	Noun		the land	12
لِلْمُكَذِّبِينَ	Noun		to the deniers	12
كَمْ	Interogative particle		how many	12
الصَّابِرِينَ	Noun		the patient ones	12
دَرَجَاتٍ	Noun		degrees	12
أَهْوَاءَهُمْ	Noun		their desires	12
دَاوُودُ	Proper noun		Dawood	12
الْقُرْبَىٰ	Noun		the relatives	12
قَرِيبٍ	Adjective		near	12
كُلَّمَا	Time adverb		every time	12
مُصَدِّقًا	Noun		confirming	12
الْمُسْلِمِينَ	Proper noun		The muslims	12
إِذًا	Surprise particle Surprise particle		then	15
أَكْبَرُ	Noun		greater	12
مَرَضٌ	Noun		a disease	12
الرَّحْمَٰنِ	Adjective		the most gracious	12
قُلْتُمْ	Verb		to say	12
كُنَّ	Verb		to be	12
تَكْفُرُونَ	Verb		to disbelieve	12
تَرَىٰ	Verb		to see	12
وَكَذَّبُوا	Verb		to deny, to reject	12
تَتَّقُونَ	Verb		to be righteous, to fear (Allah)	12
وَاتَّبَعُوا	Verb		to follow	12
أَرْسَلْنَاكَ	Verb		to send	12
أَخَذْنَا	Verb		to take, to seize	12
فَأَخَذَهُمُ	Verb		to take, to seize	12
وَجَدْنَا	Verb		to find	12
يُوحَىٰ	Verb		to reveal, to inspire	12
يُنْصَرُونَ	Verb		to help	12
تَحْسَبَنَّ	Verb		to think	12
تَرَكَ	Verb		to leave	12
وَبَشِّرِ	Verb		to give glad tidings	12
يَنْفَعُ	Verb		to profit, to benifit	12
يَشْعُرُونَ	Verb		to perceive, to realize	12
مِنِّي	Preposition		from	11
وَمِمَّا	Preposition		from	11
فِيكُمْ	Preposition		in	11
وَإِنِّي	Accusative particle		indeed	11
عَنَّا	Preposition		from	11
أَفَلَمْ	Negative particle		not	11
رُسُلُهُمْ	Noun		and his messenger	11
كِتَابٍ	Noun		the book	11
كِتَابَ	Noun		the book	11
سَبِيلِهِ	Noun		way	11
أَمْرُنَا	Noun		the matter	11
مَعِيَ	Location adverb		with	11
غَيْرَهُ	Noun		without	11
أَمَّنْ	Coordinating conjunction		or	11
عِبَادِنَا	Noun		his slaves	11
عِبَادِي	Noun		his slaves	11
أَيْدِيكُمْ	Noun		their hands	11
رَحْمَةً	Noun		mercy	11
لِلظَّالِمِينَ	Noun		the wrongdoers	11
عِلْمٍ	Noun		knowledge	11
دِينِ	Noun		the religion	11
يَا بَنِي	Noun		children	11
الشَّيَاطِينُ	Proper noun		The shaitaan	11
وَيَوْمَ	Noun Noun		day	27
بِمَا	Relative pronoun Relative pronoun		what	282
أَخَاهُمْ	Noun		his brother	11
وَجْهَهُ	Noun		their faces	11
وُجُوهٌ	Noun		their faces	11
الْبَيِّنَاتِ	Noun		with clear proofs	11
بَيِّنَةٌ	Noun		with clear proofs	11
الرِّزْقَ	Noun		provision	11
مَوْتِهَا	Noun		death	11
دِيَارِهِمْ	Noun		their homes	11
كَثِيرٍ	Noun		many	11
شُهَدَاءَ	Noun		a witness	11
بَشَرًا	Noun		a man	11
السَّيِّئَاتِ	Noun		the evil deeds	11
إِثْمَ	Noun		sin	11
فَرِيقًا	Noun		a party	11
كَأَنَّهُمْ	Accusative particle		as if they	11
حَدِيثًا	Noun		statement	11
فَأَنَّىٰ	Interogative particle		how	11
هَارُونَ	Proper noun		Harun	11
دَابَّةٍ	Noun		moving creature	11
وَالْمُؤْمِنَاتُ	Noun		and the believing women	11
مَرْجِعُكُمْ	Noun		your return	11
الْبَلَاغُ	Noun		the conveyance	11
أَمِينٌ	Adjective		trustworthy	11
مُسْتَقِيمٍ	Adjective		straight	11
اثْنَيْ	Noun		two	11
ثَوَابَ	Noun		reward	11
أَيْنَ	Interogative particle		where	11
حَنِيفًا	Noun		upright	11
الطِّينِ	Noun		clay	11
بِمُعْجِزِينَ	Noun		escape	11
نُطْفَةٍ	Noun		a semen-drop	11
حَلِيمٌ	Adjective		most forbearing	11
عَدْنٍ	Proper noun		Eden	11
هُزُوًا	Noun		ridicule	11
وَقَالَتْ	Verb		to say	11
وَيَقُولُ	Verb		to say	11
وَيَعْلَمُ	Verb		to know	11
جَاءُوكَ	Verb		to come	11
وَجَاءُوا	Verb		to come	11
أَرَأَيْتُمْ	Verb		to see	11
وَأَنْزَلَ	Verb		to send down, to reveal	11
يَدْعُو	Verb		to call, to invite, to pray	11
يُرِيدُونَ	Verb		to intend, to desire, to want, to wish	11
اتَّخَذَ	Verb		to take	11
سَأَلْتَهُمْ	Verb		to ask	11
فَعَلْنَ	Verb		to do	11
خِفْتُمْ	Verb		to fear, to be afraid	11
وَأَطِيعُونِ	Verb		to obey	11
أَنْفِقُوا	Verb		to spend	11
أَصَابَتْكُمْ	Verb		to strike, to befall, to bestow	11
تُتْلَىٰ	Verb		to recite	11
تُلِيَتْ	Verb		to recite	11
فَاصْبِرْ	Verb		to be patient	11
اسْتَطَاعُوا	Verb		to be able to, to be capable	11
يَخْشَوْنَ	Verb		to fear	11
ذُوقُوا	Verb		to taste	11
فَذُوقُوا	Verb		to taste	11
سَاءَ	Verb		to be evil	11
خَلَوْا	Verb		to pass away	11
وَسَخَّرَ	Verb		to subject, to impose	11
تَبَيَّنَ	Verb		to become clear	11
يَتَفَكَّرُونَ	Verb		to ponder, to reflect	11
أَإِنَّا	Accusative particle		indeed	10
فَإِنَّا	Accusative particle		indeed	10
قَوْمُكَ	Noun		a people	10
أَنَّمَا	Accusative particle		that	10
وَأَنَّهُ	Accusative particle		that	10
عَذَابِي	Noun		a punishment	10
أَنْفُسِهِمْ	Noun		themselves	10
بَيْنِي	Location adverb		between them	10
وَالْمُؤْمِنُونَ	Noun		the believers	10
الْأُمُورُ	Noun		the matter	10
عِبَادٌ	Noun		his slaves	10
أَجْرٍ	Noun		a reward	10
دِينِكُمْ	Noun		the religion	10
أَمْوَالِكُمْ	Noun		wealth	10
فَضْلُ	Noun		his bounty	10
بَنِينَ	Noun		children	10
مِثْلِهِ	Noun		like	10
أَحَدُهُمْ	Noun		anyone	10
أَيْمَانُكُمْ	Noun		the right	10
أُمَمٍ	Noun		nation	10
قَرْيَةً	Noun		a town	10
بِالْغَيْبِ	Noun		the unseen	10
الدَّارُ	Noun		their homes	10
أُخْرَىٰ	Noun		and others	10
وَأُخَرُ	Noun		and others	10
صُدُورُهُمْ	Noun		the breasts	10
فَلَوْلَا	Exhortation particle		why not	10
لَوْلَا	Exhortation particle Exhortation particle		why not	28
مَتَاعًا	Noun		enjoyment	10
حُكْمًا	Noun		judgment	10
الرِّيَاحِ	Noun		the winds	10
جُنَاحٌ	Noun		blame	10
أُنْثَىٰ	Noun		female	10
طَعَامٍ	Noun		food	10
وَكِيلٌ	Noun		a guardian	10
وَالشَّهَادَةِ	Noun		and the witnessed	10
الْقُرُونَ	Noun		the generations	10
الْمُفْسِدِينَ	Noun		the corrupters	10
الشَّجَرَةَ	Noun		tree	10
الطَّيْرِ	Noun		the birds	10
مَرَّةٍ	Noun		time	10
سُلَيْمَانَ	Proper noun		Sulaiman	10
فَاحِشَةً	Noun		immorality	10
الْحَمِيدِ	Adjective		the praiseworthy	10
وَيَعْقُوبُ	Proper noun		And yaqub	10
ابْتِغَاءَ	Noun		seeking	10
خَاشِعِينَ	Noun		humbled	10
ثَلَاثَةِ	Noun		three	10
ثَمَنًا	Noun		a price	10
مُخْلِصُونَ	Noun		sincere	10
الْمَسِيحُ	Proper noun		The messiah	10
الْأَعْرَابِ	Noun		the bedouins	10
الصُّورِ	Noun		the trumpet	10
عَرَبِيًّا	Adjective		arabic	10
الْمَدِينَةِ	Noun		the city	10
لَيَقُولُنَّ	Verb		to say	10
يَقُولُونَ	Verb		to say	10
آمَنَّا	Verb		to believe	10
تُؤْمِنُوا	Verb		to believe	10
نَعْلَمُ	Verb		to know	10
وَجَعَلُوا	Verb		to make	10
رَأَىٰ	Verb		to see	10
فَتَرَى	Verb		to see	10
تَأْتِيهِمْ	Verb		to come, to bring	10
كَذَّبَ	Verb		to deny, to reject	10
خُذُوا	Verb		to take, to seize	10
أَعْبُدَ	Verb		to worship	10
يُظْلَمُونَ	Verb		to oppress, to wrong	10
يَسْأَلُونَكَ	Verb		to ask	10
انْظُرْ	Verb		to look, to see	10
فَانْظُرُوا	Verb		to look, to see	10
يَخَافُونَ	Verb		to fear, to be afraid	10
أُوحِيَ	Verb		to reveal, to inspire	10
يُضِلُّ	Verb		to let go astray, to mislead	10
يُضْلِلِ	Verb		to let go astray, to mislead	10
نَزَّلَ	Verb		to send down, to reveal	10
رَزَقْنَاهُمْ	Verb		to provide	10
ضَلُّوا	Verb		to go astray, to err, to lose	10
يَشْكُرُونَ	Verb		to be grateful, to give thanks	10
يَحْكُمُ	Verb		to judge	10
يَمْلِكُونَ	Verb		to possess, to have power	10
وَلَبِئْسَ	Verb		to be wretched, to be evil	10
اسْتَكْبَرُوا	Verb		to be arrogant	10
يَسْتَكْبِرُونَ	Verb		to be arrogant	10
تُحْشَرُونَ	Verb		to gather, to raise	10
اسْجُدُوا	Verb		to prostrate	10
خَلَتْ	Verb		to pass away	10
وَيَقْدِرُ	Verb		to restrict, to control, to have power	10
سَبَقَ	Verb		to precede	10
خَسِرُوا	Verb		to lose	10
يُوقِنُونَ	Verb		to believe firmly	10
هَادُوا	Verb		to be Jewish	10
فِيهِمْ	Preposition		in	9
كَالَّذِينَ	Relative pronoun		those who	9
بِرَبِّهِمْ	Noun		your lord	9
كَمَنْ	Relative pronoun		who	9
كَأَنْ	Subordinating conjunction		that	9
عَنْهُمُ	Preposition		from	9
أَإِذَا	Time adverb		when	9
وَيَا قَوْمِ	Noun		a people	9
كُلَّهَا	Noun		every	9
لِنَفْسِهِ	Noun		themselves	9
نَفْسِكَ	Noun		themselves	9
نَفْسِي	Noun		themselves	9
وَبَيْنَ	Location adverb		between them	9
بِبَعْضٍ	Noun		some of them	9
أَجْرِيَ	Noun		a reward	9
دِينِهِمْ	Noun		the religion	9
لِلْمَلَائِكَةِ	Noun		the angels	9
مَلَكٌ	Noun		the angels	9
وَكَيْفَ	Interogative particle		how	9
حَيَاةٍ	Noun		the life	9
أَزْوَاجٍ	Noun		pairs	9
أَحَدَكُمُ	Noun		anyone	9
الْمَاءَ	Noun		water	9
عَيْنٍ	Noun		their eyes	9
الْقَرْيَةَ	Noun		a town	9
وَلَدٌ	Noun		a son	9
خَلْقٍ	Noun		creation	9
السُّوءَ	Noun		evil	9
أَعْدَاءً	Noun		an enemy	9
غَيْبَ	Noun		the unseen	9
لِأَبِيهِ	Noun		o my father	9
لِأُولِي	Noun		men	9
بِالْإِيمَانِ	Noun		faith	9
نُورًا	Noun		light	9
وَالْبَحْرِ	Noun		the sea	9
سُبْحَانَكَ	Noun		glory be to him	9
فَوَيْلٌ	Noun		woe	9
بِإِذْنِهِ	Noun		by (the) permission	9
لَكَاذِبُونَ	Noun		the liars	9
أَشَدَّ	Noun		stronger	9
كَلِمَتُ	Noun		a word	9
بِالْبَاطِلِ	Noun		the falsehood	9
آلُ	Noun		people	9
فَوْقِهِمْ	Noun		above them	9
مِيثَاقَ	Noun		a covenant	9
لِقَاءَ	Noun		meeting	9
الْحَيَّ	Noun		the living	9
قَرْنٍ	Noun		the generations	9
السَّحَرَةُ	Noun		the magicians	9
وَالْمَسَاكِينِ	Noun		and the needy	9
بِالسَّيِّئَةِ	Noun		the evil	9
الطَّيِّبَاتُ	Noun		the good things	9
نَصِيبًا	Noun		a portion	9
ظُلْمًا	Noun		injustice	9
الْأَعْمَىٰ	Noun		the blind	9
ذَا	Noun		and dhul-kifl	9
سُجَّدًا	Noun		prostrating	9
عَالِمِ	Noun		knower	9
الْمُنْكَرِ	Noun		the wrong	9
وَإِسْحَاقَ	Proper noun		And isaac	9
لَوْ	Conditional particle Conditional particle		and if	69
تَنْزِيلًا	Noun		a revelation	9
ظُهُورِهِمْ	Noun		their backs	9
مِلَّةِ	Noun		religion	9
الْقِتَالُ	Noun		fighting	9
مَا	Relative pronoun Relative pronoun Relative pronoun Relative pronoun		what	729
وَإِسْمَاعِيلَ	Proper noun		And ishmael	9
إِبْلِيسَ	Proper noun		Iblis	9
نَفْعًا	Noun		benefit	9
رَوَاسِيَ	Noun		firm mountains	9
ضَرًّا	Noun		any harm	9
الْكَافِرِينَ	Adjective		the disbelievers	9
مَدْيَنَ	Proper noun		Madyan	9
يَسِيرٌ	Adjective		easy	9
آمِنِينَ	Noun		secure	9
أَرْبَعَةِ	Noun		four	9
أَسَاطِيرُ	Noun		tales	9
مَتَىٰ	Interogative particle		when	9
مُحِيطٌ	Noun		all-encompassing	9
وَاحِدَةً	Noun Noun		one	15
وَكُنْتُمْ	Verb		to be	9
يَكُنْ	Verb		to be	9
يَكُونُ	Verb		to be	9
عَلِمَ	Verb		to know	9
آتَيْنَاهُمْ	Verb		to give	9
أُوتِيَ	Verb		to give	9
وَآتَيْنَاهُ	Verb		to give	9
أَرَىٰ	Verb		to see	9
فَأْتِ	Verb		to come, to bring	9
يَأْتِي	Verb		to come, to bring	9
اتَّقَىٰ	Verb		to be righteous, to fear (Allah)	9
يَتَّقُونَ	Verb		to be righteous, to fear (Allah)	9
وَيَهْدِي	Verb		to guide	9
وَاتَّبَعَ	Verb		to follow	9
تُظْلَمُونَ	Verb		to oppress, to wrong	9
تَنْظُرُونَ	Verb		to look, to see	9
يَتَوَلَّىٰ	Verb		to turn	9
دَخَلُوا	Verb		to enter	9
تُجْزَوْنَ	Verb		to reward, to recompense	9
أَشْرَكُوا	Verb		to associate partners	9
تُوعَدُونَ	Verb		to promise	9
يَغْفِرَ	Verb		to forgive	9
نُزِّلَ	Verb		to send down, to reveal	9
قَضَىٰ	Verb		to decree, to decide, to judge	9
وَاصْبِرُوا	Verb		to be patient	9
يُقِيمُونَ	Verb		to establish	9
يَخْرُجُ	Verb		to go out, to come out, to depart, to leave	9
نُسَبِّحُ	Verb		to glorify, to praise	9
بَلَغَ	Verb		to reach	9
وَاسْتَغْفِرُوا	Verb		to ask forgiveness	9
فَلْيَتَوَكَّلِ	Verb		to put trust	9
وَصَدُّوا	Verb		to turn away, to avert, to hinder	9
اسْتَوَىٰ	Verb		to be equal, to be alike, to establish	9
يَقُومُ	Verb		to stand up, to rise, to establish	9
فَأَصْبَحُوا	Verb		to become	9
وَيُمِيتُ	Verb		to cause death	9
يَبْسُطُ	Verb		to extend, to stretch	9
أَغْنَىٰ	Verb		to avail, to prosper	9
مِمَّنِ	Preposition		from	8
مِنْهُمَا	Preposition		from	8
اللَّهَ	Proper noun		Allah	8
فِيهِمَا	Preposition		in	8
بِالَّذِي	Relative pronoun		those who	8
بِرَبِّ	Noun		your lord	8
رَبُّكَ	Noun		your lord	8
وَقَوْمِ	Noun		a people	8
فَلَمْ	Negative particle		not	8
أَيَّامٍ	Noun		day	8
وَأَنْفُسِهِمْ	Noun		themselves	8
لِلْحَقِّ	Noun		the truth	8
أَمْرِي	Noun		the matter	8
بَعْضَ	Noun		some of them	8
لِبَعْضٍ	Noun		some of them	8
إِلَٰهَكَ	Noun		god	8
الْآخِرِينَ	Noun		the hereafter	8
عَبْدًا	Noun		his slaves	8
أَهْلُهُ	Noun		people	8
وَأَهْلَهُ	Noun		people	8
بِيَدِهِ	Noun		their hands	8
وَأَجْرٌ	Noun		a reward	8
جَنَّةٍ	Noun		gardens	8
ذَاتِ	Noun		owner	8
كَمَثَلِ	Noun		example	8
بِأَمْوَالِهِمْ	Noun		wealth	8
الشَّيْطَانِ	Proper noun		The shaitaan	8
وَأَصْحَابِ	Noun		companions	8
الذِّكْرُ	Noun		a reminder	8
وَأَخَاهُ	Noun		his brother	8
وُجُوهَكُمْ	Noun		their faces	8
بِقُرْآنٍ	Proper noun		The quran	8
بُيُوتِكُمْ	Noun		houses	8
آبَائِهِمْ	Noun		our forefathers	8
أُمَّةٌ	Noun		nation	8
الْغَفُورُ	Noun		oft-forgiving	8
الْعَيْنِ	Noun		their eyes	8
وَعُيُونٍ	Noun		their eyes	8
قَرْيَةٍ	Noun		a town	8
أَوْلَادَهُنَّ	Noun		a son	8
أَجَلُهُمْ	Noun		a term	8
دَارُ	Noun		their homes	8
الْمُبِينُ	Adjective		clear	8
يَا أَبَتِ	Noun		o my father	8
أُولِي	Noun		men	8
إِيمَانًا	Noun		faith	8
لِلرَّحْمَٰنِ	Noun		the most gracious	8
مُجْرِمِينَ	Noun		the criminals	8
سَوْفَ	Future particle		then soon	8
وَسَوْفَ	Future particle		then soon	8
بَشَرٌ	Noun		a man	8
فَمَنْ	Conditional particle Conditional particle Conditional particle		and whoever	45
نَصِيرًا	Noun		any helper	8
وَالشَّمْسَ	Noun		the sun	8
الْكَبِيرُ	Adjective		great	8
بَأْسُنَا	Noun		our punishment	8
حَسَنَةً	Noun		good	8
فَوْقَ	Noun		above them	8
إِيَّاهُ	Personal pronoun		him alone	8
الظَّالِمِينَ	Noun Noun		the wrongdoers	64
وَعَادٍ	Proper noun		Aad	8
الْفَاسِقُونَ	Noun		the defiantly disobedient	8
بَيْنِ	Noun		among us	8
إِمَّا	Explanation particle		or	8
سَاحِرٍ	Noun		the magicians	8
الظَّنِّ	Noun		assumption	8
وَكَمْ	Interogative particle		how many	8
وَهَارُونَ	Proper noun		Harun	8
الشَّاهِدِينَ	Noun		the witnesses	8
وَالْإِنْسِ	Noun		and the men	8
أَقْرَبُ	Noun		nearer	8
التَّقْوَىٰ	Noun		righteousness	8
خَلْفِهِمْ	Noun		behind them	8
قَائِمًا	Noun		standing	8
الْحَرَامِ	Noun		al-masjid al-haraam	8
سَعِيرًا	Noun		the blaze	8
صَبْرًا	Noun		patience	8
فَإِذَا	Time adverb Time adverb		when	53
حَرَجٌ	Noun		any blame	8
قَادِرٌ	Noun		able	8
وَالْإِنْجِيلَ	Proper noun		And the injeel	8
سِنِينَ	Noun		years	8
شُعَيْبًا	Proper noun		Shuaib	8
نَاصِرِينَ	Noun		helpers	8
الْحُسْنَىٰ	Noun		the best	8
سُورَةٌ	Noun		a surah	8
مُصِيبَةٌ	Noun		disaster	8
دُونَ	Location adverb		other than	8
عِوَجًا	Noun		crookedness	8
وَاسِعٌ	Noun		all-encompassing	8
الْيَهُودُ	Proper noun		The jews	8
جَدِيدٍ	Adjective		new	8
سَمِيعٌ	Noun Noun		all-hearing	15
مُتَّكِئِينَ	Noun		reclining	8
مِثْقَالَ	Noun		weight	8
الْمُخْلَصِينَ	Adjective		the chosen ones	8
هُنَالِكَ	Time adverb		there	8
الْيَمِّ	Noun		the sea	8
نَقُولُ	Verb		to say	8
أَكُنْ	Verb		to be	8
فَيَعْلَمُونَ	Verb		to know	8
وَتَرَى	Verb		to see	8
أَتَاهُمْ	Verb		to come, to bring	8
يَأْتِيهِ	Verb		to come, to bring	8
فَكَذَّبُوهُ	Verb		to deny, to reject	8
اتَّقَوْا	Verb		to be righteous, to fear (Allah)	8
تَتَّبِعَ	Verb		to follow	8
أَخَذَ	Verb		to take, to seize	8
تَظْلِمُونَ	Verb		to oppress, to wrong	8
يَجِدُونَ	Verb		to find	8
فَكُلُوا	Verb		to eat, to consume	8
يَأْكُلُونَ	Verb		to eat, to consume	8
فَعَلَ	Verb		to do	8
يَفْعَلُونَ	Verb		to do	8
ذُكِرَ	Verb		to remember, to mention	8
وَأَوْحَيْنَا	Verb		to reveal, to inspire	8
وَاغْفِرْ	Verb		to forgive	8
أَصَابَتْهُمْ	Verb		to strike, to befall, to bestow	8
تَابُوا	Verb		to repent, to turn	8
يَتْلُونَ	Verb		to recite	8
لَقُضِيَ	Verb		to decree, to decide, to judge	8
مَسَّهُ	Verb		to touch	8
وَضَلَّ	Verb		to go astray, to err, to lose	8
يُبْعَثُونَ	Verb		to raise, to resurrect, to send	8
يَتَذَكَّرُونَ	Verb		to receive admonition	8
وَظَنُّوا	Verb		to think, to assume, to guess	8
وَسَبِّحْ	Verb		to glorify, to praise	8
تُرْحَمُونَ	Verb		to have mercy	8
جَاهَدُوا	Verb		to strive	8
زُيِّنَ	Verb		to make fair-seeming	8
يَكَادُ	Verb		to be near, to nearly do, to almost do	8
وَوَهَبْنَا	Verb		to grant, to bestow	8
تَكْتُمُونَ	Verb		to conceal, to hide	8
أُقْسِمُ	Verb		to swear	8
أَدْرَاكَ	Verb		to make known	8
يُدْرِيكَ	Verb		to make known	8
كَرِهَ	Verb		to dislike, to hate	8
تُسْمِعُ	Verb		to make hear	8
أَعُوذُ	Verb		to seek refuge	8
وَمِنْكُمْ	Preposition		from	7
فَإِنَّكَ	Accusative particle		indeed	7
وَإِنَّكَ	Accusative particle		indeed	7
عَلَيْهِمَا	Preposition		on	7
بِالَّتِي	Relative pronoun		those who	7
أَوَلَا	Negative particle		not	7
وَرَبُّ	Noun		your lord	7
قَوْمَهُمْ	Noun		a people	7
وَقَوْمَهُ	Noun		a people	7
وَكُلُّ	Noun		every	7
وَالرَّسُولَ	Noun		and his messenger	7
كِتَابًا	Noun		the book	7
وَالْكِتَابِ	Noun		the book	7
وَبَيْنَهُمْ	Location adverb		between them	7
أَوَلَوْ	Conditional particle		and if	7
أَمْرُهُمْ	Noun		the matter	7
عِنْدَنَا	Location adverb		with	7
بَعْضًا	Noun		some of them	7
غَيْرُ	Noun		without	7
عِبَادِكَ	Noun		his slaves	7
وَلَعَلَّكُمْ	Accusative particle		so that you may	7
وَرَحْمَتُهُ	Noun		mercy	7
لَذُو	Noun		owner	7
الْأَمْثَالَ	Noun		example	7
بِالْهُدَىٰ	Noun		guidance	7
بِاللَّيْلِ	Noun		the night	7
لَيْلًا	Noun		the night	7
مَا	Relative pronoun Relative pronoun Relative pronoun Relative pronoun Relative pronoun		what	729
مِثْلُكُمْ	Noun		like	7
عَمَلٍ	Noun		their deeds	7
وَجْهِكَ	Noun		their faces	7
أَيْمَانِكُمْ	Noun		the right	7
آبَائِكَ	Noun		our forefathers	7
أَبْنَاءَهُمْ	Noun		son	7
الْعَلِيمُ	Adjective Adjective		all-knower	65
الصِّرَاطَ	Noun		a path	7
سَلَامٌ	Noun		peace	7
شُرَكَاؤُكُمُ	Noun		partners	7
بِذُنُوبِهِمْ	Noun		your sins	7
ذُنُوبَكُمْ	Noun		your sins	7
سُلْطَانٍ	Noun		an authority	7
عِنْدِنَا	Noun		from	7
سَيِّئَاتِهِمْ	Noun		the evil deeds	7
مَتَاعُ	Noun		enjoyment	7
حِينَ	Noun		a time	7
وَمَلَئِهِ	Noun		the chiefs	7
الرِّيحُ	Noun		the winds	7
رِيحٍ	Noun		the winds	7
نَبَأَ	Noun		news	7
ذُرِّيَّةً	Noun		offspring	7
السِّحْرَ	Noun		magic	7
سِحْرٌ	Noun		magic	7
أَبْوَابَ	Noun		gates	7
امْرَأَتُ	Noun		wife	7
الْبَاطِلَ	Noun		the falsehood	7
سَوَاءً	Noun		same	7
سَوَاءٍ	Noun		same	7
كَيْدًا	Noun		a plot	7
وَعِيسَىٰ	Proper noun		Isa	7
وَكِيلًا	Noun		a guardian	7
أَحْيَاءٌ	Noun		the living	7
وَذِكْرَىٰ	Noun		and a reminder	7
سَيِّئَةٌ	Noun		the evil	7
طَيِّبَاتِ	Noun		the good things	7
كَثِيرٌ	Adjective		much	7
الْمُكَذِّبِينَ	Noun		to the deniers	7
نَصِيبٌ	Noun		a portion	7
وَالْيَتَامَىٰ	Noun		the orphans	7
وَالْحِكْمَةَ	Noun		and the wisdom	7
لَدَيْهِمْ	Location adverb		with them	7
الْأُولَىٰ	Adjective		the former	7
آذَانِهِمْ	Noun		their ears	7
عُمْيٌ	Noun		the blind	7
الْحَرَامِ	Noun Noun		al-masjid al-haraam	8
لَدُنْكَ	Noun		yourself	7
السَّعِيرِ	Noun		the blaze	7
سُنَّةَ	Noun		way	7
حَمِيمٍ	Noun		scalding water	7
الشَّاكِرِينَ	Noun		the grateful ones	7
صِدْقٍ	Noun		honor	7
بِغَضَبٍ	Noun		wrath	7
يَا لَيْتَنِي	Accusative particle		o i wish	7
حَكِيمٌ	Adjective Adjective		all-wise	48
الْغَالِبُونَ	Noun		the victorious	7
الْمَلِكُ	Noun		the king	7
إِحْسَانًا	Noun		good	7
الْمُسْرِفِينَ	Noun		the transgressors	7
وَرَاءَ	Location adverb		behind	7
خِزْيٌ	Noun		disgrace	7
كَثِيرَةً	Adjective		many	7
أَدْنَىٰ	Noun		more suitable	7
الْخَيْرَاتِ	Noun		the good	7
لَرَءُوفٌ	Noun		full of kindness	7
الْكَيْلَ	Noun		measure	7
مُخْتَلِفًا	Noun		various	7
مَرِيضًا	Noun		sick	7
أَذًى	Noun		hurt	7
تَذْكِرَةً	Noun		a reminder	7
الْخَبِيثَ	Noun		the evil	7
سَوْءٍ	Noun		evil	7
فَاعِلِينَ	Noun		doers	7
الذَّهَبِ	Noun		gold	7
سَرِيعُ	Noun		swift	7
طَيِّبًا	Adjective		good	7
الْفَصْلِ	Noun		judgment	7
الْآنَ	Time adverb		now	7
وَأَبْقَىٰ	Noun		and more lasting	7
الْحُسْنَىٰ	Noun Noun		the best	8
الرِّبَا	Noun		usury	7
سِتَّةِ	Noun		six	7
صَفًّا	Noun		rows	7
الْغَابِرِينَ	Noun		those who remain behind	7
وَكَأَيِّنْ	Noun		and how many	7
مُرِيبٍ	Noun		suspicious	7
مُهِينٌ	Adjective		humiliating	7
الْيُسْرَ	Noun		ease	7
فَقَالُوا	Verb		to say	7
أَكُونَ	Verb		to be	7
تَكُونَ	Verb		to be	7
فَاعْلَمُوا	Verb		to know	7
وَجَعَلْنَاهُمْ	Verb		to make	7
جَاءَهُ	Verb		to come	7
جَاءَهُمُ	Verb		to come	7
وَآتَيْنَا	Verb		to give	7
يُؤْتَىٰ	Verb		to give	7
أَرَاكَ	Verb		to see	7
يَأْتِ	Verb		to come, to bring	7
يَأْتِيَنَّكُمْ	Verb		to come, to bring	7
خَلَقْنَاهُمْ	Verb		to create	7
كَذَّبُوكَ	Verb		to deny, to reject	7
دَعَوُا	Verb		to call, to invite, to pray	7
أَرْسَلَ	Verb		to send	7
تَعْبُدُونَ	Verb		to worship	7
فَاعْبُدُوهُ	Verb		to worship	7
تَجِدُ	Verb		to find	7
يَجِدْ	Verb		to find	7
فَأَخْرَجْنَا	Verb		to bring forth, to drive out	7
فَلَيْسَ	Verb		to not be	7
لَسْتَ	Verb		to not be	7
يَنْظُرُ	Verb		to look, to see	7
فَاذْكُرُوا	Verb		to remember, to mention	7
وَاذْكُرْ	Verb		to remember, to mention	7
أَمَرَ	Verb		to order, to command	7
لِيَجْزِيَ	Verb		to reward, to recompense	7
تُلْقُوا	Verb		to cast, to throw, to meet, to offer	7
يُوعَدُونَ	Verb		to promise	7
وَأَنْفِقُوا	Verb		to spend	7
يُنَزِّلَ	Verb		to send down, to reveal	7
رَزَقْنَاكُمْ	Verb		to provide	7
مَسَّ	Verb		to touch	7
تَتَذَكَّرُونَ	Verb		to receive admonition	7
يَذَّكَّرُونَ	Verb		to receive admonition	7
افْتَرَاهُ	Verb		to invent	7
فَيُنَبِّئُكُمْ	Verb		to inform	7
حَكَمْتُمْ	Verb		to judge	7
شَهِدَ	Verb		to testify, to bear witness	7
نَادَىٰ	Verb		to call	7
وَنَادَىٰ	Verb		to call	7
يُسَبِّحُ	Verb		to glorify, to praise	7
وَتَرَكْنَا	Verb		to leave	7
تَوَكَّلْتُ	Verb		to put trust	7
وَتَوَكَّلْ	Verb		to put trust	7
يَخْتَلِفُونَ	Verb		to differ	7
اذْهَبُوا	Verb		to go, to take away	7
ذَهَبَ	Verb		to go, to take away	7
نَسُوا	Verb		to forget	7
وَيَنْهَوْنَ	Verb		to forbid	7
فَأَصْبَحَ	Verb		to become	7
وَأَصْلَحَ	Verb		to correct, to reform, to improve, to make peace	7
يُفْلِحُ	Verb		to succeed	7
يَمْشُونَ	Verb		to walk	7
حَقَّتْ	Verb		to justify, to prove true	7
أَعَدَّ	Verb		to prepare	7
وَأَعَدَّ	Verb		to prepare	7
وَتَعَالَىٰ	Verb		to be exalted, to be high	7
نَقُصُّ	Verb		to narrate	7
ذُكِّرُوا	Verb		to remind	7
يُعِيدُهُ	Verb		to return	7
هَاجَرُوا	Verb		to emigrate	7
وَاشْرَبُوا	Verb		to drink	7
وَأَعْتَدْنَا	Verb		to prepare	7
يَصِفُونَ	Verb		to attribute, to ascribe	7
وَحَاقَ	Verb		to surround, to encompass, to envelope	7
يَتَسَاءَلُونَ	Verb		to question, to ask, to inquire	7
تَعَالَوْا	Verb		to come	7
يَعْمَهُونَ	Verb		to wander blindly	7
وَمِنْهَا	Preposition		from	6
فَإِنِّي	Accusative particle		indeed	6
فَالَّذِينَ	Relative pronoun		those who	6
بِمَنْ	Relative pronoun		who	6
فَمَنِ	Relative pronoun		who	6
عَنِّي	Preposition		from	6
وَأَنَّا	Accusative particle		that	6
لِأَنْفُسِكُمْ	Noun		themselves	6
أَمْرَ	Noun		the matter	6
عِنْدِي	Location adverb		with	6
مَعَنَا	Location adverb		with	6
أَيُّهَا	Noun		o you	6
الْخَيْرُ	Noun		better	6
خَيْرًا	Adjective Adjective		better	21
خَيْرُ	Noun		better	6
قُلُوبُنَا	Noun		their hearts	6
بِعِبَادِهِ	Noun		his slaves	6
يَدَيْ	Noun		their hands	6
أَجْرًا	Noun		a reward	6
أُجُورَهُنَّ	Noun		a reward	6
الْعَظِيمُ	Adjective		great	6
وَجَنَّاتٌ	Noun		gardens	6
مَالَهُ	Noun		wealth	6
الْفَضْلَ	Noun		his bounty	6
وَاللَّيْلِ	Noun		the night	6
وَالْبَنُونَ	Noun		children	6
يَا بُنَيَّ	Noun		children	6
أَزْوَاجًا	Noun		pairs	6
أَزْوَاجٌ	Noun		pairs	6
زَوْجٍ	Noun		pairs	6
لِلْإِنْسَانِ	Noun		man	6
عَمَلَ	Noun		their deeds	6
وَجْهُ	Noun		their faces	6
وَالْقُرْآنِ	Proper noun		The quran	6
آبَاؤُكُمْ	Noun		our forefathers	6
آبَاؤُهُمْ	Noun		our forefathers	6
لَغَفُورٌ	Noun		oft-forgiving	6
نِسَاءَكُمْ	Noun		the women	6
النُّذُرُ	Noun		a warner	6
وَنُذُرِ	Noun		a warner	6
أَوْلَادِكُمْ	Noun		a son	6
وَرِزْقٌ	Noun		provision	6
سُوءَ	Noun		evil	6
نِعْمَتِيَ	Noun		favor	6
الْمُتَّقِينَ	Noun		the righteous	6
وَعْدَهُ	Noun		promise	6
الْأَبْصَارَ	Noun		the vision	6
وَالْأَبْصَارَ	Noun		the vision	6
سَاعَةً	Noun		the hour	6
مُبِينًا	Adjective		clear	6
أَبِيكُمْ	Noun		o my father	6
يَا أَبَانَا	Noun		o my father	6
الْآخَرِينَ	Noun		and others	6
الْأُخْرَىٰ	Noun		and others	6
وَكَثِيرٌ	Noun		many	6
شُرَكَائِهِمْ	Noun		partners	6
يَا وَيْلَنَا	Noun		woe	6
وَالْجِبَالُ	Noun		the mountains	6
سَمِيعُ	Noun		all-hearing	6
بَشَرٍ	Noun		a man	6
سَيِّئَاتُ	Noun		the evil deeds	6
أَيُّهُمْ	Interogative particle		so which	6
مَتَاعٌ	Noun		enjoyment	6
أُمَّ	Noun		your mothers	6
أُمَّهَاتُكُمْ	Noun		your mothers	6
أَنْعَامٌ	Noun		the cattle	6
وَالْأَنْعَامِ	Noun		the cattle	6
الْحُكْمُ	Noun		judgment	6
خَيْرٌ	Noun Noun		better	56
بِقُوَّةٍ	Noun		strength	6
بِعَهْدِ	Noun		the covenant	6
ذُرِّيَّتَهُمْ	Noun		offspring	6
الْبَابَ	Noun		gates	6
وَلُوطًا	Proper noun		Lut	6
الْحَسَنَةَ	Noun		good	6
حَسَنَةٌ	Noun		good	6
مَكَانَ	Noun		a place	6
بِلِقَاءِ	Noun		meeting	6
الْخَبِيرُ	Adjective		all-aware	6
الذِّكْرَىٰ	Noun		and a reminder	6
مَا	Relative pronoun Relative pronoun Relative pronoun Relative pronoun Relative pronoun Relative pronoun		what	729
أَشْهُرٌ	Noun		months	6
الْيَتَامَىٰ	Noun		the orphans	6
بَعِيدًا	Adjective		far	6
الْأَحْزَابِ	Noun		party	6
حِزْبَ	Noun		party	6
غَنِيًّا	Noun		free of need	6
غَنِيٌّ	Noun		free of need	6
الْأَوَّلِينَ	Noun Noun		the former	26
الضُّرُّ	Noun		the adversity	6
ضُرٍّ	Noun		the adversity	6
مَرَّتَانِ	Noun		time	6
مُعْرِضِينَ	Noun		turn away	6
الْإِنْسِ	Noun		and the men	6
ذَكَرٍ	Noun		male	6
رُءُوسِهِمْ	Noun		their heads	6
إِسْحَاقَ	Proper noun		And isaac	6
وَالْأَقْرَبِينَ	Noun		nearer	6
بُطُونِهِمْ	Noun		their bellies	6
الْحَرَامُ	Adjective		al-haraam	6
لَدُنَّا	Noun		yourself	6
حَمِيدٌ	Adjective		the praiseworthy	6
فَوْقَ	Noun Noun		above them	8
مَوَازِينُهُ	Noun		his scales	6
وَالْمِيزَانَ	Noun		his scales	6
آثَارِهِمْ	Noun		their footsteps	6
إِذَا	Time adverb Time adverb		when	191
أَلْفَ	Noun		a thousand	6
بِالْعَدْلِ	Noun		just	6
الْحَكِيمُ	Adjective Adjective		all-wise	31
الصَّيْحَةُ	Noun		a shout	6
غُلَامٌ	Noun		a boy	6
النُّجُومَ	Noun		the stars	6
بِأَفْوَاهِهِمْ	Noun		with their mouths	6
لَحْمًا	Noun		flesh	6
أَكْبَرُ	Noun Noun		greater	12
وَأَمَّا	Explanation particle Explanation particle		but as for	24
بَرِيءٌ	Noun		disassociated	6
بَغْيًا	Noun		and the oppression	6
التَّوَّابُ	Noun		the acceptor of repentance	6
سِرًّا	Noun		secretly	6
الْعِزَّةَ	Noun		the honor	6
قَرِيبٌ	Noun		near	6
مَجْنُونٌ	Noun		a madman	6
الْمَشْرِقُ	Noun		the east	6
هَوَاهُ	Noun		the desire	6
الْجَاهِلِينَ	Noun		the ignorant	6
عَابِدُونَ	Noun		worshippers	6
الْعِجْلَ	Noun		the calf	6
أَضَلُّ	Noun		more astray	6
الْحَجَّ	Noun		the hajj	6
خَلَائِفَ	Noun		successors	6
رَقَبَةٍ	Noun		a slave	6
صَالِحًا	Noun Noun		the righteous	35
طَيِّبَةٍ	Adjective		good	6
الْغُرُورِ	Noun		delusion	6
أَلْوَانُهُ	Noun		colors	6
بِالْبِرِّ	Noun		righteousness	6
خَشْيَةِ	Noun		fear	6
الشِّمَالِ	Noun		the left	6
الصَّدَقَاتِ	Noun		the charities	6
الْمُجْرِمِينَ	Noun Noun		the criminals	28
مُدْبِرِينَ	Noun		flight	6
نُزُلًا	Noun		a lodging	6
اثْنَتَيْنِ	Noun		two	6
أَهْدَىٰ	Noun		better guided	6
حَفِيظًا	Noun		a guardian	6
مَفْعُولًا	Noun		destined	6
الْمُقَرَّبِينَ	Noun		those brought near	6
مُهِينٌ	Adjective Adjective		humiliating	7
الْأَعْلَىٰ	Noun		the highest	6
الْأُنْثَيَيْنِ	Noun		the two females	6
أَنْدَادًا	Noun		equals	6
بُكْرَةً	Time adverb		morning	6
بُهْتَانًا	Noun		a slander	6
ذَرَّةٍ	Noun		an atom	6
الرَّاحِمِينَ	Noun		the merciful	6
السِّجْنُ	Noun		the prison	6
الْعَدَاوَةَ	Noun		enmity	6
فَاطِرِ	Noun		creator	6
قَرْضًا	Noun		a loan	6
الْقَهَّارُ	Adjective		the irresistible	6
لَعَلِّي	Accusative particle		that i may	6
مُبَارَكًا	Noun		blessed	6
مُدَّكِرٍ	Noun		who will receive admonition	6
وَحْدَهُ	Noun		alone	6
وَقْرًا	Noun		deafness	6
وَقُلْنَا	Verb		to say	6
كُنْتَ	Verb		to be	6
لَكَانَ	Verb		to be	6
وَآمَنُوا	Verb		to believe	6
وَآمِنُوا	Verb		to believe	6
وَلِيَعْلَمَ	Verb		to know	6
جَعَلَكُمْ	Verb		to make	6
جَعَلْنَاهُ	Verb		to make	6
وَاجْعَلُوا	Verb		to make	6
جَاءَنَا	Verb		to come	6
جِئْتَ	Verb		to come	6
نَرَى	Verb		to see	6
يَأْتُوا	Verb		to come, to bring	6
يَأْتِينَ	Verb		to come, to bring	6
خَلَقْنَاكُمْ	Verb		to create	6
أُنْزِلَتْ	Verb		to send down, to reveal	6
أُرِيدُ	Verb		to intend, to desire, to want, to wish	6
فَيَتَّبِعُونَ	Verb		to follow	6
يَتَّبِعُ	Verb		to follow	6
نَعْبُدُ	Verb		to worship	6
ظَلَمْتُمْ	Verb		to oppress, to wrong	6
أَخْرَجَ	Verb		to bring forth, to drive out	6
يُخْرِجُ	Verb		to bring forth, to drive out	6
وَكُلُوا	Verb		to eat, to consume	6
فَيَنْظُرَ	Verb		to look, to see	6
قَتَلَ	Verb		to kill	6
تُؤْمَرُونَ	Verb		to order, to command	6
وَأُمِرْتُ	Verb		to order, to command	6
وَيَأْمُرُونَ	Verb		to order, to command	6
يَدْخُلَ	Verb		to enter	6
تُطِيعُوا	Verb		to obey	6
وَأَطَعْنَا	Verb		to obey	6
يُطِعِ	Verb		to obey	6
فَاغْفِرْ	Verb		to forgive	6
أَضَلَّ	Verb		to let go astray, to mislead	6
كَسَبَ	Verb		to earn	6
تَتْلُونَ	Verb		to recite	6
قُضِيَ	Verb		to decree, to decide, to judge	6
يَضْرِبُ	Verb		to strike, to set forth	6
يُقَاتِلُوكُمْ	Verb		to fight	6
يُقَاتِلُونَكُمْ	Verb		to fight	6
يَضِلُّ	Verb		to go astray, to err, to lose	6
فَأَحْيَا	Verb		to give life	6
يَزِيدُ	Verb		to increase	6
كَتَبَ	Verb		to write, to prescribe, to ordain	6
يَظُنُّونَ	Verb		to think, to assume, to guess	6
فَذَرْهُمْ	Verb		to leave, to forsake	6
يَمْلِكُ	Verb		to possess, to have power	6
وَأَنْذِرْ	Verb		to warn	6
يَبْلُغَ	Verb		to reach	6
اسْتَغْفِرْ	Verb		to ask forgiveness	6
حَرَّمْنَا	Verb		to forbid, to make unlawful	6
يُرَدُّ	Verb		to turn back, to return	6
تَبْتَغُونَ	Verb		to seek	6
أَعْرَضَ	Verb		to turn away	6
كَفَىٰ	Verb		to be sufficient	6
تُبْصِرُونَ	Verb		to see	6
يَسْتَجِيبُ	Verb		to answer, to respond	6
يُغْنِي	Verb		to avail, to enrich	6
وَجَاهَدُوا	Verb		to strive	6
عَفَا	Verb		to forgive, to pardon	6
يُجَادِلُونَ	Verb		to argue, to dispute	6
لَعَنَهُمُ	Verb		to curse	6
فَأَنْجَيْنَاهُ	Verb		to save	6
سَخَّرَ	Verb		to subject, to impose	6
أَسْلَمَ	Verb		to submit	6
يَمْكُرُونَ	Verb		to plot, to scheme, to plan	6
أَحْسَنَ	Verb		to do good	6
أَحْسَنُوا	Verb		to do good	6
يَمْشِي	Verb		to walk	6
يَسْعَىٰ	Verb		to strive, to run	6
تَسْتَعْجِلُونَ	Verb		to seek to hasten	6
وَأَوْفُوا	Verb		to fulfill	6
يُؤْفَكُونَ	Verb		to delude, to turn away	6
سِيرُوا	Verb		to travel	6
يَسِيرُوا	Verb		to travel	6
تُفْسِدُوا	Verb		to cause corruption	6
أَعْتَدْنَا	Verb		to prepare	6
زَعَمْتُمْ	Verb		to claim	6
يَزْعُمُونَ	Verb		to claim	6
يَبْدَأُ	Verb		to begin, to originate	6
حَبِطَتْ	Verb		to become worthless	6
طَغَىٰ	Verb		to transgress, to overflow	6
يُعْلِنُونَ	Verb		to declare, to reveal, to proclaim	6
يُنْظَرُونَ	Verb		to give respite	6
يَفْسُقُونَ	Verb		to disobey defiantly	6
تَبَارَكَ	Verb		to be blessed	6
يُسَارِعُونَ	Verb		to hasten	6
اهْبِطُوا	Verb		to go down	6
يَنْبَغِي	Verb		to be appropiate	6
فَمِنْهُمْ	Preposition		from	5
وَمِمَّنْ	Preposition		from	5
فَلِلَّهِ	Proper noun		Allah	5
فِينَا	Preposition		in	5
إِنَّهَا	Accusative particle		indeed	5
كَالَّذِي	Relative pronoun		those who	5
رَبُّكُمْ	Noun		your lord	5
وَمَنِ	Relative pronoun		who	5
وَعَنِ	Preposition		from	5
قَوْمِي	Noun		a people	5
بِآيَةٍ	Noun		a sign	5
وَأَنَّهُمْ	Accusative particle		that	5
رُسُلِهِ	Noun		and his messenger	5
فَالْيَوْمَ	Noun		day	5
يَوْمِكُمْ	Noun		day	5
يَوْمِهِمْ	Noun		day	5
وَلَعَذَابُ	Noun		a punishment	5
سَمَاوَاتٍ	Noun		the heavens	5
وَالسَّمَاءَ	Noun		the heavens	5
النَّفْسَ	Noun		themselves	5
الْأَنْفُسُ	Noun		themselves	5
بِأَنْفُسِهِنَّ	Noun		themselves	5
نَفْسًا	Noun		themselves	5
كِتَابَهُ	Noun		the book	5
وَالنَّاسِ	Noun		the people	5
أَمْرِ	Noun		the matter	5
عِنْدَكُمْ	Location adverb		with	5
عِنْدَهُمُ	Location adverb		with	5
بِبَعْضِ	Noun		some of them	5
آلِهَتِنَا	Noun		god	5
أَإِلَٰهٌ	Noun		god	5
أَغَيْرَ	Noun		without	5
وَمُوسَىٰ	Proper noun		Musa	5
دُونِهِمْ	Noun		besides	5
قَلْبِهِ	Noun		their hearts	5
بِالْعِبَادِ	Noun		his slaves	5
عَبْدٍ	Noun		his slaves	5
عَبْدِنَا	Noun		his slaves	5
عَبْدِهِ	Noun		his slaves	5
أَهْلِهَا	Noun		people	5
يَدَكَ	Noun		their hands	5
وَلِلْكَافِرِينَ	Noun		the disbelievers	5
بِرَحْمَةٍ	Noun		mercy	5
بِرَحْمَتِنَا	Noun		mercy	5
بِالظَّالِمِينَ	Noun		the wrongdoers	5
عِلْمُهَا	Noun		knowledge	5
وَعِلْمًا	Noun		knowledge	5
جَنَّتَيْنِ	Noun		gardens	5
قَوْلَ	Noun		the word	5
قَوْلِهِمْ	Noun		the word	5
وَمَلَائِكَتِهِ	Noun		the angels	5
الْحَكِيمِ	Adjective		all-wise	5
فَضْلٍ	Noun		his bounty	5
لِبَنِي	Noun		children	5
الذِّكْرَ	Noun		a reminder	5
ذِكْرِي	Noun		a reminder	5
أَزْوَاجِهِمْ	Noun		pairs	5
زَوْجَيْنِ	Noun		pairs	5
إِخْوَانِهِنَّ	Noun		his brother	5
بِمِثْلِ	Noun		like	5
مِثْلَ	Noun		like	5
مِثْلَنَا	Noun		like	5
وَفِرْعَوْنَ	Proper noun		Firaun	5
أُنَاسٍ	Noun		man	5
الْإِنْسَانُ	Noun		man	5
بَيْتٌ	Noun		houses	5
أَيْمَانُهُمْ	Noun		the right	5
وَآبَاؤُكُمْ	Noun		our forefathers	5
أَبْنَاءَكُمْ	Noun		son	5
وَابْنِ	Noun		son	5
نِسَاءَهُمْ	Noun		the women	5
وَنَذِيرًا	Noun		a warner	5
أَعْيُنَ	Noun		their eyes	5
أَعْيُنِكُمْ	Noun		their eyes	5
الْقَرْيَةِ	Noun		a town	5
بَيِّنَةٍ	Noun		with clear proofs	5
وَأَنْهَارًا	Noun		the rivers	5
بِسُوءٍ	Noun		evil	5
نِعْمَةً	Noun		favor	5
أَبْصَارُهُمْ	Noun		the vision	5
أَبْصَارِهِمْ	Noun		the vision	5
أَلَّا	Subordinating conjunction Subordinating conjunction		that	42
أَبِي	Noun		o my father	5
يَا أُولِي	Noun		men	5
صِرَاطًا	Noun		a path	5
صُدُورِكُمْ	Noun		the breasts	5
بِحَمْدِ	Noun		all praise	5
جَزَاؤُهُمْ	Noun		a reward	5
الْبَحْرَيْنِ	Noun		the sea	5
شُرَكَائِيَ	Noun		partners	5
اسْمُهُ	Noun		name	5
حِسَابِهِمْ	Noun		account	5
ذُنُوبَنَا	Noun		your sins	5
بِسُلْطَانٍ	Noun		an authority	5
عِنْدِكَ	Noun		from	5
سَيِّئَاتِكُمْ	Noun		the evil deeds	5
شَدِيدٍ	Adjective		severe	5
بِالْإِثْمِ	Noun		sin	5
أَيُّ	Interogative particle		so which	5
وَمَتَاعٌ	Noun		enjoyment	5
يَا مَرْيَمُ	Proper noun		Maryam	5
أَنْصَارٍ	Noun		any helper	5
خَاسِرِينَ	Noun		the losers	5
الشَّرَّ	Noun		evil	5
مَلَأٌ	Noun		the chiefs	5
جُنُودٌ	Noun		hosts	5
وَجُنُودُهُ	Noun		hosts	5
رَجُلَيْنِ	Noun		a man	5
عَهْدًا	Noun		the covenant	5
الرِّجَالِ	Noun		men	5
السِّحْرُ	Noun		magic	5
غَافِلِينَ	Noun		unaware	5
الْقَمَرَ	Noun		and the moon	5
كُفَّارًا	Noun		the disbelievers	5
الْمُنَافِقُونَ	Noun		the hypocrites	5
امْرَأَتَهُ	Noun		wife	5
سَوَاءِ	Noun		same	5
لِآدَمَ	Proper noun		Adam	5
بِالْحَسَنَةِ	Noun		good	5
الْوَاحِدُ	Adjective		one	5
ذِكْرَىٰ	Noun		and a reminder	5
الْجِنَّ	Noun		the jinn	5
ظُلُمَاتٍ	Noun		the darkness[es]	5
مَأْوَاهُمْ	Noun		their abode	5
وَمَأْوَاهُمْ	Noun		their abode	5
نَصْرَ	Noun		help	5
وَاحِدَةٍ	Noun		one	5
الْأَبْرَارِ	Noun		the land	5
الظَّنَّ	Noun		assumption	5
لَدَيْنَا	Location adverb		with them	5
الْأَوَّلُونَ	Adjective		the former	5
شَاهِدٌ	Noun		the witnesses	5
وَالطَّيْرَ	Noun		the birds	5
أَدْبَارِهَا	Noun		their backs	5
الْمَوْلَىٰ	Noun		your protector	5
مَوْلَاكُمْ	Noun		your protector	5
الْبَنَاتِ	Noun		daughters	5
تَأْوِيلِ	Noun		interpretation	5
وَعِظَامًا	Noun		and bones	5
مَرْجِعُهُمْ	Noun		your return	5
يَعْقُوبَ	Proper noun		And yaqub	5
وَبُشْرَىٰ	Noun		and glad tidings	5
تَنْزِيلُ	Noun		a revelation	5
مُنْذِرٌ	Noun		a warner	5
نَصَارَىٰ	Proper noun		And the christians	5
وَالنَّصَارَىٰ	Proper noun		And the christians	5
الْبِلَادِ	Noun		city	5
كَلِمَاتٍ	Noun		words	5
لَعْنَةُ	Noun		the curse	5
حَافِظِينَ	Noun		guardians	5
حُسْنًا	Noun		good	5
وَرِضْوَانٍ	Noun		and pleasure	5
الشَّفَاعَةَ	Noun		the intercession	5
صَيْحَةً	Noun		a shout	5
مَثْوًى	Noun		an abode	5
الْأَرْحَامِ	Noun		the wombs	5
عَامِلٌ	Noun		working	5
مَسَاكِنِهِمْ	Noun		their dwellings	5
مَوْعِدًا	Noun		an appointment	5
وَرَاءِ	Noun		behind	5
وِزْرَ	Noun		burden	5
خَالِقُ	Noun		creator	5
شَرَابٌ	Noun		a drink	5
بِقَدَرٍ	Noun		in (due) measure	5
الْجِنَّةِ	Noun		the jinn	5
حِجَارَةً	Noun		stones	5
الطُّورَ	Noun		the mount	5
فِئَةٍ	Noun		a group	5
الْقَتْلِ	Noun		killing	5
مِائَةَ	Noun		a hundred	5
مُحْضَرُونَ	Noun		brought	5
وَالْمَغْرِبُ	Noun		and the west	5
بِوَالِدَيْهِ	Noun		to his parents	5
أَوْلَىٰ	Noun		woe	5
تِجَارَةً	Noun		a transaction	5
حُبًّا	Noun		love	5
سَحَابًا	Noun		clouds	5
شَكُورًا	Adjective		grateful	5
وَالضَّرَّاءِ	Noun		and hardship	5
الضَّلَالَةَ	Noun		error	5
طُغْيَانِهِمْ	Noun		their transgression	5
لَمَبْعُوثُونَ	Noun		resurrected	5
مَعْلُومٌ	Noun		known	5
مَآبٍ	Noun		place of return	5
أَشُدَّهُ	Noun		his maturity	5
خَزَائِنُ	Noun		treasures	5
وَالْعُدْوَانِ	Noun		and [the] transgression	5
الْعَلِيُّ	Noun		the most high	5
مُشْفِقِينَ	Noun		fearful	5
مَنَافِعَ	Noun		benefits	5
مَوَدَّةَ	Noun		love	5
أَثِيمًا	Adjective		sinful	5
تَبْدِيلًا	Noun		any change	5
ثَلَاثَ	Noun		three	5
جَانٌّ	Noun		any jinn	5
سَفَرٍ	Noun		a journey	5
سَنَةٍ	Noun		year(s)	5
كَارِهُونَ	Noun		averse	5
الْمِهَادُ	Noun		resting place	5
هَادٍ	Noun		guide	5
هُودًا	Proper noun		Hud	5
الْوَارِثُونَ	Noun		the inheritors	5
بَلَاءٌ	Noun		a trial	5
حَدِيدًا	Noun		iron	5
حَلَالًا	Noun		lawful	5
الْخُلْدِ	Noun		eternity	5
الرَّازِقِينَ	Noun		the providers	5
رِسَالَاتِ	Noun		messages	5
السَّبْتِ	Noun		the sabbath	5
سُرُرٍ	Noun		thrones	5
بِسِيمَاهُمْ	Noun		by their marks	5
عَرَضَ	Noun		goods	5
الْفَجْرِ	Noun		dawn	5
فَرِيضَةً	Noun		an obligation	5
الْقُبُورِ	Noun		the graves	5
قَمِيصِهِ	Noun		his shirt	5
كَفُورٌ	Adjective		ungrateful	5
الْمُعْتَدِينَ	Noun		the transgressors	5
بَيْضَاءُ	Noun		white	5
أَحَقُّ	Adjective		more right	5
الْأَرَائِكِ	Noun		couches	5
أَسَاوِرَ	Noun		bracelets	5
اللَّهُمَّ	Proper noun		O allah	5
امْرِئٍ	Noun		person	5
أَيَّانَ	Interogative particle		when	5
جَاثِمِينَ	Noun		fallen prone	5
جَرَمَ	Noun		doubt	5
جَهْدَ	Noun		strongest	5
الْحَاكِمِينَ	Noun		the judges	5
حَبَّةٍ	Noun		a grain	5
الْحَرِيقِ	Noun		the burning fire	5
خُطُوَاتِ	Noun		footsteps	5
بِدَيْنٍ	Noun		any debt	5
رَشَدًا	Noun		right way	5
الرُّعْبَ	Noun		terror	5
سُجَّدًا	Noun Noun		prostrating	9
صَدَقَةٍ	Noun		charity	5
بِظَلَّامٍ	Noun		unjust	5
عَدَدَ	Noun		number	5
غَفْلَةٍ	Noun		heedlessness	5
كَافَّةً	Noun		all together	5
مِرْيَةٍ	Noun		doubt	5
مُسَمًّى	Noun Noun		appointed	16
مَسْئُولًا	Noun		questioned	5
مُصْبِحِينَ	Noun		morning	5
مُطَهَّرَةٌ	Adjective		purified	5
وَالْمُنَافِقَاتُ	Noun		and the hypocrite women	5
الْمُنْذَرِينَ	Noun		those who were warned	5
النِّكَاحِ	Noun		marriage	5
وَازِرَةٌ	Noun		bearer of burdens	5
وُسْعَهَا	Noun		its capacity	5
يَسِيرًا	Noun		easy	5
تَقُولَ	Verb		to say	5
فَيَقُولُ	Verb		to say	5
لَيَقُولَنَّ	Verb		to say	5
تَكُ	Verb		to be	5
تَكُونُ	Verb		to be	5
فَتَكُونَ	Verb		to be	5
لَنَكُونَنَّ	Verb		to be	5
وَكُنْ	Verb		to be	5
وَيَكُونَ	Verb		to be	5
يَكُونُوا	Verb		to be	5
فَآمِنُوا	Verb		to believe	5
يُؤْمِنُوا	Verb		to believe	5
أَعْلَمُ	Noun Noun Noun		most knowing	33
يَعْلَمُهَا	Verb		to know	5
جَعَلَهُ	Verb		to make	5
يَجْعَلَ	Verb		to make	5
يَجْعَلْ	Verb		to make	5
كَفَرَ	Verb		to disbelieve	5
أَجِئْتَنَا	Verb		to come	5
اعْمَلُوا	Verb		to do, to work	5
عَمِلَتْ	Verb		to do, to work	5
آتَاكُمْ	Verb		to give	5
آتَاهُمُ	Verb		to give	5
آتَيْتُمُوهُنَّ	Verb		to give	5
آتَيْنَاكُمْ	Verb		to give	5
آتَيْنَاهُمُ	Verb		to give	5
آتِنَا	Verb		to give	5
أُوتِيتُمْ	Verb		to give	5
تَرَوْنَهُمْ	Verb		to see	5
ائْتُونِي	Verb		to come, to bring	5
ائْتِنَا	Verb		to come, to bring	5
يَأْتُونَ	Verb		to come, to bring	5
يَأْتِيكُمْ	Verb		to come, to bring	5
يَشَاءُونَ	Verb		to will, to wish	5
وَخَلَقَ	Verb		to create	5
تَدْعُوهُمْ	Verb		to call, to invite, to pray	5
وَادْعُوا	Verb		to call, to invite, to pray	5
هَدَانَا	Verb		to guide	5
يَهْدِ	Verb		to guide	5
أَرَادُوا	Verb		to intend, to desire, to want, to wish	5
يُرِيدُوا	Verb		to intend, to desire, to want, to wish	5
أَتَّبِعُ	Verb		to follow	5
اتَّبَعَكَ	Verb		to follow	5
اتَّبَعُوا	Verb		to follow	5
فَأَرْسَلْنَا	Verb		to send	5
وَأَرْسَلْنَا	Verb		to send	5
يُرْسِلُ	Verb		to send	5
فَأَخَذَتْهُمُ	Verb		to take, to seize	5
يَتَّخِذُ	Verb		to take	5
وَيَسْأَلُونَكَ	Verb		to ask	5
تَجِدُوا	Verb		to find	5
فَعَلُوا	Verb		to do	5
فَانْظُرْ	Verb		to look, to see	5
خَافَ	Verb		to fear, to be afraid	5
قُتِلَ	Verb		to kill	5
يُرْجَعُونَ	Verb		to return	5
تَوَلَّىٰ	Verb		to turn	5
وَتَوَلَّوْا	Verb		to turn	5
أُمِرْتُ	Verb		to order, to command	5
يُوحِي	Verb		to reveal, to inspire	5
تُشْرِكُوا	Verb		to associate partners	5
نَعِدُهُمْ	Verb		to promise	5
يُنْفِقُ	Verb		to spend	5
تُحِبُّوا	Verb		to love, to like	5
أَصَابَ	Verb		to strike, to befall, to bestow	5
أَصَابَهُمْ	Verb		to strike, to befall, to bestow	5
لِيُضِلَّ	Verb		to let go astray, to mislead	5
تَابَا	Verb		to repent, to turn	5
فَتَابَ	Verb		to repent, to turn	5
يَتُوبُ	Verb		to repent, to turn	5
وَيُنَزِّلُ	Verb		to send down, to reveal	5
وَاتْلُ	Verb		to recite	5
رَزَقَكُمُ	Verb		to provide	5
يَرْزُقُكُمْ	Verb		to provide	5
وَقُضِيَ	Verb		to decree, to decide, to judge	5
يَنْصُرُنِي	Verb		to help	5
تَصْبِرُوا	Verb		to be patient	5
تَخْرُجُ	Verb		to go out, to come out, to depart, to leave	5
خَرَجُوا	Verb		to go out, to come out, to depart, to leave	5
بَعَثْنَا	Verb		to raise, to resurrect, to send	5
يُحْيِيكُمْ	Verb		to give life	5
يَكْتُبُونَ	Verb		to write, to prescribe, to ordain	5
ظَنَنْتُمْ	Verb		to think, to assume, to guess	5
وَاشْكُرُوا	Verb		to be grateful, to give thanks	5
تَحْكُمُوا	Verb		to judge	5
فَاحْكُمْ	Verb		to judge	5
وَذَرِ	Verb		to leave, to forsake	5
اشْهَدُوا	Verb		to testify, to bear witness	5
شَهِدْنَا	Verb		to testify, to bear witness	5
لَتَشْهَدُونَ	Verb		to testify, to bear witness	5
لِتُنْذِرَ	Verb		to warn	5
يُدْخِلُ	Verb		to admit	5
فَسَبِّحْ	Verb		to glorify, to praise	5
يَسْتَطِيعُونَ	Verb		to be able to, to be capable	5
بِئْسَ	Verb		to be wretched, to be evil	5
لَبِئْسَ	Verb		to be wretched, to be evil	5
أَرِنِي	Verb		to show	5
نُرِيَنَّكَ	Verb		to show	5
فَاسْتَكْبَرُوا	Verb		to be arrogant	5
وَاسْتَكْبَرُوا	Verb		to be arrogant	5
اهْتَدَىٰ	Verb		to be guided	5
يَهْتَدُونَ	Verb		to be guided	5
تَوَكَّلْنَا	Verb		to put trust	5
يَتَوَكَّلُونَ	Verb		to put trust	5
حُرِّمَتْ	Verb		to forbid, to make unlawful	5
مُوتُوا	Verb		to die	5
رَضِيَ	Verb		to be pleased	5
وَرَضُوا	Verb		to be pleased	5
يَحْزُنْكَ	Verb		to grieve	5
يَحْشُرُهُمْ	Verb		to gather, to raise	5
يَصُدُّونَ	Verb		to turn away, to avert, to hinder	5
وَنَجَّيْنَاهُ	Verb		to save, to deliver	5
فَسَجَدُوا	Verb		to prostrate	5
تَقُومُوا	Verb		to stand up, to rise, to establish	5
فَأَعْرِضْ	Verb		to turn away	5
نُهُوا	Verb		to forbid	5
وَسَاءَتْ	Verb		to be evil	5
لَبِثُوا	Verb		to remain, to stay, to hesitate, to delay	5
لَبِثْتَ	Verb		to remain, to stay, to hesitate, to delay	5
لَبِثْتُمْ	Verb		to remain, to stay, to hesitate, to delay	5
يَسْتَجِيبُوا	Verb		to answer, to respond	5
وَأَصْلَحُوا	Verb		to correct, to reform, to improve, to make peace	5
وَجَاهِدُوا	Verb		to strive	5
فَتَنَّا	Verb		to persecute, to test, to try	5
وَرَفَعْنَا	Verb		to raise	5
اشْتَرَوُا	Verb		to buy, to purchase, to exchange	5
أَمِنْتُمْ	Verb		to feel secure	5
حَقَّ	Verb		to justify, to prove true	5
يَعْرِفُونَ	Verb		to know, to recognize	5
أَنْشَأَكُمْ	Verb		to produce, to raise	5
نِعْمَ	Verb		to be excellent	5
وَنِعْمَ	Verb		to be excellent	5
أَوْفُوا	Verb		to fulfill	5
نُفَصِّلُ	Verb		to make clear, to explain in detail	5
فَضَّلَ	Verb		to bestow, to prefer, to favor	5
أَنْعَمَ	Verb		to bestow favor	5
يَوَدُّ	Verb		to love, to wish	5
يَسْتَمِعُونَ	Verb		to listen	5
يَفْرَحُونَ	Verb		to rejoice	5
فَأَنْبَتْنَا	Verb		to make grow	5
تَنْتَهُوا	Verb		to refrain, to cease, to desist	5
صَدَقُوا	Verb		to be truthful, to fulfill	5
يَصْنَعُونَ	Verb		to make, to construct, to do	5
يَحِلُّ	Verb		to descend, to be lawful	5
يُخْلِفُ	Verb		to break, to fail	5
يَعْدِلُونَ	Verb		to be just	5
تَنْكِحُوا	Verb		to marry	5
يَجْحَدُ	Verb		to reject, to deny	5
يَجْحَدُونَ	Verb		to reject, to deny	5
يَحْلِفُونَ	Verb		to swear	5
تَقْعُدُوا	Verb		to sit	5
وَقَعَ	Verb		to fall, to occur, to fulfill	5
تَقْرَبُوا	Verb		to approach, to go near	5
كَذَبُوا	Verb		to deny, to lie	5
أَنَابَ	Verb		to turn	5
لِيُضِيعَ	Verb		to let go waste, to neglect	5
يُقْبَلُ	Verb		to accept	5
يَلْعَبُونَ	Verb		to play	5
يَنْطِقُونَ	Verb		to speak	5
بَارَكْنَا	Verb		to bless	5
يُخَفَّفُ	Verb		to lighten	5
يَشْتَهُونَ	Verb		to desire	5
اسْتُضْعِفُوا	Verb		to be oppressed	5
تَفَرَّقُوا	Verb		to be divided	5
كَبُرَ	Verb		to be great	5
انْفِرُوا	Verb		to go forth	5
يَسْتَبْشِرُونَ	Verb		to rejoice	5
حَضَرَ	Verb		to approach, to attend	5
وَأَمْطَرْنَا	Verb		to shower, to send rain	5
تَزِرُ	Verb		to bear	5
يَسْتَأْخِرُونَ	Verb		to delay, to postpone	5
يَخْفَىٰ	Verb		to hide	5
يَنْقُضُونَ	Verb		to break	5
وَسِعَ	Verb		to encompass, to extend	5
يَجْهَلُونَ	Verb		to be ignorant	5
سَلَفَ	Verb		to pass (before)	5
تَعْثَوْا	Verb		to act wickedly, to commit evil	5
وَفِيهَا	Preposition		in	4
وَإِنَّنِي	Accusative particle		indeed	4
فَعَلَيْهِ	Preposition		on	4
وَعَلَيْهَا	Preposition		on	4
كَمَا	Subordinating conjunction Subordinating conjunction		as	56
لَمَا	Relative pronoun		what	4
وَبِمَا	Relative pronoun		what	4
بِرَبِّكُمْ	Noun		your lord	4
بِرَبِّي	Noun		your lord	4
رَبِّكَ	Noun		your lord	4
لِرَبِّ	Noun		your lord	4
عَنْهُمَا	Preposition		from	4
آيَاتُهُ	Noun		a sign	4
وَآيَةً	Noun		a sign	4
كُلَّ	Noun		every	4
وَلِكُلٍّ	Noun		every	4
وَلِكُلِّ	Noun		every	4
رَسُولُنَا	Noun		and his messenger	4
لِيَوْمٍ	Noun		day	4
لِيَوْمِ	Noun		day	4
وَعَذَابٌ	Noun		a punishment	4
أَهَٰؤُلَاءِ	Demonstrative pronoun		this	4
وَالسَّمَاءِ	Noun		the heavens	4
أَنْفُسَكُمُ	Noun		themselves	4
بِأَنْفُسِهِمْ	Noun		themselves	4
فَلِنَفْسِهِ	Noun		themselves	4
لِنَفْسِي	Noun		themselves	4
بِشَيْءٍ	Noun		thing	4
سُبُلَ	Noun		way	4
أَمْرِهِ	Noun		the matter	4
الْأَمْرَ	Noun		the matter	4
الْأَمْرِ	Noun		the matter	4
بِخَيْرٍ	Noun		better	4
آلِهَتَكُمْ	Noun		god	4
غَيْرِكُمْ	Noun		without	4
لِغَيْرِ	Noun		without	4
وَغَيْرَ	Noun		without	4
أَمَّا	Coordinating conjunction		or	4
بَعْدِهَا	Noun		after	4
بَعْدِي	Noun		after	4
لِلْعَبِيدِ	Noun		his slaves	4
يَا عِبَادِ	Noun		his slaves	4
أَهْلِكَ	Noun		people	4
أَيْدٍ	Noun		their hands	4
وَأَيْدِيكُمْ	Noun		their hands	4
الرَّحْمَةَ	Noun		mercy	4
عَظِيمًا	Adjective		great	4
بِالْقَوْلِ	Noun		the word	4
فَلِمَ	Interogative particle		what	4
فَمَالِ	Interogative particle		what	4
ذَاتَ	Noun		owner	4
ذَاتُ	Noun		owner	4
الْمَالَ	Noun		wealth	4
وَفَضْلًا	Noun		his bounty	4
صَلَاتِهِمْ	Noun		the prayer	4
وَأَكْثَرُهُمْ	Noun		most of them	4
لِلذِّكْرِ	Noun		a reminder	4
أَزْوَاجَكُمُ	Noun		pairs	4
أَخِي	Noun		his brother	4
إِخْوَانًا	Noun		his brother	4
لِإِخْوَانِهِمْ	Noun		his brother	4
مِثْلَهَا	Noun		like	4
وَالنَّبِيِّينَ	Noun		the prophet	4
مُبِينٌ	Adjective Adjective		clear	33
فَيَوْمَئِذٍ	Time adverb		that day	4
وَإِبْرَاهِيمَ	Proper noun		Ibrahim	4
يَا إِبْرَاهِيمُ	Proper noun		Ibrahim	4
الْبُيُوتِ	Noun		houses	4
بِيَمِينِهِ	Noun		the right	4
أَبْنَاءِ	Noun		son	4
لَصَادِقُونَ	Noun		truthful	4
وَنَذِيرٌ	Noun		a warner	4
بِأَعْيُنِنَا	Noun		their eyes	4
وَأَوْلَادًا	Noun		a son	4
رِزْقُهُ	Noun		provision	4
أَجَلٌ	Noun		a term	4
أَجَلِهِ	Noun		a term	4
لِأَجَلٍ	Noun		a term	4
نِعْمَتَهُ	Noun		favor	4
عَدُوٌّ	Noun		an enemy	4
الْأَبْصَارُ	Noun		the vision	4
دِيَارِكُمْ	Noun		their homes	4
الْمُلْكَ	Noun		dominion	4
مُلْكِ	Noun		dominion	4
أَبَاهُمْ	Noun		o my father	4
وَأُولُو	Noun		men	4
إِيمَانِكُمْ	Noun		faith	4
إِيمَانِهِمْ	Noun		faith	4
قَبْلَكَ	Time adverb		before	4
صَدْرِكَ	Noun		the breasts	4
صُدُورَ	Noun		the breasts	4
لِلْمُشْرِكِينَ	Noun		the polytheists	4
مُشْرِكِينَ	Noun		the polytheists	4
وَالْمُشْرِكِينَ	Noun		the polytheists	4
بِحَمْدِهِ	Noun		all praise	4
يَا نُوحُ	Proper noun		Nuh	4
وَالسَّلَامُ	Noun		peace	4
بِإِذْنِي	Noun		by (the) permission	4
الْأَسْمَاءَ	Noun		name	4
بِسْمِ	Noun		name	4
حِسَابٍ	Noun		account	4
ضَلَالًا	Noun		error	4
لِبَشَرٍ	Noun		a man	4
ذُنُوبِهِمْ	Noun		your sins	4
عِنْدِهِ	Noun		from	4
بِكُفْرِهِمْ	Noun		disbelief	4
وَكُفْرٌ	Noun		disbelief	4
إِثْمًا	Noun		sin	4
إِثْمٌ	Noun		sin	4
وَأَحْسَنُ	Noun		best	4
أَيُّكُمْ	Interogative particle		so which	4
وَأُمَّهُ	Noun		your mothers	4
مَعْرُوفٍ	Noun		in a fair manner	4
أَمْوَاتًا	Noun		the dead	4
وَفَرِيقًا	Noun		a party	4
وَالْبَصِيرُ	Noun		all-seer	4
وَحِينَ	Noun		a time	4
كَاذِبٌ	Noun		the liars	4
كَاذِبِينَ	Noun		the liars	4
بِشَرٍّ	Noun		evil	4
كَأَنَّمَا	Accusative particle		as if they	4
كَأَنَّهَا	Accusative particle		as if they	4
حَدِيثُ	Noun		statement	4
ذُرِّيَّتِي	Noun		offspring	4
مَصِيرًا	Noun		the destination	4
وَمَغْفِرَةً	Noun		forgiveness	4
وَالْمُنَافِقِينَ	Noun		the hypocrites	4
سَوَاءَ	Noun		same	4
كَيْدُهُمْ	Noun		a plot	4
يَا آدَمُ	Proper noun		Adam	4
بَأْسَ	Noun		our punishment	4
يَا عِيسَىٰ	Proper noun		Isa	4
أَلْسِنَتَهُمْ	Noun		their tongues	4
مِيثَاقَكُمْ	Noun		a covenant	4
مِيثَاقَهُمْ	Noun		a covenant	4
إِنَاثًا	Noun		female	4
وَالْأُنْثَىٰ	Noun		female	4
وَإِيَّاكُمْ	Personal pronoun		him alone	4
لِقَاءَنَا	Noun		meeting	4
بِوَكِيلٍ	Noun		a guardian	4
بَيْنِنَا	Noun		among us	4
الْحَيُّ	Noun		the living	4
طَائِفَةٍ	Noun		a group	4
سَمْعِهِمْ	Noun		the hearing	4
الْمَأْوَىٰ	Noun		their abode	4
النَّصْرُ	Noun		help	4
الْآخِرَةُ	Adjective		the last	4
الشَّهْرَ	Noun		months	4
مُفْسِدِينَ	Noun		the corrupters	4
الْبَصِيرُ	Adjective		all-seer	4
الْحِكْمَةَ	Noun		and the wisdom	4
وَالْحِكْمَةِ	Noun		and the wisdom	4
أَغْنِيَاءُ	Noun		free of need	4
لَدَيَّ	Location adverb		with them	4
زِينَةَ	Noun		adornment	4
زِينَتَهُنَّ	Noun		adornment	4
وَالصَّابِرِينَ	Noun		the patient ones	4
بِضُرٍّ	Noun		the adversity	4
آذَانَ	Noun		their ears	4
الذَّكَرُ	Noun		male	4
عَالِمُ	Noun		knower	4
بُطُونِ	Noun		their bellies	4
وَبَنَاتِ	Noun		daughters	4
لِلتَّقْوَىٰ	Noun		righteousness	4
خَلْفِهِ	Noun		behind them	4
وَسُلَيْمَانَ	Proper noun		Sulaiman	4
الْمُهْتَدُونَ	Noun		the guided ones	4
مُهْتَدُونَ	Noun		the guided ones	4
لِسُنَّةِ	Noun		way	4
عِظَامًا	Noun		and bones	4
وَالْأَفْئِدَةَ	Noun		hearts	4
فَوْقَهُمْ	Location adverb		above them	4
قُرْبَىٰ	Noun		the relatives	4
وَلَوْ	Conditional particle Conditional particle		and if	105
بُشْرَىٰ	Noun		and glad tidings	4
أَرْجُلِهِمْ	Noun		their feet	4
وَأَرْجُلَكُمْ	Noun		their feet	4
بِالصَّبْرِ	Noun		patience	4
وَمُنْذِرِينَ	Noun		a warner	4
النَّصَارَىٰ	Proper noun		And the christians	4
الْبَلَدَ	Noun		city	4
حَمِيمٌ	Noun		scalding water	4
عَدْلٍ	Noun		just	4
لَعْنَتَ	Noun		the curse	4
الْوَالِدَانِ	Noun		the parents	4
وَبِالْوَالِدَيْنِ	Noun		the parents	4
الْجَمْعَانِ	Noun		the two hosts	4
لَحَافِظُونَ	Noun		guardians	4
الْحَرْثَ	Noun		harvest	4
شَفَاعَةٌ	Noun		the intercession	4
بِغُلَامٍ	Noun		a boy	4
مَثْوَى	Noun		an abode	4
وَالنُّجُومَ	Noun		the stars	4
الصُّمُّ	Noun		deaf	4
صُمٌّ	Noun		deaf	4
أَفْوَاهِهِمْ	Noun		with their mouths	4
أَئِمَّةً	Noun		leaders	4
إِمَامًا	Noun		leaders	4
الْإِنْجِيلَ	Proper noun		And the injeel	4
الْعَامِلِينَ	Noun		working	4
فَتْحٌ	Noun		a victory	4
إِحْدَى	Noun		one	4
بَرِيئُونَ	Noun		disassociated	4
الْخَالِقِينَ	Noun		creator	4
الْخِزْيُ	Noun		disgrace	4
شِيَعًا	Noun		sects	4
الضَّالُّونَ	Noun		those who are astray	4
وَأَعْنَابٍ	Noun		and grapevines	4
فَاكِهَةٌ	Noun		fruits	4
الْفَسَادَ	Noun		corruption	4
كَثِيرَةٌ	Adjective		many	4
النَّجْوَىٰ	Noun		the private conversation	4
النَّخْلِ	Noun		and date-palms	4
وَنَخْلٍ	Noun		and date-palms	4
الْهَوَىٰ	Noun		the desire	4
جِنَّةٌ	Noun		the jinn	4
الرِّجْسَ	Noun		evil	4
رِجْسٌ	Noun		evil	4
فَقِيرٌ	Noun		poor	4
وَلَهْوٌ	Noun		and amusement	4
إِفْكٌ	Noun		a lie	4
سَبَبًا	Noun		a course	4
شَفِيعٌ	Noun		any intercessor	4
الصِّيَامُ	Noun		fasting	4
فَصِيَامُ	Noun		fasting	4
طُغْيَانًا	Noun		their transgression	4
أَعْنَاقِهِمْ	Noun		their necks	4
قَرَارٍ	Noun		an abode	4
قَوِيٌّ	Noun		all-strong	4
لَغْوًا	Noun		vain talk	4
مُبَشِّرِينَ	Noun		bearers of glad tidings	4
بِمَبْعُوثِينَ	Noun		resurrected	4
الْمَعْلُومِ	Noun		known	4
وَمَوْعِظَةً	Noun		and an admonition	4
بُرْهَانَكُمْ	Noun		your proof	4
الرَّاكِعِينَ	Noun		those who bow down	4
الطَّاغُوتِ	Noun		the false deities	4
بِالْعَشِيِّ	Noun		in the evening	4
قَرِينًا	Noun		a companion	4
وَلَٰكِنِّي	Accusative particle		but we	4
لَعِبٌ	Noun		play	4
وَلَعِبًا	Noun		play	4
الْمُحْصَنَاتِ	Noun		the chaste women	4
مُقِيمٌ	Noun		enduring	4
وَصِيَّةٍ	Noun		any will	4
أَبَوَاهُ	Noun		his parents	4
بُعْدًا	Noun		away	4
حَبًّا	Noun		grain	4
حِجَابًا	Noun		a screen	4
ذِلَّةٌ	Noun		humiliation	4
زَكَرِيَّا	Proper noun		Zakariya	4
شِقَاقٍ	Noun		schism	4
ضَعِيفًا	Noun		weak	4
الْفُرْقَانَ	Noun		the criterion	4
كَيْ	Subordinating conjunction		that	4
مَطَرًا	Noun		a rain	4
مُؤْمِنٌ	Adjective		believing	4
نَاقَةُ	Noun		the she-camel	4
نَخِيلٍ	Noun		date-palms	4
الْإِسْلَامُ	Proper noun		Islam	4
خِلَافٍ	Noun		opposite sides	4
عَادٍ	Proper noun Proper noun		Aad	12
لَعِبْرَةً	Noun		a lesson	4
عُقْبَى	Noun		the final attainment	4
فَرِحِينَ	Noun		rejoicing	4
فِضَّةٍ	Noun		silver	4
بِكَأْسٍ	Noun		a cup	4
كَرَّةً	Noun		a return	4
الْكَهْفِ	Noun		the cave	4
الْمِيعَادَ	Noun		the promise	4
وَهَامَانَ	Proper noun		And haman	4
وَاحِدٍ	Adjective Adjective		one	16
أَحَقُّ	Adjective Adjective		more right	5
وَالْأَسْبَاطِ	Noun		and the descendants	4
وَإِنْ	Conditional particle Conditional particle Conditional particle		if	156
أَوَّابٌ	Noun		repeatedly turning	4
بِبَعِيدٍ	Noun		far	4
بَلْدَةً	Noun		a land	4
حَفِيظٌ	Adjective		a guardian	4
حِلًّا	Noun		lawful	4
الْحَوَارِيُّونَ	Noun		the disciples	4
خَالِصَةً	Noun		exclusively	4
الْخِنْزِيرِ	Noun		swine	4
ذَا	Noun Noun		and dhul-kifl	9
السَّلَمَ	Noun		peace	4
سَوْآتِهِمَا	Noun		their shame	4
صَالِحٌ	Adjective		righteous	4
عَلَقَةٍ	Noun		a clinging substance	4
غَدًا	Noun		tomorrow	4
بِالْقَارِعَةِ	Noun		the striking calamity	4
كَاتِبٌ	Noun		a scribe	4
الْمُبْطِلُونَ	Noun		the falsifiers	4
مُتَشَابِهًا	Noun		similar	4
مَحِيصٍ	Noun		place of escape	4
مَعْدُودَةً	Adjective		numbered	4
مَكَانَتِكُمْ	Noun		your position	4
مَلُومًا	Noun		blameworthy	4
نَادِمِينَ	Noun		regretful	4
نُفُورًا	Noun		aversion	4
أَرْحَمُ	Noun		most merciful	4
أَزْكَىٰ	Noun		purer	4
وَأَصِيلًا	Time adverb		and evening	4
أَكِنَّةً	Noun		coverings	4
بِالْأَمْسِ	Noun		yesterday	4
انْتِقَامٍ	Noun		retribution	4
الْأَيْكَةِ	Noun		the wood	4
أَيْنَ	Interogative particle Interogative particle		where	11
بَقَرَةً	Noun		a cow	4
بَلْ	Retraction particle Retraction particle		nay	122
ثُبُورًا	Noun		destruction	4
بِجَهَالَةٍ	Noun		in ignorance	4
جَوَابَ	Noun		answer	4
حَاصِبًا	Noun		a storm of stones	4
حِلْيَةٍ	Noun		ornaments	4
خُضْرٍ	Noun		green	4
دَعْوَاهُمْ	Noun		their cry	4
رَاجِعُونَ	Noun		return	4
الرَّجْفَةُ	Noun		the earthquake	4
السُّجُودِ	Noun		prostrate	4
سَقَرَ	Proper noun		Hell	4
سَمَّاعُونَ	Noun		listeners	4
صَبَّارٍ	Adjective		patient	4
صَعِيدًا	Noun		earth	4
صَلْصَالٍ	Noun		clay	4
وَطَمَعًا	Noun		and hope	4
طَوْعًا	Noun		willingly	4
عَجُوزٌ	Noun		an old woman	4
عَشَرَ	Noun		ten	4
وَعَلَانِيَةً	Noun		and openly	4
غَنِيٌّ	Noun Noun		free of need	6
الْغُيُوبِ	Noun		the unseen	4
الْفَائِزُونَ	Noun		the successful ones	4
الْقُدُسِ	Noun		the holy spirit	4
كِسَفًا	Noun		fragments	4
الْكَلِمَ	Noun		the words	4
لَطِيفٌ	Adjective		subtle	4
مُتَقَابِلِينَ	Noun		facing each other	4
مُحَمَّدٌ	Proper noun		Muhammad	4
الْمَدِينَةِ	Noun Noun		the city	10
الْمَرْءِ	Noun		a man	4
مَسْحُورُونَ	Noun		bewitched	4
مُصَدِّقٌ	Adjective		confirming	4
الْمُمْتَرِينَ	Noun		the doubters	4
مَمْنُونٍ	Noun		ending	4
مُؤْمِنَةٌ	Adjective		believing	4
مَيْتًا	Adjective		dead	4
نَصَبٌ	Noun		fatigue	4
نَعَمْ	Answer particle		yes	4
نَكِيرِ	Noun		my rejection	4
هَاهُنَا	Demonstrative pronoun		here	4
وَبَالَ	Noun		consequence	4
آمِنًا	Noun		safe	4
فَسَيَقُولُونَ	Verb		to say	4
فَقُلْنَا	Verb		to say	4
وَقُلْنَ	Verb		to say	4
تَكُنْ	Verb		to be	4
فَكَانَ	Verb		to be	4
فَكَانُوا	Verb		to be	4
نَكُنْ	Verb		to be	4
تُؤْمِنْ	Verb		to believe	4
لِيُؤْمِنُوا	Verb		to believe	4
وَتُؤْمِنُونَ	Verb		to believe	4
وَيُؤْمِنْ	Verb		to believe	4
يَعْلَمْ	Verb		to know	4
تَجْعَلُوا	Verb		to make	4
جَعَلُوا	Verb		to make	4
وَاجْعَلْ	Verb		to make	4
وَاجْعَلْنَا	Verb		to make	4
وَجَعَلَنِي	Verb		to make	4
كَفَرْتُمْ	Verb		to disbelieve	4
يَكْفُرُوا	Verb		to disbelieve	4
جَاءَتْ	Verb		to come	4
جِئْتُكُمْ	Verb		to come	4
جِئْنَا	Verb		to come	4
وَجَاءَهُمُ	Verb		to come	4
آتَيْتُمْ	Verb		to give	4
آتَيْنَاهُ	Verb		to give	4
نُؤْتِهِ	Verb		to give	4
وَآتَيْنَاهُمْ	Verb		to give	4
يُؤْتِي	Verb		to give	4
يُؤْتِيهِ	Verb		to give	4
أَتَاكُمْ	Verb		to come, to bring	4
فَأْتُوا	Verb		to come, to bring	4
فَأْتِنَا	Verb		to come, to bring	4
يَأْتِيهِمْ	Verb		to come, to bring	4
يَشَاءَ	Verb		to will, to wish	4
خَلَقْنَاهُ	Verb		to create	4
خُلِقَ	Verb		to create	4
وَاتَّقَوْا	Verb		to be righteous, to fear (Allah)	4
وَاتَّقُوهُ	Verb		to be righteous, to fear (Allah)	4
هَدَاكُمْ	Verb		to guide	4
هَدَى	Verb		to guide	4
يَهْدُونَ	Verb		to guide	4
أَرَدْتُمْ	Verb		to intend, to desire, to want, to wish	4
أَرَدْنَا	Verb		to intend, to desire, to want, to wish	4
تُرِيدُونَ	Verb		to intend, to desire, to want, to wish	4
نُرِيدُ	Verb		to intend, to desire, to want, to wish	4
أُرْسِلَ	Verb		to send	4
أُرْسِلْتُمْ	Verb		to send	4
فَأَرْسِلْ	Verb		to send	4
نُرْسِلُ	Verb		to send	4
يُرْسِلَ	Verb		to send	4
فَأَخَذْنَاهُمْ	Verb		to take, to seize	4
وَاتَّخَذَ	Verb		to take	4
وَاتَّخَذُوا	Verb		to take	4
وَاعْبُدُوا	Verb		to worship	4
وَيَعْبُدُونَ	Verb		to worship	4
يَعْبُدُونَ	Verb		to worship	4
يَظْلِمْ	Verb		to oppress, to wrong	4
تُسْأَلُ	Verb		to ask	4
فَاسْأَلُوا	Verb		to ask	4
يَجِدُوا	Verb		to find	4
يُخْرِجَكُمْ	Verb		to bring forth, to drive out	4
أَلَيْسَ	Verb		to not be	4
وَلَيْسَ	Verb		to not be	4
قُتِلْتُمْ	Verb		to kill	4
يَرْجِعُونَ	Verb		to return	4
سَمِعَ	Verb		to hear, to listen	4
وَاسْمَعُوا	Verb		to hear, to listen	4
فَتَوَلَّ	Verb		to turn	4
فَتَوَلَّىٰ	Verb		to turn	4
وَتَوَلَّىٰ	Verb		to turn	4
وَأْمُرْ	Verb		to order, to command	4
يَأْمُرُ	Verb		to order, to command	4
يَأْمُرُكُمْ	Verb		to order, to command	4
يَأْمُرُونَ	Verb		to order, to command	4
تَدْخُلُوا	Verb		to enter	4
دَخَلَ	Verb		to enter	4
وَادْخُلُوا	Verb		to enter	4
يُشْرِكْ	Verb		to associate partners	4
أَلْقَىٰ	Verb		to cast, to throw, to meet, to offer	4
وَأَلْقَيْنَا	Verb		to cast, to throw, to meet, to offer	4
يُلْقَىٰ	Verb		to cast, to throw, to meet, to offer	4
تَعِدُنَا	Verb		to promise	4
يَعِدُكُمُ	Verb		to promise	4
وَيَغْفِرْ	Verb		to forgive	4
تُوبُوا	Verb		to repent, to turn	4
يَتُوبَ	Verb		to repent, to turn	4
يَكْسِبْ	Verb		to earn	4
نَزَّلْنَا	Verb		to send down, to reveal	4
يُنَزِّلْ	Verb		to send down, to reveal	4
يَرْزُقُ	Verb		to provide	4
يَقْضِي	Verb		to decree, to decide, to judge	4
يَجْرِي	Verb		to flow, to run	4
تَمْسَسْكُمْ	Verb		to touch	4
يَمَسُّهُمُ	Verb		to touch	4
وَيَضْرِبُ	Verb		to strike, to set forth	4
تُقَاتِلُوا	Verb		to fight	4
فَقَاتِلُوا	Verb		to fight	4
قَاتِلُوا	Verb		to fight	4
يُقَاتِلُونَ	Verb		to fight	4
اخْرُجْ	Verb		to go out, to come out, to depart, to leave	4
فَاخْرُجْ	Verb		to go out, to come out, to depart, to leave	4
بَعَثَ	Verb		to raise, to resurrect, to send	4
يَبْعَثَ	Verb		to raise, to resurrect, to send	4
أُحْيِي	Verb		to give life	4
يَذَّكَّرُ	Verb		to receive admonition	4
أَهْلَكْنَاهَا	Verb		to destroy	4
أَهْلَكْنَاهُمْ	Verb		to destroy	4
وَيَزِيدُهُمْ	Verb		to increase	4
كَتَبْنَا	Verb		to write, to prescribe, to ordain	4
ظَنَنَّا	Verb		to think, to assume, to guess	4
لِيَحْكُمَ	Verb		to judge	4
يَحْكُمَ	Verb		to judge	4
يَحْكُمُونَ	Verb		to judge	4
أَيَحْسَبُ	Verb		to think	4
حَسِبْتُمْ	Verb		to think	4
أَمْلِكُ	Verb		to possess, to have power	4
نُودِيَ	Verb		to call	4
يُنَادِيهِمْ	Verb		to call	4
لِيُنْذِرَ	Verb		to warn	4
يُدْخِلْهُ	Verb		to admit	4
اسْتَطَعْتَ	Verb		to be able to, to be capable	4
اسْتَطَعْتُمْ	Verb		to be able to, to be capable	4
تَسْتَطِيعَ	Verb		to be able to, to be capable	4
يَسْتَطِيعُ	Verb		to be able to, to be capable	4
تَحْمِلُ	Verb		to carry, to bear	4
وَيُعَذِّبُ	Verb		to punish	4
يَبْلُغَنَّ	Verb		to reach	4
خَشِيَ	Verb		to fear	4
اهْتَدَوْا	Verb		to be guided	4
نَمُوتُ	Verb		to die	4
وَمَاتُوا	Verb		to die	4
يَمُوتُ	Verb		to die	4
رَضُوا	Verb		to be pleased	4
يَرْضَىٰ	Verb		to be pleased	4
يَصُدَّنَّكَ	Verb		to turn away, to avert, to hinder	4
نَجَّيْنَا	Verb		to save, to deliver	4
يُبَيِّنْ	Verb		to make clear	4
يَسْجُدُونَ	Verb		to prostrate	4
لِتَبْتَغُوا	Verb		to seek	4
وَلِتَبْتَغُوا	Verb		to seek	4
قَامُوا	Verb		to stand up, to rise, to establish	4
أَعْرَضُوا	Verb		to turn away	4
يَنْفَعُهُمْ	Verb		to profit, to benifit	4
فَسَاءَ	Verb		to be evil	4
فَوَلُّوا	Verb		to turn	4
وَلَّوْا	Verb		to turn	4
فَاسْتَجَبْنَا	Verb		to answer, to respond	4
رَحِمَ	Verb		to have mercy	4
وَيَعْفُو	Verb		to forgive, to pardon	4
تُقَدِّمُوا	Verb		to send forth, to offer	4
زَيَّنَ	Verb		to make fair-seeming	4
زَيَّنَّا	Verb		to make fair-seeming	4
يَبْغُونَ	Verb		to seek, to oppress	4
يُجَادِلُ	Verb		to argue, to dispute	4
يَكَادُونَ	Verb		to be near, to nearly do, to almost do	4
يَتَوَفَّاكُمْ	Verb		to pass away, to die	4
يَتَوَفَّوْنَهُمْ	Verb		to pass away, to die	4
أَذِنَ	Verb		to permit	4
أَذَقْنَا	Verb		to cause taste	4
أَسْلِمْ	Verb		to submit	4
يَمْكُرُ	Verb		to plot, to scheme, to plan	4
هَبْ	Verb		to grant, to bestow	4
تَشْتَرُوا	Verb		to buy, to purchase, to exchange	4
يَشْتَرُونَ	Verb		to buy, to purchase, to exchange	4
يُمِيتُكُمْ	Verb		to cause death	4
لِيَبْلُوَكُمْ	Verb		to test	4
فَحَقَّ	Verb		to justify, to prove true	4
أُحِلَّتْ	Verb		to make lawful	4
أُعِدَّتْ	Verb		to prepare	4
وَأَقْسَمُوا	Verb		to swear	4
وَنُفِخَ	Verb		to blow, to breathe	4
يُنْفَخُ	Verb		to blow, to breathe	4
وَأَسَرُّوا	Verb		to conceal	4
يُسِرُّونَ	Verb		to conceal	4
أَحَاطَ	Verb		to surround, to encompass	4
أَغْرَقْنَا	Verb		to drown	4
وَأَغْرَقْنَا	Verb		to drown	4
فَضَّلْنَا	Verb		to bestow, to prefer, to favor	4
أَنْعَمْتَ	Verb		to bestow favor	4
تُؤْفَكُونَ	Verb		to delude, to turn away	4
فَتَحْنَا	Verb		to open, to give victory	4
اقْرَأْ	Verb		to read, to recite	4
مَنَّ	Verb		to favor	4
انْتَهَوْا	Verb		to refrain, to cease, to desist	4
وَهَاجَرُوا	Verb		to emigrate	4
يُؤْذُونَ	Verb		to harm, to trouble	4
تُبْدُونَ	Verb		to reveal, to disclose	4
لِتَسْكُنُوا	Verb		to dwell, to live, to rest	4
صَنَعُوا	Verb		to make, to construct, to do	4
تَعْتَدُوا	Verb		to transgress	4
يَغُرَّنَّكَ	Verb		to deceive, to delude	4
يَغْلِبُوا	Verb		to overcome, to defeat	4
تَعْدِلُوا	Verb		to be just	4
كَشَفْنَا	Verb		to remove, to uncover	4
فَتَرَبَّصُوا	Verb		to await	4
يَصْلَوْنَهَا	Verb		to burn	4
مَكَّنَّا	Verb		to establish	4
تَصِفُونَ	Verb		to attribute, to ascribe	4
أَدْرِي	Verb		to know	4
تُعْلِنُونَ	Verb		to declare, to reveal, to proclaim	4
أَنْظِرْنِي	Verb		to give respite	4
وَبَدَا	Verb		to become apparent	4
ابْنُوا	Verb		to construct, to build	4
يُذْهِبْكُمْ	Verb		to remove, to take away	4
عَاهَدُوا	Verb		to make a covenant	4
تَمَتَّعُوا	Verb		to enjoy	4
يَسَّرْنَا	Verb		to make easy	4
يَبْخَلُونَ	Verb		to be stingy, to withhold	4
وَثَبِّتْ	Verb		to make firm	4
نُصَرِّفُ	Verb		to explain	4
طَلَّقْتُمُ	Verb		to divorce	4
ظَهَرَ	Verb		to appear, to become manifest	4
اسْتَقَامُوا	Verb		to be upright, to be straight, to stand firm	4
وَيُولِجُ	Verb		to cause enter	4
يُولِجُ	Verb		to cause enter	4
اجْتَنَبُوا	Verb		to avoid	4
وَيَسْتَحْيُونَ	Verb		to let live, to be shy, to be ashamed	4
يَخُوضُوا	Verb		to engage in idle talk, to converse vainly	4
فَرَضَ	Verb		to specify, to ordain, to make obligatory	4
يَخْتَصِمُونَ	Verb		to dispute	4
تَزَكَّىٰ	Verb		to purify	4
اضْطُرَّ	Verb		to force, to compell	4
تَعُدُّوا	Verb		to count	4
لَأَمْلَأَنَّ	Verb		to fill	4
نَزَلَ	Verb		to descend, to bring down	4
فَانْتَقَمْنَا	Verb		to take retribution	4
هَلَكَ	Verb		to die, to be destroyed	4
وَتَوَاصَوْا	Verb		to enjoin, to transmit	4
ثَقُلَتْ	Verb		to be heavy	4
يَخْرُصُونَ	Verb		to guess, to lie	4
يُدَبِّرُ	Verb		to dispose, to arrange	4
أَدْبَرَ	Verb		to turn away, to depart	4
فَاسْتَعِذْ	Verb		to seek refuge	4
هَاتُوا	Verb		to bring	4
أُهِلَّ	Verb		to to be dedicated	4
فَفِي	Preposition		in	3
فِيهِنَّ	Preposition		in	3
أَئِنَّكُمْ	Accusative particle		indeed	3
فَإِنَّكُمْ	Accusative particle		indeed	3
وَإِنَّمَا	Accusative particle		indeed	3
وَإِنَّهُمْ	Accusative particle		indeed	3
فَعَلَيْهَا	Preposition		on	3
لَعَلَىٰ	Preposition		on	3
لِلَّذِي	Relative pronoun		those who	3
أَرْبَابًا	Noun		your lord	3
لِرَبِّكِ	Noun		your lord	3
لِرَبِّهِمُ	Noun		your lord	3
وَرَبِّي	Noun		your lord	3
إِلَيْهَا	Preposition		to	3
إِلَيْهِنَّ	Preposition		to	3
وَإِلَيْكَ	Preposition		to	3
وَإِلَيْنَا	Preposition		to	3
وَلَئِنْ	Conditional particle		if	3
أَرْضِكُمْ	Noun		the earth	3
أَرْضِنَا	Noun		the earth	3
قَوْمَ	Noun		a people	3
لِلْقَوْمِ	Noun		a people	3
آيَاتِكَ	Noun		a sign	3
أَنَّا	Accusative particle		that	3
كُلِّهِ	Noun		every	3
رَسُولُ	Noun		and his messenger	3
لِرَسُولٍ	Noun		and his messenger	3
يَوْمَ	Time adverb Time adverb		day	50
يَوْمَيْنِ	Noun		day	3
بِالْعَذَابِ	Noun		a punishment	3
عَذَابُهُ	Noun		a punishment	3
وَالسَّمَاوَاتُ	Noun		the heavens	3
لِنَفْسٍ	Noun		themselves	3
أَشْيَاءَهُمْ	Noun		thing	3
لَشَيْءٌ	Noun		thing	3
بِالْكِتَابِ	Noun		the book	3
وَكُتُبِهِ	Noun		the book	3
وَبَيْنَهُ	Location adverb		between them	3
حَقَّهُ	Noun		the truth	3
لَحَقٌّ	Noun		the truth	3
سَبِيلِي	Noun		way	3
أَمْرَهَا	Noun		the matter	3
الْأُمُورِ	Noun		the matter	3
وَالْأَمْرُ	Noun		the matter	3
عِنْدَهَا	Location adverb		with	3
وَعِنْدَ	Location adverb		with	3
وَعِنْدَهُ	Location adverb		with	3
بَعْضُنَا	Noun		some of them	3
بَعْضِ	Noun		some of them	3
وَخَيْرٌ	Noun		better	3
وَإِلَٰهُكُمْ	Noun		god	3
أَفَغَيْرَ	Noun		without	3
دُونِي	Noun		besides	3
وَآخِرُ	Noun		the hereafter	3
بِقَلْبٍ	Noun		their hearts	3
قَلْبِكَ	Noun		their hearts	3
بِعِبَادِي	Noun		his slaves	3
عِبَادًا	Noun		his slaves	3
لِعِبَادِهِ	Noun		his slaves	3
لِعِبَادِيَ	Noun		his slaves	3
أَهْلِهِمْ	Noun		people	3
بِأَهْلِكَ	Noun		people	3
لِأَهْلِهِ	Noun		people	3
وَأَهْلَكَ	Noun		people	3
وَأَهْلُهَا	Noun		people	3
لَعَلَّ	Accusative particle		so that you may	3
لَعَلَّهُ	Accusative particle		so that you may	3
بِأَيْدِيهِمْ	Noun		their hands	3
وَالْكَافِرِينَ	Noun		the disbelievers	3
أَجْرُهُ	Noun		a reward	3
ظَالِمٌ	Noun		the wrongdoers	3
بِعِلْمِهِ	Noun		knowledge	3
وَجَنَّةٍ	Noun		gardens	3
وَهَلْ	Interogative particle		is	3
دِينِي	Noun		the religion	3
لِلدِّينِ	Noun		the religion	3
وَدِينِ	Noun		the religion	3
لَقَوْلُ	Noun		the word	3
وَقَوْلِهِمْ	Noun		the word	3
فَمَا	Negative particle Negative particle Negative particle		and not	42
الْمَثَلُ	Noun		example	3
وَمَثَلُ	Noun		example	3
بِأَمْوَالِكُمْ	Noun		wealth	3
وَأَمْوَالَهُمْ	Noun		wealth	3
أَوْلِيَاءَهُ	Noun		allies	3
فَضْلًا	Noun		his bounty	3
الصَّلَوَاتِ	Noun		the prayer	3
صَلَاةِ	Noun		the prayer	3
صَلَاتُهُمْ	Noun		the prayer	3
وَالصَّلَاةِ	Noun		the prayer	3
يَا بَنِيَّ	Noun		children	3
فَالْيَوْمَ	Noun Noun		day	5
وَأَكْثَرُهُمُ	Noun		most of them	3
لِجَهَنَّمَ	Proper noun		Hell	3
بِالْحَيَاةِ	Noun		the life	3
حَيَاتُنَا	Noun		the life	3
بِذِكْرِ	Noun		a reminder	3
أَزْوَاجِكُمْ	Noun		pairs	3
زَوْجَهَا	Noun		pairs	3
وَأَزْوَاجِهِمْ	Noun		pairs	3
أَخٌ	Noun		his brother	3
فَإِخْوَانُكُمْ	Noun		his brother	3
وَأَخِي	Noun		his brother	3
مِثْلَهُمْ	Noun		like	3
وَمِثْلَهُ	Noun		like	3
أَنْبِيَاءَ	Noun		the prophet	3
لِنَبِيٍّ	Noun		the prophet	3
فِرْعَوْنُ	Proper noun		Firaun	3
الْأَلِيمَ	Adjective		painful	3
أَعْمَالُنَا	Noun		their deeds	3
عَمَلًا	Noun		their deeds	3
وَجْهَ	Noun		their faces	3
بَعْدَمَا	Time adverb		after	3
بَعْدَهَا	Time adverb		after	3
بَيْتِيَ	Noun		houses	3
أَيْمَانَ	Noun		the right	3
وَآبَاءَهُمْ	Noun		our forefathers	3
وَآبَاؤُنَا	Noun		our forefathers	3
وَابْنَ	Noun		son	3
بِعَزِيزٍ	Noun		the all-mighty	3
بِمَاءٍ	Noun		water	3
وَالْأُولَىٰ	Noun		the former	3
نِسَائِكُمْ	Noun		the women	3
نِسَائِهِمْ	Noun		the women	3
وَنِسَاءً	Noun		the women	3
أَعْيُنٍ	Noun		their eyes	3
عَيْنًا	Noun		their eyes	3
قَرْيَتِكُمْ	Noun		a town	3
وَأَوْلَادُكُمْ	Noun		a son	3
رِزْقُهَا	Noun		provision	3
رِزْقُهُنَّ	Noun		provision	3
أَجَلَهُنَّ	Noun		a term	3
بِالسُّوءِ	Noun		evil	3
سُوءٌ	Noun		evil	3
بِنِعْمَتِ	Noun		favor	3
الْوَعْدُ	Noun		promise	3
الْأَبْصَارِ	Noun		the vision	3
وَأَبْصَارِهِمْ	Noun		the vision	3
تَحْتِ	Noun		underneath it	3
وَالدَّارُ	Noun		their homes	3
وَأَنْ	Subordinating conjunction Subordinating conjunction		that	22
إِيمَانُهَا	Noun		faith	3
لِلْإِيمَانِ	Noun		faith	3
بِالرَّحْمَٰنِ	Noun		the most gracious	3
صِرَاطٌ	Noun		a path	3
صَدْرَهُ	Noun		the breasts	3
وَقَلِيلٌ	Noun		a little	3
وَنُوحًا	Proper noun		Nuh	3
بِنُورِهِمْ	Noun		light	3
نُورَهُ	Noun		light	3
وَالنُّورَ	Noun		light	3
جَزَاؤُهُ	Noun		a reward	3
فَسُبْحَانَ	Noun		glory be to him	3
بِسَلَامٍ	Noun		peace	3
شَهِيدٌ	Noun		a witness	3
وَالشُّهَدَاءِ	Noun		a witness	3
وَوَيْلٌ	Noun		woe	3
وَيْلَكُمْ	Noun		woe	3
أَسْمَاءٍ	Noun		name	3
الْجَبَلِ	Noun		the mountains	3
جَبَلٍ	Noun		the mountains	3
الْحِسَابُ	Noun		account	3
حِسَابًا	Noun		account	3
الضَّلَالُ	Noun		error	3
مُحْسِنٌ	Noun		the good-doers	3
مُحْسِنُونَ	Noun		the good-doers	3
لِلْبَشَرِ	Noun		a man	3
لِذَنْبِكِ	Noun		your sins	3
وَسُلْطَانٍ	Noun		an authority	3
كُفْرُهُ	Noun		disbelief	3
السَّيِّئَاتُ	Noun		the evil deeds	3
وَإِثْمًا	Noun		sin	3
بِأَحْسَنِ	Noun		best	3
أُمَّهَاتُهُمْ	Noun		your mothers	3
أُمُّكِ	Noun		your mothers	3
أُمِّهِ	Noun		your mothers	3
الْفِتْنَةَ	Noun		a trial	3
الْفِتْنَةِ	Noun		a trial	3
الْفَرِيقَيْنِ	Noun		a party	3
لَخَاسِرُونَ	Noun		the losers	3
وَالْعَاقِبَةُ	Noun		end	3
بَصِيرًا	Adjective Adjective		all-seer	16
لِحُكْمِ	Noun		judgment	3
وَالْحُكْمَ	Noun		judgment	3
شَرٌّ	Noun		evil	3
جُنْدٌ	Noun		hosts	3
عُرُوشِهَا	Noun		the throne	3
عَهْدَ	Noun		the covenant	3
الْغَفُورُ	Noun Noun		oft-forgiving	8
فَكَأَنَّمَا	Accusative particle		as if they	3
كَأَنَّهُ	Accusative particle		as if they	3
كَأَنَّهُنَّ	Accusative particle		as if they	3
وَأَشَدَّ	Noun		stronger	3
الْأَحَادِيثِ	Noun		statement	3
الْحَدِيثِ	Noun		statement	3
الْكَرِيمِ	Adjective		noble	3
مَسَاجِدَ	Noun		al-masjid	3
مَسْجِدًا	Noun		al-masjid	3
بَابًا	Noun		gates	3
بَابٍ	Noun		gates	3
الْغَافِلُونَ	Noun		unaware	3
أَجْمَعُونَ	Noun		all	3
امْرَأَةٌ	Noun		wife	3
الْبَاطِلِ	Noun		the falsehood	3
كَيْدُ	Noun		a plot	3
فَمَاذَا	Interogative particle		what	3
فَوْقِكُمْ	Noun		above them	3
مَكَانَهُ	Noun		a place	3
مِيثَاقٌ	Noun		a covenant	3
وَإِيَّايَ	Personal pronoun		him alone	3
طَعَامُ	Noun		food	3
وَاحِدًا	Adjective		one	3
الْوَكِيلُ	Noun		a guardian	3
بَيْنِكُمْ	Noun		among us	3
شَهَادَةُ	Noun		and the witnessed	3
وَطَائِفَةٌ	Noun		a group	3
الْقَرْنَيْنِ	Noun		the generations	3
وَالْجِنِّ	Noun		the jinn	3
الدُّعَاءَ	Noun		the call	3
لَسَاحِرٌ	Noun		the magicians	3
سَبْعِينَ	Noun		seven	3
وَمَأْوَاهُ	Noun		their abode	3
الْمِسْكِينَ	Noun		and the needy	3
مِسْكِينًا	Noun		and the needy	3
بِنَصْرِهِ	Noun		help	3
نَصْرًا	Noun		help	3
رُوحَنَا	Noun		our spirit	3
سَيِّئَةً	Noun		the evil	3
ظَنًّا	Noun		assumption	3
الْيَتِيمَ	Noun		the orphans	3
الْأَحْزَابَ	Noun		party	3
لَشَدِيدٌ	Noun		severe	3
بِظُلْمٍ	Noun		injustice	3
عِقَابٍ	Noun		punishment	3
عِقَابِ	Noun		punishment	3
شُهُودًا	Noun		the witnesses	3
شَجَرَةٍ	Noun		tree	3
طَيْرًا	Noun		the birds	3
فَوْزًا	Noun		the success	3
مَرَّةً	Noun		time	3
مَكْرًا	Noun		a plot	3
مَكْرٌ	Noun		a plot	3
مَكْرَهُمْ	Noun		a plot	3
وَإِذًا	Surprise particle		then	3
إِنْسٌ	Noun		and the men	3
دَابَّةً	Noun		moving creature	3
الْأَدْبَارَ	Noun		their backs	3
دُبُرٍ	Noun		their backs	3
دَرَجَةً	Noun		degrees	3
وَذَا	Noun		and dhul-kifl	3
رَأْسِهِ	Noun		their heads	3
رُءُوسَكُمْ	Noun		their heads	3
السَّاجِدُونَ	Noun		prostrating	3
السَّاجِدِينَ	Noun		prostrating	3
سَاجِدِينَ	Noun		prostrating	3
وَالْمُنْكَرِ	Noun		the wrong	3
أَهْوَاءَ	Noun		their desires	3
وَبَنَاتُ	Noun		daughters	3
بِتَأْوِيلِهِ	Noun		interpretation	3
تَأْوِيلِهِ	Noun		interpretation	3
الْحَرَامَ	Adjective		al-haraam	3
بِالْمُهْتَدِينَ	Noun		the guided ones	3
مُهْتَدِينَ	Noun		the guided ones	3
حُرُمٌ	Noun		al-masjid al-haraam	3
الْعِظَامِ	Noun		and bones	3
عَظِيمًا	Adjective Adjective		great	4
فَوْقَكُمُ	Location adverb		above them	3
الْمِيزَانَ	Noun		his scales	3
وَأَرْجُلُهُمْ	Noun		their feet	3
مُنْذِرُونَ	Noun		a warner	3
حَرَجًا	Noun		any blame	3
حَرَجٍ	Noun		any blame	3
ظِلَالًا	Noun		shades	3
لَقَادِرُونَ	Noun		able	3
بِكَلِمَاتِهِ	Noun		words	3
لَعْنَةً	Noun		the curse	3
الْمُسْتَقِيمَ	Adjective		straight	3
الْجَمْعِ	Noun		the two hosts	3
جَمْعًا	Noun		the two hosts	3
حَرْثَ	Noun		harvest	3
وَحُسْنَ	Noun		good	3
حَوْلَهَا	Noun		around it	3
حَوْلَهُ	Noun		around it	3
رِضْوَانَ	Noun		and pleasure	3
فَبِمَا	Supplemental particle		that	3
مَلِكًا	Noun		the king	3
بِإِحْسَانٍ	Noun		good	3
إِسْمَاعِيلَ	Proper noun		And ishmael	3
بِالْفَتْحِ	Noun		a victory	3
وَلَحْمَ	Noun		flesh	3
وَرَائِهِمْ	Noun		behind	3
إِحْدَاهُمَا	Noun		one	3
إِحْدَاهُنَّ	Noun		one	3
الْأَكْبَرُ	Adjective		greater	3
فَأَمَّا	Explanation particle Explanation particle		but as for	20
حَسْبُنَا	Noun		sufficient for us	3
يَا شُعَيْبُ	Proper noun		Shuaib	3
شِيعَتِهِ	Noun		sects	3
الضَّالِّينَ	Noun		those who are astray	3
أَعْنَابٍ	Noun		and grapevines	3
وَفَاكِهَةٍ	Noun		fruits	3
الْفَسَادِ	Noun		corruption	3
فَسَادٍ	Noun		corruption	3
لَمَجْنُونٌ	Noun		a madman	3
وَالدَّمُ	Noun		and the blood	3
رَءُوفٌ	Noun		full of kindness	3
زَرْعًا	Noun		crops	3
بِصَاحِبِكُمْ	Noun		your companion	3
عِجْلًا	Noun		the calf	3
بِعَصَاكَ	Noun		his staff	3
عَصَاكَ	Noun		his staff	3
عَصَاهُ	Noun		his staff	3
لِلْفُقَرَاءِ	Noun		poor	3
لِبَاسًا	Noun		garments	3
لَهْوًا	Noun		and amusement	3
مِائَةُ	Noun		a hundred	3
الْمَرْضَىٰ	Noun		sick	3
مُسْتَقَرًّا	Noun		abode	3
مُسْتَقَرٌّ	Noun		abode	3
لَآتِيَةٌ	Noun		surely coming	3
وَأَضَلُّ	Noun		more astray	3
فَأَوْلَىٰ	Noun		woe	3
الرِّجْزُ	Noun		the punishment	3
رِجْزًا	Noun		the punishment	3
الرِّقَابِ	Noun		a slave	3
شَكُورٌ	Adjective		grateful	3
ضَرَّاءَ	Noun		and hardship	3
طَيِّبَةً	Adjective		good	3
عَامًا	Noun		year(s)	3
عَامٍ	Noun		year(s)	3
عِبَادَتِهِ	Noun		his worship	3
لَقَوِيٌّ	Noun		all-strong	3
بِاللَّغْوِ	Noun		vain talk	3
وَمُبَشِّرًا	Noun		bearers of glad tidings	3
ثِيَابًا	Noun		garments	3
جَانِبَ	Noun		side	3
جُنُوبِهِمْ	Noun		their sides	3
خِلَالَهَا	Noun		their midst	3
شَيْطَانًا	Noun		devil	3
شَيْطَانٍ	Noun		devil	3
الصَّاعِقَةُ	Noun		the thunderbolt	3
الطَّيِّبِ	Noun		the good	3
أَعْقَابِكُمْ	Noun		his heels	3
عَقِبَيْهِ	Noun		his heels	3
غَلِيظًا	Adjective		severe	3
غَلِيظٍ	Adjective		severe	3
فُرُوجَهُمْ	Noun		their chastity	3
أَقْدَامَنَا	Noun		our feet	3
كَبِيرًا	Noun		great	3
وَلَٰكِنَّا	Accusative particle		but we	3
وَالْمُحْصَنَاتُ	Noun		the chaste women	3
مُشْفِقُونَ	Noun		fearful	3
وَمَنَافِعُ	Noun		benefits	3
وَصِيَّةً	Noun		any will	3
وَاخْتِلَافِ	Noun		alternation	3
أُكُلَهَا	Noun		its food	3
بَصَائِرُ	Noun		enlightenment	3
بُنْيَانًا	Noun		a structure	3
بَيْعٌ	Noun		sale	3
جَمِيلًا	Adjective		good	3
جَنَاحَكَ	Noun		your wing	3
الْجَهْرَ	Noun		the manifest	3
حَظًّا	Noun		a part	3
الرُّؤْيَا	Noun		the vision	3
السُّفَهَاءُ	Noun		the fools	3
ضِعْفَيْنِ	Noun		double	3
الضُّعَفَاءِ	Noun		weak	3
عَاكِفًا	Noun		devoted	3
الْفَحْشَاءِ	Noun		the immorality	3
الْقَاعِدُونَ	Noun		the ones who sit	3
قِبْلَةً	Noun		direction of prayer	3
الْقَدْرِ	Noun		power	3
قَدْرِهِ	Noun		power	3
كَبَائِرَ	Noun		great	3
لَيْلَةً	Noun		night	3
لَيْلَةِ	Noun		night	3
النَّاقَةَ	Noun		the she-camel	3
الْهَدْيِ	Noun		the sacrificial animal	3
بِالْوَادِ	Noun		in the valley	3
بُكْمٌ	Noun		dumb	3
أَخْذَ	Noun		a seizure	3
أَرْبَعُ	Noun		four	3
أَرْبَعِينَ	Noun		four	3
خَلَاقٍ	Noun		share	3
خَمْرًا	Noun		wine	3
سَكِينَتَهُ	Noun		his tranquility	3
الطَّرْفِ	Noun		companions of modest gaze	3
الْغَمِّ	Noun		the distress	3
الْكِبَرُ	Noun		old age	3
الْكِبَرِ	Noun		old age	3
الْكُبْرَى	Adjective		the greatest	3
الْكُبْرَىٰ	Adjective		the greatest	3
كَفُورًا	Noun		ungrateful	3
كَنْزٌ	Noun		a treasure	3
لُؤْلُؤٌ	Noun		pearls	3
الْمُتَكَبِّرِينَ	Noun		the arrogant	3
مَرَدَّ	Noun		return	3
مُسْتَكْبِرُونَ	Noun		arrogant	3
مَقْتًا	Noun		hatred	3
الْمَنَّ	Noun		the manna	3
الْمُنْتَظِرِينَ	Noun		the ones who wait	3
مُنْتَظِرُونَ	Noun		the ones who wait	3
الْمُنْظَرِينَ	Noun		given respite	3
مُنِيبِينَ	Noun		turning	3
وَالْمُهَاجِرِينَ	Noun		and the emigrants	3
الْمَوْجُ	Noun		a wave	3
مَوْجٌ	Noun		a wave	3
النَّاصِحِينَ	Noun		the sincere advisors	3
النِّصْفُ	Noun		half	3
الْوَعِيدِ	Noun		my threat	3
وَعِيدِ	Noun		my threat	3
الْيَقِينِ	Noun		certainty	3
أَصْنَامًا	Noun		idols	3
الْبَرْقُ	Noun		the lightning	3
وَالْبَغْضَاءَ	Noun		and [the] hatred	3
فَتَحْرِيرُ	Noun		then freeing	3
تِسْعَ	Noun		nine	3
تَقْدِيرُ	Noun		decree	3
ثَمَرِهِ	Noun		its fruit	3
جَبَّارٍ	Adjective		tyrant	3
جَبَّارًا	Noun		a tyrant	3
الْحُوتَ	Noun		the fish	3
لَخَاطِئِينَ	Noun		sinners	3
خَلْفَهُمْ	Location adverb		behind them	3
رَقِيبًا	Noun		an observer	3
وَالزَّيْتُونَ	Noun		and the olives	3
لِلشَّارِبِينَ	Noun		and drink	3
شَاعِرٌ	Noun		a poet	3
شَطْرَ	Location adverb		direction	3
الصَّيْدِ	Noun		game	3
عَزْمِ	Noun		the matters	3
عَشْرُ	Noun		ten	3
عَفُوًّا	Noun		oft-pardoning	3
بِالْغُدُوِّ	Noun		in the mornings	3
قَائِلٌ	Noun		a speaker	3
الْقَيِّمُ	Adjective		right	3
كَرْهًا	Noun		unwillingly	3
كَلْبُهُمْ	Noun		their dog	3
كَوْكَبًا	Noun		a star	3
الْأَلْوَاحِ	Noun		the tablets	3
مَرْضَاتِ	Noun		pleasure	3
مَعَ	Location adverb Location adverb		with	55
مُنِيرٍ	Noun		enlightening	3
الْمَهْدِ	Noun		the cradle	3
الْمَيْتَةَ	Noun		dead	3
لِلنَّاظِرِينَ	Noun		for the observers	3
وَالنُّبُوَّةَ	Noun		and the prophethood	3
نُشُورًا	Noun		resurrection	3
لَوَاقِعٌ	Noun		fall	3
الْأَخْسَرُونَ	Noun		the greatest losers	3
وَإِسْتَبْرَقٍ	Noun		and heavy brocade	3
وَأَكْوَابٍ	Noun		and cups	3
أَمَدًا	Noun		time	3
وَأَيُّوبَ	Proper noun		And ayyub	3
الْبَعْثِ	Noun		the resurrection	3
تَقِيًّا	Noun		righteous	3
خَاوِيَةٌ	Noun		fell	3
خَزَنَتُهَا	Noun		its keepers	3
خَلِيلًا	Noun		a friend	3
كَدَأْبِ	Noun		like (the) way	3
دَابِرَ	Noun		root	3
وَذُرِّيَّاتِهِمْ	Noun		and our offspring	3
رَحِيمًا	Noun		most merciful	3
سَبْعَةُ	Noun		seven	3
سَدًّا	Noun		a barrier	3
سِرَاجًا	Noun		a lamp	3
السَّفِينَةِ	Noun		the ship	3
شَأْنٍ	Noun		a matter	3
شَعَائِرِ	Noun		symbols	3
ضَعْفٍ	Noun		weakness	3
طَرِيقًا	Noun		a path	3
ظَالِمَةٌ	Noun		doing wrong	3
عُصْبَةٌ	Noun		a group	3
عُلُوًّا	Noun		height	3
الْغَمَامَ	Noun		clouds	3
الْغَيِّ	Noun		evil	3
فِرَارًا	Noun		flight	3
قِيلًا	Noun		word	3
الْكَرْبِ	Noun		the distress	3
كَلَامَ	Noun		words	3
مُبْصِرًا	Noun		giving visibility	3
مُبْلِسُونَ	Noun		despair	3
الْمُجَاهِدِينَ	Noun		the ones who strive	3
الْمُخَلَّفُونَ	Noun		those who remained behind	3
مُرْسِلِينَ	Noun		sending	3
مِصْرَ	Proper noun		Egypt	3
بِمُعَذَّبِينَ	Noun		will be punished	3
مَعْرُوفًا	Adjective		kindness	3
مُغْرَقُونَ	Noun		drowned	3
مُكْرَمُونَ	Noun		honored	3
مُلَاقُو	Noun		meet	3
الْمُؤْمِنَاتِ	Adjective		faithful	3
وَقُودُهَا	Noun		fuel	3
الْأَبْيَضُ	Adjective		white	3
الْأَجْدَاثِ	Noun		the graves	3
أُسْوَةٌ	Noun		an example	3
وَالْآصَالِ	Noun		and (in) the evenings	3
الْأَعْلَىٰ	Noun Noun		the highest	6
أُفٍّ	Noun		uff	3
إِلَّا	Restriction particle Restriction particle Restriction particle		except	554
وَإِيتَاءِ	Noun		and giving	3
الْأَيْمَنِ	Adjective		the right	3
بَاغٍ	Noun		disobedient	3
بَرْزَخٌ	Noun		a barrier	3
بُشْرًا	Noun		glad tidings	3
تَحْوِيلًا	Noun		any alteration	3
تَضَرُّعًا	Noun		humbly	3
ثَمَانِيَةَ	Noun		eight	3
الْجَاهِلِيَّةِ	Proper noun		Ignorance	3
جُزْءًا	Noun		a portion	3
جَسَدًا	Noun		a body	3
جَهْرَةً	Noun		manifestly	3
الْحَاقَّةُ	Noun		the inevitable reality	3
حَاجَةً	Noun		a need	3
حَاشِرِينَ	Noun		gatherers	3
حَسَنَةً	Noun Noun		good	8
حَسِيبًا	Noun		accountant	3
حُطَامًا	Noun		debris	3
حَمَإٍ	Noun		black mud	3
خَسَارًا	Noun		loss	3
الدَّاعِ	Noun		the caller	3
دَكًّا	Noun		crushed	3
ذَائِقَةُ	Noun		taste	3
الذُّلِّ	Noun		disgrace	3
الذِّئْبُ	Noun		the wolf	3
الزَّقُّومِ	Proper noun		Zaqqum	3
سِجِّيلٍ	Noun		baked clay	3
السُّدُسُ	Noun		the sixth	3
سُكَارَىٰ	Noun		intoxicated	3
وَالسَّلْوَىٰ	Noun		and the quails	3
سِمَانٍ	Adjective		fat	3
سُنْدُسٍ	Noun		fine silk	3
سَوِيًّا	Adjective		even	3
شِرْبٌ	Noun		drink	3
الشَّهَوَاتِ	Noun		the lusts	3
وَالصَّابِئِينَ	Proper noun		And the sabians	3
صَغِيرًا	Noun		small	3
طَاعَةٌ	Noun		obedience	3
الْعَاجِلَةَ	Noun		the immediate	3
عَاقِرٌ	Noun		barren	3
عَجَبًا	Adjective		amazing	3
عَشْرَةَ	Noun		ten	3
عَمَدٍ	Noun		pillars	3
عِمْرَانَ	Proper noun		Imran	3
عَنِيدٍ	Adjective		obstinate	3
الْغَرُورُ	Noun		the deceiver	3
الْغَفَّارُ	Adjective		the oft-forgiving	3
فَتِيلًا	Noun		a hair on a date-seed	3
فُرَاتٌ	Adjective		sweet	3
فَرْدًا	Noun		alone	3
قَاصِرَاتُ	Noun		companions of modest gaze	3
قِرَدَةً	Noun		apes	3
كَذَّابٌ	Adjective		a liar	3
كَظِيمٌ	Noun		a suppressor	3
كُفُورًا	Noun		disbelief	3
لِكَيْلَا	Negative particle		that not	3
كَيْفَ	Interogative particle Interogative particle		how	59
مُبَارَكَةٍ	Noun		blessed	3
مُبَدِّلَ	Noun		can change	3
مُبْصِرَةً	Noun		visible	3
مَثْنَىٰ	Noun		two	3
الْمَحِيضِ	Noun		menstruation	3
الْمَدَائِنِ	Noun		the cities	3
مَدْحُورًا	Noun		rejected	3
مُدْخَلًا	Noun		an entrance	3
مِدْرَارًا	Noun		abundance	3
مُسَخَّرَاتٍ	Noun		subjected	3
مُسْرِفُونَ	Adjective		transgressing	3
مَسْطُورًا	Noun		written	3
مُسَلَّمَةٌ	Adjective		paid	3
مَسْنُونٍ	Noun		altered	3
الْمَشْحُونِ	Noun		laden	3
الْمَشْأَمَةِ	Noun		the left	3
مُصْفَرًّا	Noun		turn yellow	3
مُعَاجِزِينَ	Noun		cause failure	3
يَا مَعْشَرَ	Noun		o assembly	3
الْمُقْسِطِينَ	Noun		those who act justly	3
مَكِينٍ	Adjective		safe	3
مُنْتَقِمُونَ	Noun		take retribution	3
مُنْكِرُونَ	Noun		rejecters	3
مُهْطِعِينَ	Noun		racing ahead	3
كَالْمُهْلِ	Noun		like molten brass	3
مَهِينٍ	Adjective		despised	3
مَوَاضِعِهِ	Noun		their places	3
وَالْمَيْسِرِ	Noun		and [the] games of chance	3
الْمَيْمَنَةِ	Noun		the right	3
النَّشْأَةَ	Noun		the creation	3
نُكْرًا	Adjective		terrible	3
هُودًا	Proper noun Proper noun		Hud	5
وَابِلٌ	Noun		heavy rain	3
وَاسِعَةً	Noun		spacious	3
وَاقٍ	Noun		defender	3
أَتَقُولُونَ	Verb		to say	3
لَقَالُوا	Verb		to say	3
وَنَقُولُ	Verb		to say	3
فَكُنْتُمْ	Verb		to be	3
لَكُنَّا	Verb		to be	3
لِتَكُونَ	Verb		to be	3
لِيَكُونَ	Verb		to be	3
وَنَكُونَ	Verb		to be	3
وَيَكُونُونَ	Verb		to be	3
يَكُنِ	Verb		to be	3
أَنُؤْمِنُ	Verb		to believe	3
لِتُؤْمِنُوا	Verb		to believe	3
يُؤْمِنُ	Verb		to believe	3
تَعْلَمُونَهُمُ	Verb		to know	3
فَسَتَعْلَمُونَ	Verb		to know	3
فَسَيَعْلَمُونَ	Verb		to know	3
لَيَعْلَمُونَ	Verb		to know	3
لِتَعْلَمُوا	Verb		to know	3
لِنَعْلَمَ	Verb		to know	3
لِيَعْلَمَ	Verb		to know	3
وَأَعْلَمُ	Verb		to know	3
يَعْلَمْهُ	Verb		to know	3
جَعَلْنَاكَ	Verb		to make	3
جَعَلْنَاهَا	Verb		to make	3
فَجَعَلَهُ	Verb		to make	3
فَجَعَلْنَاهُ	Verb		to make	3
لِيَجْعَلَ	Verb		to make	3
نَجْعَلُ	Verb		to make	3
وَجَعَلْنَاهَا	Verb		to make	3
وَيَجْعَلَ	Verb		to make	3
يَجْعَلُ	Verb		to make	3
فَكَفَرُوا	Verb		to disbelieve	3
لِيَكْفُرُوا	Verb		to disbelieve	3
جَاءُوهَا	Verb		to come	3
جِئْتُمُونَا	Verb		to come	3
جِئْنَاكَ	Verb		to come	3
وَجَاءَ	Verb		to come	3
وَجَاءَتْ	Verb		to come	3
وَجِئْنَا	Verb		to come	3
آتَاهُمْ	Verb		to give	3
تُؤْتُوا	Verb		to give	3
وَآتَى	Verb		to give	3
يُؤْتَ	Verb		to give	3
يُؤْتُونَ	Verb		to give	3
يُؤْتِ	Verb		to give	3
يُؤْتِكُمْ	Verb		to give	3
تَرَوْنَهَا	Verb		to see	3
تَرَوْهَا	Verb		to see	3
رَآهَا	Verb		to see	3
رَآهُ	Verb		to see	3
رَأَوْا	Verb		to see	3
رَأَوْهُ	Verb		to see	3
لَنَرَاكَ	Verb		to see	3
وَتَرَاهُمْ	Verb		to see	3
يَرَهُ	Verb		to see	3
يَرَوْنَ	Verb		to see	3
يَرَوْنَهَا	Verb		to see	3
يَرَىٰ	Verb		to see	3
أَتَأْتُونَ	Verb		to come, to bring	3
أَتَاهَا	Verb		to come, to bring	3
أَتَوْا	Verb		to come, to bring	3
تَأْتِينَا	Verb		to come, to bring	3
سَآتِيكُمْ	Verb		to come, to bring	3
لَتَأْتُونَ	Verb		to come, to bring	3
وَيَأْتِ	Verb		to come, to bring	3
شِئْتُمْ	Verb		to will, to wish	3
خَلَقَهُ	Verb		to create	3
خَلَقُوا	Verb		to create	3
خَلَقْتُ	Verb		to create	3
يَخْلُقُونَ	Verb		to create	3
أَنْزَلَهُ	Verb		to send down, to reveal	3
فَأَنْزَلَ	Verb		to send down, to reveal	3
كَذَّبُونِ	Verb		to deny, to reject	3
وَكَذَّبَ	Verb		to deny, to reject	3
أَدْعُو	Verb		to call, to invite, to pray	3
ادْعُ	Verb		to call, to invite, to pray	3
ادْعُهُنَّ	Verb		to call, to invite, to pray	3
تُدْعَوْنَ	Verb		to call, to invite, to pray	3
دَعَوْا	Verb		to call, to invite, to pray	3
دُعُوا	Verb		to call, to invite, to pray	3
يَدْعُوكُمْ	Verb		to call, to invite, to pray	3
لِيَهْدِيَهُمْ	Verb		to guide	3
هَدَيْنَا	Verb		to guide	3
يَهْدِيهِمْ	Verb		to guide	3
يَهْدِيَنِ	Verb		to guide	3
وَيُرِيدُ	Verb		to intend, to desire, to want, to wish	3
وَيُرِيدُونَ	Verb		to intend, to desire, to want, to wish	3
اتَّبَعُوهُ	Verb		to follow	3
فَاتَّبِعُوا	Verb		to follow	3
فَاتَّبِعُوهُ	Verb		to follow	3
نَتَّبِعُ	Verb		to follow	3
أُرْسِلْتُ	Verb		to send	3
أُرْسِلْنَا	Verb		to send	3
وَيُرْسِلُ	Verb		to send	3
يُرْسِلِ	Verb		to send	3
فَأَخَذْنَاهُ	Verb		to take, to seize	3
فَخُذْ	Verb		to take, to seize	3
فَيَأْخُذَكُمْ	Verb		to take, to seize	3
وَأَخَذَ	Verb		to take, to seize	3
وَأَخَذْنَا	Verb		to take, to seize	3
يُؤْخَذْ	Verb		to take, to seize	3
يَتَّخِذُوا	Verb		to take	3
يَتَّخِذْ	Verb		to take	3
فَاعْبُدْنِي	Verb		to worship	3
يَعْبُدُ	Verb		to worship	3
ظَلَمْنَاهُمْ	Verb		to oppress, to wrong	3
ظُلِمُوا	Verb		to oppress, to wrong	3
لِيَظْلِمَهُمْ	Verb		to oppress, to wrong	3
سَأَلَكَ	Verb		to ask	3
فَاسْأَلِ	Verb		to ask	3
وَاسْأَلُوا	Verb		to ask	3
يَسْأَلُونَ	Verb		to ask	3
أَجِدُ	Verb		to find	3
سَتَجِدُنِي	Verb		to find	3
وَجَدَ	Verb		to find	3
وَجَدْتُ	Verb		to find	3
وَوَجَدَ	Verb		to find	3
أَخْرِجْنَا	Verb		to bring forth, to drive out	3
أُخْرِجُوا	Verb		to bring forth, to drive out	3
تُخْرَجُونَ	Verb		to bring forth, to drive out	3
فَأَخْرَجَ	Verb		to bring forth, to drive out	3
نُخْرِجُ	Verb		to bring forth, to drive out	3
وَيُخْرِجُ	Verb		to bring forth, to drive out	3
تَأْكُلُ	Verb		to eat, to consume	3
فَعَلُوهُ	Verb		to do	3
فَعَلْتُمْ	Verb		to do	3
فَانْظُرِي	Verb		to look, to see	3
فَيَنْظُرُوا	Verb		to look, to see	3
وَانْظُرْ	Verb		to look, to see	3
يَنْظُرُوا	Verb		to look, to see	3
يَذْكُرُونَ	Verb		to remember, to mention	3
وَيَخَافُونَ	Verb		to fear, to be afraid	3
يَخَافُ	Verb		to fear, to be afraid	3
فَاقْتُلُوا	Verb		to kill	3
قَتَلْتُمْ	Verb		to kill	3
قُتِلُوا	Verb		to kill	3
وَاقْتُلُوهُمْ	Verb		to kill	3
وَيَقْتُلُونَ	Verb		to kill	3
رَجَعُوا	Verb		to return	3
فَارْجِعُوا	Verb		to return	3
يَسْمَعُ	Verb		to hear, to listen	3
يَتَوَلَّهُمْ	Verb		to turn	3
أُمِرُوا	Verb		to order, to command	3
ادْخُلُوهَا	Verb		to enter	3
فَادْخُلُوا	Verb		to enter	3
نَدْخُلَهَا	Verb		to enter	3
وَدَخَلَ	Verb		to enter	3
يَدْخُلُونَهَا	Verb		to enter	3
وَلَنَجْزِيَنَّهُمْ	Verb		to reward, to recompense	3
يَجْزِي	Verb		to reward, to recompense	3
يُجْزَ	Verb		to reward, to recompense	3
يُجْزَوْنَ	Verb		to reward, to recompense	3
أَوْحَىٰ	Verb		to reveal, to inspire	3
فَأَوْحَىٰ	Verb		to reveal, to inspire	3
نُشْرِكَ	Verb		to associate partners	3
أَلْقَى	Verb		to cast, to throw, to meet, to offer	3
تُلْقِيَ	Verb		to cast, to throw, to meet, to offer	3
فَأَلْقَىٰ	Verb		to cast, to throw, to meet, to offer	3
وَأَلْقَوْا	Verb		to cast, to throw, to meet, to offer	3
وَعَدَنَا	Verb		to promise	3
أَنْفَقَ	Verb		to spend	3
أَنْفَقُوا	Verb		to spend	3
تَغْفِرْ	Verb		to forgive	3
لِيَغْفِرَ	Verb		to forgive	3
وَيَغْفِرُ	Verb		to forgive	3
أَضَلُّونَا	Verb		to let go astray, to mislead	3
كَسَبْتُمْ	Verb		to earn	3
وَنَزَّلْنَا	Verb		to send down, to reveal	3
يُنَزِّلُ	Verb		to send down, to reveal	3
نَتْلُوهَا	Verb		to recite	3
وَرَزَقَكُمْ	Verb		to provide	3
وَرَزَقْنَاهُمْ	Verb		to provide	3
يَنْصُرُونَهُ	Verb		to help	3
اصْبِرْ	Verb		to be patient	3
تَمَسُّوهَا	Verb		to touch	3
تَمَسُّوهُنَّ	Verb		to touch	3
مَسَّنِيَ	Verb		to touch	3
يَمْسَسْنِي	Verb		to touch	3
اضْرِبْ	Verb		to strike, to set forth	3
ضَرَبَ	Verb		to strike, to set forth	3
ضَرَبُوا	Verb		to strike, to set forth	3
ضَرَبْتُمْ	Verb		to strike, to set forth	3
ضَرَبْنَا	Verb		to strike, to set forth	3
وَاضْرِبُوا	Verb		to strike, to set forth	3
وَاضْرِبْ	Verb		to strike, to set forth	3
يَضْرِبُونَ	Verb		to strike, to set forth	3
وَقَاتَلُوا	Verb		to fight	3
وَقَاتِلُوا	Verb		to fight	3
فَأَقِيمُوا	Verb		to establish	3
يُقِيمَا	Verb		to establish	3
تَخْرُجْ	Verb		to go out, to come out, to depart, to leave	3
خَرَجْنَ	Verb		to go out, to come out, to depart, to leave	3
فَخَرَجَ	Verb		to go out, to come out, to depart, to leave	3
يَخْرُجُونَ	Verb		to go out, to come out, to depart, to leave	3
يَبْعَثُهُمُ	Verb		to raise, to resurrect, to send	3
يَتَذَكَّرُ	Verb		to receive admonition	3
فَأَهْلَكْنَاهُمْ	Verb		to destroy	3
يُهْلِكَ	Verb		to destroy	3
زَادَهُمْ	Verb		to increase	3
أَظُنُّ	Verb		to think, to assume, to guess	3
ظَنَّ	Verb		to think, to assume, to guess	3
وَتَظُنُّونَ	Verb		to think, to assume, to guess	3
وَظَنَّ	Verb		to think, to assume, to guess	3
شَكَرْتُمْ	Verb		to be grateful, to give thanks	3
أُنَبِّئُكُمْ	Verb		to inform	3
وَنَبِّئْهُمْ	Verb		to inform	3
تَذَرُنَّ	Verb		to leave, to forsake	3
تَذَرْنِي	Verb		to leave, to forsake	3
وَيَحْسَبُونَ	Verb		to think	3
يَحْسَبُونَ	Verb		to think	3
وَشَهِدُوا	Verb		to testify, to bear witness	3
أَنْذِرِ	Verb		to warn	3
وَسَبِّحُوهُ	Verb		to glorify, to praise	3
يُسَبِّحْنَ	Verb		to glorify, to praise	3
حَمَلَتْ	Verb		to carry, to bear	3
حَمَلْنَا	Verb		to carry, to bear	3
يَحْمِلُونَ	Verb		to carry, to bear	3
يُعَذِّبُ	Verb		to punish	3
يُعَذِّبْكُمْ	Verb		to punish	3
عَلَّمَ	Verb		to teach	3
عَلَّمَكُمُ	Verb		to teach	3
عَلَّمَهُ	Verb		to teach	3
وَيُعَلِّمُكُمُ	Verb		to teach	3
وَيُعَلِّمُهُمُ	Verb		to teach	3
بِئْسَمَا	Verb		to be wretched, to be evil	3
فَبِئْسَ	Verb		to be wretched, to be evil	3
بَلَغْنَ	Verb		to reach	3
تَرَكُوا	Verb		to leave	3
خَشِيتُ	Verb		to fear	3
وَاخْشَوْنِي	Verb		to fear	3
يُرِيكُمُ	Verb		to show	3
فَاسْتَغْفَرُوا	Verb		to ask forgiveness	3
يَسْتَغْفِرُونَ	Verb		to ask forgiveness	3
وَاسْتَكْبَرَ	Verb		to be arrogant	3
تَمُوتُنَّ	Verb		to die	3
مَاتُوا	Verb		to die	3
مِتْنَا	Verb		to die	3
بُشِّرَ	Verb		to give glad tidings	3
فَبَشِّرْهُ	Verb		to give glad tidings	3
فَبَشِّرْهُمْ	Verb		to give glad tidings	3
يُحْشَرُونَ	Verb		to gather, to raise	3
فَصَدُّوا	Verb		to turn away, to avert, to hinder	3
وَنَجِّنِي	Verb		to save, to deliver	3
رُدُّوا	Verb		to turn back, to return	3
يَرُدُّوكُمْ	Verb		to turn back, to return	3
اخْتَلَفَ	Verb		to differ	3
اذْهَبَا	Verb		to go, to take away	3
يَسْتَوُونَ	Verb		to be equal, to be alike, to establish	3
نَسِيتُ	Verb		to forget	3
تَبْتَغِيَ	Verb		to seek	3
وَابْتَغُوا	Verb		to seek	3
يَبْتَغِ	Verb		to seek	3
تَقُمْ	Verb		to stand up, to rise, to establish	3
تَقُومُ	Verb		to stand up, to rise, to establish	3
أَعْرِضْ	Verb		to turn away	3
تُعْرِضْ	Verb		to turn away	3
وَأَعْرِضْ	Verb		to turn away	3
يَنْهَوْنَ	Verb		to forbid	3
يَنْفَعَكُمُ	Verb		to profit, to benifit	3
يَنْفَعُكَ	Verb		to profit, to benifit	3
فَعَسَىٰ	Verb		to perhaps	3
وَعَسَىٰ	Verb		to perhaps	3
تُوَلُّوا	Verb		to turn	3
وَلَّىٰ	Verb		to turn	3
اسْتَجَابُوا	Verb		to answer, to respond	3
فَاسْتَجَابَ	Verb		to answer, to respond	3
وَارْحَمْنَا	Verb		to have mercy	3
فَأَصْلِحُوا	Verb		to correct, to reform, to improve, to make peace	3
عَصَوْا	Verb		to disobey	3
عَصَيْتُ	Verb		to disobey	3
وَعَصَوُا	Verb		to disobey	3
يَعْصِ	Verb		to disobey	3
يَعْفُوَ	Verb		to forgive, to pardon	3
وَزَيَّنَ	Verb		to make fair-seeming	3
وَيَبْغُونَهَا	Verb		to seek, to oppress	3
تُجَادِلْ	Verb		to argue, to dispute	3
قَدَرُوا	Verb		to restrict, to control, to have power	3
يَقْدِرُونَ	Verb		to restrict, to control, to have power	3
كَادُوا	Verb		to be near, to nearly do, to almost do	3
نَتَوَفَّيَنَّكَ	Verb		to pass away, to die	3
آذَنَ	Verb		to permit	3
يَأْذَنَ	Verb		to permit	3
بَدَّلْنَا	Verb		to change	3
يُفْتَنُونَ	Verb		to persecute, to test, to try	3
يَجْمَعُ	Verb		to gather, to collect	3
يَجْمَعُونَ	Verb		to gather, to collect	3
نُذِقْهُ	Verb		to cause taste	3
يَرْجُو	Verb		to hope, to expect, to desire	3
وَرَفَعَ	Verb		to raise	3
أَسْلَمُوا	Verb		to submit	3
وَمَكَرُوا	Verb		to plot, to scheme, to plan	3
تُحْسِنُوا	Verb		to do good	3
وَأَحْسِنُوا	Verb		to do good	3
اسْتُهْزِئَ	Verb		to mock, to ridicule	3
يَضَعْنَ	Verb		to deliver, to give birth	3
أُحِلَّ	Verb		to make lawful	3
تَسْعَىٰ	Verb		to strive, to run	3
سَعَوْا	Verb		to strive, to run	3
سَعَىٰ	Verb		to strive, to run	3
تَعَالَىٰ	Verb		to be exalted, to be high	3
فَتَعَالَى	Verb		to be exalted, to be high	3
قَصَصْنَا	Verb		to narrate	3
أَنْشَأَ	Verb		to produce, to raise	3
يَضُرُّكُمْ	Verb		to harm	3
يَضُرُّهُمْ	Verb		to harm	3
يَضُرُّوا	Verb		to harm	3
وَيَسْتَعْجِلُونَكَ	Verb		to seek to hasten	3
يَسْتَعْجِلُ	Verb		to seek to hasten	3
يَفْقَهُوهُ	Verb		to understand	3
نُفِخَ	Verb		to blow, to breathe	3
فَتَبَيَّنُوا	Verb		to become clear	3
يَتَبَيَّنَ	Verb		to become clear	3
تُخْفُوا	Verb		to conceal, to hide	3
تُخْفُونَ	Verb		to conceal, to hide	3
تُخْفُوهُ	Verb		to conceal, to hide	3
فَذَكِّرْ	Verb		to remind	3
وَذَكِّرْ	Verb		to remind	3
تُسِرُّونَ	Verb		to conceal	3
تَعُودُوا	Verb		to return	3
عَادَ	Verb		to return	3
مَتَّعْنَا	Verb		to grant, to bestow, to provide	3
فَأَمْسِكُوهُنَّ	Verb		to retain, to withhold	3
فَنِعْمَ	Verb		to be excellent	3
وَوُفِّيَتْ	Verb		to pay in full, to fulfill	3
فَأَغْرَقْنَاهُمْ	Verb		to drown	3
فَصَّلْنَا	Verb		to make clear, to explain in detail	3
فُصِّلَتْ	Verb		to make clear, to explain in detail	3
تَتَفَكَّرُونَ	Verb		to ponder, to reflect	3
انْقَلَبُوا	Verb		to turn back, to return	3
أَنْعَمْتُ	Verb		to bestow favor	3
أَنْعَمْنَا	Verb		to bestow favor	3
وَدُّوا	Verb		to love, to wish	3
وَأَتِمُّوا	Verb		to fulfill, to complete, to perfect	3
خَسِرَ	Verb		to lose	3
يَسْتَمِعُ	Verb		to listen	3
قَدَّرَ	Verb		to determine, to plot	3
يُهَاجِرُوا	Verb		to emigrate	3
يُؤَخِّرُهُمْ	Verb		to delay, to give respite	3
تُبْدُوا	Verb		to reveal, to disclose	3
فَأَتْبَعَهُ	Verb		to follow	3
اسْكُنْ	Verb		to dwell, to live, to rest	3
يَشْرَبُونَ	Verb		to drink	3
اعْتَدَوْا	Verb		to transgress	3
وَغَرَّتْكُمُ	Verb		to deceive, to delude	3
وَغَرَّتْهُمُ	Verb		to deceive, to delude	3
يَغْنَوْا	Verb		to avail, to prosper	3
يَعِظُكُمْ	Verb		to instruct, to advise, to preach	3
فَكَشَفْنَا	Verb		to remove, to uncover	3
كَفَّرَ	Verb		to remove	3
لَقِيتُمُ	Verb		to receive, to meet	3
أَبَىٰ	Verb		to refuse	3
يَغْشَىٰ	Verb		to cover	3
مَكَّنَّاهُمْ	Verb		to establish	3
اسْتَأْذَنَكَ	Verb		to ask permission	3
يَحْذَرُونَ	Verb		to fear, to beware	3
تُخْزُونِ	Verb		to disgrace	3
يُخْزِيهِ	Verb		to disgrace	3
تَدْرِي	Verb		to know	3
وَيُزَكِّيهِمْ	Verb		to purify	3
اصْطَفَىٰ	Verb		to choose	3
تَطْغَوْا	Verb		to transgress, to overflow	3
مَنَعَ	Verb		to prevent	3
مَنَعَكَ	Verb		to prevent	3
سَخِرُوا	Verb		to ridicule, to mock	3
طَبَعَ	Verb		to seal	3
يَطْبَعُ	Verb		to seal	3
يُعْجِبُكَ	Verb		to please, to impress	3
يُعْرَضُونَ	Verb		to display, to present, to expose, to turn away	3
عَاهَدْتَ	Verb		to make a covenant	3
وَصَّاكُمْ	Verb		to enjoin	3
وَوَصَّيْنَا	Verb		to enjoin	3
وَصَدَّقَ	Verb		to accept truth, to admit, to confirm, to believe	3
صَرَّفْنَا	Verb		to explain	3
يَظْهَرُوا	Verb		to appear, to become manifest	3
فَطَرَنِي	Verb		to create	3
مَرَّ	Verb		to pass, to continue	3
يَمُرُّونَ	Verb		to pass, to continue	3
وَنَزَعْنَا	Verb		to take way, to remove, to withdraw	3
يُوصَلَ	Verb		to join, to reach	3
تَبِعَكَ	Verb		to follow	3
يَرْمُونَ	Verb		to throw, to accuse	3
فَانْطَلَقَا	Verb		to set out, to proceeed, to go forth	3
نُفَرِّقُ	Verb		to differentiate, to make distinction	3
يَنْطِقُ	Verb		to speak	3
يَخْسِفَ	Verb		to cause to swallow	3
يَزَّكَّىٰ	Verb		to purify	3
يَزَالُ	Verb		to cease	3
سَمَّيْتُمُوهَا	Verb		to name	3
لِيُظْهِرَهُ	Verb		to make apparent, to reveal	3
فَانْتَظِرُوا	Verb		to wait	3
تَهْوَىٰ	Verb		to desire	3
أَدُلُّكُمْ	Verb		to indicate, to show, to direct	3
يُشَاقِقِ	Verb		to oppose	3
أَفِيضُوا	Verb		to depart	3
نُكَلِّفُ	Verb		to burden	3
الْتَقَى	Verb		to meet	3
تَنَزَّلُ	Verb		to descend, to bring down	3
فَأَسْرِ	Verb		to travel, to take	3
وَاصْفَحُوا	Verb		to overlook	3
عَهِدَ	Verb		to make a covenant, to promise	3
وَغَضِبَ	Verb		to be angry	3
وَفَجَّرْنَا	Verb		to cause gush	3
يُلَقَّاهَا	Verb		to grant, to receive	3
آنَسْتُ	Verb		to perceive	3
وَبَثَّ	Verb		to disperse	3
تَبْخَسُوا	Verb		to diminish, to deprive	3
أَبْلَغْتُكُمْ	Verb		to convey	3
أَجْرَمُوا	Verb		to commit crime	3
تَجْهَرْ	Verb		to speak loudly	3
تَرْهَقُهُمْ	Verb		to cover	3
تَعْتَذِرُوا	Verb		to make excuse	3
يَعْرُجُ	Verb		to ascend	3
وَاعْتَصَمُوا	Verb		to hold fast	3
فَعَقَرُوهَا	Verb		to hamstrung	3
يَفْصِلُ	Verb		to set out, to depart, to judge	3
تَقَرَّ	Verb		to cool, to comfort	3
اكْتَسَبُوا	Verb		to earn	3
تَهِنُوا	Verb		to weaken	3
تَأْسَ	Verb		to grieve	3
وَتَمَّتْ	Verb		to be fulfilled, to be completed	3
فَأَحْبَطَ	Verb		to make worthless	3
يُحَرِّفُونَ	Verb		to distort	3
يُحَافِظُونَ	Verb		to guard	3
يُحَلَّوْنَ	Verb		to adorn	3
خَابَ	Verb		to fail	3
يَتَدَبَّرُونَ	Verb		to ponder	3
سَوَّلَتْ	Verb		to entice, to suggest	3
يَسُومُونَكُمْ	Verb		to afflict	3
يَصْدِفُونَ	Verb		to turn away	3
يُسْتَعْتَبُونَ	Verb		to ask for favor	3
قُدَّ	Verb		to tear	3
يَسْتَقْدِمُونَ	Verb		to advance, to precede	3
وَقَفَّيْنَا	Verb		to send, to follow	3
أُسِّسَ	Verb		to found	3
أَفَلَ	Verb		to set	3
يُبْدِئُ	Verb		to originate	3
يَجْرِمَنَّكُمْ	Verb		to let incite	3
وَاخْفِضْ	Verb		to lower	3
خَفَّتْ	Verb		to be light	3
ارْتَضَىٰ	Verb		to approve	3
فَرَاغَ	Verb		to turn	3
وَاصْطَبِرْ	Verb		to be patient, to be steadfast	3
فَاتَكُمْ	Verb		to escape	3
أَفَاءَ	Verb		to give, to restore	3
يُلْحِدُونَ	Verb		to deviate, to distort	3
يُلَاقُوا	Verb		to they meet	3
فَامْسَحُوا	Verb		to wipe	3
تَمِيدَ	Verb		to shake	3
يُوزَعُونَ	Verb		to set in rows	3
فَمِنْ	Preposition		from	2
وَمِنَّا	Preposition		from	2
أَفِي	Preposition		in	2
وَفِيكُمْ	Preposition		in	2
أَإِنَّكَ	Accusative particle		indeed	2
وَإِنَّكُمْ	Accusative particle		indeed	2
وَعَلَيْهِ	Preposition		on	2
بِالَّذِينَ	Relative pronoun		those who	2
لِئَلَّا	Negative particle		not	2
بِرَبِّكَ	Noun		your lord	2
بِرَبِّنَا	Noun		your lord	2
رَبًّا	Noun		your lord	2
رَبَّهُ	Noun		your lord	2
رَبُّهَا	Noun		your lord	2
رَبُّهُمْ	Noun		your lord	2
رَبِّي	Noun		your lord	2
فَوَرَبِّكَ	Noun		your lord	2
لِرَبِّهَا	Noun		your lord	2
لِرَبِّهِ	Noun		your lord	2
لِرَبِّهِمْ	Noun		your lord	2
وَرَبِّكَ	Noun		your lord	2
وَرَبِّنَا	Noun		your lord	2
إِلَيْكُمْ	Preposition		to	2
فَإِلَيْنَا	Preposition		to	2
لَإِلَى	Preposition		to	2
أَوَمَنْ	Relative pronoun		who	2
لِمَنِ	Relative pronoun		who	2
وَلِمَنْ	Relative pronoun		who	2
وَإِلَّا	Restriction particle		except	2
أَذَٰلِكَ	Demonstrative pronoun		that	2
بِذَٰلِكَ	Demonstrative pronoun		that	2
فَذَٰلِكَ	Demonstrative pronoun		that	2
فَذَٰلِكُمُ	Demonstrative pronoun		that	2
قَوْمِنَا	Noun		a people	2
وَقَوْمَكَ	Noun		a people	2
وَقَوْمَهُمْ	Noun		a people	2
يَا قَوْمَنَا	Noun		a people	2
آيَةً	Noun		a sign	2
آيَتُكَ	Noun		a sign	2
وَآيَاتِهِ	Noun		a sign	2
فَأَنَّهُ	Accusative particle		that	2
وَأَنَّكَ	Accusative particle		that	2
وَأَنِّي	Accusative particle		that	2
كُلٍّ	Noun		every	2
كُلَّهُ	Noun		every	2
وَكُلٌّ	Noun		every	2
لَمَّا	Time adverb Time adverb		and when	29
رَسُولَكُمْ	Noun		and his messenger	2
رَسُولُهُمْ	Noun		and his messenger	2
رُسُلِكَ	Noun		and his messenger	2
وَالرَّسُولُ	Noun		and his messenger	2
وَرُسُلًا	Noun		and his messenger	2
وَرُسُلِي	Noun		and his messenger	2
أَيَّامِ	Noun		day	2
بِالْيَوْمِ	Noun		day	2
أَفَبِعَذَابِنَا	Noun		a punishment	2
لِهَٰذَا	Demonstrative pronoun		this	2
السَّمَاوَاتُ	Noun		the heavens	2
سَمَاءٍ	Noun		the heavens	2
أَنْفُسِنَا	Noun		themselves	2
بِالنَّفْسِ	Noun		themselves	2
نَفْسِهِ	Noun		themselves	2
وَأَنْفُسَكُمْ	Noun		themselves	2
وَأَنْفُسِكُمْ	Noun		themselves	2
لِشَيْءٍ	Noun		thing	2
كِتَابِيَهْ	Noun		the book	2
وَكِتَابٌ	Noun		the book	2
بَيْنَهَا	Location adverb		between them	2
حَقَّ	Verb Verb		to justify, to prove true	5
لَلْحَقُّ	Noun		the truth	2
وَبِالْحَقِّ	Noun		the truth	2
فَإِذْ	Time adverb		when	2
قَبْلِنَا	Noun		before	2
قَبْلِي	Noun		before	2
الْمُؤْمِنُونَ	Noun		the believers	2
لِمُؤْمِنٍ	Noun		the believers	2
وَلِلْمُؤْمِنِينَ	Noun		the believers	2
فَلَوْ	Conditional particle		and if	2
سَبِيلَهُ	Noun		way	2
سَبِيلِكَ	Noun		way	2
سُبُلًا	Noun		way	2
سُبُلَنَا	Noun		way	2
أَمْرٍ	Noun		the matter	2
أَمْرَكُمْ	Noun		the matter	2
أَمْرَهُمْ	Noun		the matter	2
أَمْرُهُ	Noun		the matter	2
أَمْرِنَا	Noun		the matter	2
بِأَمْرِ	Noun		the matter	2
بِأَمْرِنَا	Noun		the matter	2
عِنْدَكَ	Location adverb		with	2
عِنْدَهُمْ	Location adverb		with	2
فَعِنْدَ	Location adverb		with	2
وَعِنْدَهُمْ	Location adverb		with	2
بَعْضَهُ	Noun		some of them	2
لِلْخَيْرِ	Noun		better	2
آلِهَتُهُمُ	Noun		god	2
إِلَٰهَهُ	Noun		god	2
بِآلِهَتِنَا	Noun		god	2
غَيْرِهِ	Noun		without	2
غَيْرِي	Noun		without	2
دُونِكَ	Noun		besides	2
وَلَلْآخِرَةُ	Noun		the hereafter	2
بَعْدُ	Noun		after	2
بَعْدِكُمْ	Noun		after	2
الْقَلْبِ	Noun		their hearts	2
وَقَلْبِهِ	Noun		their hearts	2
وَقُلُوبُهُمْ	Noun		their hearts	2
وَقُلُوبِهِنَّ	Noun		their hearts	2
بِعَبْدِهِ	Noun		his slaves	2
لِلْعِبَادِ	Noun		his slaves	2
أَهْلِي	Noun		people	2
بِأَهْلِهِ	Noun		people	2
لِأَهْلِ	Noun		people	2
وَأَهْلِيهِمْ	Noun		people	2
فَلَعَلَّكَ	Accusative particle		so that you may	2
وَلَعَلَّهُمْ	Accusative particle		so that you may	2
أَيْدِينَا	Noun		their hands	2
بِيَدِ	Noun		their hands	2
بِيَدِكَ	Noun		their hands	2
يَدَيَّ	Noun		their hands	2
يَدَيْهَا	Noun		their hands	2
يَدُ	Noun		their hands	2
بِرَحْمَتِكَ	Noun		mercy	2
بِرَحْمَتِهِ	Noun		mercy	2
رَحِيمًا	Noun Noun		most merciful	3
أُجُورَكُمْ	Noun		a reward	2
لَأَجْرًا	Noun		a reward	2
وَلَأَجْرُ	Noun		a reward	2
بِعِلْمٍ	Noun		knowledge	2
عِلْمًا	Noun		knowledge	2
الْجَنَّتَيْنِ	Noun		gardens	2
جَنَّةُ	Noun		gardens	2
جَنَّتَكَ	Noun		gardens	2
دِينًا	Noun		the religion	2
دِينِهِ	Noun		the religion	2
الْقَوْلَ	Noun		the word	2
قَوْلُهُ	Noun		the word	2
قَوْلُهُمْ	Noun		the word	2
قَوْلِكَ	Noun		the word	2
قَوْلِي	Noun		the word	2
مَالِ	Interogative particle		what	2
وَلِذِي	Noun		owner	2
وَالْمَلَائِكَةُ	Noun		the angels	2
أَمْثَالَكُمْ	Noun		example	2
أَمْثَالَهُمْ	Noun		example	2
الْأَمْثَالُ	Noun		example	2
فَمَثَلُهُ	Noun		example	2
مَثَلَ	Noun		example	2
مَثَلُهُمْ	Noun		example	2
وَمَثَلًا	Noun		example	2
بِمَالٍ	Noun		wealth	2
وَأَمْوَالٌ	Noun		wealth	2
أَوْلِيَائِهِمْ	Noun		allies	2
الْوَلِيُّ	Noun		allies	2
لِوَلِيِّهِ	Noun		allies	2
وَلِيُّ	Noun		allies	2
وَلِيُّنَا	Noun		allies	2
وَلِيِّيَ	Noun		allies	2
هُدَاهُمْ	Noun		guidance	2
هُدَايَ	Noun		guidance	2
لَيَالٍ	Noun		the night	2
وَالشَّيَاطِينَ	Proper noun		The shaitaan	2
أَيَّامًا	Noun Noun		day	13
وَبِمَا	Relative pronoun Relative pronoun		what	4
وَأَصْحَابَ	Noun		companions	2
أَكْثَرَكُمْ	Noun		most of them	2
الذِّكْرِ	Noun		a reminder	2
بِذِكْرِهِمْ	Noun		a reminder	2
ذِكْرٍ	Noun		a reminder	2
ذِكْرَ	Noun		a reminder	2
ذِكْرِ	Noun		a reminder	2
ذِكْرِنَا	Noun		a reminder	2
وَذِكْرُ	Noun		a reminder	2
أَزْوَاجَهُ	Noun		pairs	2
أَزْوَاجِنَا	Noun		pairs	2
الْأَزْوَاجَ	Noun		pairs	2
لِأَزْوَاجِكَ	Noun		pairs	2
وَأَزْوَاجُكُمْ	Noun		pairs	2
وَزَوْجُكَ	Noun		pairs	2
أَخَانَا	Noun		his brother	2
إِخْوَانِكُمْ	Noun		his brother	2
وَإِخْوَانَكُمْ	Noun		his brother	2
مِثْلُهُمْ	Noun		like	2
وَمِثْلَهُمْ	Noun		like	2
لِلنَّبِيِّ	Noun		the prophet	2
نَبِيُّهُمْ	Noun		the prophet	2
لِأَحَدٍ	Noun		anyone	2
لِفِرْعَوْنَ	Proper noun		Firaun	2
يَا فِرْعَوْنُ	Proper noun		Firaun	2
عَمَلَكُمْ	Noun		their deeds	2
عَمَلُهُ	Noun		their deeds	2
عَمَلِ	Noun		their deeds	2
عَمَلِهِ	Noun		their deeds	2
الْوُجُوهَ	Noun		their faces	2
وَجْهِيَ	Noun		their faces	2
وَوُجُوهٌ	Noun		their faces	2
بِالْقُرْآنِ	Proper noun		The quran	2
قُرْآنًا	Proper noun		The quran	2
وَقُرْآنٍ	Proper noun		The quran	2
بَعْدُ	Noun Noun		after	2
الْبُيُوتَ	Noun		houses	2
بَيْتٍ	Noun		houses	2
بَيْتِكَ	Noun		houses	2
بِالْيَمِينِ	Noun		the right	2
بِيَمِينِكَ	Noun		the right	2
وَبِأَيْمَانِهِمْ	Noun		the right	2
يَمِينُكَ	Noun		the right	2
أَوَآبَاؤُنَا	Noun		our forefathers	2
أُمَمٌ	Noun		nation	2
أُمَّتُكُمْ	Noun		nation	2
وَأَبْنَاءَكُمْ	Noun		son	2
كَمَاءٍ	Noun		water	2
مَاءٍ	Noun		water	2
مَاءَكِ	Noun		water	2
مَاؤُهَا	Noun		water	2
بِالصَّالِحِينَ	Noun		the righteous	2
وَالصَّالِحِينَ	Noun		the righteous	2
وَالصَّادِقِينَ	Noun		truthful	2
وَالنِّسَاءِ	Noun		the women	2
وَلِلنِّسَاءِ	Noun		the women	2
يَا نِسَاءَ	Noun		the women	2
عَيْنَانِ	Noun		their eyes	2
عَيْنُهَا	Noun		their eyes	2
وَلَٰكِنَّكُمْ	Accusative particle		but	2
بِالنَّهَارِ	Noun		the day	2
نَهَارًا	Noun		the day	2
وَالْأَوْلَادِ	Noun		a son	2
وَلَدٍ	Noun		a son	2
الْبَيِّنَةُ	Noun		with clear proofs	2
رِزْقُكُمْ	Noun		provision	2
وَأَجَلٌ	Noun		a term	2
وَأَجَلٍ	Noun		a term	2
خَلْقَهُ	Noun		creation	2
خَلْقُكُمْ	Noun		creation	2
الْجَنَّةِ	Proper noun		Paradise	2
مَوْتِهِ	Noun		death	2
بِنِعْمَةٍ	Noun		favor	2
نِعْمَتَكَ	Noun		favor	2
عَدُوَّكُمْ	Noun		an enemy	2
عَدُوِّهِ	Noun		an enemy	2
وَعَدُوَّكُمْ	Noun		an enemy	2
بِالْمُتَّقِينَ	Noun		the righteous	2
الْبَصَرِ	Noun		the vision	2
بِالْأَبْصَارِ	Noun		the vision	2
وَالْأَبْصَارِ	Noun		the vision	2
تَحْتَ	Noun		underneath it	2
دَارَ	Noun		their homes	2
دَارِهِمْ	Noun		their homes	2
مُلْكًا	Noun		dominion	2
مُلْكَهُ	Noun		dominion	2
وَمُلْكٍ	Noun		dominion	2
وَالسَّاعَةُ	Noun		the hour	2
أَبِينَا	Noun		o my father	2
إِيمَانُكُمْ	Noun		faith	2
إِيمَانُهُمْ	Noun		faith	2
بِإِيمَانٍ	Noun		faith	2
وَالْإِيمَانَ	Noun		faith	2
وَقَبْلَ	Time adverb		before	2
آخَرِينَ	Noun		and others	2
وَأُخَرَ	Noun		and others	2
وَأُخْرَىٰ	Noun		and others	2
صَدْرِي	Noun		the breasts	2
بِالْمُجْرِمِينَ	Noun		the criminals	2
مُشْرِكُونَ	Noun		the polytheists	2
وَالْحَمْدُ	Noun		all praise	2
قَلِيلٌ	Noun		a little	2
نُوحٌ	Proper noun		Nuh	2
وَنُورٌ	Noun		light	2
الْبِحَارُ	Noun		the sea	2
وَسُبْحَانَ	Noun		glory be to him	2
السَّلَامِ	Noun		peace	2
وَسَلَامٌ	Noun		peace	2
شَرِيكٌ	Noun		partners	2
وَشُرَكَاؤُكُمْ	Noun		partners	2
الشُّهَدَاءُ	Noun		a witness	2
شُهَدَاءَكُمْ	Noun		a witness	2
وَلَوْلَا	Conditional particle Conditional particle		and if not	23
يَا وَيْلَتَا	Noun		woe	2
بِأَسْمَائِهِمْ	Noun		name	2
حِسَابِيَهْ	Noun		account	2
وَالْحِسَابَ	Noun		account	2
لِلْمُحْسِنِينَ	Noun		the good-doers	2
الْبَشَرِ	Noun		a man	2
الذُّنُوبَ	Noun		your sins	2
بِذُنُوبِ	Noun		your sins	2
الْكُفْرِ	Noun		disbelief	2
بِالْكُفْرِ	Noun		disbelief	2
كُفْرُهُمْ	Noun		disbelief	2
لِلْكُفْرِ	Noun		disbelief	2
سَيِّئَاتِهِ	Noun		the evil deeds	2
الشَّدِيدَ	Adjective		severe	2
أَحْسَنَ	Verb Verb		to do good	6
فَلَوْلَا	Exhortation particle Exhortation particle		why not	10
أُمُّ	Noun		your mothers	2
فَلِأُمِّهِ	Noun		your mothers	2
فِتْنَتُكَ	Noun		a trial	2
وَالْفِتْنَةُ	Noun		a trial	2
الْمُرْسَلُونَ	Noun		the messengers	2
مَعْرُوفًا	Adjective Adjective		kindness	3
بِمَيِّتٍ	Noun		the dead	2
بِمَيِّتِينَ	Noun		the dead	2
أَنْصَارِي	Noun		any helper	2
وَالْأَنْصَارِ	Noun		any helper	2
آلَاءَ	Noun		favors	2
لِلشَّمْسِ	Noun		the sun	2
لِلْكَذِبِ	Noun		a lie	2
كَالْأَنْعَامِ	Noun		the cattle	2
وَأَنْعَامٌ	Noun		the cattle	2
وَلِأَنْعَامِكُمْ	Noun		the cattle	2
وَالزَّكَاةِ	Noun		the zakah	2
الْخَيْرِ	Adjective		better	2
بِالشَّرِّ	Noun		evil	2
بِجُنُودٍ	Noun		hosts	2
جُنُودًا	Noun		hosts	2
وَجُنُودَهُمَا	Noun		hosts	2
وَجُنُودِهِ	Noun		hosts	2
لِرَجُلٍ	Noun		a man	2
بِرِيحٍ	Noun		the winds	2
بِعَرْشِهَا	Noun		the throne	2
بِعَهْدِهِمْ	Noun		the covenant	2
بِعَهْدِي	Noun		the covenant	2
عَهْدَهُ	Noun		the covenant	2
عَهْدَهُمْ	Noun		the covenant	2
وَعَهْدِهِمْ	Noun		the covenant	2
الْأَنْبَاءُ	Noun		news	2
بِنَبَإٍ	Noun		news	2
أَحَادِيثَ	Noun		statement	2
بِحَدِيثٍ	Noun		statement	2
حَدِيثٍ	Noun		statement	2
ذُرِّيَّتَهُ	Noun		offspring	2
ذُرِّيَّتِهِ	Noun		offspring	2
رِجَالِكُمْ	Noun		men	2
لِلرِّجَالِ	Noun		men	2
كَلِمَةً	Noun		a word	2
مَسْجِدٍ	Noun		al-masjid	2
وَالْمَسْجِدِ	Noun		al-masjid	2
وَأَنَّىٰ	Interogative particle		how	2
أَبْوَابُ	Noun		gates	2
أَبْوَابُهَا	Noun		gates	2
لَغَافِلِينَ	Noun		unaware	2
الْكَافِرُ	Noun		the disbelievers	2
كَافِرٌ	Noun		the disbelievers	2
وَالْكُفَّارَ	Noun		the disbelievers	2
يَا لُوطُ	Proper noun		Lut	2
امْرَأَتَكَ	Noun		wife	2
امْرَأَتِي	Noun		wife	2
وَامْرَأَتُهُ	Noun		wife	2
أَفَبِالْبَاطِلِ	Noun		the falsehood	2
بَاطِلًا	Noun		the falsehood	2
وَبَاطِلٌ	Noun		the falsehood	2
الْخَوْفُ	Noun		fear	2
سَوَاءٌ	Noun		same	2
كَيْدَهُ	Noun		a plot	2
كَيْدِ	Noun		a plot	2
كَيْدِكُنَّ	Noun		a plot	2
كَيْدِي	Noun		a plot	2
آلَ	Noun		people	2
وَآلَ	Noun		people	2
بَأْسٍ	Noun		our punishment	2
بَأْسَنَا	Noun		our punishment	2
فَوْقِهِ	Noun		above them	2
بِلِسَانِكَ	Noun		their tongues	2
لِسَانًا	Noun		their tongues	2
لِسَانَ	Noun		their tongues	2
لِسَانِ	Noun		their tongues	2
لِسَانِي	Noun		their tongues	2
مِيثَاقِهِ	Noun		a covenant	2
بِالْأُنْثَىٰ	Noun		female	2
فَأَيَّ	Noun		so which	2
إِيَّاكُمْ	Personal pronoun		him alone	2
إِيَّانَا	Personal pronoun		him alone	2
فَإِيَّايَ	Personal pronoun		him alone	2
الطَّعَامَ	Noun		food	2
طَعَامِ	Noun		food	2
لِعَادٍ	Proper noun		Aad	2
فَاسِقُونَ	Noun		the defiantly disobedient	2
وَلِقَاءِ	Noun		meeting	2
وَلِقَائِهِ	Noun		meeting	2
مُسْلِمِينَ	Noun		muslims	2
بَيْنِهِمَا	Noun		among us	2
بَيْنِهِمْ	Noun		among us	2
وَبَيْنِكَ	Noun		among us	2
لَذِكْرَىٰ	Noun		and a reminder	2
بِالشَّهَادَةِ	Noun		and the witnessed	2
شَهَادَةً	Noun		and the witnessed	2
طَائِفَتَانِ	Noun		a group	2
طَائِفَتَيْنِ	Noun		a group	2
وَالْفُلْكِ	Noun		the ship	2
الْمُسْتَقِيمِ	Noun		straight	2
لَخَبِيرٌ	Noun		all-aware	2
الدُّعَاءِ	Noun		the call	2
دُعَاءُ	Noun		the call	2
دُعَاءِ	Noun		the call	2
السَّبْعُ	Noun		seven	2
وَسَبْعَ	Noun		seven	2
سَمْعَكُمْ	Noun		the hearing	2
وَمَأْوَاكُمُ	Noun		their abode	2
مَسَاكِينَ	Noun		and the needy	2
وَالْمَسَاكِينُ	Noun		and the needy	2
نَصْرُنَا	Noun		help	2
وَبَرًّا	Noun		the land	2
الرُّوحُ	Noun		our spirit	2
الرُّوحِ	Noun		our spirit	2
بِرُوحِ	Noun		our spirit	2
رُوحِي	Noun		our spirit	2
وَالرُّوحُ	Noun		our spirit	2
شَهْرًا	Noun		months	2
شَهْرٌ	Noun		months	2
شَهْرَيْنِ	Noun		months	2
بِالْمُفْسِدِينَ	Noun		the corrupters	2
مُفْسِدُونَ	Noun		the corrupters	2
نَصِيبَهُمْ	Noun		a portion	2
يَتِيمًا	Noun		the orphans	2
الْحِكْمَةِ	Noun		and the wisdom	2
بِالْحِكْمَةِ	Noun		and the wisdom	2
بِظُلْمِهِمْ	Noun		injustice	2
ظُلْمِهِ	Noun		injustice	2
الْغَنِيُّ	Noun		free of need	2
لَدَيْهِ	Location adverb		with them	2
وَلَدَيْنَا	Location adverb		with them	2
وَزِينَتُهَا	Noun		adornment	2
شَاهِدِينَ	Noun		the witnesses	2
كَشَجَرَةٍ	Noun		tree	2
صَابِرًا	Noun		the patient ones	2
الْمَكْرُ	Noun		a plot	2
مَكْرَ	Noun		a plot	2
أُذُنُ	Noun		their ears	2
وَالتَّوْرَاةَ	Proper noun		The taurat	2
الدَّوَابِّ	Noun		moving creature	2
الدُّبُرَ	Noun		their backs	2
وَأَدْبَارَهُمْ	Noun		their backs	2
ذَوَا	Noun		and dhul-kifl	2
يَا ذَا	Noun		and dhul-kifl	2
آلذَّكَرَيْنِ	Noun		male	2
الذُّكُورَ	Noun		male	2
عَالِمِينَ	Noun		knower	2
الْمُنْكَرَ	Noun		the wrong	2
مُنْكَرُونَ	Noun		the wrong	2
مَوْلًى	Noun		your protector	2
مَوْلَانَا	Noun		your protector	2
مَوْلَاهُ	Noun		your protector	2
مَوْلَاهُمُ	Noun		your protector	2
الْمُؤْمِنَاتُ	Noun		and the believing women	2
الْمُؤْمِنَاتِ	Adjective Adjective		faithful	3
بِإِسْحَاقَ	Proper noun		And isaac	2
الْبُطُونِ	Noun		their bellies	2
بَطْنِهِ	Noun		their bellies	2
بَنَاتِي	Noun		daughters	2
وَبَنَاتُكُمْ	Noun		daughters	2
بِتَأْوِيلِ	Noun		interpretation	2
تَأْوِيلًا	Noun		interpretation	2
تَأْوِيلَهُ	Noun		interpretation	2
وَالتَّقْوَىٰ	Noun		righteousness	2
خَلْفٌ	Noun		behind them	2
وَلِسُلَيْمَانَ	Proper noun		Sulaiman	2
الْفَاحِشَةُ	Noun		immorality	2
الْفَوَاحِشَ	Noun		immorality	2
وَالْفَوَاحِشَ	Noun		immorality	2
قَائِمٌ	Noun		standing	2
قِيَامًا	Noun		standing	2
وَقِيَامًا	Noun		standing	2
لَدُنْهُ	Noun		yourself	2
لَمُهْتَدُونَ	Noun		the guided ones	2
حَرَمًا	Noun		al-masjid al-haraam	2
شُهَدَاءَ	Noun Noun		a witness	11
أَفْئِدَةُ	Noun		hearts	2
أَفْئِدَتَهُمْ	Noun		hearts	2
فُؤَادَكَ	Noun		hearts	2
فَوْقَهُمُ	Location adverb		above them	2
أَوَلَوْ	Conditional particle Conditional particle		and if	7
الْبُشْرَىٰ	Noun		and glad tidings	2
بِالْبُشْرَىٰ	Noun		and glad tidings	2
بَلَاغٌ	Noun		the conveyance	2
فَصَبْرٌ	Noun		patience	2
ظَهْرِهَا	Noun		their backs	2
قَرِيبٌ	Noun Noun		near	6
وَمُصَدِّقًا	Noun		confirming	2
مِلَّتَهُمْ	Noun		religion	2
مِلَّتِنَا	Noun		religion	2
الْمُنْذِرِينَ	Noun		a warner	2
وَابْتِغَاءَ	Noun		seeking	2
أَثَرِ	Noun		their footsteps	2
وَآثَارًا	Noun		their footsteps	2
أَخَوَاتِهِنَّ	Noun		a sister	2
أُخْتٌ	Noun		a sister	2
أُخْتَهَا	Noun		a sister	2
وَأَخَوَاتُكُمْ	Noun		a sister	2
آلَافٍ	Noun		a thousand	2
أَلْفٍ	Noun		a thousand	2
أَمِينٍ	Adjective		trustworthy	2
بَلَدٍ	Noun		city	2
الْحَمِيمِ	Noun		scalding water	2
شَاكِرًا	Noun		the grateful ones	2
شَاكِرٌ	Noun		the grateful ones	2
شَاكِرِينَ	Noun		the grateful ones	2
بِالصِّدْقِ	Noun		honor	2
الظِّلِّ	Noun		shades	2
وَظِلٍّ	Noun		shades	2
عَدْلٌ	Noun		just	2
غَضَبٌ	Noun		wrath	2
غَضَبِي	Noun		wrath	2
لِكَلِمَاتِ	Noun		words	2
لِكَلِمَاتِهِ	Noun		words	2
لَيْتَنِي	Accusative particle		o i wish	2
يَا لَيْتَ	Accusative particle		o i wish	2
يَا لَيْتَنَا	Accusative particle		o i wish	2
لِلْمُسْلِمِينَ	Proper noun		The muslims	2
مَقَامًا	Noun		standing	2
مَقَامَ	Noun		standing	2
مَقَامِ	Noun		standing	2
مَقَامِي	Noun		standing	2
وَمَقَامٍ	Noun		standing	2
حُسْنُ	Noun		good	2
حَوْلِكَ	Noun		around it	2
رِضْوَانَهُ	Noun		and pleasure	2
وَرِضْوَانٌ	Noun		and pleasure	2
شَفَاعَةً	Noun		the intercession	2
شَفَاعَتُهُمْ	Noun		the intercession	2
الْغَالِبِينَ	Noun		the victorious	2
غَالِبَ	Noun		the victorious	2
أَرْحَامُ	Noun		the wombs	2
الصُّمَّ	Noun		deaf	2
بِأَفْوَاهِكُمْ	Noun		with their mouths	2
لِلْمُسْرِفِينَ	Noun		the transgressors	2
مُسْرِفٌ	Noun		the transgressors	2
وَمَسَاكِنَ	Noun		their dwellings	2
وَرَاءَكُمْ	Location adverb		behind	2
وَرَاءَهُمْ	Location adverb		behind	2
وَرَائِهِ	Noun		behind	2
أَوْزَارَهُمْ	Noun		burden	2
يَا إِبْلِيسُ	Proper noun		Iblis	2
الْأَكْبَرِ	Adjective		greater	2
أَمَّا	Coordinating conjunction Coordinating conjunction		or	4
وَالْبَغْيَ	Noun		and the oppression	2
تَوَّابًا	Noun		the acceptor of repentance	2
تَوَّابٌ	Noun		the acceptor of repentance	2
حَسْبُهُمْ	Noun		sufficient for us	2
حَسْبِيَ	Noun		sufficient for us	2
خَالِقٌ	Noun		creator	2
السِّرَّ	Noun		secretly	2
سِرَّهُمْ	Noun		secretly	2
السِّنِينَ	Noun		years	2
لَضَالُّونَ	Noun		those who are astray	2
الْعِدَّةَ	Noun		their number	2
بِعِدَّتِهِمْ	Noun		their number	2
عِدَّةَ	Noun		their number	2
فَعِدَّةٌ	Noun		their number	2
وَالْأَعْنَابَ	Noun		and grapevines	2
وَعِنَبٍ	Noun		and grapevines	2
بِفَاكِهَةٍ	Noun		fruits	2
فَاكِهَةٍ	Noun		fruits	2
قَدَرٍ	Noun		in (due) measure	2
قَدَرُهُ	Noun		in (due) measure	2
أَقَرِيبٌ	Noun		near	2
قَرِيبًا	Noun		near	2
مَجْنُونٍ	Noun		a madman	2
الْمَشَارِقِ	Noun		the east	2
الْمَشْرِقَيْنِ	Noun		the east	2
نَجْوَاكُمْ	Noun		the private conversation	2
نَجْوَىٰ	Noun		the private conversation	2
وَنَجْوَاهُمْ	Noun		the private conversation	2
وَالنَّخْلَ	Noun		and date-palms	2
الْجَاهِلُونَ	Noun		the ignorant	2
وَالْحِجَارَةُ	Noun		stones	2
وَزُرُوعٍ	Noun		crops	2
سَعْيُهُمْ	Noun		their effort	2
لِصَاحِبِهِ	Noun		your companion	2
الطُّورِ	Noun		the mount	2
الْفُقَرَاءُ	Noun		poor	2
فِئَتَيْنِ	Noun		a group	2
وَقَتْلَهُمُ	Noun		killing	2
الْكَيْلُ	Noun		measure	2
لِبَاسٌ	Noun		garments	2
وَلِبَاسُهُمْ	Noun		garments	2
مِائَتَيْنِ	Noun		a hundred	2
الْمُحْضَرِينَ	Noun		brought	2
لَمُحْضَرُونَ	Noun		brought	2
وَالِدَيَّ	Noun		to his parents	2
وَلِوَالِدَيَّ	Noun		to his parents	2
آتِيَةٌ	Noun		surely coming	2
إِفْكِهِمْ	Noun		a lie	2
جُلُودًا	Noun		skins	2
جُلُودُهُمْ	Noun		skins	2
حُبِّهِ	Noun		love	2
خَلِيفَةً	Noun		successors	2
رِجْزٍ	Noun		the punishment	2
السَّحَابَ	Noun		clouds	2
السَّوْءِ	Noun		evil	2
يَا صَالِحُ	Proper noun		Salih	2
الضَّلَالَةُ	Noun		error	2
ضَلَالَتِهِمْ	Noun		error	2
بِعِبَادَتِهِمْ	Noun		his worship	2
غُرُورًا	Noun		delusion	2
الْأَغْلَالُ	Noun		rancor	2
غِلٍّ	Noun		rancor	2
الْقَرَارُ	Noun		an abode	2
قَرَارًا	Noun		an abode	2
الْقَوِيُّ	Noun		all-strong	2
لَوْنُهَا	Noun		colors	2
مُبَشِّرًا	Noun		bearers of glad tidings	2
مَوْعِظَةً	Noun		and an admonition	2
مَآبًا	Noun		place of return	2
نَبَاتًا	Noun		plants	2
نَبَاتَ	Noun		plants	2
نَبَاتُ	Noun		plants	2
نَبَاتُهُ	Noun		plants	2
أَشُدَّكُمْ	Noun		his maturity	2
الْبِرَّ	Noun		righteousness	2
بُرْهَانَ	Noun		your proof	2
ثِيَابَهُمْ	Noun		garments	2
بِجَانِبِ	Noun		side	2
بِجَانِبِهِ	Noun		side	2
خَطَايَاكُمْ	Noun		our sins	2
خَطَايَانَا	Noun		our sins	2
خِلَالِهِ	Noun		their midst	2
رَاكِعًا	Noun		those who bow down	2
وَالرُّكَّعِ	Noun		those who bow down	2
صَاعِقَةً	Noun		the thunderbolt	2
الصُّحُفِ	Noun		pages	2
صُحُفًا	Noun		pages	2
صُحُفِ	Noun		pages	2
ظَاهِرًا	Noun		dominant	2
ظَاهِرِينَ	Noun		dominant	2
عُدْوَانَ	Noun		and [the] transgression	2
وَالْعَشِيِّ	Noun		in the evening	2
وَعَشِيًّا	Noun		in the evening	2
عَلِيًّا	Noun		the most high	2
فَرْجَهَا	Noun		their chastity	2
لِفُرُوجِهِمْ	Noun		their chastity	2
قَانِتًا	Noun		obedient	2
قَانِتِينَ	Noun		obedient	2
وَالْقَانِتِينَ	Noun		obedient	2
الْأَقْدَامَ	Noun		our feet	2
قَرِينُهُ	Noun		a companion	2
كَبِيرُهُمْ	Noun		great	2
لَكَبِيرُكُمُ	Noun		great	2
مُجْرِمِينَ	Noun Noun		the criminals	8
مُدْبِرًا	Noun		flight	2
لِمِيقَاتِنَا	Noun		set term	2
اخْتِلَافِ	Noun		alternation	2
إِخْوَةٌ	Noun		brothers	2
إِخْوَةُ	Noun		brothers	2
إِصْلَاحًا	Noun		reconciliation	2
إِصْلَاحِهَا	Noun		reconciliation	2
بَشِيرًا	Noun		a bearer of good news	2
وَبَشِيرٌ	Noun		a bearer of good news	2
بَصَائِرَ	Noun		enlightenment	2
فَبُعْدًا	Noun		away	2
بُنْيَانَهُ	Noun		a structure	2
بُنْيَانُهُمُ	Noun		a structure	2
الْبَيْعَ	Noun		sale	2
تَبْدِيلَ	Noun		any change	2
التَّوْبَةَ	Noun		repentance	2
التَّوْبَةُ	Noun		repentance	2
تَوْبَةً	Noun		repentance	2
ثَلَاثِينَ	Noun		three	2
الْجَمِيلَ	Adjective		good	2
جَمِيلٌ	Adjective		good	2
حِبَالُهُمْ	Noun		their ropes	2
حُجَّةٌ	Noun		any argument	2
حُجَّتُهُمْ	Noun		any argument	2
حَسَرَاتٍ	Noun		regrets	2
حَسْرَةً	Noun		regrets	2
حَظٍّ	Noun		a part	2
حَظِّ	Noun		a part	2
حَمْلٍ	Noun		pregnant	2
حَمْلَهُنَّ	Noun		pregnant	2
الذِّلَّةُ	Noun		humiliation	2
رُؤْيَايَ	Noun		the vision	2
الزُّبُرِ	Noun		sects	2
وَالزُّبُرِ	Noun		sects	2
وَزَكَرِيَّا	Proper noun		Zakariya	2
لِلسَّائِلِ	Noun		for those who ask	2
لِلسَّائِلِينَ	Noun		for those who ask	2
سَابِقُونَ	Noun		foremost	2
وَالسَّابِقُونَ	Noun		foremost	2
السُّفَهَاءَ	Noun		the fools	2
سَنَةً	Noun		year(s)	2
الشَّجَرِ	Noun		and the trees	2
وَالشَّجَرُ	Noun		and the trees	2
أَضْعَافًا	Noun		double	2
الْعُمُرُ	Noun		the life	2
الْعُمُرِ	Noun		the life	2
بِالْفَحْشَاءِ	Noun		the immorality	2
وَالْفُرْقَانَ	Noun		the criterion	2
الْقَاعِدِينَ	Noun		the ones who sit	2
قَاعِدُونَ	Noun		the ones who sit	2
قِبْلَتِهِمُ	Noun		direction of prayer	2
كَبِيرَةً	Noun		great	2
لِكَيْ	Subordinating conjunction		that	2
مَطَرٍ	Noun		a rain	2
وَالْهَدْيَ	Noun		the sacrificial animal	2
وَادٍ	Noun		in the valley	2
الْوِلْدَانِ	Noun		the children	2
وَالْوِلْدَانِ	Noun		the children	2
وِلْدَانٌ	Noun		the children	2
وَبُكْمٌ	Noun		dumb	2
لِلْإِسْلَامِ	Proper noun		Islam	2
بَالِغِيهِ	Noun		reach it	2
بُعُولَتِهِنَّ	Noun		their husbands	2
تَحِيَّةً	Noun		their greetings	2
تَحِيَّتُهُمْ	Noun		their greetings	2
أَثْقَالَهُمْ	Noun		their burdens	2
أَحْلَامٍ	Noun		dreams	2
الْحُلُمَ	Noun		dreams	2
الْحَمِيمُ	Adjective		scalding water	2
بِخَلَاقِهِمْ	Noun		share	2
الْخَمْرِ	Noun		wine	2
خِيفَةً	Noun		a fear	2
الرُّشْدِ	Noun		the right	2
رُشْدًا	Noun		the right	2
سَعَتِهِ	Noun		abundance	2
سَكِينَةٌ	Noun		his tranquility	2
ظُلَلٌ	Noun		coverings	2
الْعَادُونَ	Noun		transgressing	2
عِبْرَةٌ	Noun		a lesson	2
الْغَاوِينَ	Noun		astray	2
الْغَيْظِ	Noun		rage	2
الْقَصَصَ	Noun		the story	2
وَكَأْسٍ	Noun		a cup	2
لَكَفُورٌ	Noun		ungrateful	2
كَهْفِهِمْ	Noun		the cave	2
وَلُؤْلُؤًا	Noun		pearls	2
مُتَكَبِّرٍ	Noun		the arrogant	2
مَرَدًّا	Noun		return	2
مُسْتَكْبِرًا	Noun		arrogant	2
مَنًّا	Noun		the manna	2
مُنْظَرِينَ	Noun		given respite	2
مُنِيبٍ	Noun		turning	2
يَا هَامَانُ	Proper noun		And haman	2
وَوَحْيِنَا	Noun		and our inspiration	2
الْيَقِينُ	Noun		certainty	2
الْأَمْنِ	Noun		the security	2
بِضَاعَتَهُمْ	Noun		their merchandise	2
تِسْعٌ	Noun		nine	2
وَتَفْصِيلًا	Noun		and a detailed explanation	2
وَتَفْصِيلَ	Noun		and a detailed explanation	2
تَقْدِيرًا	Noun		decree	2
ثُلُثَا	Noun		two thirds	2
الْحَقُّ	Noun Noun		the truth	97
حَقًّا	Noun Noun		the truth	14
حِيتَانُهُمْ	Noun		the fish	2
الْخِصَامِ	Noun		an opponent	2
خَصِيمٌ	Noun		an opponent	2
خَطْبُكُمْ	Noun		your case	2
الْخَيْلِ	Noun		horses	2
فَشَارِبُونَ	Noun		and drink	2
شِرْكٌ	Noun		a share	2
شَطْرَهُ	Location adverb		direction	2
الصَّاغِرِينَ	Noun		abased	2
صَاغِرُونَ	Noun		abased	2
صِدِّيقًا	Noun		truthful	2
صَيْدُ	Noun		game	2
ضَيْفِ	Noun		guests	2
ضَيْفِي	Noun		guests	2
طَائِرُكُمْ	Noun		a bird	2
أَطْرَافِهَا	Noun		its borders	2
طَرَائِقَ	Noun		ways	2
الْعُسْرَ	Noun		hardship	2
الْعُسْرِ	Noun		hardship	2
عَطَاءً	Noun		gift	2
عَطَاءِ	Noun		gift	2
لَعَفُوٌّ	Noun		oft-pardoning	2
غُرَفٌ	Noun		lofty mansions	2
أَفْوَاجًا	Noun		crowds	2
فَوْجٌ	Noun		crowds	2
وَكَرْهًا	Noun		unwillingly	2
الْكَوَاكِبِ	Noun		a star	2
مُتْرَفُوهَا	Noun		its wealthy ones	2
الْمُصْلِحِينَ	Noun		reformers	2
مُصْلِحُونَ	Noun		reformers	2
الْمُنْزِلِينَ	Noun		send down	2
مُنِيرًا	Noun		enlightening	2
مَهْدًا	Noun		the cradle	2
مُهْلِكَ	Noun		destroy it	2
مُوقِنُونَ	Noun		certain	2
مَيْتَةً	Noun		dead	2
النُّبُوَّةَ	Noun		and the prophethood	2
النُّشُورُ	Noun		resurrection	2
وَاقِعٌ	Noun		fall	2
يَحْيَىٰ	Proper noun		Yahya	2
وَالْأَحْبَارُ	Noun		the rabbis	2
أَرْذَلِ	Noun		the worst	2
أَسْلِحَتِكُمْ	Noun		your arms	2
أَطْهَرُ	Noun		purer	2
وَأَطْهَرُ	Noun		purer	2
وَأَقْوَمَ	Noun		and more suitable	2
وَأَكْلِهِمُ	Noun		devouring	2
اللَّائِي	Relative pronoun		whom	2
وَاللَّائِي	Relative pronoun		whom	2
لِأَمَانَاتِهِمْ	Noun		of their trusts	2
الْأُمِّيِّينَ	Noun		the unlettered	2
بِالْبَأْسَاءِ	Noun		with adversity	2
بَالَهُمْ	Noun		case	2
بَالُ	Noun		case	2
بُرُوجًا	Noun		constellations	2
ثِقَالًا	Adjective		heavy	2
ثَمَّ	Location adverb		there	2
فَثَمَّ	Location adverb		there	2
جِهَادًا	Noun		strive	2
جُوعٍ	Noun		hunger	2
الْحَرْبِ	Noun		the war	2
حَصِيدًا	Noun		reaped	2
حَلِيمًا	Noun		the forbearing	2
بِحُورٍ	Noun		fair ones	2
حِينَ	Noun Noun		a time	7
الْخَبَائِثَ	Noun		evil	2
خَبِيثَةٍ	Noun		evil	2
دَاخِرُونَ	Noun		humble	2
دَاخِرِينَ	Noun		humble	2
دَاعِيَ	Noun		caller	2
الرَّجِيمِ	Adjective		accursed	2
رَجِيمٍ	Adjective		accursed	2
رِسَالَتَهُ	Noun		his message	2
زُلْفَىٰ	Noun		surely is a near access	2
لَزُلْفَىٰ	Noun		surely is a near access	2
وَزُورًا	Noun		and a lie	2
الْأَسْوَاقِ	Noun		the markets	2
شِفَاءٌ	Noun		a healing	2
وَشِفَاءٌ	Noun		a healing	2
شِهَابٌ	Noun		a burning flame	2
وَصَاحِبَتِهِ	Noun		a wife	2
الصُّبْحُ	Noun		morning	2
وَالصُّبْحِ	Noun		morning	2
صَرْحًا	Noun		a tower	2
ضُحَاهَا	Noun		its brightness	2
ضِعْفًا	Adjective		double	2
طَائِفٌ	Noun		for those who circumambulate	2
لِلطَّائِفِينَ	Noun		for those who circumambulate	2
لِلطَّاغِينَ	Noun		for the transgressors	2
طِفْلًا	Noun		a child	2
طَلْعُهَا	Noun		layers	2
ظَهِيرًا	Noun		supporter	2
عَالِيَهَا	Noun		arrogant	2
عَرْضُهَا	Noun		its width	2
عُقْدَةُ	Noun		knot	2
عَوْرَةٌ	Noun		exposed	2
فَخُورًا	Adjective		boaster	2
فَخُورٍ	Adjective		boaster	2
قَائِمَةً	Noun		standing	2
قَائِمَةٌ	Noun		standing	2
قَارُونَ	Proper noun		Qarun	2
وَقَارُونَ	Proper noun		Qarun	2
الْقِصَاصُ	Noun		the legal retribution	2
قِصَاصٌ	Noun		the legal retribution	2
قُصُورًا	Noun		palaces	2
وَقُعُودًا	Noun		and sitting	2
وَالْقَلَمِ	Noun		by the pen	2
كَفَّارٌ	Adjective		ungrateful	2
كَفَّارَةٌ	Noun		an expiation	2
الْكِفْلِ	Noun		and dhul-kifl	2
الْمُتَوَكِّلُونَ	Noun		the ones who put trust	2
الْمُتَوَكِّلِينَ	Noun		the ones who put trust	2
الْمَجِيدِ	Adjective		the glorious	2
مَجِيدٌ	Adjective		the glorious	2
الْمِحْرَابَ	Noun		the prayer chamber	2
الْمِحْرَابِ	Noun		the prayer chamber	2
مُحَرَّمٌ	Noun		forbidden	2
مَحْرُومُونَ	Noun		deprived	2
وَالْمَحْرُومِ	Noun		deprived	2
وَالْمُسْتَضْعَفِينَ	Noun		oppressed	2
بِمَصَابِيحَ	Noun		with lamps	2
مَغَانِمَ	Noun		spoils of war	2
مُقْتَدِرٍ	Noun		all able	2
مَقَاعِدَ	Noun		positions	2
مَلَكُوتِ	Noun		dominion	2
مَنْسَكًا	Noun		a rite	2
الْمَوْتَىٰ	Noun Noun		the dead	23
مَيِّتٍ	Adjective		dead	2
وَيُونُسَ	Proper noun		Yunus	2
يُونُسَ	Proper noun		Yunus	2
أُجَاجٌ	Noun		bitter	2
فَإِذَا	Time adverb Time adverb Time adverb		when	53
لِلْأَذْقَانِ	Noun		on their faces	2
الْأَسْفَلِينَ	Noun		the lowest	2
أَشَدُّ	Noun Noun		stronger	15
الْأَشْقَى	Noun		the wretched one	2
إِطْعَامُ	Noun		feeding	2
الْعُمْيِ	Adjective		the blind	2
بِالْأُفُقِ	Noun		in the horizon	2
إِلْيَاسَ	Proper noun		Elijah	2
الْأَوْتَادِ	Noun		pegs	2
أَوْثَانًا	Noun		idols	2
أَيْنَ	Interogative particle Interogative particle Interogative particle		where	11
بَطْشًا	Noun		power	2
الْبَقَرِ	Noun		the cows	2
بَهِيمَةِ	Noun		beast	2
بِتَابِعٍ	Noun		followers	2
تَحْتَ	Noun Noun		underneath it	2
تَسْلِيمًا	Noun		greetings	2
ثُلَّةٌ	Noun		a company	2
وَالْجَارِ	Noun		and the neighbor	2
جَامِعُ	Noun		will gather	2
وَجِبْرِيلَ	Proper noun		And jibreel	2
جِذْعِ	Noun		trunk	2
جُنُبًا	Noun		impure	2
جَيْبِكَ	Noun		your bosom	2
حَدَائِقَ	Noun		gardens	2
حِذْرَكُمْ	Noun		your precautions	2
الْحَرِّ	Noun		the heat	2
حَرِيرٌ	Noun		silk	2
حُسْبَانًا	Noun		reckoning	2
وَحِفْظًا	Noun		and (to) guard	2
حَكَمًا	Noun		judge	2
حِمْلُ	Noun		a load	2
خَائِفًا	Noun		fearing	2
الْخَائِنِينَ	Noun		the traitors	2
بِخَارِجِينَ	Noun		will come out	2
خَالَاتِكُمْ	Noun		your maternal aunts	2
الْخُسْرَانُ	Noun		the loss	2
خَصْمَانِ	Noun		opponents	2
الْخِطَابِ	Noun		speech	2
خَمْسَةٌ	Noun		five	2
دَائِرَةُ	Noun		a turn	2
ذَرْعًا	Noun		uneasy	2
رَاغِبُونَ	Noun		do you hate	2
وَالرُّمَّانَ	Noun		and the pomegranates	2
رَوْحِ	Noun		mercy of allah	2
رِئَاءَ	Noun		be seen	2
زَبَدًا	Noun		a foam	2
زَبُورًا	Proper noun		Zaboor	2
زَفِيرٌ	Noun		sighing	2
سَافِلَهَا	Noun		low	2
السَّامِرِيُّ	Proper noun		The samiri	2
السُّحْتَ	Noun		the forbidden	2
سَكَنًا	Noun		rest	2
السَّمُومِ	Noun		scorching	2
السَّيِّئِ	Adjective		the evil	2
شُحَّ	Noun		greed	2
شَهَادَاتٍ	Noun		testimonies	2
شَيْخًا	Adjective		old	2
صَافَّاتٍ	Noun		spreading	2
صَرْصَرًا	Adjective		furious	2
صُوَرَكُمْ	Noun		your forms	2
الضَّالِّينَ	Noun Noun		those who are astray	3
ضَرْبًا	Noun		striking	2
أَضْغَاثُ	Noun		a bunch	2
الطَّوْلِ	Noun		wealth	2
عَاصِمَ	Noun		protector	2
عَقِيمٍ	Adjective		barren	2
عَلِيًّا	Noun Noun		the most high	2
عَمَّاتِكُمْ	Noun		your paternal aunts	2
الْعِيرُ	Noun		the caravan	2
عِينٍ	Noun		large eyes	2
غَائِبِينَ	Noun		absent	2
غَمْرَةٍ	Noun		flood	2
الْغَيْثَ	Noun		the rain	2
غَيْرُ	Noun Noun		without	7
فَاكِهِينَ	Noun		enjoying	2
لِفَتَاهُ	Noun		to his boy	2
الْفُجَّارَ	Noun		the wicked	2
فِدْيَةٌ	Noun		a ransom	2
فِسْقٌ	Noun		grave disobedience	2
وَفِصَالُهُ	Noun		weaning	2
فَوَاكِهُ	Noun		fruits	2
الْقَاهِرُ	Noun		the subjugator	2
قُبُلًا	Noun		before	2
الْقَدِيمِ	Adjective		old	2
بِقُرْبَانٍ	Noun		a sacrifice	2
قَرْحٌ	Noun		wound	2
قُرَّةَ	Noun		comfort	2
قِسْمَةٌ	Noun		a division	2
قَوَارِيرَ	Noun		glass	2
الْقَوَاعِدَ	Noun		the foundations	2
قَوَّامِينَ	Noun		steadfast	2
الْقَيُّومُ	Adjective		the sustainer of all that exists	2
كَاشِفَ	Noun		remover	2
كُرْهًا	Noun		hardship	2
لَاعِبِينَ	Noun		play	2
اللَّطِيفُ	Noun		the subtle	2
لَهَبٍ	Noun		lahab	2
مُتَرَبِّصُونَ	Noun		waiting	2
مَحِلَّهُ	Noun		its place	2
مُخْرِجٌ	Noun		bring forth	2
مَذْمُومًا	Noun		disgraced	2
مُرْسَاهَا	Noun		its arrival	2
مِزَاجُهَا	Noun		its mixture	2
مُسْتَقِرٌّ	Noun		placed	2
مَشْرَبَهُمْ	Noun		their drinking place	2
وَالْمُشْرِكَاتِ	Noun		and the polytheist women	2
الْمُصَلِّينَ	Noun		those who pray	2
الْمَضَاجِعِ	Noun		beds	2
مُضْغَةٍ	Noun		an embryonic lump	2
مَعْذِرَتُهُمْ	Noun		their excuse	2
مَعِينٍ	Noun		a flowing stream	2
مَغْرَمٍ	Noun		debt	2
مَفَاتِحَهُ	Noun		keys	2
وَمُقَامًا	Noun		stand	2
مِقْدَارُهُ	Noun		its measure	2
مَكْنُونٌ	Noun		well-guarded	2
مَلْجَأَ	Noun		refuge	2
مُلْقُونَ	Noun		throw	2
الْمُنْتَهَىٰ	Noun		its finality	2
مُنْقَلِبُونَ	Noun		return	2
الْمُهْتَدِ	Noun		the guided one	2
مَوْتَتَنَا	Noun		our death	2
وَالْمُؤْتَفِكَةَ	Noun		and the overturned cities	2
مَوْثِقًا	Noun		a promise	2
مَوْلُودٌ	Noun		a son	2
نَسَبًا	Noun		a relationship	2
نَفَرًا	Noun		men	2
نَكَالًا	Noun		an exemplary	2
الْهُونِ	Noun		humiliating	2
هَيِّنٌ	Noun		easy	2
وِعَاءِ	Noun		bag	2
الْوَقْتِ	Noun		the time	2
لَآكِلُونَ	Noun		surely eat	2
وَالْأَبْرَصَ	Noun		and the leper	2
وَالْإِبْكَارِ	Noun		and the morning	2
الْإِبِلِ	Noun		the camels	2
أَثَاثًا	Noun		furnishing	2
أَحَبُّ	Adjective		dearer	2
أَخْدَانٍ	Noun		secret lovers	2
اسْتِكْبَارًا	Noun		pride	2
أَسْرَعُ	Noun		swiftest	2
أَسِفًا	Noun		sorrowful	2
أَسْفَلَ	Location adverb		lower	2
أَسْوَأَ	Noun		worst	2
أَشْتَاتًا	Noun		separately	2
أَصَابِعَهُمْ	Noun		their fingers	2
أَصْدَقُ	Noun		truer	2
أَصْغَرَ	Noun		smaller	2
الْأَصْفَادِ	Noun		chains	2
أَعْجَازُ	Noun		trunks	2
الْأَعْرَافِ	Noun		the heights	2
الْأَعْرَجِ	Noun		the lame	2
كَالْأَعْلَامِ	Noun		like mountains	2
الْأَعْلَوْنَ	Noun		superior	2
أَفَّاكٍ	Noun		liar	2
افْتِرَاءً	Noun		inventing	2
أَقْسَطُ	Noun		more just	2
أَقْصَى	Noun		farthest end	2
أَكْثَرَ	Noun Noun		most of them	28
وَالْإِكْرَامِ	Noun		and honor	2
الْأَكْمَهَ	Noun		the blind	2
إِلًّا	Noun		kinship	2
وَالْيَسَعَ	Proper noun		And elisha	2
إِمْلَاقٍ	Noun		poverty	2
أَمَنَةً	Noun		security	2
الْأُمِّيَّ	Adjective		the unlettered	2
الْأَنْفَالِ	Noun		the spoils of war	2
أَوَّلَ	Noun Noun		the former	25
أُولَاءِ	Relative pronoun		close	2
أَوْلَىٰ	Noun Noun		woe	5
بَاخِعٌ	Noun		kill	2
بَارِدٌ	Noun		cool	2
بَارِئِكُمْ	Noun		your creator	2
وَالْبَاقِيَاتُ	Noun		but the enduring	2
الْبَاقِينَ	Noun		the survivors	2
بِالْبُخْلِ	Noun		stinginess	2
بَدِيعُ	Noun		originator	2
بَرَاءَةٌ	Noun		an exemption	2
بَرْدًا	Noun		coolness	2
الْبَرِيَّةِ	Noun		the creatures	2
بَشِيرًا	Noun Noun		a bearer of good news	2
بَسْطَةً	Noun		abundantly	2
بَعِيرٍ	Noun		a camel	2
بَغِيًّا	Noun		unchaste	2
بَقَرَاتٍ	Noun		cows	2
بِنَاءً	Noun		a canopy	2
بَهِيجٍ	Adjective		beautiful	2
بُورًا	Adjective		ruined	2
بَيَاتًا	Noun		night	2
تَارَةً	Noun		time	2
تُبَّعٍ	Proper noun		Tubba	2
تَبَعًا	Noun		followers	2
تَتْبِيرًا	Noun		destruction	2
تَدْمِيرًا	Noun		destruction	2
تَرَاضٍ	Noun		mutual consent	2
تَرْتِيلًا	Noun		recitation	2
تِسْعَةُ	Noun		nine	2
تَصْدِيقَ	Noun		a confirmation	2
وَتَصْرِيفِ	Noun		and directing	2
تَفْجِيرًا	Noun		abundantly	2
تَفْضِيلًا	Noun		preference	2
تِلْكُمَا	Demonstrative pronoun		this	2
التَّنُّورُ	Noun		the oven	2
ثَانِيَ	Noun		twisting	2
ثُعْبَانٌ	Noun		a serpent	2
وَثُلَاثَ	Noun		or three	2
الْجُبِّ	Noun		the well	2
جِثِيًّا	Noun		bent (on) knees	2
جَدَلًا	Noun		argument	2
جُرُزًا	Adjective		barren	2
الْجَلَالِ	Noun		majesty	2
جُنَّةً	Noun		a cover	2
بِجَهَازِهِمْ	Noun		with their supplies	2
الْجَوَارِ	Adjective		the ships	2
حَاشَ	Noun		forbid	2
حَامِيَةً	Adjective		intensely hot	2
الْحَجَرَ	Noun		the stone	2
حَذَرَ	Noun		fear	2
حَطَبًا	Noun		firewood	2
الْحُطَمَةِ	Noun		the crusher	2
حِطَّةٌ	Noun		repentance	2
الْحَمِيَّةَ	Noun		disdain	2
الْحَنَاجِرَ	Noun		the throats	2
وَحَيْثُ	Conditional particle		and wherever	2
خَاسِئِينَ	Adjective		despised	2
أَخْوَالِكُمْ	Noun		your maternal uncles	2
وَالْخَامِسَةُ	Noun		and the fifth	2
خَبَالًا	Noun		ruin	2
خُبْرًا	Noun		information	2
بِخَبَرٍ	Noun		some information	2
خَرْجًا	Noun		a payment	2
خَرْدَلٍ	Noun		a mustard	2
خُسْرًا	Noun		loss	2
خَطَأً	Noun		mistake	2
وَخُفْيَةً	Noun		and secretly	2
الْخَلَّاقُ	Noun		the creator	2
خَمْسِينَ	Noun		fifty	2
خُوَارٌ	Noun		a lowing sound	2
الْخَوَالِفِ	Noun		those who stay behind	2
الْخِيَرَةُ	Noun		choice	2
الْخَيْطُ	Noun		the thread	2
دُخَانٌ	Noun		smoke	2
دَخَلًا	Noun		a deception	2
دَفْعُ	Noun		repelling	2
الدَّمْعِ	Noun		the tears	2
ذِمَّةً	Noun		covenant of protection	2
ذَاتَ	Noun Noun		owner	4
رَابِعُهُمْ	Noun		fourth of them	2
رَاضِيَةٍ	Adjective		pleasant	2
رَاعُونَ	Noun		observers	2
وَرُبَاعَ	Noun		or four	2
الرُّبُعُ	Noun		the fourth	2
رَجِيمٌ	Noun		accursed	2
الرَّسِّ	Noun		ar-raas	2
الرَّشَادِ	Noun		the right	2
رَغَدًا	Adjective		freely	2
وَرُفَاتًا	Noun		and crumbled particles	2
رَهَقًا	Noun		burden	2
زَجْرَةٌ	Noun		a cry	2
بِزَعْمِهِمْ	Noun		by their claim	2
زَعِيمٌ	Noun		responsible	2
زُمَرًا	Noun		groups	2
سَادِسُهُمْ	Noun		sixth of them	2
سَاهُونَ	Noun		neglectful	2
سُبَاتًا	Noun		rest	2
سَبْحًا	Noun		swimming	2
السُّجُودِ	Noun Noun		prostrate	4
سِجِّينٍ	Noun		sijjin	2
سِخْرِيًّا	Noun		mockery	2
سِدْرٍ	Noun		lote trees	2
سَدِيدًا	Adjective		right	2
سَرَاحًا	Noun		a release	2
سِرَاعًا	Noun		rapidly	2
سَرْمَدًا	Noun		continuous	2
سَرِيعُ	Noun Noun		swift	7
وَسُعُرٍ	Noun		and madness	2
سَفَاهَةٍ	Noun		foolishness	2
سَقِيمٌ	Noun		ill	2
سُلَالَةٍ	Noun		an extract	2
سَلِيمٍ	Noun		sound	2
سَمِيًّا	Noun		name	2
سُنْبُلَاتٍ	Noun		ears	2
سَوِيًّا	Adjective Adjective		even	3
سَوْءَةَ	Noun		dead body	2
أَشِحَّةً	Adjective		miserly	2
شَطَطًا	Noun		an enormity	2
شَفَا	Noun		edge	2
شَقِيًّا	Adjective		unblessed	2
شُكُورًا	Noun		thanks	2
شَنَآنُ	Noun		hatred	2
شَهْوَةً	Noun		lust	2
صَبِيًّا	Noun		a child	2
صُنْعًا	Noun		work	2
صِنْوَانٌ	Noun		trees (growing) from a single root	2
يَا صَاحِبَيِ	Noun		o my two companions	2
ضُحًى	Time adverb		forenoon	2
ضِرَارًا	Noun		harm	2
ضَيْقٍ	Noun		distress	2
بِطَارِدِ	Noun		going to drive away	2
طَاغِينَ	Adjective		transgressing	2
طَاقَةَ	Noun		strength	2
طَالُوتَ	Proper noun		Talut	2
طِبَاقًا	Adjective		layers	2
طَبَقًا	Noun		stage	2
طَرِيًّا	Adjective		fresh	2
طُلُوعِ	Noun		rising	2
طَهُورًا	Adjective		pure	2
الطُّوفَانَ	Noun		the flood	2
طُوًى	Noun		tuwa	2
طَوِيلًا	Adjective		long	2
ظَالِمِي	Noun		wronging	2
ظَاهِرَةً	Noun		visible	2
ظَهِيرًا	Noun Noun		supporter	2
عَارِضًا	Noun		a cloud	2
عَالِيَةٍ	Adjective		elevated	2
عِتِيًّا	Noun		extreme	2
الْعَتِيقِ	Adjective		ancient	2
عِجَافٌ	Adjective		lean ones	2
عَجِيبٌ	Adjective		amazing	2
عَدًّا	Noun		a number	2
بِالْعُدْوَةِ	Noun		on the side	2
عَذْبٌ	Noun		fresh	2
عُذْرًا	Noun		an excuse	2
بِالْعَرَاءِ	Noun		onto the open shore	2
بِالْعُرْوَةِ	Noun		the handhold	2
عَسِيرًا	Adjective		difficult	2
عَشَرَةٌ	Noun		ten	2
وَعَشِيًّا	Noun Noun		in the evening	2
وَعِصِيُّهُمْ	Noun		and their staffs	2
الْعَفْوَ	Noun		forgiveness	2
الْعَقَبَةَ	Noun		the steep path	2
عَلَّامُ	Noun		knower	2
عَلَّامُ	Noun Noun		knower	2
الْعُلَى	Adjective		high	2
أَعْمَامِكُمْ	Noun		your paternal uncles	2
الْعَمَىٰ	Noun		blindness	2
الْعَنْكَبُوتِ	Noun		the spider	2
كَالْعِهْنِ	Noun		like wool	2
عِيشَةٍ	Noun		a life	2
الْغَائِطِ	Noun		the toilet	2
غُثَاءً	Noun		stubble	2
بِالْغَدَاةِ	Noun		in the morning	2
وَغَسَّاقٌ	Noun		and purulence	2
غِشَاوَةٌ	Noun		a veil	2
غَضْبَانَ	Noun		angry	2
غُلْفٌ	Noun		wrapped	2
غَوْرًا	Noun		sunken	2
غَيَابَتِ	Noun		bottom	2
فَالِقُ	Noun		cleaver	2
فَتَيَاتِكُمُ	Noun		your slave girls	2
الْفِرْدَوْسِ	Proper noun		The paradise	2
فَعَّالٌ	Noun		doer	2
فَلَكٍ	Noun		an orbit	2
الْقَاسِطُونَ	Noun		unjust	2
بِالْقِسْطَاسِ	Noun		with a balance	2
قِطْرًا	Noun		molten copper	2
بِقِطْعٍ	Noun		in a part	2
قُطُوفُهَا	Noun		its cluster of fruits	2
قَوِيٌّ	Noun Noun		all-strong	4
بِكَاهِنٍ	Noun		a soothsayer	2
الْكِبْرِيَاءُ	Noun		the greatness	2
كِذَّابًا	Noun		denial	2
كُرْسِيُّهُ	Noun		his throne	2
كُسَالَىٰ	Noun		lazy	2
الْكَعْبَةِ	Proper noun		The kabah	2
كَفَّيْهِ	Noun		his hands	2
وَكَهْلًا	Noun		and (in) maturity	2
لَبَنًا	Noun		milk	2
لَدَى	Location adverb		at	2
لَذَّةٍ	Adjective		delicious	2
لِزَامًا	Noun		an obligation	2
لُقْمَانَ	Proper noun		Luqman	2
لَمَّا	Time adverb Time adverb Time adverb		and when	29
لَيْلًا	Noun Noun		the night	7
مَائِدَةً	Noun		a table spread	2
وَمَأْجُوجَ	Proper noun		And majuj	2
الْمَاكِرِينَ	Noun		the planners	2
فَمَالِئُونَ	Noun		and fill	2
مُبَارَكٌ	Adjective		blessed	2
مُبَيِّنَاتٍ	Adjective		clear	2
مُبَيِّنَةٍ	Adjective		open	2
مُتَّبَعُونَ	Noun		followed	2
مُتَتَابِعَيْنِ	Adjective		consecutively	2
مُتَعَمِّدًا	Noun		intentionally	2
مَتِينٌ	Noun		firm	2
مُثْقَلُونَ	Noun		burdened	2
مَجْمَعَ	Noun		the junction	2
مَحْجُورًا	Noun		forbidden	2
مُحْدَثٍ	Noun		new	2
مُحْصِنِينَ	Noun		being chaste	2
لَمُحْيِي	Noun		surely the giver of life	2
لَمُحِيطَةٌ	Noun		surely surround	2
مُخْتَالٍ	Adjective		self-deluded	2
مُخَلَّقَةٍ	Noun		formed	2
مَخْمَصَةٍ	Noun		hunger	2
مَدًّا	Noun		extensively	2
مُرْتَفَقًا	Noun		the resting place	2
وَالْمَرْجَانُ	Noun		and coral	2
مَرَحًا	Noun		insolence	2
مَرْحَبًا	Noun		welcome	2
مَرْقُومٌ	Adjective		written	2
مَرِيدًا	Adjective		rebellious	2
مَزِيدٍ	Noun		more	2
الْمَسِّ	Noun		touch	2
مُسَافِحِينَ	Noun		lustful	2
بِمَسْبُوقِينَ	Noun		outrun	2
الْمُسْتَعَانُ	Noun		the one sought for help	2
الْمُسَحَّرِينَ	Noun		those bewitched	2
مَسْرُورًا	Noun		happy	2
مُسْوَدًّا	Noun		dark	2
مُسَوَّمَةً	Noun		marked	2
مُشْتَرِكُونَ	Noun		sharing	2
مُشْرِقِينَ	Noun		sunrise	2
مَشْكُورًا	Noun		appreciated	2
مَعَاذَ	Noun		allah forbid	2
مَعَايِشَ	Noun		livelihood	2
مُعْتَدٍ	Noun		transgressor	2
وَمَعْصِيَتِ	Noun		and disobedience	2
مَعْلُومٌ	Noun Noun		known	5
مَغْلُولَةٌ	Noun		chained	2
مُغْنُونَ	Noun		avert	2
مُفْتَرًى	Noun		invented	2
مَفْرُوضًا	Adjective		appointed	2
مَقَالِيدُ	Noun		keys	2
مُقْتَصِدٌ	Noun		moderate	2
الْمُقَدَّسِ	Adjective		the sacred	2
مُقَرَّنِينَ	Noun		bound together	2
مَقْضِيًّا	Adjective		decreed	2
مُقِيمٌ	Noun Noun		enduring	4
مَكَانًا	Noun Noun		a place	14
الْمِكْيَالَ	Noun		measure	2
مُلْتَحَدًا	Noun		a refuge	2
مِلْحٌ	Noun		salty	2
الْمَلِكُ	Noun Noun		the king	7
مُلِيمٌ	Noun		blameworthy	2
مُمَزَّقٍ	Noun		dispersion	2
مَنَازِلَ	Noun		phases	2
مَنَّاعٍ	Adjective		forbidder	2
مَوَاخِرَ	Noun		cleaving	2
مُؤَذِّنٌ	Noun		an announcer	2
مِيرَاثُ	Noun		heritage	2
نَائِمُونَ	Noun		asleep	2
نَافِلَةً	Noun		addition	2
نَجِيًّا	Noun		conversation	2
النَّخْلَةِ	Noun		the date-palm	2
النَّدَامَةَ	Noun		the regret	2
نَسْفًا	Noun		particles	2
نَضْرَةً	Noun		radiance	2
وَنَقْصٍ	Noun		and loss	2
نَقْضِهِمْ	Noun		their breaking	2
نَقِيرًا	Noun		speck on a date seed	2
النُّهَىٰ	Noun		intelligence	2
هَٰذَانِ	Demonstrative pronoun		these two	2
هَبَاءً	Noun		dust	2
هَنِيئًا	Adjective		satisfaction	2
هَنِيئًا	Adjective Adjective		satisfaction	2
هَيْهَاتَ	Noun		far-(fetched)	2
كَهَيْئَةِ	Noun		like the form	2
الْوَاقِعَةُ	Noun		the event	2
الْوُثْقَىٰ	Adjective		firm	2
وَجِيهًا	Noun		honored	2
الْوَدْقَ	Noun		the rain	2
وَرَقِ	Noun		leaves	2
وَزِيرًا	Noun		a minister	2
الْوَسِيلَةَ	Noun		the means	2
وَطَرًا	Noun		necessary	2
الْوَهَّابُ	Noun		the bestower	2
وَهْنًا	Noun		weakness	2
وَيْكَأَنَّ	Accusative particle		ah! that	2
يَابِسَاتٍ	Adjective		dry	2
لِلْيُسْرَىٰ	Noun		to the ease	2
يَقِينٍ	Adjective		certain	2
آمِنًا	Noun Noun		safe	4
آنَاءِ	Noun		hours	2
قُلْتُهُ	Verb		to say	2
لَتَقُولُونَ	Verb		to say	2
يُقَالُ	Verb		to say	2
تَكُونَا	Verb		to be	2
فَتَكُونَا	Verb		to be	2
كَانَا	Verb		to be	2
لَتَكُونَنَّ	Verb		to be	2
لَكُنْتُ	Verb		to be	2
لِتَكُونُوا	Verb		to be	2
لِيَكُونُوا	Verb		to be	2
نَكُونَ	Verb		to be	2
وَتَكُونُوا	Verb		to be	2
وَكَانَتِ	Verb		to be	2
وَكُنْتُ	Verb		to be	2
يَكُ	Verb		to be	2
يَكُونَا	Verb		to be	2
آمَنَتْ	Verb		to believe	2
آمَنْتُ	Verb		to believe	2
آمَنْتُمْ	Verb		to believe	2
فَآمَنَّا	Verb		to believe	2
عَلِمْتُمُ	Verb		to know	2
فَاعْلَمْ	Verb		to know	2
فَعَلِمَ	Verb		to know	2
فَلَيَعْلَمَنَّ	Verb		to know	2
وَسَيَعْلَمُ	Verb		to know	2
وَلَتَعْلَمُنَّ	Verb		to know	2
وَلَيَعْلَمَنَّ	Verb		to know	2
وَنَعْلَمَ	Verb		to know	2
وَيَعْلَمَ	Verb		to know	2
يَعْلَمَ	Verb		to know	2
يَعْلَمِ	Verb		to know	2
اجْعَلْنِي	Verb		to make	2
تَجْعَلْنِي	Verb		to make	2
جَعَلْنَاكُمْ	Verb		to make	2
جَعَلْنَاهُمْ	Verb		to make	2
سَيَجْعَلُ	Verb		to make	2
فَاجْعَلْ	Verb		to make	2
فَجَعَلَ	Verb		to make	2
فَجَعَلَهُمْ	Verb		to make	2
فَجَعَلْنَاهَا	Verb		to make	2
فَجَعَلْنَاهُمُ	Verb		to make	2
فَجَعَلْنَاهُنَّ	Verb		to make	2
لَجَعَلَكُمْ	Verb		to make	2
لَجَعَلْنَا	Verb		to make	2
لَجَعَلْنَاهُ	Verb		to make	2
وَتَجْعَلُونَ	Verb		to make	2
وَجَعَلَكُمْ	Verb		to make	2
وَجَعَلْنَاهُ	Verb		to make	2
وَنَجْعَلَهُمْ	Verb		to make	2
وَيَجْعَلُ	Verb		to make	2
وَيَجْعَلْ	Verb		to make	2
يَجْعَلُهُ	Verb		to make	2
يَجْعَلُونَ	Verb		to make	2
يَجْعَلِ	Verb		to make	2
سَيَكْفُرُونَ	Verb		to disbelieve	2
وَتَكْفُرُونَ	Verb		to disbelieve	2
وَكَفَرُوا	Verb		to disbelieve	2
وَنَكْفُرُ	Verb		to disbelieve	2
جَاءَنِي	Verb		to come	2
جَاءَهَا	Verb		to come	2
جَاءُوكُمْ	Verb		to come	2
جِئْتَهُمْ	Verb		to come	2
جِئْتُمْ	Verb		to come	2
فَجَاءُوهُمْ	Verb		to come	2
وَجِيءَ	Verb		to come	2
أَعْمَلُ	Verb		to do, to work	2
نَعْمَلْ	Verb		to do, to work	2
يَعْمَلُ	Verb		to do, to work	2
آتَانِيَ	Verb		to give	2
آتَاهُمَا	Verb		to give	2
آتَيْتَ	Verb		to give	2
آتُونِي	Verb		to give	2
أُوتِيتُهُ	Verb		to give	2
فَآتُوهُمْ	Verb		to give	2
وَآتَاكُمْ	Verb		to give	2
وَآتَانِي	Verb		to give	2
وَآتَوُا	Verb		to give	2
وَآتُوهُنَّ	Verb		to give	2
وَأُوتِينَا	Verb		to give	2
أَرَأَيْتَ	Verb		to see	2
أَرَاكُمْ	Verb		to see	2
أَرَانِي	Verb		to see	2
أَرَى	Verb		to see	2
أَفَرَأَيْتَ	Verb		to see	2
أَفَرَأَيْتُمْ	Verb		to see	2
تَرَانِي	Verb		to see	2
رَآكَ	Verb		to see	2
فَتَرَاهُ	Verb		to see	2
فَرَآهُ	Verb		to see	2
نَرَاكَ	Verb		to see	2
وَرَأَوُا	Verb		to see	2
يَرَاكُمْ	Verb		to see	2
يُرَىٰ	Verb		to see	2
آتِيكَ	Verb		to come, to bring	2
آتِيكُمْ	Verb		to come, to bring	2
أَتَىٰ	Verb		to come, to bring	2
أَتَيَا	Verb		to come, to bring	2
أَتَيْتَ	Verb		to come, to bring	2
أَتَيْنَاهُمْ	Verb		to come, to bring	2
تَأْتِيَهُمْ	Verb		to come, to bring	2
فَأَتَاهُمُ	Verb		to come, to bring	2
فَلْيَأْتُوا	Verb		to come, to bring	2
نَأْتِي	Verb		to come, to bring	2
وَأْتُونِي	Verb		to come, to bring	2
يَأْتُوكَ	Verb		to come, to bring	2
يَأْتُوكُمْ	Verb		to come, to bring	2
يَأْتِينَكَ	Verb		to come, to bring	2
شِئْتَ	Verb		to will, to wish	2
شِئْتُمَا	Verb		to will, to wish	2
خَلَقَهُمْ	Verb		to create	2
خَلَقْتَ	Verb		to create	2
خَلَقْتَنِي	Verb		to create	2
فَخَلَقْنَا	Verb		to create	2
وَخَلَقْتَهُ	Verb		to create	2
يُخْلَقُونَ	Verb		to create	2
أَنْزَلْتَ	Verb		to send down, to reveal	2
فَأَنْزَلْنَا	Verb		to send down, to reveal	2
لَأَنْزَلَ	Verb		to send down, to reveal	2
تُكَذِّبُوا	Verb		to deny, to reject	2
فَكَذَّبَ	Verb		to deny, to reject	2
فَكَذَّبُوهُمَا	Verb		to deny, to reject	2
كَذَّبْتُمْ	Verb		to deny, to reject	2
كُذِّبَ	Verb		to deny, to reject	2
يُكَذِّبُونِ	Verb		to deny, to reject	2
أَدْعُوكُمْ	Verb		to call, to invite, to pray	2
ادْعُوا	Verb		to call, to invite, to pray	2
تَدْعُونَا	Verb		to call, to invite, to pray	2
تَدْعُونَنِي	Verb		to call, to invite, to pray	2
دَعَاكُمْ	Verb		to call, to invite, to pray	2
دَعَانَا	Verb		to call, to invite, to pray	2
دَعَوْتُهُمْ	Verb		to call, to invite, to pray	2
فَادْعُ	Verb		to call, to invite, to pray	2
فَادْعُوا	Verb		to call, to invite, to pray	2
فَادْعُوهُ	Verb		to call, to invite, to pray	2
فَدَعَا	Verb		to call, to invite, to pray	2
فَدَعَوْهُمْ	Verb		to call, to invite, to pray	2
نَدْعُو	Verb		to call, to invite, to pray	2
وَادْعُ	Verb		to call, to invite, to pray	2
وَادْعُوهُ	Verb		to call, to invite, to pray	2
يَدْعُ	Verb		to call, to invite, to pray	2
يَدْعُوكَ	Verb		to call, to invite, to pray	2
وَاتَّقَىٰ	Verb		to be righteous, to fear (Allah)	2
وَلْيَتَّقِ	Verb		to be righteous, to fear (Allah)	2
أَهْدِكَ	Verb		to guide	2
اهْدِنَا	Verb		to guide	2
سَيَهْدِينِ	Verb		to guide	2
فَهَدَى	Verb		to guide	2
فَهَدَىٰ	Verb		to guide	2
لَهَدَاكُمْ	Verb		to guide	2
هَدَانِي	Verb		to guide	2
هَدَىٰ	Verb		to guide	2
هُدِيَ	Verb		to guide	2
وَهُدُوا	Verb		to guide	2
وَيَهْدِيهِمْ	Verb		to guide	2
وَيَهْدِيَكُمْ	Verb		to guide	2
أَتُرِيدُونَ	Verb		to intend, to desire, to want, to wish	2
أَرَدْتُ	Verb		to intend, to desire, to want, to wish	2
فَأَرَادَ	Verb		to intend, to desire, to want, to wish	2
وَأَرَادُوا	Verb		to intend, to desire, to want, to wish	2
اتَّبَعَ	Verb		to follow	2
اتَّبَعَنِ	Verb		to follow	2
اتَّبَعْتَنِي	Verb		to follow	2
فَاتَّبِعْنِي	Verb		to follow	2
فَنَتَّبِعَ	Verb		to follow	2
أَرْسَلْتَ	Verb		to send	2
وَأَرْسِلْ	Verb		to send	2
أَخَذَتْهُ	Verb		to take, to seize	2
أَخَذْتُهُمْ	Verb		to take, to seize	2
أَخَذْنَاهُمْ	Verb		to take, to seize	2
تَأْخُذُوا	Verb		to take, to seize	2
خُذُوهُ	Verb		to take, to seize	2
فَخُذُوهُ	Verb		to take, to seize	2
فَخُذُوهُمْ	Verb		to take, to seize	2
وَأَخَذْتُمْ	Verb		to take, to seize	2
وَلْيَأْخُذُوا	Verb		to take, to seize	2
يَأْخُذَهُمْ	Verb		to take, to seize	2
يُؤْخَذُ	Verb		to take, to seize	2
اتَّخَذُوهَا	Verb		to take	2
اتَّخَذْتُ	Verb		to take	2
اتَّخَذْتُمُ	Verb		to take	2
فَاتَّخَذَ	Verb		to take	2
فَاتَّخِذُوهُ	Verb		to take	2
نَتَّخِذَ	Verb		to take	2
نَتَّخِذَهُ	Verb		to take	2
يَتَّخِذَ	Verb		to take	2
يَتَّخِذُونَكَ	Verb		to take	2
أَتَعْبُدُونَ	Verb		to worship	2
فَاعْبُدِ	Verb		to worship	2
لِيَعْبُدُوا	Verb		to worship	2
ظَلَمَ	Verb		to oppress, to wrong	2
ظَلَمَهُمُ	Verb		to oppress, to wrong	2
ظَلَمُونَا	Verb		to oppress, to wrong	2
فَظَلَمُوا	Verb		to oppress, to wrong	2
وَظَلَمُوا	Verb		to oppress, to wrong	2
تَسْأَلُوا	Verb		to ask	2
تَسْأَلْنِ	Verb		to ask	2
تُسْأَلُونَ	Verb		to ask	2
سَأَلَهُمْ	Verb		to ask	2
سَلْ	Verb		to ask	2
لَتُسْأَلُنَّ	Verb		to ask	2
يَسْأَلُ	Verb		to ask	2
يُسْأَلُ	Verb		to ask	2
يُسْأَلُونَ	Verb		to ask	2
تَجِدَ	Verb		to find	2
تَجِدُوهُ	Verb		to find	2
فَوَجَدَا	Verb		to find	2
لَوَجَدُوا	Verb		to find	2
وَجَدَهَا	Verb		to find	2
وَجَدُوا	Verb		to find	2
وَجَدْتُمُوهُمْ	Verb		to find	2
وَجَدْتُمْ	Verb		to find	2
وَوَجَدَكَ	Verb		to find	2
يَجِدِ	Verb		to find	2
أَخْرِجُوا	Verb		to bring forth, to drive out	2
لِيُخْرِجَكُمْ	Verb		to bring forth, to drive out	2
نُخْرِجُكُمْ	Verb		to bring forth, to drive out	2
وَتُخْرِجُ	Verb		to bring forth, to drive out	2
أَكَلَ	Verb		to eat, to consume	2
لِتَأْكُلُوا	Verb		to eat, to consume	2
يَأْكُلُ	Verb		to eat, to consume	2
يَأْكُلُهُنَّ	Verb		to eat, to consume	2
لَيْسُوا	Verb		to not be	2
وَلَيْسَتِ	Verb		to not be	2
فَعَلْتُهُ	Verb		to do	2
نَفْعَلُ	Verb		to do	2
وَيَفْعَلُونَ	Verb		to do	2
يَفْعَلْ	Verb		to do	2
يُفْعَلُ	Verb		to do	2
سَنَنْظُرُ	Verb		to look, to see	2
فَلْيَنْظُرِ	Verb		to look, to see	2
فَلْيَنْظُرْ	Verb		to look, to see	2
ذَكَرَهُ	Verb		to remember, to mention	2
ذَكَرُوا	Verb		to remember, to mention	2
وَذَكَرَ	Verb		to remember, to mention	2
وَأَخَافُ	Verb		to fear, to be afraid	2
تَقْتُلُوهُ	Verb		to kill	2
فَقَتَلَهُ	Verb		to kill	2
قَتَلُوهُ	Verb		to kill	2
لِأَقْتُلَكَ	Verb		to kill	2
يَقْتُلُونَنِي	Verb		to kill	2
يَقْتُلُونِ	Verb		to kill	2
يَقْتُلْ	Verb		to kill	2
ارْجِعُوا	Verb		to return	2
رَجَعْتُمْ	Verb		to return	2
يَرْجِعُ	Verb		to return	2
سَمِعُوا	Verb		to hear, to listen	2
سَمِعْتُمُوهُ	Verb		to hear, to listen	2
سَمِعْتُمْ	Verb		to hear, to listen	2
وَاسْمَعْ	Verb		to hear, to listen	2
يَسْمَعْهَا	Verb		to hear, to listen	2
تَأْمُرُونَ	Verb		to order, to command	2
وَلَآمُرَنَّهُمْ	Verb		to order, to command	2
يَأْمُرُهُمْ	Verb		to order, to command	2
يُؤْمَرُونَ	Verb		to order, to command	2
دَخَلْتُمْ	Verb		to enter	2
يَدْخُلُونَ	Verb		to enter	2
يَدْخُلُوهَا	Verb		to enter	2
تَجْزِي	Verb		to reward, to recompense	2
جَزَيْنَاهُمْ	Verb		to reward, to recompense	2
سَنَجْزِي	Verb		to reward, to recompense	2
سَيَجْزِيهِمْ	Verb		to reward, to recompense	2
سَيُجْزَوْنَ	Verb		to reward, to recompense	2
لِيَجْزِيَهُمُ	Verb		to reward, to recompense	2
يُجْزَىٰ	Verb		to reward, to recompense	2
أَطَعْنَا	Verb		to obey	2
تُطِعْهُمَا	Verb		to obey	2
فَأَوْحَيْنَا	Verb		to reveal, to inspire	2
نُوحِيهِ	Verb		to reveal, to inspire	2
وَأَوْحَىٰ	Verb		to reveal, to inspire	2
وَأُوحِيَ	Verb		to reveal, to inspire	2
أُشْرِكُ	Verb		to associate partners	2
يُشْرَكَ	Verb		to associate partners	2
أَلْقَوْا	Verb		to cast, to throw, to meet, to offer	2
أُلْقُوا	Verb		to cast, to throw, to meet, to offer	2
أُلْقِيَ	Verb		to cast, to throw, to meet, to offer	2
سَنُلْقِي	Verb		to cast, to throw, to meet, to offer	2
فَأَلْقَوْا	Verb		to cast, to throw, to meet, to offer	2
فَأَلْقُوهُ	Verb		to cast, to throw, to meet, to offer	2
فَأُلْقِيَ	Verb		to cast, to throw, to meet, to offer	2
وَأَلْقَىٰ	Verb		to cast, to throw, to meet, to offer	2
وَأَلْقِ	Verb		to cast, to throw, to meet, to offer	2
يُلْقُونَ	Verb		to cast, to throw, to meet, to offer	2
يُلْقِي	Verb		to cast, to throw, to meet, to offer	2
وَعَدَهَا	Verb		to promise	2
وُعِدَ	Verb		to promise	2
وُعِدْنَا	Verb		to promise	2
يَعِدُهُمُ	Verb		to promise	2
نَغْفِرْ	Verb		to forgive	2
تُحِبُّونَ	Verb		to love, to like	2
أَصَابَهُ	Verb		to strike, to befall, to bestow	2
تُصِبْهُمْ	Verb		to strike, to befall, to bestow	2
سَيُصِيبُ	Verb		to strike, to befall, to bestow	2
فَأَصَابَهُمْ	Verb		to strike, to befall, to bestow	2
فَيُصِيبُ	Verb		to strike, to befall, to bestow	2
يُصِيبَهُمْ	Verb		to strike, to befall, to bestow	2
لِيُضِلُّوا	Verb		to let go astray, to mislead	2
وَأَضَلَّ	Verb		to let go astray, to mislead	2
يُضِلُّوكَ	Verb		to let go astray, to mislead	2
يُضِلُّونَ	Verb		to let go astray, to mislead	2
يُضْلِلْهُ	Verb		to let go astray, to mislead	2
تُبْتُ	Verb		to repent, to turn	2
تُبْتُمْ	Verb		to repent, to turn	2
وَتُبْ	Verb		to repent, to turn	2
وَيَتُوبَ	Verb		to repent, to turn	2
يَتُوبُونَ	Verb		to repent, to turn	2
تُنَزِّلَ	Verb		to send down, to reveal	2
نَزَّلَهُ	Verb		to send down, to reveal	2
يُنَزَّلَ	Verb		to send down, to reveal	2
أَتْلُ	Verb		to recite	2
تَتْلُو	Verb		to recite	2
نَتْلُوهُ	Verb		to recite	2
يَتْلُو	Verb		to recite	2
يُتْلَىٰ	Verb		to recite	2
رَزَقَهُمُ	Verb		to provide	2
رَزَقَهُمْ	Verb		to provide	2
يُرْزَقُونَ	Verb		to provide	2
قَضَيْنَا	Verb		to decree, to decide, to judge	2
لِيَقْضِيَ	Verb		to decree, to decide, to judge	2
وَقَضَيْنَا	Verb		to decree, to decide, to judge	2
يُقْضَىٰ	Verb		to decree, to decide, to judge	2
تُنْصَرُونَ	Verb		to help	2
نَصَرَكُمُ	Verb		to help	2
وَانْصُرْنَا	Verb		to help	2
وَنَصَرُوا	Verb		to help	2
يَنْصُرُكُمْ	Verb		to help	2
يَنْصُرُونَ	Verb		to help	2
يَنْصُرُونَهُمْ	Verb		to help	2
صَبَرْنَا	Verb		to be patient	2
فَاصْبِرُوا	Verb		to be patient	2
لِتَجْرِيَ	Verb		to flow, to run	2
تَمَسَّنَا	Verb		to touch	2
لَمَسَّكُمْ	Verb		to touch	2
مَسَّتْهُمُ	Verb		to touch	2
مَسَّنَا	Verb		to touch	2
مَسَّهُمْ	Verb		to touch	2
يَمْسَسْكَ	Verb		to touch	2
ضُرِبَ	Verb		to strike, to set forth	2
نَضْرِبُهَا	Verb		to strike, to set forth	2
وَضَرَبَ	Verb		to strike, to set forth	2
وَضُرِبَتْ	Verb		to strike, to set forth	2
تُقَاتِلُ	Verb		to fight	2
تُقَاتِلُوهُمْ	Verb		to fight	2
قَاتَلَهُمُ	Verb		to fight	2
وَقَاتِلُوهُمْ	Verb		to fight	2
أَقَامُوا	Verb		to establish	2
فَأَقِمْ	Verb		to establish	2
وَأَقَامَ	Verb		to establish	2
خَرَجْتَ	Verb		to go out, to come out, to depart, to leave	2
يَخْرُجُوا	Verb		to go out, to come out, to depart, to leave	2
تَضِلَّ	Verb		to go astray, to err, to lose	2
تَضِلُّوا	Verb		to go astray, to err, to lose	2
ضَلَلْتُ	Verb		to go astray, to err, to lose	2
فَضَلُّوا	Verb		to go astray, to err, to lose	2
بَعَثْنَاهُمْ	Verb		to raise, to resurrect, to send	2
فَابْعَثُوا	Verb		to raise, to resurrect, to send	2
فَبَعَثَ	Verb		to raise, to resurrect, to send	2
نَبْعَثُ	Verb		to raise, to resurrect, to send	2
وَابْعَثْ	Verb		to raise, to resurrect, to send	2
يَبْعَثُ	Verb		to raise, to resurrect, to send	2
أَحْيَاهَا	Verb		to give life	2
لِيَذَّكَّرُوا	Verb		to receive admonition	2
أَهْلَكَ	Verb		to destroy	2
فَأُهْلِكُوا	Verb		to destroy	2
نُهْلِكَ	Verb		to destroy	2
يُهْلَكُ	Verb		to destroy	2
يُهْلِكُونَ	Verb		to destroy	2
افْتَرَيْتُهُ	Verb		to invent	2
زِدْنَاهُمْ	Verb		to increase	2
فَزَادَتْهُمْ	Verb		to increase	2
نَزِدْ	Verb		to increase	2
وَلَيَزِيدَنَّ	Verb		to increase	2
وَيَزِيدَهُمْ	Verb		to increase	2
يَزِيدُهُمْ	Verb		to increase	2
تَكْتُبُوهُ	Verb		to write, to prescribe, to ordain	2
سَنَكْتُبُ	Verb		to write, to prescribe, to ordain	2
فَاكْتُبْنَا	Verb		to write, to prescribe, to ordain	2
وَكَتَبْنَا	Verb		to write, to prescribe, to ordain	2
لَأَظُنُّهُ	Verb		to think, to assume, to guess	2
لَنَظُنُّكَ	Verb		to think, to assume, to guess	2
نَظُنُّكُمْ	Verb		to think, to assume, to guess	2
أَشْكُرَ	Verb		to be grateful, to give thanks	2
يَشْكُرُ	Verb		to be grateful, to give thanks	2
فَأُنَبِّئُكُمْ	Verb		to inform	2
فَيُنَبِّئُهُمْ	Verb		to inform	2
يُنَبِّئُكُمْ	Verb		to inform	2
يُنَبِّئُهُمْ	Verb		to inform	2
تَذَرُ	Verb		to leave, to forsake	2
ذَرْهُمْ	Verb		to leave, to forsake	2
فَذَرُوهَا	Verb		to leave, to forsake	2
وَتَذَرُونَ	Verb		to leave, to forsake	2
وَذَرُوا	Verb		to leave, to forsake	2
وَيَذَرُونَ	Verb		to leave, to forsake	2
شَهِدُوا	Verb		to testify, to bear witness	2
وَاشْهَدْ	Verb		to testify, to bear witness	2
وَشَهِدَ	Verb		to testify, to bear witness	2
فَنَادَوْا	Verb		to call	2
وَنَادَوْا	Verb		to call	2
وَنَادَيْنَاهُ	Verb		to call	2
يُنَادَوْنَ	Verb		to call	2
أَأَنْذَرْتَهُمْ	Verb		to warn	2
أُنْذِرُوا	Verb		to warn	2
تُنْذِرُ	Verb		to warn	2
تُنْذِرْهُمْ	Verb		to warn	2
لِيُنْذِرَكُمْ	Verb		to warn	2
وَأَنْذِرْهُمْ	Verb		to warn	2
وَيُنْذِرُونَكُمْ	Verb		to warn	2
سَنُدْخِلُهُمْ	Verb		to admit	2
لِيُدْخِلَ	Verb		to admit	2
وَأَدْخِلْهُمْ	Verb		to admit	2
وَأُدْخِلَ	Verb		to admit	2
وَيُدْخِلْكُمْ	Verb		to admit	2
فَسَبِّحْهُ	Verb		to glorify, to praise	2
اسْتَطَاعَ	Verb		to be able to, to be capable	2
اسْطَاعُوا	Verb		to be able to, to be capable	2
تَسْتَطِعْ	Verb		to be able to, to be capable	2
تَحْمِلُهُ	Verb		to carry, to bear	2
تَحْمِلْ	Verb		to carry, to bear	2
تُحْمَلُونَ	Verb		to carry, to bear	2
حَمَلَتْهُ	Verb		to carry, to bear	2
أُعَذِّبُهُ	Verb		to punish	2
تُعَذِّبْهُمْ	Verb		to punish	2
فَيُعَذِّبُهُ	Verb		to punish	2
لِيُعَذِّبَهُمْ	Verb		to punish	2
وَيُعَذِّبَ	Verb		to punish	2
يُعَذِّبَهُمُ	Verb		to punish	2
يُعَذِّبْهُمُ	Verb		to punish	2
عَلَّمْنَاهُ	Verb		to teach	2
وَعَلَّمْنَاهُ	Verb		to teach	2
بَلَغُوا	Verb		to reach	2
فَبَلَغْنَ	Verb		to reach	2
لِتَبْلُغُوا	Verb		to reach	2
وَلِتَبْلُغُوا	Verb		to reach	2
تَرَكْتُ	Verb		to leave	2
تَرَكْتُمْ	Verb		to leave	2
تَخْشَوْهُمْ	Verb		to fear	2
وَيَخْشَ	Verb		to fear	2
وَيَخْشَوْنَ	Verb		to fear	2
أَرِنَا	Verb		to show	2
سَأُرِيكُمْ	Verb		to show	2
وَيُرِيكُمْ	Verb		to show	2
أَسْتَغْفِرُ	Verb		to ask forgiveness	2
تَسْتَغْفِرْ	Verb		to ask forgiveness	2
وَاسْتَغْفِرُوهُ	Verb		to ask forgiveness	2
وَاسْتَغْفِرِ	Verb		to ask forgiveness	2
تَهْتَدُوا	Verb		to be guided	2
يَهْتَدُوا	Verb		to be guided	2
يَهْتَدِي	Verb		to be guided	2
فَتَوَكَّلْ	Verb		to put trust	2
يَتَوَكَّلْ	Verb		to put trust	2
وَحُرِّمَ	Verb		to forbid, to make unlawful	2
تَمُوتَ	Verb		to die	2
مَاتَ	Verb		to die	2
مِتُّ	Verb		to die	2
نُبَشِّرُكَ	Verb		to give glad tidings	2
يُبَشِّرُكَ	Verb		to give glad tidings	2
تَرْضَاهُ	Verb		to be pleased	2
تَرْضَىٰ	Verb		to be pleased	2
تَحْزَنَ	Verb		to grieve	2
حُشِرَ	Verb		to gather, to raise	2
نَحْشُرُ	Verb		to gather, to raise	2
نَحْشُرُهُمْ	Verb		to gather, to raise	2
وَنَحْشُرُهُمْ	Verb		to gather, to raise	2
فَصَدَّهُمْ	Verb		to turn away, to avert, to hinder	2
فَنَجَّيْنَاهُ	Verb		to save, to deliver	2
نَجَّانَا	Verb		to save, to deliver	2
نَجَّاهُمْ	Verb		to save, to deliver	2
نَجِّنِي	Verb		to save, to deliver	2
نُنَجِّي	Verb		to save, to deliver	2
يُنَجِّيكُمْ	Verb		to save, to deliver	2
ذَاقُوا	Verb		to taste	2
يَذُوقُونَ	Verb		to taste	2
تُرَدُّونَ	Verb		to turn back, to return	2
رُدَّتْ	Verb		to turn back, to return	2
رُدُّوهَا	Verb		to turn back, to return	2
نُرَدُّ	Verb		to turn back, to return	2
يُرَدُّونَ	Verb		to turn back, to return	2
بَيَّنَّا	Verb		to make clear	2
بَيَّنَّاهُ	Verb		to make clear	2
لِتُبَيِّنَ	Verb		to make clear	2
لِيُبَيِّنَ	Verb		to make clear	2
وَيُبَيِّنُ	Verb		to make clear	2
اخْتَلَفْتُمْ	Verb		to differ	2
فَاخْتَلَفَ	Verb		to differ	2
فَاخْتُلِفَ	Verb		to differ	2
فَاذْهَبْ	Verb		to go, to take away	2
لَذَهَبَ	Verb		to go, to take away	2
يَذْهَبُوا	Verb		to go, to take away	2
تَسْجُدَ	Verb		to prostrate	2
فَسَجَدَ	Verb		to prostrate	2
وَاسْجُدُوا	Verb		to prostrate	2
وَاسْجُدِي	Verb		to prostrate	2
يَسْجُدُ	Verb		to prostrate	2
فَاسْتَوَىٰ	Verb		to be equal, to be alike, to establish	2
يَسْتَوِيَانِ	Verb		to be equal, to be alike, to establish	2
تَنْسَوُا	Verb		to forget	2
فَنَسِيَ	Verb		to forget	2
نَسِيتُمْ	Verb		to forget	2
وَتَنْسَوْنَ	Verb		to forget	2
وَنَسِيَ	Verb		to forget	2
تَبْتَغُوا	Verb		to seek	2
وَابْتَغِ	Verb		to seek	2
قُمْتُمْ	Verb		to stand up, to rise, to establish	2
فَأَعْرَضَ	Verb		to turn away	2
فَأَعْرِضُوا	Verb		to turn away	2
نُهِيتُ	Verb		to forbid	2
يَنْهَاكُمُ	Verb		to forbid	2
يَنْفَعَنَا	Verb		to profit, to benifit	2
تَسُؤْهُمْ	Verb		to be evil	2
سِيءَ	Verb		to be evil	2
وَسَاءَ	Verb		to be evil	2
عَسَىٰ	Verb		to perhaps	2
عَسَيْتُمْ	Verb		to perhaps	2
فَلَبِثَ	Verb		to remain, to stay, to hesitate, to delay	2
لَبِثْتُ	Verb		to remain, to stay, to hesitate, to delay	2
لَبِثْنَا	Verb		to remain, to stay, to hesitate, to delay	2
يَلْبَثُوا	Verb		to remain, to stay, to hesitate, to delay	2
أَبْصَرَ	Verb		to see	2
وَأَبْصِرْ	Verb		to see	2
فَلْيَسْتَجِيبُوا	Verb		to answer, to respond	2
فَأَصْبَحْتُمْ	Verb		to become	2
وَأَصْلِحْ	Verb		to correct, to reform, to improve, to make peace	2
يُصْلِحُونَ	Verb		to correct, to reform, to improve, to make peace	2
تُغْنِ	Verb		to avail, to enrich	2
جَاهَدَاكَ	Verb		to strive	2
وَعَصَيْنَا	Verb		to disobey	2
تَعْفُوا	Verb		to forgive, to pardon	2
فَاعْفُ	Verb		to forgive, to pardon	2
أَفْلَحَ	Verb		to succeed	2
يُفْلِحُونَ	Verb		to succeed	2
قَدَّمَ	Verb		to send forth, to offer	2
قَدَّمْتُ	Verb		to send forth, to offer	2
وَزَيَّنَّاهَا	Verb		to make fair-seeming	2
بَغَتْ	Verb		to seek, to oppress	2
تَبْغُوا	Verb		to seek, to oppress	2
يُجَادِلُونَكَ	Verb		to argue, to dispute	2
خَلَتِ	Verb		to pass away	2
تَقْدِرُوا	Verb		to restrict, to control, to have power	2
قُدِرَ	Verb		to restrict, to control, to have power	2
يَقْدِرُ	Verb		to restrict, to control, to have power	2
كَادَ	Verb		to be near, to nearly do, to almost do	2
كِدْتَ	Verb		to be near, to nearly do, to almost do	2
وَتَوَفَّنَا	Verb		to pass away, to die	2
يَتَوَفَّى	Verb		to pass away, to die	2
يُتَوَفَّوْنَ	Verb		to pass away, to die	2
يُتَوَفَّىٰ	Verb		to pass away, to die	2
أُذِنَ	Verb		to permit	2
وَأَذِنَتْ	Verb		to permit	2
يُؤْذَنُ	Verb		to permit	2
بَدَّلُوا	Verb		to change	2
تُبَدَّلُ	Verb		to change	2
فَبَدَّلَ	Verb		to change	2
نُبَدِّلَ	Verb		to change	2
لِنَفْتِنَهُمْ	Verb		to persecute, to test, to try	2
لَعَنَهُ	Verb		to curse	2
وَيَلْعَنُهُمُ	Verb		to curse	2
أَنْجَيْنَا	Verb		to save	2
أَنْجَيْنَاكُمْ	Verb		to save	2
نُنْجِ	Verb		to save	2
وَأَنْجَيْنَا	Verb		to save	2
لَيَجْمَعَنَّكُمْ	Verb		to gather, to collect	2
يَجْمَعُكُمْ	Verb		to gather, to collect	2
أَذَقْنَاهُ	Verb		to cause taste	2
وَلَنُذِيقَنَّهُمْ	Verb		to cause taste	2
رَفَعَ	Verb		to raise	2
نَرْفَعُ	Verb		to raise	2
سَخَّرَهَا	Verb		to subject, to impose	2
أَسْلَمْتُ	Verb		to submit	2
مَكَرُوا	Verb		to plot, to scheme, to plan	2
وَهَبْ	Verb		to grant, to bestow	2
فَأَحْسَنَ	Verb		to do good	2
اشْتَرَاهُ	Verb		to buy, to purchase, to exchange	2
وَتَكْتُمُوا	Verb		to conceal, to hide	2
يَكْتُمُونَ	Verb		to conceal, to hide	2
يَكْتُمْنَ	Verb		to conceal, to hide	2
مَشَوْا	Verb		to walk	2
وَنُمِيتُ	Verb		to cause death	2
تَضَعُ	Verb		to deliver, to give birth	2
وَوُضِعَ	Verb		to deliver, to give birth	2
أَفَأَمِنَ	Verb		to feel secure	2
أَفَأَمِنُوا	Verb		to feel secure	2
تَأْمَنْهُ	Verb		to feel secure	2
وَلَنَبْلُوَنَّكُمْ	Verb		to test	2
وَحُقَّتْ	Verb		to justify, to prove true	2
أَحَلَّ	Verb		to make lawful	2
تَسْبِقُ	Verb		to precede	2
سَبَقَكُمْ	Verb		to precede	2
سَبَقُونَا	Verb		to precede	2
وَسَعَىٰ	Verb		to strive, to run	2
وَيَسْعَوْنَ	Verb		to strive, to run	2
تَعْرِفُ	Verb		to know, to recognize	2
عَرَفُوا	Verb		to know, to recognize	2
يَعْرِفُونَهُ	Verb		to know, to recognize	2
تَعْلُوا	Verb		to be exalted, to be high	2
أَقْسَمُوا	Verb		to swear	2
أَقْسَمْتُمْ	Verb		to swear	2
فَيُقْسِمَانِ	Verb		to swear	2
قَصَصْنَاهُمْ	Verb		to narrate	2
يَقُصُّ	Verb		to narrate	2
يَقُصُّونَ	Verb		to narrate	2
تُكَلِّمَ	Verb		to speak	2
يُكَلِّمُهُمُ	Verb		to speak	2
أَنْشَأْنَا	Verb		to produce, to raise	2
وَأَنْشَأْنَا	Verb		to produce, to raise	2
يَضُرُّوكُمْ	Verb		to harm	2
يَسْتَعْجِلُونَ	Verb		to seek to hasten	2
فَنَفَخْنَا	Verb		to blow, to breathe	2
وَنَفَخَ	Verb		to blow, to breathe	2
ذُكِّرَ	Verb		to remind	2
أَسَرَّ	Verb		to conceal	2
لَتَعُودُنَّ	Verb		to return	2
نَعُدْ	Verb		to return	2
نَعُودَ	Verb		to return	2
يَعُودُوا	Verb		to return	2
أُعِيدُوا	Verb		to return	2
أَمْسِكْ	Verb		to retain, to withhold	2
يُمْسِكُهُنَّ	Verb		to retain, to withhold	2
فَلَنِعْمَ	Verb		to be excellent	2
تُوَفَّىٰ	Verb		to pay in full, to fulfill	2
فَيُوَفِّيهِمْ	Verb		to pay in full, to fulfill	2
يُوَفَّ	Verb		to pay in full, to fulfill	2
أَوْفَىٰ	Verb		to fulfill	2
يُوفُونَ	Verb		to fulfill	2
تُحِطْ	Verb		to surround, to encompass	2
يُحِيطُونَ	Verb		to surround, to encompass	2
فَصَّلْنَاهُ	Verb		to make clear, to explain in detail	2
يُفَصِّلُ	Verb		to make clear, to explain in detail	2
فَضَّلْتُكُمْ	Verb		to bestow, to prefer, to favor	2
وَفَضَّلْنَاهُمْ	Verb		to bestow, to prefer, to favor	2
يَتَفَكَّرُوا	Verb		to ponder, to reflect	2
انْقَلَبْتُمْ	Verb		to turn back, to return	2
فَتَنْقَلِبُوا	Verb		to turn back, to return	2
يَنْقَلِبُ	Verb		to turn back, to return	2
تَكْرَهُوا	Verb		to dislike, to hate	2
كَرِهُوا	Verb		to dislike, to hate	2
وَكَرِهُوا	Verb		to dislike, to hate	2
وَدَّتْ	Verb		to love, to wish	2
يَأْفِكُونَ	Verb		to delude, to turn away	2
يُؤْفَكُ	Verb		to delude, to turn away	2
أَتِمُّوا	Verb		to fulfill, to complete, to perfect	2
يُتِمَّ	Verb		to fulfill, to complete, to perfect	2
وَخَسِرَ	Verb		to lose	2
فَاسْتَمِعْ	Verb		to listen	2
فَسِيرُوا	Verb		to travel	2
فُتِحَتْ	Verb		to open, to give victory	2
تَفْرَحْ	Verb		to rejoice	2
فَرِحُوا	Verb		to rejoice	2
وَفَرِحُوا	Verb		to rejoice	2
يَفْرَحُوا	Verb		to rejoice	2
فَقَدَّرَهُ	Verb		to determine, to plot	2
قَدَّرْنَا	Verb		to determine, to plot	2
وَقَدَّرَ	Verb		to determine, to plot	2
فَاقْرَءُوا	Verb		to read, to recite	2
قَرَأْتَ	Verb		to read, to recite	2
قُرِئَ	Verb		to read, to recite	2
يَقْرَءُونَ	Verb		to read, to recite	2
فَمَنَّ	Verb		to favor	2
مَنَنَّا	Verb		to favor	2
يَمُنُّ	Verb		to favor	2
تُنْبِتُ	Verb		to make grow	2
وَأَنْبَتْنَا	Verb		to make grow	2
يَنْتَهُونَ	Verb		to refrain, to cease, to desist	2
تَقِيكُمُ	Verb		to save, to protect	2
وَقِنَا	Verb		to save, to protect	2
وَوَقَاهُمْ	Verb		to save, to protect	2
يُوقَ	Verb		to save, to protect	2
وَيُؤَخِّرَكُمْ	Verb		to delay, to give respite	2
وَأُوذُوا	Verb		to harm, to trouble	2
يُبْدِينَ	Verb		to reveal, to disclose	2
أَتْبَعَ	Verb		to follow	2
فَأَتْبَعَهُمْ	Verb		to follow	2
وَأُتْبِعُوا	Verb		to follow	2
تَشْرَبُونَ	Verb		to drink	2
صَدَقَ	Verb		to be truthful, to fulfill	2
وَصَدَقَ	Verb		to be truthful, to fulfill	2
اعْتَدَىٰ	Verb		to transgress	2
يَعْتَدُونَ	Verb		to transgress	2
غَلَبَتْ	Verb		to overcome, to defeat	2
وَيُفْسِدُونَ	Verb		to cause corruption	2
يُوعَظُ	Verb		to instruct, to advise, to preach	2
وَيَحِلُّ	Verb		to descend, to be lawful	2
يُخْلِفَ	Verb		to break, to fail	2
تُصْرَفُونَ	Verb		to divert, to turn away	2
لَأُكَفِّرَنَّ	Verb		to remove	2
لَقُوا	Verb		to receive, to meet	2
يَلْقَوْنَهُ	Verb		to receive, to meet	2
تَنْكِحُوهُنَّ	Verb		to marry	2
فَأَبَوْا	Verb		to refuse	2
فَأَبَىٰ	Verb		to refuse	2
وَتَأْبَىٰ	Verb		to refuse	2
يَأْبَ	Verb		to refuse	2
نَتَرَبَّصُ	Verb		to await	2
يَتَرَبَّصْنَ	Verb		to await	2
سَوَّيْتُهُ	Verb		to fashion, to proportion	2
فَسَوَّاهَا	Verb		to fashion, to proportion	2
فَسَوَّىٰ	Verb		to fashion, to proportion	2
اصْلَوْهَا	Verb		to burn	2
يَصْلَاهَا	Verb		to burn	2
وَأَطْعِمُوا	Verb		to feed	2
غَشِيَهُمْ	Verb		to cover	2
يَغْشَى	Verb		to cover	2
تَمُدَّنَّ	Verb		to spread, to extend, to prolong	2
فَلْيَمْدُدْ	Verb		to spread, to extend, to prolong	2
مَدَدْنَاهَا	Verb		to spread, to extend, to prolong	2
مَدَّ	Verb		to spread, to extend, to prolong	2
مَكَّنَّاكُمْ	Verb		to establish	2
نَرِثُ	Verb		to inherit	2
يَرِثُهَا	Verb		to inherit	2
يَسْتَأْذِنُكَ	Verb		to ask permission	2
تُحَاجُّونَ	Verb		to argue	2
حَاجَّ	Verb		to argue	2
فَاحْذَرْهُمْ	Verb		to fear, to beware	2
وَيَحْلِفُونَ	Verb		to swear	2
خَرَّ	Verb		to fall	2
خَرُّوا	Verb		to fall	2
وَخَرَّ	Verb		to fall	2
تَدْرُونَ	Verb		to know	2
نَدْرِي	Verb		to know	2
يُزَكِّي	Verb		to purify	2
يُزَكِّيهِمْ	Verb		to purify	2
صَلَّىٰ	Verb		to pray, to bless	2
يُصَلُّونَ	Verb		to pray, to bless	2
يُصَلِّي	Verb		to pray, to bless	2
وَيَقْطَعُونَ	Verb		to cut	2
قُطِّعَتْ	Verb		to cut, to divide	2
لَأُقَطِّعَنَّ	Verb		to cut, to divide	2
وَقَطَّعْنَاهُمُ	Verb		to cut, to divide	2
فَتَقْعُدَ	Verb		to sit	2
فَأَنْظِرْنِي	Verb		to give respite	2
أُورِثْتُمُوهَا	Verb		to make inherit	2
وَأَوْرَثْنَا	Verb		to make inherit	2
وَأَوْرَثْنَاهَا	Verb		to make inherit	2
فَقَعُوا	Verb		to fall, to occur, to fulfill	2
وَقَعَتِ	Verb		to fall, to occur, to fulfill	2
تُوقِنُونَ	Verb		to believe firmly	2
بَدَا	Verb		to become apparent	2
تُبْدَ	Verb		to become apparent	2
بَنَاهَا	Verb		to construct, to build	2
بَنَيْنَاهَا	Verb		to construct, to build	2
تَسْخَرُوا	Verb		to ridicule, to mock	2
وَيَسْخَرُونَ	Verb		to ridicule, to mock	2
أَعْجَبَتْكُمْ	Verb		to please, to impress	2
تُعْجِبْكَ	Verb		to please, to impress	2
يُعْرَضُ	Verb		to display, to present, to expose, to turn away	2
عَاهَدَ	Verb		to make a covenant	2
عَاهَدْتُمْ	Verb		to make a covenant	2
تَقْرَبَا	Verb		to approach, to go near	2
تَقْرَبُوهَا	Verb		to approach, to go near	2
يَكْذِبُونَ	Verb		to deny, to lie	2
تَلْبَسُونَهَا	Verb		to obscure, to confuse, to mix, to wear	2
تَلْبِسُوا	Verb		to obscure, to confuse, to mix, to wear	2
فَتَمَتَّعُوا	Verb		to enjoy	2
أُنِيبُ	Verb		to turn	2
وَأَنَابُوا	Verb		to turn	2
يَنَالُ	Verb		to reach	2
يَنَالُهُمْ	Verb		to reach	2
يَنَالُوا	Verb		to reach	2
وَصَّيْنَا	Verb		to enjoin	2
فَسَنُيَسِّرُهُ	Verb		to make easy	2
يَسَّرْنَاهُ	Verb		to make easy	2
بَخِلُوا	Verb		to be stingy, to withhold	2
يَبْخَلْ	Verb		to be stingy, to withhold	2
اجْتَبَاهُ	Verb		to choose	2
يَجْتَبِي	Verb		to choose	2
أَحْصَيْنَاهُ	Verb		to count, to calculate, to enumerate	2
تُحْصُوهَا	Verb		to count, to calculate, to enumerate	2
فَحَاقَ	Verb		to surround, to encompass, to envelope	2
صَدَّقَ	Verb		to accept truth, to admit, to confirm, to believe	2
وَصَرَّفْنَا	Verb		to explain	2
نُضِيعُ	Verb		to let go waste, to neglect	2
طَلَّقَهَا	Verb		to divorce	2
طَلَّقْتُمُوهُنَّ	Verb		to divorce	2
فَسَقُوا	Verb		to disobey defiantly	2
فَطَرَ	Verb		to create	2
يَتَفَطَّرْنَ	Verb		to create	2
تُقُبِّلَ	Verb		to accept	2
فَاسْتَقِيمُوا	Verb		to be upright, to be straight, to stand firm	2
أَمَدَّكُمْ	Verb		to reinforce, to extend, to provide, to aid	2
فَنَبَذْنَاهُمْ	Verb		to throw, to cast	2
وَنَزَعَ	Verb		to take way, to remove, to withdraw	2
يَصِلُ	Verb		to join, to reach	2
يَصِلُوا	Verb		to join, to reach	2
يَصِلُونَ	Verb		to join, to reach	2
يُؤَاخِذُ	Verb		to call to account, to punish	2
يُؤَاخِذُكُمُ	Verb		to call to account, to punish	2
يُؤَاخِذُكُمْ	Verb		to call to account, to punish	2
آوَوْا	Verb		to give shelter	2
آوَىٰ	Verb		to give shelter	2
وَأَيَّدْنَاهُ	Verb		to support, to strengthen	2
فَتَبَارَكَ	Verb		to be blessed	2
تَبِعَ	Verb		to follow	2
وَاجْتَنِبُوا	Verb		to avoid	2
يَسْتَحْيِي	Verb		to let live, to be shy, to be ashamed	2
نَخُوضُ	Verb		to engage in idle talk, to converse vainly	2
ارْكَبُوا	Verb		to ride, to embark	2
رَمَيْتَ	Verb		to throw, to accuse	2
ارْتَبْتُمْ	Verb		to doubt	2
فَيُضَاعِفَهُ	Verb		to double, to multiply	2
يُضَاعَفُ	Verb		to double, to multiply	2
يُضَاعَفْ	Verb		to double, to multiply	2
انْطَلِقُوا	Verb		to set out, to proceeed, to go forth	2
وَلِتَطْمَئِنَّ	Verb		to be satisfied, to be secure, to be content	2
طَهِّرَا	Verb		to purify	2
لِيُطَهِّرَكُمْ	Verb		to purify	2
ظَلَّ	Verb		to continue, to remain	2
فَرَضْتُمْ	Verb		to specify, to ordain, to make obligatory	2
فَرَّقُوا	Verb		to differentiate, to make distinction	2
يُفَرِّقُوا	Verb		to differentiate, to make distinction	2
يَقْبَلُ	Verb		to accept	2
فَأَقْبَلَ	Verb		to approach	2
وَأَقْبَلَ	Verb		to approach	2
وَقَذَفَ	Verb		to cast, to throw, to hurl	2
وَيَلْعَبْ	Verb		to play	2
فَأَمْلَيْتُ	Verb		to give respite	2
نُمْلِي	Verb		to give respite	2
وَأُمْلِي	Verb		to give respite	2
وَلَدَ	Verb		to beget, to be born	2
ابْتَلَاهُ	Verb		to test, to try	2
أَجِيبُوا	Verb		to answer, to respond	2
اخْتَصَمُوا	Verb		to dispute	2
يُخَفِّفَ	Verb		to lighten	2
دَمَّرْنَا	Verb		to destroy	2
يَرْتَدَّ	Verb		to turn back, to return	2
رَاوَدْتُهُ	Verb		to seduce, to demand, to get permission	2
ازْدَادُوا	Verb		to increase	2
لِيَزْدَادُوا	Verb		to increase	2
يَزَالُونَ	Verb		to cease	2
نُسْقِيكُمْ	Verb		to give drink	2
اشْتَهَتْ	Verb		to desire	2
يَطْمَعُونَ	Verb		to hope, to desire	2
وَيَطُوفُ	Verb		to circulate, to go around	2
يُطَافُ	Verb		to circulate, to go around	2
أَوَعَجِبْتُمْ	Verb		to wonder, to be amazed, to be astonished	2
عَجِبْتَ	Verb		to wonder, to be amazed, to be astonished	2
أَعْطَىٰ	Verb		to give	2
أُعْطُوا	Verb		to give	2
أَغْوَيْتَنِي	Verb		to mislead, to lead astray	2
كُفُّوا	Verb		to restrain, to withhold, to avert	2
وَانْتَظِرُوا	Verb		to wait	2
هَمَّتْ	Verb		to determine, to plan, to plot, to desire	2
وَهَمُّوا	Verb		to determine, to plan, to plot, to desire	2
تَهْوِي	Verb		to desire	2
هَوَىٰ	Verb		to desire	2
تَيْأَسُوا	Verb		to despair	2
يَئِسَ	Verb		to despair	2
وَيَحْفَظُوا	Verb		to guard, to protect	2
حَيَّ	Verb		to live	2
وَنَحْيَا	Verb		to live	2
دَامَتِ	Verb		to be as long as	2
دُمْتُ	Verb		to be as long as	2
وَسِيقَ	Verb		to drive	2
شَاقُّوا	Verb		to oppose	2
وَأَشْهِدُوا	Verb		to make witness	2
تَضْحَكُونَ	Verb		to laugh	2
يَضْحَكُونَ	Verb		to laugh	2
ضَاقَتْ	Verb		to straiten	2
وَضَاقَ	Verb		to straiten	2
وَضَاقَتْ	Verb		to straiten	2
تَطَّلِعُ	Verb		to look	2
اعْتَزَلُوكُمْ	Verb		to withdraw, to leave, to keep away	2
تَعْمَى	Verb		to be blind	2
لَافْتَدَوْا	Verb		to offer ransom	2
أَفَضْتُمْ	Verb		to depart	2
تُفِيضُونَ	Verb		to depart	2
تُكَلَّفُ	Verb		to burden	2
يُكَلِّفُ	Verb		to burden	2
يَتَنَازَعُونَ	Verb		to dispute, to disagree	2
فَأَنْسَاهُمْ	Verb		to make forget	2
يَنْتَصِرُونَ	Verb		to defend, to help	2
نَنْقُصُهَا	Verb		to decrease, to reduce, to lessen	2
يَزِرُونَ	Verb		to bear	2
أُبَلِّغُكُمْ	Verb		to convey	2
بَلِّغْ	Verb		to convey	2
بَاءَ	Verb		to incur, to turn back	2
وَبَاءُوا	Verb		to incur, to turn back	2
بَوَّأْنَا	Verb		to settle	2
لَنُبَوِّئَنَّهُمْ	Verb		to settle	2
يُبَايِعُونَكَ	Verb		to pledge allegiance	2
ثَقِفْتُمُوهُمْ	Verb		to find, to gain dominance	2
ثُقِفُوا	Verb		to find, to gain dominance	2
يُجِيرُ	Verb		to protect	2
ذَرَأَ	Verb		to create, to produce, to multiply	2
ذَرَأَكُمْ	Verb		to create, to produce, to multiply	2
يَزِيغُ	Verb		to deviate, to turn away, to swerve	2
تُسْرِفُوا	Verb		to be extravagant, to exceed, to transgress	2
أَسْرِ	Verb		to travel, to take	2
وَشَدَدْنَا	Verb		to strengthen	2
يُظَاهِرُونَ	Verb		to support, to back	2
غَضِبَ	Verb		to be angry	2
فَاسْتَفْتِهِمْ	Verb		to seek ruling, to inquire, to ask	2
فَرَرْتُمْ	Verb		to flee	2
يُقْرِضُ	Verb		to lend, to loan	2
يُقَلِّبُ	Verb		to turn, to alternate	2
اسْتَمْتَعَ	Verb		to profit, to benifit, to enjoy	2
فَتَمَنَّوُا	Verb		to wish	2
يَنْزِلُ	Verb		to descend, to bring down	2
نَكَثُوا	Verb		to break (oath)	2
يَنْكُثُونَ	Verb		to break (oath)	2
يُؤَدِّهِ	Verb		to discharge, to deliver	2
تَبَرَّأَ	Verb		to disown	2
بَرَزُوا	Verb		to come forth, to go out	2
وَبَرَزُوا	Verb		to come forth, to go out	2
بَطَشْتُمْ	Verb		to seize	2
يَبْكُونَ	Verb		to weep	2
فَتُثِيرُ	Verb		to raise, to plough	2
أَحْصَنَتْ	Verb		to guard, to protect	2
وَخَتَمَ	Verb		to seal	2
فَخَلَفَ	Verb		to succeed, to come after	2
تَدْرُسُونَ	Verb		to study, to learn	2
ادْفَعْ	Verb		to defend, to deliver, to repel	2
ارْكَعُوا	Verb		to bow	2
وَارْكَعُوا	Verb		to bow	2
وَزَوَّجْنَاهُمْ	Verb		to marry, to be paired	2
فَاسْتَبِقُوا	Verb		to race	2
أَسَاءَ	Verb		to do evil	2
أَسَاءُوا	Verb		to do evil	2
سُيِّرَتْ	Verb		to move	2
شَرَحَ	Verb		to expand, to open	2
يَشْفَعْ	Verb		to intercede	2
يَتَطَهَّرُونَ	Verb		to cleanse, to purify	2
وَعَتَوْا	Verb		to be insolent, to exceed, to rebell	2
تَعْجَلْ	Verb		to hasten	2
يَعْرُجُونَ	Verb		to ascend	2
يُعَمَّرُ	Verb		to grant life	2
أَفْتُونِي	Verb		to give ruling, to explain, to advise	2
يُفْتِيكُمْ	Verb		to give ruling, to explain, to advise	2
فَرَّطْنَا	Verb		to neglect, to fail	2
اقْتَرَبَ	Verb		to approach, to go near	2
تَقَطَّعَ	Verb		to cut, to severe	2
وَتَقَطَّعُوا	Verb		to cut, to severe	2
تُكْرِهُ	Verb		to compel, to force	2
تَمْتَرُونَ	Verb		to dispute, to doubt	2
يَمْتَرُونَ	Verb		to dispute, to doubt	2
وَنَصَحْتُ	Verb		to advise	2
تُبْطِلُوا	Verb		to make vain, to nullify	2
يُبَيِّتُونَ	Verb		to plan by night	2
فَأَجْمِعُوا	Verb		to resolve, to agree, to put together	2
وَجَاوَزْنَا	Verb		to cross, to pass beyond	2
اسْتَحَبُّوا	Verb		to prefer	2
وَيُحِقُّ	Verb		to justify, to establish	2
يُخَوِّفُ	Verb		to frighten, to threaten	2
وَيَدْرَءُونَ	Verb		to avert, to repel, to prevent	2
وَرَبَتْ	Verb		to increase, to swell	2
فَارْتَقِبْ	Verb		to watch	2
وَأُزْلِفَتِ	Verb		to bring near	2
سَرَقَ	Verb		to steal	2
تَشَابَهَ	Verb		to look alike, to seem alike	2
وَلَأُصَلِّبَنَّكُمْ	Verb		to crucify	2
وَصَوَّرَكُمْ	Verb		to form, to fashion, to shape	2
اسْتَعِينُوا	Verb		to seek help	2
يُغْشِي	Verb		to cover	2
يَغُضُّوا	Verb		to lower	2
اسْتَغْنَىٰ	Verb		to be self-sufficient	2
يُغَيِّرُوا	Verb		to change	2
اقْتَتَلُوا	Verb		to fight	2
يَقْنَطُونَ	Verb		to despair	2
وَأَلْحِقْنِي	Verb		to join	2
لَامَسْتُمُ	Verb		to touch, to have contact	2
امْكُثُوا	Verb		to stay, to remain	2
وَتَنْحِتُونَ	Verb		to carve	2
نَذَرْتُ	Verb		to vow, to worn	2
يَنْزَغَنَّكَ	Verb		to cause discord	2
نَقَمُوا	Verb		to resent, to take revenge	2
اهْتَزَّتْ	Verb		to stir, to move	2
تَهْتَزُّ	Verb		to stir, to move	2
يُوَارِي	Verb		to hide, to conceal, to cover	2
تُوَسْوِسُ	Verb		to whisper	2
فَوَسْوَسَ	Verb		to whisper	2
تَأَخَّرَ	Verb		to delay, to stay behind	2
تَأْلَمُونَ	Verb		to suffer	2
تَتَبَدَّلُوا	Verb		to exchange	2
يَجْأَرُونَ	Verb		to cry for help	2
يُحْدِثُ	Verb		to cause, to bring about	2
حَرَصْتَ	Verb		to desire	2
حَرِّقُوهُ	Verb		to burn	2
تُخَاطِبْنِي	Verb		to address	2
يَسْتَخْفُونَ	Verb		to hide	2
فَاخْتَلَطَ	Verb		to join, to absorb, to mingle	2
تَدَّعُونَ	Verb		to call, to ask	2
يُذَبِّحُونَ	Verb		to slaughter	2
أَرْجِهْ	Verb		to defer, to postpone	2
فَارْهَبُونِ	Verb		to fear	2
وَزُلْزِلُوا	Verb		to shake	2
وَتَزْهَقَ	Verb		to depart, to perish	2
تَشَقَّقُ	Verb		to split	2
يَتَضَرَّعُونَ	Verb		to humble	2
وَطَفِقَا	Verb		to begin	2
يَتَعَدَّ	Verb		to transgress	2
عَنِتُّمْ	Verb		to suffer, to be distressed	2
يَغِيظُ	Verb		to anger, to enrage	2
أَفْرِغْ	Verb		to pour	2
فَفَزِعَ	Verb		to be terrified, to be afraid	2
لَفَسَدَتِ	Verb		to be corrupted, to be ruined	2
وَفَارَ	Verb		to overflow, to gush forth, to boil up	2
فَازَ	Verb		to be successful, to attain	2
تَفِيءَ	Verb		to return	2
قَسَتْ	Verb		to harden	2
يَكْنِزُونَ	Verb		to hoard	2
تُكِنُّ	Verb		to conceal	2
تَلْقَفُ	Verb		to swallow	2
اسْتَمْسَكَ	Verb		to grasp, to hold fast	2
تَمَنَّىٰ	Verb		to wish	2
تَمِيلُوا	Verb		to deviate, to assult, to incline	2
وَنَأَىٰ	Verb		to distance, to become remote, to keep away	2
فَانْتَشِرُوا	Verb		to disperse	2
فَأَوْجَسَ	Verb		to feel, to sense	2
وَجِلَتْ	Verb		to feel fear, to be afraid	2
وَزِنُوا	Verb		to weigh	2
وُقِفُوا	Verb		to make stand	2
يَلِجُ	Verb		to penetrate, to pass	2
فَتَيَمَّمُوا	Verb		to aim, to do tayammum	2
تَأَذَّنَ	Verb		to announce, to declare	2
تَبْتَئِسْ	Verb		to grieve	2
وَبُرِّزَتِ	Verb		to make manifest	2
بَاشِرُوهُنَّ	Verb		to have relations	2
بَطَنَ	Verb		to be concealed	2
أَثْمَرَ	Verb		to bear fruit	2
تَجَلَّىٰ	Verb		to reveal	2
جَهَّزَهُمْ	Verb		to furnish	2
يُحَادُّونَ	Verb		to oppose	2
وَيُحَذِّرُكُمُ	Verb		to warn	2
يَحُضُّ	Verb		to feel the urge	2
يُحَاوِرُهُ	Verb		to talk	2
يُخَادِعُونَ	Verb		to deceive	2
يَخْتَصُّ	Verb		to choose	2
يَخْصِفَانِ	Verb		to fasten	2
يَتَخَافَتُونَ	Verb		to murmur	2
تَخْتَانُونَ	Verb		to deceive	2
لِيُدْحِضُوا	Verb		to refute	2
سَنَسْتَدْرِجُهُمْ	Verb		to gradually lead	2
يُرَاءُونَ	Verb		to show off	2
تَرْجُفُ	Verb		to quake	2
رَحُبَتْ	Verb		to be vast	2
يَتَرَقَّبُ	Verb		to be vigilant	2
يُزْجِي	Verb		to drive	2
تُزِغْ	Verb		to deviate	2
يَسْبَحُونَ	Verb		to swim, to float	2
يُسْحَبُونَ	Verb		to drag	2
اشْتَمَلَتْ	Verb		to contain	2
صَلَحَ	Verb		to be righteous	2
تَصْطَلُونَ	Verb		to warm	2
وَصَمُّوا	Verb		to become deaf	2
وَاضْمُمْ	Verb		to draw (near)	2
يَطْمِثْهُنَّ	Verb		to touch	2
تَطَوَّعَ	Verb		to volunteer	2
وَظَلَّلْنَا	Verb		to shade	2
عَبَسَ	Verb		to frown	2
يَعْرِشُونَ	Verb		to erect, to construct	2
يَعْزُبُ	Verb		to escape	2
تَعْضُلُوهُنَّ	Verb		to hinder, to constrain	2
يُعَظِّمْ	Verb		to honor	2
يُعَقِّبْ	Verb		to look back, to return	2
وَاغْلُظْ	Verb		to be stern	2
تَغْلُوا	Verb		to exceed	2
غَنِمْتُمْ	Verb		to take as war booty	2
تَفِيضُ	Verb		to overflow	2
يَقْسِمُونَ	Verb		to distribute	2
اسْتَكَانُوا	Verb		to give in, to submit	2
يَلْحَقُوا	Verb		to join	2
يَلْتَفِتْ	Verb		to look back	2
هَلُمَّ	Verb		to bring forward, to come	2
يَلْهَثْ	Verb		to loll the tongue	2
وَلِيُمَحِّصَ	Verb		to purify, to purge	2
مَرَجَ	Verb		to release	2
يَتَمَاسَّا	Verb		to touch	2
تَمُورُ	Verb		to shake, to sway	2
يَنْسِلُونَ	Verb		to descend, to hasten	2
نَافَقُوا	Verb		to be hypocritical	2
يُهْرَعُونَ	Verb		to rush, to hasten	2
يَهِيجُ	Verb		to wither, to dry	2
أَوْزِعْنِي	Verb		to grant power	2
تَيَسَّرَ	Verb		to be easy	2
اسْتَيْسَرَ	Verb		to obtain with ease	2
أَفَمِنْ	Preposition		from	1
فَمِنْكُمْ	Preposition		from	1
فَمِنْهَا	Preposition		from	1
لَمِنْكُمْ	Preposition		from	1
وَمِنْكَ	Preposition		from	1
آللَّهُ	Proper noun		Allah	1
أَبِاللَّهِ	Proper noun		Allah	1
وَتَاللَّهِ	Proper noun		Allah	1
أَئِنَّ	Accusative particle		indeed	1
أَئِنَّا	Accusative particle		indeed	1
أَنَّمَا	Accusative particle Accusative particle		that	10
إِنَّنِي	Accusative particle		indeed	1
إِنَّهُمَا	Accusative particle		indeed	1
فَإِنَّهَا	Accusative particle		indeed	1
وَإِنَّهُمَا	Accusative particle		indeed	1
عَلَيْكَ	Preposition		on	1
عَلَيْكُمَا	Preposition		on	1
فَعَلَى	Preposition		on	1
فَعَلَيَّ	Preposition		on	1
فَعَلَيْكُمُ	Preposition		on	1
فَعَلَيْهِمْ	Preposition		on	1
فَعَلَيْهِنَّ	Preposition		on	1
وَعَلَيْكُمْ	Preposition		on	1
وَعَلَيْنَا	Preposition		on	1
كَالَّتِي	Relative pronoun		those who	1
لِلَّتِي	Relative pronoun		those who	1
وَاللَّذَانِ	Relative pronoun		those who	1
وَالَّتِي	Relative pronoun		those who	1
وَبِالَّذِي	Relative pronoun		those who	1
فَبِمَا	Supplemental particle Supplemental particle		that	3
وَلِمَا	Relative pronoun		what	1
أَأَرْبَابٌ	Noun		your lord	1
أَلِرَبِّكَ	Noun		your lord	1
بِرَبِّهِ	Noun		your lord	1
رَبِّهَا	Noun		your lord	1
فَرَبُّكُمْ	Noun		your lord	1
فَوَرَبِّ	Noun		your lord	1
وَرَبٌّ	Noun		your lord	1
وَرَبُّنَا	Noun		your lord	1
وَلِرَبِّكَ	Noun		your lord	1
إِلَيْكُمَا	Preposition		to	1
إِلَيْكِ	Preposition		to	1
فَإِلَيْهِ	Preposition		to	1
وَإِلَيَّ	Preposition		to	1
أَفَمَا	Negative particle		and not	1
أَفَمَنِ	Relative pronoun		who	1
وَبِمَنْ	Relative pronoun		who	1
وَلَمَنِ	Relative pronoun		who	1
أَئِنْ	Conditional particle		if	1
إِلَّا	Restriction particle Restriction particle Restriction particle Restriction particle		except	554
لِئَلَّا	Negative particle Negative particle		not	2
وَأَنْ لَوِ	Subordinating conjunction		that	1
ذَٰلِكُمْ	Demonstrative pronoun		that	1
فَبِذَٰلِكَ	Demonstrative pronoun		that	1
فَتِلْكَ	Demonstrative pronoun		that	1
فَلِذَٰلِكَ	Demonstrative pronoun		that	1
وَبِذَٰلِكَ	Demonstrative pronoun		that	1
وَلِذَٰلِكَ	Demonstrative pronoun		that	1
عَنْكَ	Preposition		from	1
أَرْضًا	Noun		the earth	1
أَرْضَهُمْ	Noun		the earth	1
أَرْضِي	Noun		the earth	1
وَأَرْضًا	Noun		the earth	1
وَالْأَرْضُ	Noun		the earth	1
وَلِلْأَرْضِ	Noun		the earth	1
يَا أَرْضُ	Noun		the earth	1
الْقَوْمَ	Noun		a people	1
بِقَوْمٍ	Noun		a people	1
قَوْمٍ	Noun		a people	1
قَوْمَهَا	Noun		a people	1
قَوْمُ	Noun		a people	1
لِقَوْمِهِمْ	Noun		a people	1
وَقَوْمَهَا	Noun		a people	1
وَقَوْمُهُمَا	Noun		a people	1
آيَاتِهَا	Noun		a sign	1
آيَةٌ	Noun		a sign	1
آيَتَيْنِ	Noun		a sign	1
الْآيَةَ	Noun		a sign	1
بِآيَاتِهِ	Noun		a sign	1
أَلَّا	Subordinating conjunction Subordinating conjunction Subordinating conjunction		that	42
أَنَّهُمَا	Accusative particle		that	1
بِأَنَّكُمُ	Accusative particle		that	1
بِأَنَّنَا	Accusative particle		that	1
فَأَنَّ	Accusative particle		that	1
بِكُلٍّ	Noun		every	1
فَكُلًّا	Noun		every	1
فَلِكُلِّ	Noun		every	1
كُلًّا	Noun		every	1
كُلٌّ	Noun		every	1
وَكُلَّ	Noun		every	1
وَكُلُّهُمْ	Noun		every	1
وَلَمَّا	Negative particle		not	1
أَثُمَّ	Coordinating conjunction		then	1
بِالرُّسُلِ	Noun		and his messenger	1
بِرَسُولِهِ	Noun		and his messenger	1
بِرَسُولِهِمْ	Noun		and his messenger	1
بِرُسُلِي	Noun		and his messenger	1
رَسُولَا	Noun		and his messenger	1
رَسُولَهُ	Noun		and his messenger	1
رَسُولُهَا	Noun		and his messenger	1
رُسُلِي	Noun		and his messenger	1
لَرَسُولُ	Noun		and his messenger	1
لَرَسُولُهُ	Noun		and his messenger	1
لِرُسُلِهِمْ	Noun		and his messenger	1
لِلرُّسُلِ	Noun		and his messenger	1
وَبِالرَّسُولِ	Noun		and his messenger	1
وَبِرَسُولِهِ	Noun		and his messenger	1
وَبِرَسُولِي	Noun		and his messenger	1
وَرَسُولًا	Noun		and his messenger	1
وَرَسُولٌ	Noun		and his messenger	1
وَرَسُولُهُ	Noun		and his messenger	1
وَرُسُلُنَا	Noun		and his messenger	1
وَلِرَسُولِهِ	Noun		and his messenger	1
وَلِلرَّسُولِ	Noun		and his messenger	1
بِأَيَّامِ	Noun		day	1
بِيَوْمِ	Noun		day	1
وَأَيَّامًا	Noun		day	1
وَبِالْيَوْمِ	Noun		day	1
يَوْمٍ	Noun		day	1
بِعَذَابِكُمْ	Noun		a punishment	1
عَذَابًا	Noun		a punishment	1
عَذَابَهَا	Noun		a punishment	1
عَذَابَهُمَا	Noun		a punishment	1
عَذَابِهَا	Noun		a punishment	1
كَعَذَابِ	Noun		a punishment	1
وَالْعَذَابَ	Noun		a punishment	1
وَعَذَابٍ	Noun		a punishment	1
أَفَبِهَٰذَا	Demonstrative pronoun		this	1
هَٰذِهِ	Demonstrative pronoun		this	1
وَهَٰؤُلَاءِ	Demonstrative pronoun		this	1
وَهَٰذِهِ	Demonstrative pronoun		this	1
وَيَا سَمَاءُ	Noun		the heavens	1
أَنْفُسُهُمْ	Noun		themselves	1
فَلِأَنْفُسِكُمْ	Noun		themselves	1
فَلِأَنْفُسِهِمْ	Noun		themselves	1
كَنَفْسٍ	Noun		themselves	1
نَفْسَهَا	Noun		themselves	1
نَفْسُكَ	Noun		themselves	1
نَفْسِ	Noun		themselves	1
نَفْسِهَا	Noun		themselves	1
وَأَنْفُسَنَا	Noun		themselves	1
وَأَنْفُسَهُمْ	Noun		themselves	1
وَأَنْفُسُهُمْ	Noun		themselves	1
وَالْأَنْفُسِ	Noun		themselves	1
وَنَفْسٍ	Noun		themselves	1
شَيْءٌ	Noun		thing	1
وَشَيْءٍ	Noun		thing	1
الْكِتَابَ	Noun		the book	1
بِكِتَابِكُمْ	Noun		the book	1
كُتُبٌ	Noun		the book	1
كُتُبٍ	Noun		the book	1
كِتَابَكَ	Noun		the book	1
كِتَابَهُمْ	Noun		the book	1
كِتَابُ	Noun		the book	1
كِتَابُنَا	Noun		the book	1
كِتَابِ	Noun		the book	1
كِتَابِهَا	Noun		the book	1
لَكِتَابٌ	Noun		the book	1
لِلْكُتُبِ	Noun		the book	1
وَالْكِتَابَ	Noun		the book	1
وَبِالْكِتَابِ	Noun		the book	1
وَكِتَابٍ	Noun		the book	1
بَيْنَهُ	Location adverb		between them	1
أَحَقٌّ	Noun		the truth	1
حَقٍّ	Noun		the truth	1
فَالْحَقُّ	Noun		the truth	1
وَالْحَقَّ	Noun		the truth	1
بِالنَّاسِ	Noun		the people	1
قَبْلِهَا	Noun		before	1
بِمُؤْمِنٍ	Noun		the believers	1
وَبِالْمُؤْمِنِينَ	Noun		the believers	1
وَلَوِ	Conditional particle		and if	1
لَمَنِ	Conditional particle		and whoever	1
لَمَنْ	Conditional particle		and whoever	1
السَّبِيلَ	Noun		way	1
السُّبُلَ	Noun		way	1
سَبِيلٌ	Noun		way	1
سَبِيلَنَا	Noun		way	1
سَبِيلَهُمْ	Noun		way	1
لَبِسَبِيلٍ	Noun		way	1
وَسُبُلًا	Noun		way	1
أَمْرَنَا	Noun		the matter	1
أَمْرِكُمْ	Noun		the matter	1
أَمْرِهِمْ	Noun		the matter	1
بِأَمْرِهِمْ	Noun		the matter	1
لِأَمْرِ	Noun		the matter	1
وَأَمْرُهُ	Noun		the matter	1
وَأَمْرُهُمْ	Noun		the matter	1
أَعِنْدَهُ	Location adverb		with	1
وَعِنْدَنَا	Location adverb		with	1
وَعِنْدَهُمُ	Location adverb		with	1
لَمَعَ	Location adverb		with	1
مَعَكُمَا	Location adverb		with	1
بَعْضُهَا	Noun		some of them	1
بِبَعْضِهَا	Noun		some of them	1
أَوَلَمَّا	Time adverb		and when	1
وَلَمَّا	Negative particle Negative particle		not	1
أَيُّهَ	Noun		o you	1
الْخَيْرِ	Adjective Adjective		better	2
بِالْخَيْرِ	Noun		better	1
وَالْخَيْرِ	Noun		better	1
آلِهَتِي	Noun		god	1
أَآلِهَتُنَا	Noun		god	1
إِلَٰهَكُمْ	Noun		god	1
إِلَٰهَيْنِ	Noun		god	1
الْآلِهَةَ	Noun		god	1
وَآلِهَتَكَ	Noun		god	1
وَإِلَٰهَ	Noun		god	1
وَإِلَٰهُ	Noun		god	1
وَإِلَٰهُنَا	Noun		god	1
فَالنَّارُ	Noun		the fire	1
وَالنَّارُ	Noun		the fire	1
يَا نَارُ	Noun		the fire	1
غَيْرَهَا	Noun		without	1
وَغَيْرِ	Noun		without	1
بِمُوسَىٰ	Proper noun		Musa	1
مُوسَى	Proper noun		Musa	1
دُونِكُمْ	Noun		besides	1
دُونِنَا	Noun		besides	1
دُونِهَا	Noun		besides	1
دُونِهِمَا	Noun		besides	1
لِلْآخِرِينَ	Noun		the hereafter	1
وَآخِرِنَا	Noun		the hereafter	1
وَالْآخِرَةُ	Noun		the hereafter	1
وَالْآخِرِينَ	Noun		the hereafter	1
وَبِالْآخِرَةِ	Noun		the hereafter	1
قَلْبٌ	Noun		their hearts	1
قَلْبَيْنِ	Noun		their hearts	1
قَلْبِهَا	Noun		their hearts	1
قَلْبِي	Noun		their hearts	1
لِقُلُوبِكُمْ	Noun		their hearts	1
وَقَلْبُهُ	Noun		their hearts	1
الْعِبَادِ	Noun		his slaves	1
بِالْعَبْدِ	Noun		his slaves	1
عَبْدَيْنِ	Noun		his slaves	1
عِبَادِكُمْ	Noun		his slaves	1
لِعِبَادِنَا	Noun		his slaves	1
وَالْعَبْدُ	Noun		his slaves	1
وَعِبَادُ	Noun		his slaves	1
وَلَعَبْدٌ	Noun		his slaves	1
يَا عِبَادِيَ	Noun		his slaves	1
أَهْلَ	Noun		people	1
أَهْلَنَا	Noun		people	1
أَهْلُ	Noun		people	1
أَهْلِنَا	Noun		people	1
أَهْلِهِ	Noun		people	1
أَهْلِهِنَّ	Noun		people	1
أَهْلِيكُمْ	Noun		people	1
أَهْلِيهِمْ	Noun		people	1
وَأَهْلَنَا	Noun		people	1
وَأَهْلَهَا	Noun		people	1
وَأَهْلُ	Noun		people	1
وَأَهْلُونَا	Noun		people	1
وَأَهْلِي	Noun		people	1
وَأَهْلِيكُمْ	Noun		people	1
لَعَلَّنَا	Accusative particle		so that you may	1
الْأَيْدِي	Noun		their hands	1
بِأَيْدِي	Noun		their hands	1
بِأَيْدِيكُمْ	Noun		their hands	1
بِأَيْدِينَا	Noun		their hands	1
بِيَدَيَّ	Noun		their hands	1
وَأَيْدِي	Noun		their hands	1
وَأَيْدِيهِمْ	Noun		their hands	1
يَدٍ	Noun		their hands	1
يَدَيِ	Noun		their hands	1
يَدِيَ	Noun		their hands	1
الْكَافِرُونَ	Noun		the disbelievers	1
الْكَافِرِينَ	Adjective Adjective		the disbelievers	9
لَكَافِرُونَ	Noun		the disbelievers	1
وَالْكَافِرُونَ	Noun		the disbelievers	1
رَحْمَتُ	Noun		mercy	1
رَحْمَتِكَ	Noun		mercy	1
رَحْمَتِي	Noun		mercy	1
لَرَحْمَةً	Noun		mercy	1
وَبِرَحْمَتِهِ	Noun		mercy	1
وَرَحْمَةً	Noun		mercy	1
وَرَحْمَتُ	Noun		mercy	1
وَرَحْمَتِي	Noun		mercy	1
رُحَمَاءُ	Adjective		most merciful	1
أَجْرَ	Noun		a reward	1
أَجْرَهَا	Noun		a reward	1
أَجْرَهُمْ	Noun		a reward	1
أُجُورَهُمْ	Noun		a reward	1
فَأَجْرُهُ	Noun		a reward	1
الظَّالِمُ	Noun		the wrongdoers	1
لَظَالِمُونَ	Noun		the wrongdoers	1
لَظَالِمِينَ	Noun		the wrongdoers	1
وَالظَّالِمُونَ	Noun		the wrongdoers	1
وَالظَّالِمِينَ	Noun		the wrongdoers	1
وَظَالِمٌ	Noun		the wrongdoers	1
بِعِلْمِ	Noun		knowledge	1
عِلْمُهُمْ	Noun		knowledge	1
عِلْمِهِ	Noun		knowledge	1
عِلْمِي	Noun		knowledge	1
لَعِلْمٌ	Noun		knowledge	1
عَظِيمٍ	Adjective		great	1
أَلَنْ	Negative particle		never	1
الْجَنَّاتِ	Noun		gardens	1
الْجَنَّةِ	Proper noun Proper noun		Paradise	2
بِجَنَّتَيْهِمْ	Noun		gardens	1
جَنَّةِ	Noun		gardens	1
جَنَّتَهُ	Noun		gardens	1
جَنَّتِي	Noun		gardens	1
الدِّينُ	Noun		the religion	1
بِدِينِكُمْ	Noun		the religion	1
دِينَهُمُ	Noun		the religion	1
قَوْلٍ	Noun		the word	1
قَوْلَكُمْ	Noun		the word	1
قَوْلَهُمْ	Noun		the word	1
قَوْلُنَا	Noun		the word	1
قَوْلِهَا	Noun		the word	1
لِقَوْلِهِمْ	Noun		the word	1
وَقَوْلٌ	Noun		the word	1
بِمَ	Interogative particle		what	1
فَبِمَ	Interogative particle		what	1
ذَوَاتَيْ	Noun		owner	1
ذَوَيْ	Noun		owner	1
ذَوِي	Noun		owner	1
فَذُو	Noun		owner	1
لِذِي	Noun		owner	1
وَبِذِي	Noun		owner	1
وَذَاتَ	Noun		owner	1
وَذُو	Noun		owner	1
وَذِي	Noun		owner	1
الْمَلَكَيْنِ	Noun		the angels	1
مَلَكُ	Noun		the angels	1
أَمْثَالُكُمْ	Noun		example	1
أَمْثَالُهَا	Noun		example	1
أَمْثَالِهَا	Noun		example	1
بِمَثَلٍ	Noun		example	1
وَمَثَلُهُمْ	Noun		example	1
أَمْوَالَكُمْ	Noun		wealth	1
أَمْوَالُنَا	Noun		wealth	1
أَمْوَالِنَا	Noun		wealth	1
بِأَمْوَالٍ	Noun		wealth	1
مَالًا	Noun		wealth	1
مَالِ	Interogative particle Interogative particle		what	2
مَالِيَهْ	Noun		wealth	1
أَوْلِيَاؤُكُمْ	Noun		allies	1
أَوْلِيَاؤُهُمُ	Noun		allies	1
أَوْلِيَائِكُمْ	Noun		allies	1
وَلِيُّكُمُ	Noun		allies	1
وَلِيُّهُ	Noun		allies	1
وَلِيُّهُمَا	Noun		allies	1
وَلِيُّهُمُ	Noun		allies	1
وَلِيُّهُمْ	Noun		allies	1
فَبِهُدَاهُمُ	Noun		guidance	1
لَهُدًى	Noun		guidance	1
هُدَاهَا	Noun		guidance	1
وَالْهُدَىٰ	Noun		guidance	1
الْفَضْلُ	Noun		his bounty	1
بِفَضْلِ	Noun		his bounty	1
فَضْلِ	Noun		his bounty	1
أَصَلَاتُكَ	Noun		the prayer	1
بِصَلَاتِكَ	Noun		the prayer	1
صَلَاتَكَ	Noun		the prayer	1
صَلَاتَهُ	Noun		the prayer	1
صَلَاتِي	Noun		the prayer	1
صَلَوَاتٌ	Noun		the prayer	1
لِلصَّلَاةِ	Noun		the prayer	1
وَصَلَوَاتٌ	Noun		the prayer	1
وَصَلَوَاتِ	Noun		the prayer	1
لَيْلَهَا	Noun		the night	1
وَبِاللَّيْلِ	Noun		the night	1
وَلَيَالٍ	Noun		the night	1
بَنُو	Noun		children	1
بَنِيهِ	Noun		children	1
بِبَنِيهِ	Noun		children	1
لِبَنِيهِ	Noun		children	1
وَالْبَنِينَ	Noun		children	1
وَبَنِينَ	Noun		children	1
وَبَنِيهِ	Noun		children	1
وَبَنِيَّ	Noun		children	1
الشَّيَاطِينِ	Proper noun		The shaitaan	1
لِلشَّيَاطِينِ	Proper noun		The shaitaan	1
لِلشَّيْطَانِ	Proper noun		The shaitaan	1
وَمَا	Negative particle Negative particle Negative particle Negative particle Negative particle		and not	446
أَصْحَابَ	Noun		companions	1
أَصْحَابِهِمْ	Noun		companions	1
بِأَصْحَابِ	Noun		companions	1
فَأَصْحَابُ	Noun		companions	1
لِأَصْحَابِ	Noun		companions	1
وَأَصْحَابُ	Noun		companions	1
أَكْثَرُ	Noun		most of them	1
لِأَكْثَرِهِمْ	Noun		most of them	1
وَأَكْثَرَ	Noun		most of them	1
وَأَكْثَرُ	Noun		most of them	1
حَيَاةً	Noun		the life	1
حَيَاتِكُمُ	Noun		the life	1
لِحَيَاتِي	Noun		the life	1
وَالْحَيَاةَ	Noun		the life	1
بِالذِّكْرِ	Noun		a reminder	1
ذِكْرَكَ	Noun		a reminder	1
ذِكْرُكُمْ	Noun		a reminder	1
كَذِكْرِكُمْ	Noun		a reminder	1
لَذِكْرٌ	Noun		a reminder	1
لِذِكْرِ	Noun		a reminder	1
لِذِكْرِي	Noun		a reminder	1
وَالذِّكْرِ	Noun		a reminder	1
وَلَذِكْرُ	Noun		a reminder	1
أَزْوَاجَهُنَّ	Noun		pairs	1
أَزْوَاجُكُمْ	Noun		pairs	1
أَزْوَاجِ	Noun		pairs	1
الزَّوْجَيْنِ	Noun		pairs	1
زَوْجًا	Noun		pairs	1
زَوْجَكَ	Noun		pairs	1
زَوْجَهُ	Noun		pairs	1
زَوْجِهَا	Noun		pairs	1
لِأَزْوَاجِهِمْ	Noun		pairs	1
وَأَزْوَاجٌ	Noun		pairs	1
وَأَزْوَاجَهُمْ	Noun		pairs	1
وَأَزْوَاجُهُ	Noun		pairs	1
وَزَوْجِهِ	Noun		pairs	1
وَلِزَوْجِكَ	Noun		pairs	1
أَخَا	Noun		his brother	1
أَخُوكَ	Noun		his brother	1
بِأَخِيكَ	Noun		his brother	1
لِأَخِيهِ	Noun		his brother	1
وَأَخُوكَ	Noun		his brother	1
وَإِخْوَانُ	Noun		his brother	1
وَإِخْوَانُهُمْ	Noun		his brother	1
وَإِخْوَانِهِمْ	Noun		his brother	1
وَلِإِخْوَانِنَا	Noun		his brother	1
بِمِثْلِهِ	Noun		like	1
كَمِثْلِهِ	Noun		like	1
لِمِثْلِ	Noun		like	1
لِمِثْلِهِ	Noun		like	1
مِثْلَيْهَا	Noun		like	1
مِثْلَيْهِمْ	Noun		like	1
مِثْلُهُ	Noun		like	1
مِثْلِنَا	Noun		like	1
مِثْلِهَا	Noun		like	1
وَالنَّبِيِّ	Noun		the prophet	1
وَنَبِيًّا	Noun		the prophet	1
أَحَدٌ	Noun		anyone	1
أَحَدَ	Noun		anyone	1
أَحَدَنَا	Noun		anyone	1
أَحَدِهِمْ	Noun		anyone	1
كَأَحَدٍ	Noun		anyone	1
لِأَحَدِهِمَا	Noun		anyone	1
الْخَالِدُونَ	Noun		abide forever	1
الْخَالِدِينَ	Noun		abide forever	1
أَلِيمًا	Adjective		painful	1
الْأَلِيمُ	Adjective		painful	1
الْمُبِينِ	Noun		clear	1
وَأَنَاسِيَّ	Noun		man	1
عَمَلَهُمْ	Noun		their deeds	1
عَمَلِي	Noun		their deeds	1
وَالْعَمَلُ	Noun		their deeds	1
وَعَمَلِهِ	Noun		their deeds	1
بِوَجْهِهِ	Noun		their faces	1
لِوَجْهِ	Noun		their faces	1
وَجْهَهَا	Noun		their faces	1
وَجْهِهَا	Noun		their faces	1
وَيَوْمَئِذٍ	Time adverb		that day	1
إِبْرَاهِيمُ	Proper noun		Ibrahim	1
بِإِبْرَاهِيمَ	Proper noun		Ibrahim	1
لَإِبْرَاهِيمَ	Proper noun		Ibrahim	1
لِإِبْرَاهِيمَ	Proper noun		Ibrahim	1
لَقُرْآنٌ	Proper noun		The quran	1
وَقُرْآنٌ	Proper noun		The quran	1
بَعْدَهُ	Time adverb		after	1
بَعْدَهُنَّ	Time adverb		after	1
بَيْتِهَا	Noun		houses	1
بَيْتِهِ	Noun		houses	1
بُيُوتَنَا	Noun		houses	1
لَبَيْتُ	Noun		houses	1
لِبُيُوتِهِمْ	Noun		houses	1
وَالْبَيْتِ	Noun		houses	1
وَلِبُيُوتِهِمْ	Noun		houses	1
الْأَيْمَانَ	Noun		the right	1
لِأَيْمَانِكُمْ	Noun		the right	1
وَأَيْمَانِهِمْ	Noun		the right	1
يَمِينٍ	Noun		the right	1
آبَاءِ	Noun		our forefathers	1
آبَاؤُنَا	Noun		our forefathers	1
آبَائِي	Noun		our forefathers	1
لِآبَائِهِمْ	Noun		our forefathers	1
وَأُمَمٌ	Noun		nation	1
أَبْنَاءَنَا	Noun		son	1
أَبْنَاءُ	Noun		son	1
ابْنَكَ	Noun		son	1
ابْنَهُ	Noun		son	1
ابْنَيْ	Noun		son	1
ابْنِي	Noun		son	1
لِابْنِهِ	Noun		son	1
وَأَبْنَاؤُكُمْ	Noun		son	1
وَأَبْنَائِنَا	Noun		son	1
وَابْنَهَا	Noun		son	1
يَا ابْنَ أُمَّ	Noun		son	1
أَعِزَّةَ	Noun		the all-mighty	1
الْمَاءُ	Noun		water	1
وَمَاءٍ	Noun		water	1
فَالصَّالِحَاتُ	Noun		righteous deeds	1
الْعُلَمَاءُ	Noun		all-knower	1
عُلَمَاءُ	Noun		all-knower	1
لَعَلِيمٌ	Noun		all-knower	1
غَفُورًا	Adjective Adjective		oft-forgiving	26
أُولَاهُمَا	Noun		the former	1
أُولَاهُمْ	Noun		the former	1
الْأُولَىٰ	Adjective Adjective		the former	7
لِأَوَّلِ	Noun		the former	1
لِأَوَّلِنَا	Noun		the former	1
لِأُولَاهُمْ	Noun		the former	1
وَالْأَوَّلِينَ	Noun		the former	1
وَصَالِحُ	Noun		the righteous	1
صَادِقَ	Noun		truthful	1
لَصَادِقٌ	Noun		truthful	1
النِّسَاءِ	Noun		the women	1
وَنِسَاءَكُمْ	Noun		the women	1
وَنِسَاءَنَا	Noun		the women	1
وَنِسَاءِ	Noun		the women	1
النَّذِيرُ	Noun		a warner	1
النُّذُرِ	Noun		a warner	1
نَذِيرًا	Noun		a warner	1
نَذِيرِ	Noun		a warner	1
وَالنُّذُرُ	Noun		a warner	1
الْأَعْيُنِ	Noun		their eyes	1
الْعُيُونِ	Noun		their eyes	1
بِالْعَيْنِ	Noun		their eyes	1
عَيْنَاهُ	Noun		their eyes	1
عَيْنَيْنِ	Noun		their eyes	1
عَيْنِي	Noun		their eyes	1
وَأَعْيُنُهُمْ	Noun		their eyes	1
وَالْعَيْنَ	Noun		their eyes	1
الْقَرْيَتَيْنِ	Noun		a town	1
قَرْيَةٌ	Noun		a town	1
قَرْيَتِنَا	Noun		a town	1
وَلَٰكِنَّهُ	Accusative particle		but	1
وَلَٰكِنَّهُمْ	Accusative particle		but	1
نَهَارٍ	Noun		the day	1
وَالنَّهَارَ	Noun		the day	1
أَوْلَادَكُمْ	Noun		a son	1
بِوَلَدِهَا	Noun		a son	1
بِوَلَدِهِ	Noun		a son	1
وَأَوْلَادُهُمْ	Noun		a son	1
وَلَدِهِ	Noun		a son	1
وَوَلَدُهُ	Noun		a son	1
بَيِّنَةُ	Noun		with clear proofs	1
بِبَيِّنَةٍ	Noun		with clear proofs	1
وَبَيِّنَاتٍ	Noun		with clear proofs	1
الرِّزْقِ	Noun		provision	1
لَرِزْقُنَا	Noun		provision	1
وَرِزْقُ	Noun		provision	1
بِنَهَرٍ	Noun		the rivers	1
نَهَرًا	Noun		the rivers	1
وَنَهَرٍ	Noun		the rivers	1
جَمِيعٌ	Noun		all	1
لَجَمِيعٌ	Noun		all	1
أَجَلَنَا	Noun		a term	1
أَجَلَهُ	Noun		a term	1
الْأَجَلَ	Noun		a term	1
الْأَجَلَيْنِ	Noun		a term	1
الْخَلْقِ	Noun		creation	1
بِالْخَلْقِ	Noun		creation	1
بِخَلْقٍ	Noun		creation	1
بِخَلْقِهِنَّ	Noun		creation	1
خَلْقَهُمْ	Noun		creation	1
كَخَلْقِهِ	Noun		creation	1
لَخَلْقُ	Noun		creation	1
لِخَلْقِ	Noun		creation	1
سُوءًا	Noun		evil	1
سُوءُ	Noun		evil	1
وَالسُّوءَ	Noun		evil	1
مَوْتِكُمْ	Noun		death	1
أَفَبِنِعْمَةِ	Noun		favor	1
بِأَنْعُمِ	Noun		favor	1
بِنِعْمَتِهِ	Noun		favor	1
لِأَنْعُمِهِ	Noun		favor	1
نِعَمَهُ	Noun		favor	1
نِعْمَةُ	Noun		favor	1
نِعْمَتَ	Noun		favor	1
وَبِنِعْمَةِ	Noun		favor	1
وَبِنِعْمَتِ	Noun		favor	1
وَنِعْمَةً	Noun		favor	1
الْأَعْدَاءَ	Noun		an enemy	1
الْعَدُوُّ	Noun		an enemy	1
بِأَعْدَائِكُمْ	Noun		an enemy	1
عَدُوِّهِمْ	Noun		an enemy	1
عَدُوِّي	Noun		an enemy	1
وَعَدُوٌّ	Noun		an enemy	1
غَيْبِهِ	Noun		the unseen	1
لِلْغَيْبِ	Noun		the unseen	1
وَعْدَكَ	Noun		promise	1
وَعْدِهِ	Noun		promise	1
أَبْصَارَهُمْ	Noun		the vision	1
أَبْصَارُ	Noun		the vision	1
أَبْصَارُكُمْ	Noun		the vision	1
أَبْصَارُنَا	Noun		the vision	1
بَصَرِهِ	Noun		the vision	1
بِأَبْصَارِهِمْ	Noun		the vision	1
فَبَصَرُكَ	Noun		the vision	1
وَأَبْصَارَكُمْ	Noun		the vision	1
وَأَبْصَارَهُمْ	Noun		the vision	1
وَالْأَبْصَارُ	Noun		the vision	1
تَحْتِهِمْ	Noun		underneath it	1
تَحْتِي	Noun		underneath it	1
الدَّارِ	Noun		their homes	1
الدِّيَارِ	Noun		their homes	1
دَارِكُمْ	Noun		their homes	1
دِيَارِنَا	Noun		their homes	1
وَبِدَارِهِ	Noun		their homes	1
وَدِيَارَهُمْ	Noun		their homes	1
وَلَدَارُ	Noun		their homes	1
وَلَلدَّارُ	Noun		their homes	1
الْمُلْكُ	Noun		dominion	1
بِالْمُلْكِ	Noun		dominion	1
مُلْكِهِ	Noun		dominion	1
سَاعَةِ	Noun		the hour	1
لِلسَّاعَةِ	Noun		the hour	1
أَبًا	Noun		o my father	1
أَبَا	Noun		o my father	1
أَبَاهُ	Noun		o my father	1
أَبُوهُمْ	Noun		o my father	1
وَأَبُونَا	Noun		o my father	1
وَأَبِيهِ	Noun		o my father	1
وَأُولَاتُ	Noun		men	1
وَأُولِي	Noun		men	1
إِيمَانَهُ	Noun		faith	1
إِيمَانِهِ	Noun		faith	1
الْإِيمَانِ	Noun		faith	1
بِإِيمَانِكُمْ	Noun		faith	1
بِإِيمَانِهِمْ	Noun		faith	1
بِإِيمَانِهِنَّ	Noun		faith	1
صِرَاطَكَ	Noun		a path	1
صِرَاطِي	Noun		a path	1
قَبْلَهُ	Time adverb		before	1
قَبْلِي	Noun Noun		before	2
آخَرَانِ	Noun		and others	1
أُخْرَاكُمْ	Noun		and others	1
أُخْرَاهُمْ	Noun		and others	1
فَآخَرَانِ	Noun		and others	1
لِأُخْرَاهُمْ	Noun		and others	1
وَآخَرَ	Noun		and others	1
صَدْرًا	Noun		the breasts	1
الْقَدِيرُ	Noun		all-powerful	1
لَقَدِيرٌ	Noun		all-powerful	1
الْمُجْرِمُ	Noun		the criminals	1
الْمُجْرِمُونَ	Noun		the criminals	1
كَالْمُجْرِمِينَ	Noun		the criminals	1
لِلْمُجْرِمِينَ	Noun		the criminals	1
مُجْرِمًا	Noun		the criminals	1
مُجْرِمِيهَا	Noun		the criminals	1
لَمُشْرِكُونَ	Noun		the polytheists	1
مُشْرِكٌ	Noun		the polytheists	1
مُشْرِكٍ	Noun		the polytheists	1
وَإِسْرَائِيلَ	Proper noun		Israel	1
بِحَمْدِكَ	Noun		all praise	1
فَقَلِيلًا	Noun		a little	1
قَلِيلٍ	Noun		a little	1
بِنُورِ	Noun		light	1
لِنُورِهِ	Noun		light	1
نُورَ	Noun		light	1
نُورَنَا	Noun		light	1
نُورِكُمْ	Noun		light	1
وَنُورُهُمْ	Noun		light	1
جَزَاؤُكُمْ	Noun		a reward	1
فَجَزَاءٌ	Noun		a reward	1
فَجَزَاؤُهُ	Noun		a reward	1
فَلَسَوْفَ	Future particle		then soon	1
لَسَوْفَ	Future particle		then soon	1
وَلَسَوْفَ	Future particle		then soon	1
لِكَثِيرٍ	Noun		many	1
أَبْحُرٍ	Noun		the sea	1
بَحْرٍ	Noun		the sea	1
فَسَلَامٌ	Noun		peace	1
وَسَلَامًا	Noun		peace	1
بِشُرَكَائِهِمْ	Noun		partners	1
شُرَكَاؤُنَا	Noun		partners	1
لِشُرَكَائِنَا	Noun		partners	1
لِشُرَكَائِهِمْ	Noun		partners	1
شَهِيدَيْنِ	Noun		a witness	1
لَشَهِيدٌ	Noun		a witness	1
وَشَهِيدٌ	Noun		a witness	1
الْوَيْلُ	Noun		woe	1
يَا وَيْلَتَنَا	Noun		woe	1
يَا وَيْلَتَىٰ	Noun		woe	1
إِذْنِهِ	Noun		by (the) permission	1
فَبِإِذْنِ	Noun		by (the) permission	1
أَسْمَائِهِ	Noun		name	1
اسْمُ	Noun		name	1
الِاسْمُ	Noun		name	1
الْأَسْمَاءُ	Noun		name	1
بِأَسْمَاءِ	Noun		name	1
جِبَالٍ	Noun		the mountains	1
كَالْجِبَالِ	Noun		the mountains	1
لِلْجَبَلِ	Noun		the mountains	1
يَا جِبَالُ	Noun		the mountains	1
سَمِيعًا	Noun		all-hearing	1
وَالسَّمِيعِ	Noun		all-hearing	1
حِسَابَهُ	Noun		account	1
حِسَابُهُ	Noun		account	1
حِسَابِكَ	Noun		account	1
ضَلَالِكَ	Noun		error	1
وَالضَّلَالِ	Noun		error	1
أَعِزَّةٍ	Adjective		the all-mighty	1
أَبَشَرًا	Noun		a man	1
أَبَشَرٌ	Noun		a man	1
لِبَشَرَيْنِ	Noun		a man	1
الذَّنْبِ	Noun		your sins	1
بِذَنْبِهِ	Noun		your sins	1
بِذَنْبِهِمْ	Noun		your sins	1
بِذُنُوبِكُمْ	Noun		your sins	1
ذَنْبٌ	Noun		your sins	1
ذَنْبٍ	Noun		your sins	1
ذَنْبِهِ	Noun		your sins	1
سُلْطَانُهُ	Noun		an authority	1
سُلْطَانِيَهْ	Noun		an authority	1
بِكُفْرِكَ	Noun		disbelief	1
وَبِكُفْرِهِمْ	Noun		disbelief	1
وَكُفْرًا	Noun		disbelief	1
وَكُفْرِهِمْ	Noun		disbelief	1
سَيِّئَاتِنَا	Noun		the evil deeds	1
وَالسَّيِّئَاتِ	Noun		the evil deeds	1
شِدَادٌ	Adjective		severe	1
إِثْمُهُ	Noun		sin	1
الْإِثْمَ	Noun		sin	1
الْإِثْمِ	Noun		sin	1
بِإِثْمِي	Noun		sin	1
لِإِثْمٍ	Noun		sin	1
وَإِثْمُهُمَا	Noun		sin	1
وَإِثْمِكَ	Noun		sin	1
وَالْإِثْمَ	Noun		sin	1
أَحْسَنَهُ	Noun		best	1
بِأَحْسَنَ	Noun		best	1
بِأَحْسَنِهَا	Noun		best	1
وَأَحْسَنَ	Noun		best	1
أَيُّنَا	Interogative particle		so which	1
بِأَيِّ	Interogative particle		so which	1
فَبِأَيِّ	Noun Noun		so which	17
فَمَتَاعُ	Noun		enjoyment	1
مَتَاعٍ	Noun		enjoyment	1
مَتَاعَنَا	Noun		enjoyment	1
مَتَاعَهُمْ	Noun		enjoyment	1
مَتَاعِنَا	Noun		enjoyment	1
وَأَمْتِعَتِكُمْ	Noun		enjoyment	1
وَمَتَاعًا	Noun		enjoyment	1
أُمِّهَا	Noun		your mothers	1
فَأُمُّهُ	Noun		your mothers	1
وَأُمَّهَاتُ	Noun		your mothers	1
وَأُمَّهَاتُكُمُ	Noun		your mothers	1
وَأُمِّيَ	Noun		your mothers	1
فِتْنَةَ	Noun		a trial	1
فِتْنَتَهُ	Noun		a trial	1
فِتْنَتُهُمْ	Noun		a trial	1
لَمُرْسَلُونَ	Noun		the messengers	1
مُرْسَلًا	Noun		the messengers	1
مُرْسَلٌ	Noun		the messengers	1
وَمَرْيَمَ	Proper noun		Maryam	1
مَعْرُوفٌ	Noun		in a fair manner	1
لِمَنْ	Relative pronoun Relative pronoun		who	53
لَمَيِّتُونَ	Noun		the dead	1
وَأَمْوَاتًا	Noun		the dead	1
وَالْمَوْتَىٰ	Noun		the dead	1
أَنْصَارًا	Noun		any helper	1
أَنْصَارُ	Noun		any helper	1
النَّصِيرُ	Noun		any helper	1
وَنَصِيرًا	Noun		any helper	1
شَمْسًا	Noun		the sun	1
وَالشَّمْسِ	Noun		the sun	1
فَرِيقَانِ	Noun		a party	1
فَفَرِيقًا	Noun		a party	1
لَفَرِيقًا	Noun		a party	1
كَذِبٍ	Noun		a lie	1
كَذِبُهُ	Noun		a lie	1
أَنْعَامَكُمْ	Noun		the cattle	1
أَنْعَامُهُمْ	Noun		the cattle	1
بِأَنْعَامٍ	Noun		the cattle	1
زَكَاةً	Noun		the zakah	1
لِلزَّكَاةِ	Noun		the zakah	1
وَزَكَاةً	Noun		the zakah	1
عَاقِبَتَهُمَا	Noun		end	1
كَبِيرًا	Noun Noun		great	3
كَبِيرٍ	Adjective		great	1
وَالْبَصِيرِ	Noun		all-seer	1
كَاذِبَةٌ	Noun		the liars	1
أَفَحُكْمَ	Noun		judgment	1
بِحُكْمِهِ	Noun		judgment	1
حُكْمُ	Noun		judgment	1
حُكْمِهِ	Noun		judgment	1
فَالْحُكْمُ	Noun		judgment	1
فَحُكْمُهُ	Noun		judgment	1
لِحُكْمِهِ	Noun		judgment	1
لِحُكْمِهِمْ	Noun		judgment	1
خَيْرٍ	Noun Noun		better	33
أَشَرٌّ	Noun		evil	1
الْأَشْرَارِ	Noun		evil	1
شَرُّهُ	Noun		evil	1
لَشَرَّ	Noun		evil	1
الْقُوَّةَ	Noun		strength	1
الْقُوَّةِ	Noun		strength	1
قُوَّةٍ	Noun		strength	1
قُوَّتِكُمْ	Noun		strength	1
الْمَلَأُ	Noun		the chiefs	1
لِلْمَلَإِ	Noun		the chiefs	1
وَمَلَئِهِمْ	Noun		the chiefs	1
الْجُنُودِ	Noun		hosts	1
بِالْجُنُودِ	Noun		hosts	1
بِجُنُودِهِ	Noun		hosts	1
جُنُودُهُ	Noun		hosts	1
جُنْدٍ	Noun		hosts	1
جُنْدَنَا	Noun		hosts	1
وَجُنُودًا	Noun		hosts	1
وَجُنُودُ	Noun		hosts	1
رَجُلًا	Noun		a man	1
فَرَجُلٌ	Noun		a man	1
وَرَجُلًا	Noun		a man	1
الرِّيحَ	Noun		the winds	1
رِيحَ	Noun		the winds	1
رِيحُكُمْ	Noun		the winds	1
عَرْشٌ	Noun		the throne	1
عَرْشَ	Noun		the throne	1
عَرْشُكِ	Noun		the throne	1
عَرْشُهُ	Noun		the throne	1
الْعَهْدُ	Noun		the covenant	1
بِعَهْدِكُمْ	Noun		the covenant	1
بِعَهْدِهِ	Noun		the covenant	1
عَهْدُ	Noun		the covenant	1
وَبِعَهْدِ	Noun		the covenant	1
كَأَنَّكَ	Accusative particle		as if they	1
أَنْبَائِكُمْ	Noun		news	1
أَنْبَائِهَا	Noun		news	1
نَبَأٌ	Noun		news	1
نَبَأَهُ	Noun		news	1
نَبَأَهُمْ	Noun		news	1
أَشَدِّ	Noun		stronger	1
لِحَدِيثٍ	Noun		statement	1
ذُرِّيَّةٌ	Noun		offspring	1
ذُرِّيَّةَ	Noun		offspring	1
ذُرِّيَّةِ	Noun		offspring	1
ذُرِّيَّتِنَا	Noun		offspring	1
وَذُرِّيَّةً	Noun		offspring	1
وَذُرِّيَّتَهَا	Noun		offspring	1
وَذُرِّيَّتَهُ	Noun		offspring	1
بِرِجَالٍ	Noun		men	1
فَرِجَالًا	Noun		men	1
وَلِلرِّجَالِ	Noun		men	1
أَسِحْرٌ	Noun		magic	1
أَفَسِحْرٌ	Noun		magic	1
بِسِحْرٍ	Noun		magic	1
بِسِحْرِكَ	Noun		magic	1
بِسِحْرِهِ	Noun		magic	1
بِسِحْرِهِمَا	Noun		magic	1
سِحْرَانِ	Noun		magic	1
سِحْرِهِمْ	Noun		magic	1
لَسِحْرٌ	Noun		magic	1
الْكَرِيمُ	Adjective		noble	1
كَلِمَةُ	Noun		a word	1
كَلِمَتُنَا	Noun		a word	1
وَكَلِمَةُ	Noun		a word	1
وَكَلِمَتُهُ	Noun		a word	1
الْمَسَاجِدَ	Noun		al-masjid	1
الْمَسَاجِدِ	Noun		al-masjid	1
الْمَسْجِدَ	Noun		al-masjid	1
وَمَسَاجِدُ	Noun		al-masjid	1
مَصِيرَكُمْ	Noun		the destination	1
وَمَصِيرًا	Noun		the destination	1
الْمَغْفِرَةِ	Noun		forgiveness	1
بِالْمَغْفِرَةِ	Noun		forgiveness	1
بِمَغْفِرَةٍ	Noun		forgiveness	1
لَمَغْفِرَةٌ	Noun		forgiveness	1
وَالْمَغْفِرَةِ	Noun		forgiveness	1
وَمَغْفِرَةٌ	Noun		forgiveness	1
أَبْوَابًا	Noun		gates	1
أَبْوَابِهَا	Noun		gates	1
الْأَبْوَابَ	Noun		gates	1
الْأَبْوَابُ	Noun		gates	1
الْغَافِلِينَ	Noun		unaware	1
لَغَافِلُونَ	Noun		unaware	1
قَلِيلٍ	Noun Noun		a little	1
لِلْقَمَرِ	Noun		and the moon	1
وَالْقَمَرِ	Noun		and the moon	1
وَقَمَرًا	Noun		and the moon	1
أَكُفَّارُكُمْ	Noun		the disbelievers	1
كَافِرٍ	Noun		the disbelievers	1
مُنَافِقُونَ	Noun		the hypocrites	1
بِيُوسُفَ	Proper noun		Yusuf	1
لَيُوسُفُ	Proper noun		Yusuf	1
لِيُوسُفَ	Proper noun		Yusuf	1
وَيُوسُفَ	Proper noun		Yusuf	1
آخَرِينَ	Noun Noun		and others	2
أُخْرَىٰ	Noun Noun		and others	10
امْرَأَتَيْنِ	Noun		wife	1
لِامْرَأَتِهِ	Noun		wife	1
وَامْرَأَةً	Noun		wife	1
وَامْرَأَتَانِ	Noun		wife	1
وَامْرَأَتِي	Noun		wife	1
وَالْبَاطِلَ	Noun		the falsehood	1
ثَمُودُ	Proper noun		Thamud	1
لِثَمُودَ	Proper noun		Thamud	1
وَجَحِيمًا	Noun		the hellfire	1
خَوْفًا	Noun		fear	1
خَوْفِهِمْ	Noun		fear	1
وَالْخَوْفِ	Noun		fear	1
وَسَوَاءٌ	Noun		same	1
بِكَيْدِهِنَّ	Noun		a plot	1
كَيْدَ	Noun		a plot	1
كَيْدَكُمْ	Noun		a plot	1
كَيْدَهُمْ	Noun		a plot	1
وَمَاذَا	Interogative particle		what	1
وَآلُ	Noun		people	1
آدَمُ	Proper noun		Adam	1
وَيَا آدَمُ	Proper noun		Adam	1
الْبَأْسَ	Noun		our punishment	1
الْبَأْسِ	Noun		our punishment	1
بَأْسًا	Noun		our punishment	1
بَأْسٌ	Noun		our punishment	1
بَأْسَكُمْ	Noun		our punishment	1
بَأْسُهُ	Noun		our punishment	1
بَأْسُهُمْ	Noun		our punishment	1
بَأْسِ	Noun		our punishment	1
بَأْسِكُمْ	Noun		our punishment	1
بِعِيسَى	Proper noun		Isa	1
فَوْقِ	Noun		above them	1
فَوْقِهَا	Noun		above them	1
وَفَوْقَ	Noun		above them	1
أَلْسِنَتُكُمُ	Noun		their tongues	1
أَلْسِنَتِكُمْ	Noun		their tongues	1
بِأَلْسِنَةٍ	Noun		their tongues	1
بِأَلْسِنَتِكُمْ	Noun		their tongues	1
بِأَلْسِنَتِهِمْ	Noun		their tongues	1
بِلِسَانٍ	Noun		their tongues	1
بِلِسَانِ	Noun		their tongues	1
لِسَانٌ	Noun		their tongues	1
لِسَانَكَ	Noun		their tongues	1
وَأَلْسِنَتَهُمْ	Noun		their tongues	1
وَلِسَانًا	Noun		their tongues	1
مَكَانٍ	Noun		a place	1
مَكَانَكُمْ	Noun		a place	1
الْمِيثَاقَ	Noun		a covenant	1
بِمِيثَاقِهِمْ	Noun		a covenant	1
وَمِيثَاقَهُ	Noun		a covenant	1
الْأُنْثَىٰ	Noun		female	1
كَالْأُنْثَىٰ	Noun		female	1
وَأُنْثَىٰ	Noun		female	1
وَإِنَاثًا	Noun		female	1
أَيًّا	Noun		so which	1
أَيُّكُمْ	Interogative particle Interogative particle		so which	4
أَيِّ	Noun		so which	1
بِأَيِّ	Interogative particle Interogative particle		so which	1
لِأَيِّ	Noun		so which	1
إِيَّاكَ	Personal pronoun		him alone	1
وَإِيَّاكَ	Personal pronoun		him alone	1
وَإِيَّاهُمْ	Personal pronoun		him alone	1
طَعَامٌ	Noun		food	1
طَعَامِكَ	Noun		food	1
طَعَامِهِ	Noun		food	1
وَطَعَامًا	Noun		food	1
وَطَعَامُ	Noun		food	1
وَطَعَامُكُمْ	Noun		food	1
وَطَعَامُهُ	Noun		food	1
الظَّالِمِ	Adjective		the wrongdoers	1
عَادٌ	Proper noun		Aad	1
وَعَادًا	Proper noun		Aad	1
فَاسِقٌ	Noun		the defiantly disobedient	1
لَفَاسِقِينَ	Noun		the defiantly disobedient	1
لِقَائِهِ	Noun		meeting	1
مُسْلِمًا	Noun		muslims	1
مُسْلِمَيْنِ	Noun		muslims	1
بَيْنِي	Location adverb Location adverb		between them	10
أَحْيَاءً	Noun		the living	1
أَحْيَاءٍ	Noun		the living	1
لِلْحَيِّ	Noun		the living	1
ذِكْرَاهَا	Noun		and a reminder	1
ذِكْرَاهُمْ	Noun		and a reminder	1
ذِكْرَى	Noun		and a reminder	1
الشَّهَادَةَ	Noun		and the witnessed	1
شَهَادَتُهُمْ	Noun		and the witnessed	1
شَهَادَتِهِمَا	Noun		and the witnessed	1
فَشَهَادَةُ	Noun		and the witnessed	1
لَشَهَادَتُنَا	Noun		and the witnessed	1
لِلشَّهَادَةِ	Noun		and the witnessed	1
وَقُرُونًا	Noun		the generations	1
فَمَا	Negative particle Negative particle Negative particle Negative particle		and not	42
مُسْتَقِيمٍ	Adjective Adjective		straight	11
وَاللَّاتِي	Conditional particle		those who	1
وَالَّذِينَ	Relative pronoun Relative pronoun		those who	169
فَإِمَّا	Explanation particle		or	1
أَدْعِيَاءَكُمْ	Noun		the call	1
أَدْعِيَائِهِمْ	Noun		the call	1
بِدُعَاءِ	Noun		the call	1
بِدُعَائِكَ	Noun		the call	1
دُعَاءً	Noun		the call	1
دُعَاءٍ	Noun		the call	1
دُعَاءَ	Noun		the call	1
دُعَاءَكُمْ	Noun		the call	1
دُعَاءَهُ	Noun		the call	1
دُعَاؤُكُمْ	Noun		the call	1
دُعَائِهِمْ	Noun		the call	1
دُعَائِي	Noun		the call	1
كَدُعَاءِ	Noun		the call	1
السَّاحِرُ	Noun		the magicians	1
لَسَاحِرَانِ	Noun		the magicians	1
سَمْعًا	Noun		the hearing	1
سَمْعِهِ	Noun		the hearing	1
لِلسَّمْعِ	Noun		the hearing	1
وَسَمْعِهِمْ	Noun		the hearing	1
كَظُلُمَاتٍ	Noun		the darkness[es]	1
فَمَأْوَاهُمُ	Noun		their abode	1
مَأْوَاكُمُ	Noun		their abode	1
وَمَأْوَاهُمُ	Noun		their abode	1
لِمَسَاكِينَ	Noun		and the needy	1
مِسْكِينٌ	Noun		and the needy	1
مِسْكِينٍ	Noun		and the needy	1
بِنَصْرِ	Noun		help	1
نَصْرَكُمْ	Noun		help	1
نَصْرَهُمْ	Noun		help	1
نَصْرُ	Noun		help	1
نَصْرِهِمْ	Noun		help	1
بِوَاحِدَةٍ	Noun		one	1
فَوَاحِدَةً	Noun		one	1
الْبَرُّ	Noun		the land	1
لِلْأَبْرَارِ	Noun		the land	1
الرُّوحَ	Noun		our spirit	1
بِالرُّوحِ	Noun		our spirit	1
بِرُوحٍ	Noun		our spirit	1
رُوحًا	Noun		our spirit	1
رُوحُ	Noun		our spirit	1
رُوحِهِ	Noun		our spirit	1
وَرُوحٌ	Noun		our spirit	1
السَّيِّئَةِ	Noun		the evil	1
سَيِّئَةٍ	Noun		the evil	1
الشُّهُورِ	Noun		months	1
الْأَشْهُرُ	Noun		months	1
بِالشَّهْرِ	Noun		months	1
شَهْرُ	Noun		months	1
وَالشَّهْرَ	Noun		months	1
الطَّيِّبَاتِ	Noun		the good things	1
طَيِّبَاتِكُمْ	Noun		the good things	1
لِلطَّيِّبَاتِ	Noun		the good things	1
وَالطَّيِّبَاتُ	Noun		the good things	1
وَالطَّيِّبَاتِ	Noun		the good things	1
الظُّنُونَا	Noun		assumption	1
ظَنَّ	Verb Verb		to think, to assume, to guess	3
ظَنَّهُ	Noun		assumption	1
ظَنُّكُمُ	Noun		assumption	1
ظَنُّكُمْ	Noun		assumption	1
الْمُفْسِدَ	Noun		the corrupters	1
الْمُفْسِدُونَ	Noun		the corrupters	1
كَالْمُفْسِدِينَ	Noun		the corrupters	1
مُكَذِّبِينَ	Noun		to the deniers	1
وَالْمُكَذِّبِينَ	Noun		to the deniers	1
نَصِيبٍ	Noun		a portion	1
نَصِيبَكَ	Noun		a portion	1
نَصِيبُهُمْ	Noun		a portion	1
لِلْيَتَامَىٰ	Noun		the orphans	1
وَيَتِيمًا	Noun		the orphans	1
يَتَامَى	Noun		the orphans	1
الْأَحْزَابُ	Noun		party	1
الْحِزْبَيْنِ	Noun		party	1
حِزْبٍ	Noun		party	1
حِزْبَهُ	Noun		party	1
وَالْأَحْزَابُ	Noun		party	1
حِسَانٌ	Adjective		good	1
حِسَانٍ	Adjective		good	1
وَحِكْمَةٍ	Noun		and the wisdom	1
أَشِدَّاءُ	Noun		severe	1
ظُلْمِهِمْ	Noun		injustice	1
فَبِظُلْمٍ	Noun		injustice	1
لَظُلْمٌ	Noun		injustice	1
وَظُلْمًا	Noun		injustice	1
الْأَغْنِيَاءِ	Noun		free of need	1
لَغَنِيٌّ	Noun		free of need	1
يَا هَارُونُ	Proper noun		Harun	1
أَوَّلَ	Noun Noun Noun		the former	25
الزِّينَةِ	Noun		adornment	1
بِزِينَةٍ	Noun		adornment	1
زِينَةً	Noun		adornment	1
زِينَةِ	Noun		adornment	1
زِينَتَكُمْ	Noun		adornment	1
زِينَتِهِ	Noun		adornment	1
وَزِينَةً	Noun		adornment	1
وَزِينَةٌ	Noun		adornment	1
وَزِينَتَهَا	Noun		adornment	1
وَشَاهِدٍ	Noun		the witnesses	1
شَجَرَةً	Noun		tree	1
شَجَرَتَهَا	Noun		tree	1
وَالشَّجَرَةَ	Noun		tree	1
وَشَجَرَةً	Noun		tree	1
لِلصَّابِرِينَ	Noun		the patient ones	1
الضُّرِّ	Noun		the adversity	1
ضُرَّهُ	Noun		the adversity	1
ضُرِّهِ	Noun		the adversity	1
طَيْرٍ	Noun		the birds	1
بِمَكْرِهِنَّ	Noun		a plot	1
لَمَكْرٌ	Noun		a plot	1
مَكْرُهُمْ	Noun		a plot	1
مَكْرِهِمْ	Noun		a plot	1
وَمَكْرَ	Noun		a plot	1
وَمَكْرُ	Noun		a plot	1
آذَانِنَا	Noun		their ears	1
أُذُنٌ	Noun		their ears	1
أُذُنَيْهِ	Noun		their ears	1
بِالْأُذُنِ	Noun		their ears	1
وَالْأُذُنَ	Noun		their ears	1
كَالْأَعْمَىٰ	Noun		the blind	1
وَعُمْيَانًا	Noun		the blind	1
وَالْإِنْسَ	Noun		and the men	1
التَّوْرَاةِ	Proper noun		The taurat	1
وَالدَّوَابُّ	Noun		moving creature	1
وَالدَّوَابِّ	Noun		moving creature	1
أَدْبَارِكُمْ	Noun		their backs	1
دُبُرَهُ	Noun		their backs	1
وَأَدْبَارَ	Noun		their backs	1
الدَّرَجَاتُ	Noun		degrees	1
الدَّرَجَاتِ	Noun		degrees	1
دَرَجَةٌ	Noun		degrees	1
الذُّكْرَانَ	Noun		male	1
فَلِلذَّكَرِ	Noun		male	1
لِذُكُورِنَا	Noun		male	1
لِلذَّكَرِ	Noun		male	1
الرَّأْسُ	Noun		their heads	1
بِرَأْسِ	Noun		their heads	1
بِرَأْسِي	Noun		their heads	1
رَأْسِي	Noun		their heads	1
رُءُوسُ	Noun		their heads	1
رَيْبِهِمْ	Noun		doubt	1
الْعَالِمُونَ	Noun		knower	1
بِعَالِمِينَ	Noun		knower	1
لِلْعَالِمِينَ	Noun		knower	1
مُنْكَرًا	Noun		the wrong	1
مُنْكَرٍ	Noun		the wrong	1
لِلْمُؤْمِنَاتِ	Noun		and the believing women	1
مُؤْمِنَاتٌ	Noun		and the believing women	1
مُؤْمِنَاتٍ	Noun		and the believing women	1
أَقْرَبَهُمْ	Noun		nearer	1
لِأَقْرَبَ	Noun		nearer	1
وَأَقْرَبَ	Noun		nearer	1
أَهْوَاءَكُمْ	Noun		their desires	1
بِأَهْوَائِهِمْ	Noun		their desires	1
الْبُطُونَ	Noun		their bellies	1
بَطْنِي	Noun		their bellies	1
بِبَطْنِ	Noun		their bellies	1
بَنَاتِكَ	Noun		daughters	1
التُّرَابِ	Noun		dust	1
تَقْوَاهُمْ	Noun		righteousness	1
تَقْوَى	Noun		righteousness	1
وَتَقْوَاهَا	Noun		righteousness	1
الْحُرُمُ	Adjective		al-haraam	1
خَلْفَكَ	Noun		behind them	1
خَلْفَكُمْ	Noun		behind them	1
خَلْفَهُمْ	Location adverb Location adverb		behind them	3
لِسُلَيْمَانَ	Proper noun		Sulaiman	1
بِفَاحِشَةٍ	Noun		immorality	1
قَائِمُونَ	Noun		standing	1
قِيَامٍ	Noun		standing	1
وَالْقَائِمِينَ	Noun		standing	1
لَدُنِّي	Noun		yourself	1
لَدُنْ	Noun		yourself	1
الْمُهْتَدِينَ	Noun		the guided ones	1
نَعِيمًا	Noun		delight	1
وَنَعِيمٍ	Noun		delight	1
بَيِّنَةً	Adjective		clear	1
وَالثَّمَرَاتِ	Noun		fruits	1
حَرَامًا	Noun		al-masjid al-haraam	1
حَرَامٌ	Noun		al-masjid al-haraam	1
وَحَرَامٌ	Noun		al-masjid al-haraam	1
دَاوُودَ	Proper noun		Dawood	1
لِدَاوُودَ	Proper noun		Dawood	1
وَدَاوُودَ	Proper noun		Dawood	1
يَا دَاوُودُ	Proper noun		Dawood	1
وَسَعِيرًا	Noun		the blaze	1
سُنَنٌ	Noun		way	1
سُنَنَ	Noun		way	1
سُنَّةُ	Noun		way	1
سُنَّتُ	Noun		way	1
لِسُنَّتِنَا	Noun		way	1
عِظَامَهُ	Noun		and bones	1
الْأَفْئِدَةِ	Noun		hearts	1
الْفُؤَادُ	Noun		hearts	1
فُؤَادُ	Noun		hearts	1
وَأَفْئِدَةً	Noun		hearts	1
وَأَفْئِدَتُهُمْ	Noun		hearts	1
وَالْفُؤَادَ	Noun		hearts	1
فَوْقَهَا	Location adverb		above them	1
الْمَوَازِينَ	Noun		his scales	1
وَيَعْقُوبَ	Proper noun		And yaqub	1
بُشْرَاكُمُ	Noun		and glad tidings	1
يَا بُشْرَىٰ	Noun		and glad tidings	1
بَلَاغًا	Noun		the conveyance	1
لَبَلَاغًا	Noun		the conveyance	1
لَتَنْزِيلُ	Noun		a revelation	1
أَرْجُلٌ	Noun		their feet	1
أَرْجُلِكُمْ	Noun		their feet	1
بِرِجْلِكَ	Noun		their feet	1
رِجْلَيْنِ	Noun		their feet	1
شَكٌّ	Noun		doubt	1
صَبْرُكَ	Noun		patience	1
ظَهْرَكَ	Noun		their backs	1
ظَهْرِهِ	Noun		their backs	1
ظُهُورِكُمْ	Noun		their backs	1
وَظُهُورُهُمْ	Noun		their backs	1
قَرِيبًا	Noun Noun		near	2
الْقِسْطَ	Noun		in justice	1
أَفَكُلَّمَا	Time adverb		every time	1
أَوَكُلَّمَا	Time adverb		every time	1
وَكُلَّمَا	Time adverb		every time	1
الْمُصَدِّقِينَ	Noun		confirming	1
الْمِلَّةِ	Noun		religion	1
مِلَّتِكُمْ	Noun		religion	1
مُنْذِرِينَ	Noun		a warner	1
نَصْرَانِيًّا	Proper noun		And the christians	1
ابْتِغَاءِ	Noun		seeking	1
وَابْتِغَاؤُكُمْ	Noun		seeking	1
آثَارِ	Noun		their footsteps	1
آثَارِهِمَا	Noun		their footsteps	1
أَثَرِي	Noun		their footsteps	1
وَآثَارَهُمْ	Noun		their footsteps	1
أَخَوَاتِكُمْ	Noun		a sister	1
أُخْتُكَ	Noun		a sister	1
الْأُخْتَيْنِ	Noun		a sister	1
الْأُخْتِ	Noun		a sister	1
لِأُخْتِهِ	Noun		a sister	1
يَا أُخْتَ	Noun		a sister	1
أَلْفَيْنِ	Noun		a thousand	1
أُلُوفٌ	Noun		a thousand	1
بِأَلْفٍ	Noun		a thousand	1
كَأَلْفِ	Noun		a thousand	1
الْأَمِينُ	Adjective		trustworthy	1
بَلَدًا	Noun		city	1
لِبَلَدٍ	Noun		city	1
وَالْبَلَدُ	Noun		city	1
حُدُودَهُ	Noun		limits	1
وَحَمِيمٍ	Noun		scalding water	1
الْخَاشِعِينَ	Noun		humbled	1
خَاشِعَةً	Noun		humbled	1
وَالْخَاشِعَاتِ	Noun		humbled	1
وَالْخَاشِعِينَ	Noun		humbled	1
بِالشَّاكِرِينَ	Noun		the grateful ones	1
الصِّدْقِ	Noun		honor	1
بِصِدْقِهِمْ	Noun		honor	1
صِدْقًا	Noun		honor	1
صِدْقُهُمْ	Noun		honor	1
صِدْقِهِمْ	Noun		honor	1
الظِّلَّ	Noun		shades	1
ظِلَالُهَا	Noun		shades	1
ظِلَالُهُ	Noun		shades	1
ظِلًّا	Noun		shades	1
ظِلٍّ	Noun		shades	1
وَظِلَالُهُمْ	Noun		shades	1
وَظِلُّهَا	Noun		shades	1
عَدْلُ	Noun		just	1
وَعَدْلًا	Noun		just	1
الْغَضَبُ	Noun		wrath	1
غَضَبَ	Noun		wrath	1
وَغَضَبٌ	Noun		wrath	1
الْقَادِرُ	Noun		able	1
الْقَادِرُونَ	Noun		able	1
قَادِرُونَ	Noun		able	1
بِكَلِمَاتٍ	Noun		words	1
وَكَلِمَاتِهِ	Noun		words	1
فَلَعْنَةُ	Noun		the curse	1
لَعْنَتِي	Noun		the curse	1
يَا لَيْتَهَا	Accusative particle		o i wish	1
مَقَامٌ	Noun		standing	1
مَقَامٍ	Noun		standing	1
مَقَامَهُمَا	Noun		standing	1
مَقَامِكَ	Noun		standing	1
بِوَالِدَتِي	Noun		the parents	1
فَلِلْوَالِدَيْنِ	Noun		the parents	1
لِلْوَالِدَيْنِ	Noun		the parents	1
وَالِدٌ	Noun		the parents	1
وَالِدِهِ	Noun		the parents	1
وَوَالِدٍ	Noun		the parents	1
اثْنَا	Noun		two	1
اثْنَيْنِ	Noun		two	1
وَإِذًا	Surprise particle Surprise particle		then	3
وَأَكْبَرُ	Noun		greater	1
الثَّوَابُ	Noun		reward	1
ثَوَابًا	Noun		reward	1
جَمْعَهُ	Noun		the two hosts	1
جَمْعُكُمْ	Noun		the two hosts	1
جَمْعِهِمْ	Noun		the two hosts	1
حَافِظًا	Noun		guardians	1
حَافِظٌ	Noun		guardians	1
وَالْحَافِظُونَ	Noun		guardians	1
وَالْحَافِظِينَ	Noun		guardians	1
حَرْثٌ	Noun		harvest	1
حَرْثَكُمْ	Noun		harvest	1
حَرْثِكُمْ	Noun		harvest	1
حَرْثِهِ	Noun		harvest	1
وَالْحَرْثِ	Noun		harvest	1
وَحَرْثٌ	Noun		harvest	1
حُسْنُهُنَّ	Noun		good	1
لَحُسْنَ	Noun		good	1
وَحُسْنُ	Noun		good	1
الْحَوْلِ	Noun		around it	1
حَوْلَكُمْ	Noun		around it	1
حَوْلَهُمْ	Noun		around it	1
حَوْلِ	Noun		around it	1
حَوْلِهِمْ	Noun		around it	1
وَرِضْوَانًا	Noun		and pleasure	1
الصَّيْحَةَ	Noun		a shout	1
صَيْحَةٍ	Noun		a shout	1
غَالِبٌ	Noun		the victorious	1
غَالِبُونَ	Noun		the victorious	1
الْغُلَامُ	Noun		a boy	1
غِلْمَانٌ	Noun		a boy	1
لِغُلَامَيْنِ	Noun		a boy	1
الْقِتَالَ	Noun		fighting	1
الْقِتَالِ	Noun		fighting	1
لِقِتَالٍ	Noun		fighting	1
لِلْقِتَالِ	Noun		fighting	1
مَثْوَاكُمْ	Noun		an abode	1
مَثْوَاهُ	Noun		an abode	1
مَثْوَايَ	Noun		an abode	1
وَمَثْوَاكُمْ	Noun		an abode	1
مَرَضًا	Noun		a disease	1
الْمُلُوكَ	Noun		the king	1
مَلِكِ	Noun		the king	1
مُلُوكًا	Noun		the king	1
النَّجْمُ	Noun		the stars	1
وَالنَّجْمِ	Noun		the stars	1
وَبِالنَّجْمِ	Noun		the stars	1
الْإِحْسَانِ	Noun		good	1
وَالْإِحْسَانِ	Noun		good	1
أَرْحَامَكُمْ	Noun		the wombs	1
أَرْحَامُكُمْ	Noun		the wombs	1
أَرْحَامِهِنَّ	Noun		the wombs	1
الْأَرْحَامُ	Noun		the wombs	1
وَالْأَرْحَامَ	Noun		the wombs	1
وَالْأَصَمِّ	Noun		deaf	1
وَصُمًّا	Noun		deaf	1
أَئِمَّةَ	Noun		leaders	1
إِمَامٍ	Noun		leaders	1
بِإِمَامِهِمْ	Noun		leaders	1
لَبِإِمَامٍ	Noun		leaders	1
فَأَيْنَ	Interogative particle		where	1
الثَّلَاثَةِ	Noun		three	1
بِثَلَاثَةِ	Noun		three	1
حُنَفَاءَ	Noun		upright	1
طِينٍ	Noun		clay	1
عَامِلٍ	Noun		working	1
عَامِلُونَ	Noun		working	1
وَالْعَامِلِينَ	Noun		working	1
الْفَتْحُ	Noun		a victory	1
الْفَتْحِ	Noun		a victory	1
فَتْحًا	Noun		a victory	1
وَالْفَتْحُ	Noun		a victory	1
وَفَتْحٌ	Noun		a victory	1
لُحُومُهَا	Noun		flesh	1
وَلَحْمٍ	Noun		flesh	1
وَلَحْمِ	Noun		flesh	1
لَمُسْرِفُونَ	Noun		the transgressors	1
مَسَاكِنَكُمْ	Noun		their dwellings	1
مَسَاكِنِ	Noun		their dwellings	1
مَسْكَنِهِمْ	Noun		their dwellings	1
وَمَسَاكِنُ	Noun		their dwellings	1
وَمَسَاكِنِكُمْ	Noun		their dwellings	1
بِمُعْجِزٍ	Noun		escape	1
لَمَوْعِدُهُمْ	Noun		an appointment	1
مَوْعِدَكَ	Noun		an appointment	1
مَوْعِدَهُمُ	Noun		an appointment	1
مَوْعِدُكُمْ	Noun		an appointment	1
مَوْعِدُهُ	Noun		an appointment	1
مَوْعِدُهُمْ	Noun		an appointment	1
مَوْعِدِي	Noun		an appointment	1
النُّطْفَةَ	Noun		a semen-drop	1
وَرَاءَهُ	Location adverb		behind	1
وَرَائِكُمْ	Noun		behind	1
وَرَائِي	Noun		behind	1
أَوْزَارًا	Noun		burden	1
أَوْزَارَهَا	Noun		burden	1
أَوْزَارِ	Noun		burden	1
وِزْرًا	Noun		burden	1
وِزْرَكَ	Noun		burden	1
لَإِحْدَى	Noun		one	1
بَرِيئًا	Noun		disassociated	1
الْبَغْيُ	Noun		and the oppression	1
بَغْيُكُمْ	Noun		and the oppression	1
بِبَغْيِهِمْ	Noun		and the oppression	1
التَّوَّابِينَ	Noun		the acceptor of repentance	1
بِثَمَنٍ	Noun		a price	1
حَسْبَكَ	Noun		sufficient for us	1
حَسْبُكَ	Noun		sufficient for us	1
حَسْبُهُ	Noun		sufficient for us	1
فَحَسْبُهُ	Noun		sufficient for us	1
سِرَّكُمْ	Noun		secretly	1
بِالسِّنِينَ	Noun		years	1
الشَّرَابُ	Noun		a drink	1
شَرَابًا	Noun		a drink	1
شَرَابُهُ	Noun		a drink	1
وَشَرَابٌ	Noun		a drink	1
وَشَرَابٍ	Noun		a drink	1
وَشَرَابِكَ	Noun		a drink	1
أَشْيَاعَكُمْ	Noun		sects	1
بِأَشْيَاعِهِمْ	Noun		sects	1
شِيعَةٍ	Noun		sects	1
شِيَعِ	Noun		sects	1
ضَالًّا	Noun		those who are astray	1
ضَالِّينَ	Noun		those who are astray	1
عِدَّةٍ	Noun		their number	1
فَعِدَّتُهُنَّ	Noun		their number	1
لِعِدَّتِهِنَّ	Noun		their number	1
الْعِزَّةُ	Noun		the honor	1
الْعِزَّةِ	Noun		the honor	1
بِعِزَّةِ	Noun		the honor	1
عِزَّةٍ	Noun		the honor	1
فَبِعِزَّتِكَ	Noun		the honor	1
وَفَسَادٌ	Noun		corruption	1
بِقَدَرِهَا	Noun		in (due) measure	1
قَدَرًا	Noun		in (due) measure	1
قَرِيبٍ	Adjective Adjective		near	12
مُخْلِصِينَ	Noun		sincere	1
وَالْمَسِيحَ	Proper noun		The messiah	1
مَشَارِقَ	Noun		the east	1
النَّاصِرِينَ	Noun		helpers	1
نَاصِرٍ	Noun		helpers	1
نَاصِرَ	Noun		helpers	1
نَجْوَاهُمْ	Noun		the private conversation	1
بِنَخْلٍ	Noun		and date-palms	1
نَفْعِهِ	Noun		benefit	1
نَفْعِهِمَا	Noun		benefit	1
هَوَاءٌ	Noun		the desire	1
أَدْنَى	Noun		more suitable	1
الْأَدْنَىٰ	Noun		more suitable	1
وَأَدْنَىٰ	Noun		more suitable	1
الْجَاهِلُ	Noun		the ignorant	1
جَاهِلُونَ	Noun		the ignorant	1
جِنَّةٍ	Noun		the jinn	1
الْحِجَارَةِ	Noun		stones	1
بِحِجَارَةٍ	Noun		stones	1
كَالْحِجَارَةِ	Noun		stones	1
بِالْحُسْنَى	Noun		the best	1
بِالْحُسْنَىٰ	Noun		the best	1
الْخَيْرَاتُ	Noun		the good	1
بِالْخَيْرَاتِ	Noun		the good	1
خَيْرَاتٌ	Noun		the good	1
الدِّمَاءَ	Noun		and the blood	1
بِدَمٍ	Noun		and the blood	1
دَمًا	Noun		and the blood	1
دِمَاءَكُمْ	Noun		and the blood	1
دِمَاؤُهَا	Noun		and the blood	1
وَالدَّمَ	Noun		and the blood	1
وَدَمٍ	Noun		and the blood	1
رِجْسًا	Noun		evil	1
رِجْسِهِمْ	Noun		evil	1
رَاسِيَاتٍ	Noun		firm mountains	1
الزَّرْعَ	Noun		crops	1
زَرْعٍ	Noun		crops	1
كَزَرْعٍ	Noun		crops	1
وَالزَّرْعَ	Noun		crops	1
وَزَرْعٌ	Noun		crops	1
السَّعْيَ	Noun		their effort	1
سَعْيًا	Noun		their effort	1
سَعْيَكُمْ	Noun		their effort	1
سَعْيَهَا	Noun		their effort	1
سَعْيَهُ	Noun		their effort	1
سَعْيُكُمْ	Noun		their effort	1
لِسَعْيِهَا	Noun		their effort	1
لِسَعْيِهِ	Noun		their effort	1
بِسُورَةٍ	Noun		a surah	1
سُوَرٍ	Noun		a surah	1
بِصَاحِبِهِمْ	Noun		your companion	1
صَاحِبَهُمْ	Noun		your companion	1
صَاحِبُهُ	Noun		your companion	1
كَصَاحِبِ	Noun		your companion	1
وَالصَّاحِبِ	Noun		your companion	1
ضَرُّهُ	Noun		any harm	1
طُورِ	Noun		the mount	1
وَالطُّورِ	Noun		the mount	1
وَطُورِ	Noun		the mount	1
الْعَابِدُونَ	Noun		worshippers	1
الْعَابِدِينَ	Noun		worshippers	1
عَابِدٌ	Noun		worshippers	1
لِلْعَابِدِينَ	Noun		worshippers	1
بِعِجْلٍ	Noun		the calf	1
عَصَايَ	Noun		his staff	1
الْفُقَرَاءَ	Noun		poor	1
الْفِئَتَانِ	Noun		a group	1
فِئَةً	Noun		a group	1
فِئَةٌ	Noun		a group	1
الْقَتْلُ	Noun		killing	1
قَتْلَ	Noun		killing	1
قَتْلَهُمْ	Noun		killing	1
كَافِرِينَ	Noun Noun		the disbelievers	24
كَيْلٌ	Noun		measure	1
لِبَاسَ	Noun		garments	1
لِبَاسَهُمَا	Noun		garments	1
وَلِبَاسُ	Noun		garments	1
اللَّهْوِ	Noun		and amusement	1
لَهْوٌ	Noun		and amusement	1
لَهْوَ	Noun		and amusement	1
مُحْضَرًا	Noun		brought	1
مُخْتَلِفٍ	Noun		various	1
مُخْتَلِفُونَ	Noun		various	1
مُخْتَلِفِينَ	Noun		various	1
لِمَدْيَنَ	Proper noun		Madyan	1
الْمُسْتَقَرُّ	Noun		abode	1
فَمُسْتَقَرٌّ	Noun		abode	1
لِمُسْتَقَرٍّ	Noun		abode	1
مُسْتَقَرَّهَا	Noun		abode	1
مُصِيبَةٍ	Noun		disaster	1
مُصِيبَةُ	Noun		disaster	1
الْمَغْرِبَيْنِ	Noun		and the west	1
الْمَغْرِبِ	Noun		and the west	1
مَغْرِبَ	Noun		and the west	1
وَالْمَغَارِبِ	Noun		and the west	1
وَمَغَارِبَهَا	Noun		and the west	1
وَلِوَالِدَيْكَ	Noun		to his parents	1
يَسِيرًا	Noun Noun		easy	5
الْآمِنِينَ	Noun		secure	1
آتِي	Noun		surely coming	1
آتِيهِ	Noun		surely coming	1
آتِيهِمْ	Noun		surely coming	1
لَآتٍ	Noun		surely coming	1
أَذَاهُمْ	Noun		hurt	1
وَالْأَذَىٰ	Noun		hurt	1
أَئِفْكًا	Noun		a lie	1
إِفْكًا	Noun		a lie	1
بِالْإِفْكِ	Noun		a lie	1
أَوْلَى	Noun		woe	1
التِّجَارَةِ	Noun		a transaction	1
تِجَارَةٌ	Noun		a transaction	1
تِجَارَتُهُمْ	Noun		a transaction	1
وَتِجَارَةٌ	Noun		a transaction	1
التَّذْكِرَةِ	Noun		a reminder	1
لَتَذْكِرَةٌ	Noun		a reminder	1
جُلُودُكُمْ	Noun		skins	1
جُلُودِ	Noun		skins	1
لِجُلُودِهِمْ	Noun		skins	1
وَالْجُلُودُ	Noun		skins	1
وَجُلُودُهُمْ	Noun		skins	1
كَحُبِّ	Noun		love	1
لِحُبِّ	Noun		love	1
الْحَجِّ	Noun		the hajj	1
بِالْحَجِّ	Noun		the hajj	1
وَالْحَجِّ	Noun		the hajj	1
لِلْخَبِيثِينَ	Noun		the evil	1
وَالْخَبِيثُونَ	Noun		the evil	1
خُلَفَاءَ	Noun		successors	1
وَدُونَ	Location adverb		other than	1
رِجْزَ	Noun		the punishment	1
أَسْبَابَ	Noun		a course	1
الْأَسْبَابَ	Noun		a course	1
الْأَسْبَابُ	Noun		a course	1
الْأَسْبَابِ	Noun		a course	1
بِسَبَبٍ	Noun		a course	1
سَحَابٌ	Noun		clouds	1
وَالسَّحَابِ	Noun		clouds	1
شَفِيعٍ	Noun		any intercessor	1
شُفَعَاءَ	Noun		any intercessor	1
شُفَعَاءَكُمُ	Noun		any intercessor	1
شُفَعَاءُ	Noun		any intercessor	1
شُفَعَاؤُنَا	Noun		any intercessor	1
شَكُورٍ	Adjective		grateful	1
صَالِحٍ	Proper noun		Salih	1
الصِّيَامَ	Noun		fasting	1
الضَّرَّاءُ	Noun		and hardship	1
عَامٌ	Noun		year(s)	1
عَامَيْنِ	Noun		year(s)	1
عَامِهِمْ	Noun		year(s)	1
بِعِبَادَةِ	Noun		his worship	1
عِبَادَتِكُمْ	Noun		his worship	1
عِبَادَتِي	Noun		his worship	1
لِعِبَادَتِهِ	Noun		his worship	1
أَعْنَاقِ	Noun		their necks	1
الْأَعْنَاقِ	Noun		their necks	1
عُنُقِكَ	Noun		their necks	1
عُنُقِهِ	Noun		their necks	1
وَالْأَعْنَاقِ	Noun		their necks	1
عِوَجَ	Noun		crookedness	1
بِغُرُورٍ	Noun		delusion	1
أَغْلَالًا	Noun		rancor	1
الْأَغْلَالَ	Noun		rancor	1
غِلًّا	Noun		rancor	1
وَأَغْلَالًا	Noun		rancor	1
وَالْأَغْلَالَ	Noun		rancor	1
فَاعِلٌ	Noun		doers	1
لَفَاعِلُونَ	Noun		doers	1
الْقَرَارِ	Noun		an abode	1
اللَّغْوِ	Noun		vain talk	1
لَغْوٌ	Noun		vain talk	1
وَأَلْوَانِكُمْ	Noun		colors	1
مَوْعِظَةٌ	Noun		and an admonition	1
وَالْمَوْعِظَةِ	Noun		and an admonition	1
وَمَوْعِظَةٌ	Noun		and an admonition	1
الْمَآبِ	Noun		place of return	1
مَآبِ	Noun		place of return	1
وَنَبَاتًا	Noun		plants	1
وَاسِعُ	Noun		all-encompassing	1
يَهُودِيًّا	Proper noun		The jews	1
أَشُدَّهُمَا	Noun		his maturity	1
بُرْهَانٌ	Noun		your proof	1
بُرْهَانَانِ	Noun		your proof	1
ثِيَابَكُمْ	Noun		garments	1
ثِيَابَهُنَّ	Noun		garments	1
وَثِيَابَكَ	Noun		garments	1
جَانِبِ	Noun		side	1
بِالْجَنْبِ	Noun		their sides	1
جَنْبِ	Noun		their sides	1
جُنُوبِكُمْ	Noun		their sides	1
لِجَنْبِهِ	Noun		their sides	1
وَجُنُوبُهُمْ	Noun		their sides	1
خَزَائِنَ	Noun		treasures	1
خَزَائِنُهُ	Noun		treasures	1
خَزَائِنِ	Noun		treasures	1
خَشْيَتِهِ	Noun		fear	1
كَخَشْيَةِ	Noun		fear	1
خَطَايَاهُمْ	Noun		our sins	1
خَطِيئَةً	Noun		our sins	1
خَطِيئَتُهُ	Noun		our sins	1
خَطِيئَتِي	Noun		our sins	1
خِلَالٌ	Noun		their midst	1
خِلَالَ	Noun		their midst	1
خِلَالَكُمْ	Noun		their midst	1
الذَّهَبَ	Noun		gold	1
لَسَرِيعُ	Noun		swift	1
بِشِمَالِهِ	Noun		the left	1
وَشِمَالٍ	Noun		the left	1
شَيَاطِينَ	Noun		devil	1
شَيَاطِينِهِمْ	Noun		devil	1
الصَّوَاعِقَ	Noun		the thunderbolt	1
الصَّوَاعِقِ	Noun		the thunderbolt	1
صَاعِقَةِ	Noun		the thunderbolt	1
الصُّحُفُ	Noun		pages	1
صُحُفٍ	Noun		pages	1
صَدَقَاتٍ	Noun		the charities	1
صَدَقَاتِكُمْ	Noun		the charities	1
أَصْوَاتَكُمْ	Noun		voice	1
أَصْوَاتَهُمْ	Noun		voice	1
الْأَصْوَاتُ	Noun		voice	1
الْأَصْوَاتِ	Noun		voice	1
بِصَوْتِكَ	Noun		voice	1
صَوْتِ	Noun		voice	1
صَوْتِكَ	Noun		voice	1
لَصَوْتُ	Noun		voice	1
الطَّاغُوتَ	Noun		the false deities	1
الطَّاغُوتُ	Noun		the false deities	1
بِالطَّاغُوتِ	Noun		the false deities	1
وَالطَّاغُوتِ	Noun		the false deities	1
الطَّيِّبُ	Adjective		good	1
بِالطَّيِّبِ	Noun		the good	1
طَيِّبِينَ	Noun		the good	1
لِلطَّيِّبِينَ	Noun		the good	1
وَالطَّيِّبُ	Noun		the good	1
وَالطَّيِّبُونَ	Noun		the good	1
بِظَاهِرٍ	Noun		dominant	1
ظَاهِرَ	Noun		dominant	1
وَالظَّاهِرُ	Noun		dominant	1
وَظَاهِرُهُ	Noun		dominant	1
عُدْوَانًا	Noun		and [the] transgression	1
أَعْقَابِنَا	Noun		his heels	1
عَقِبِهِ	Noun		his heels	1
لَعَلِيٌّ	Noun		the most high	1
غَلِيظٌ	Adjective		severe	1
غِلَاظٌ	Adjective		severe	1
فُرُوجٍ	Noun		their chastity	1
وَفَصْلَ	Noun		judgment	1
الْقَانِتِينَ	Noun		obedient	1
قَانِتُونَ	Noun		obedient	1
قَدَمٌ	Noun		our feet	1
قَدَمَ	Noun		our feet	1
وَالْأَقْدَامِ	Noun		our feet	1
الْقَرِينُ	Noun		a companion	1
قُرَنَاءَ	Noun		a companion	1
وَكَبِيرٍ	Noun		great	1
لَٰكِنَّا	Accusative particle		but we	1
مُحْصَنَاتٍ	Noun		the chaste women	1
مُقِيمٍ	Noun		enduring	1
مُقِيمَ	Noun		enduring	1
وَالْمُقِيمِي	Noun		enduring	1
وَالْمُقِيمِينَ	Noun		enduring	1
الْمَوَدَّةَ	Noun		love	1
مَوَدَّةً	Noun		love	1
مَوَدَّةٌ	Noun		love	1
لِمِيقَاتِ	Noun		set term	1
مَوَاقِيتُ	Noun		set term	1
مِيقَاتًا	Noun		set term	1
مِيقَاتُ	Noun		set term	1
مِيقَاتُهُمْ	Noun		set term	1
مِيقَاتِ	Noun		set term	1
فَنُزُلٌ	Noun		a lodging	1
نُزُلُهُمْ	Noun		a lodging	1
الْوَصِيَّةُ	Noun		any will	1
فَالْآنَ	Time adverb		now	1
أَبَوَيْكَ	Noun		his parents	1
أَبَوَيْكُمْ	Noun		his parents	1
وَلِأَبَوَيْهِ	Noun		his parents	1
أَثِيمٍ	Adjective		sinful	1
الْأَثِيمِ	Adjective		sinful	1
اخْتِلَافًا	Noun		alternation	1
وَاخْتِلَافُ	Noun		alternation	1
إِخْوَتِكَ	Noun		brothers	1
إِخْوَتِي	Noun		brothers	1
وَإِخْوَتِهِ	Noun		brothers	1
إِصْلَاحٌ	Noun		reconciliation	1
إِصْلَاحٍ	Noun		reconciliation	1
الْإِصْلَاحَ	Noun		reconciliation	1
أُكُلٍ	Noun		its food	1
أُكُلُهَا	Noun		its food	1
أُكُلُهُ	Noun		its food	1
الْأُكُلِ	Noun		its food	1
بِأَهْدَىٰ	Noun		better guided	1
الْبَشِيرُ	Noun		a bearer of good news	1
بَشِيرٌ	Noun		a bearer of good news	1
بَشِيرٍ	Noun		a bearer of good news	1
بَصِيرَةٌ	Noun		enlightenment	1
بَصِيرَةٍ	Noun		enlightenment	1
بُعْدَ	Noun		away	1
الْبَيْعُ	Noun		sale	1
بِبَيْعِكُمُ	Noun		sale	1
تَوْبَتُهُمْ	Noun		repentance	1
الْجَانَّ	Noun		any jinn	1
وَالْجَانَّ	Noun		any jinn	1
أَجْنِحَةٍ	Noun		your wing	1
بِجَنَاحَيْهِ	Noun		your wing	1
جَنَاحَ	Noun		your wing	1
جَنَاحِكَ	Noun		your wing	1
الْجَهْرِ	Noun		the manifest	1
كَجَهْرِ	Noun		the manifest	1
وَجَهْرًا	Noun		the manifest	1
وَجَهْرَكُمْ	Noun		the manifest	1
الْحَبِّ	Noun		grain	1
وَالْحَبُّ	Noun		grain	1
وَحَبَّ	Noun		grain	1
بِحَبْلٍ	Noun		their ropes	1
بِحَبْلِ	Noun		their ropes	1
حَبْلٌ	Noun		their ropes	1
حَبْلِ	Noun		their ropes	1
وَحَبْلٍ	Noun		their ropes	1
بِالْحِجَابِ	Noun		a screen	1
حِجَابٌ	Noun		a screen	1
حِجَابٍ	Noun		a screen	1
الْحُجَّةُ	Noun		any argument	1
حُجَّةَ	Noun		any argument	1
حُجَّتُنَا	Noun		any argument	1
الْحَسْرَةِ	Noun		regrets	1
لَحَسْرَةٌ	Noun		regrets	1
يَا حَسْرَةً	Noun		regrets	1
حَفَظَةً	Noun		a guardian	1
حَمْلًا	Noun		pregnant	1
حَمْلَهَا	Noun		pregnant	1
وَحَمْلُهُ	Noun		pregnant	1
وَذِلَّةٌ	Noun		humiliation	1
رُؤْيَاكَ	Noun		the vision	1
لِلرُّؤْيَا	Noun		the vision	1
زُبُرًا	Noun		sects	1
زُبُرِ	Noun		sects	1
وَبِالزُّبُرِ	Noun		sects	1
يَا زَكَرِيَّا	Proper noun		Zakariya	1
السَّائِلَ	Noun		for those who ask	1
سَائِلٌ	Noun		for those who ask	1
وَالسَّائِلِينَ	Noun		for those who ask	1
السَّابِقُونَ	Noun		foremost	1
سَابِقُ	Noun		foremost	1
سَابِقِينَ	Noun		foremost	1
سَفَرِنَا	Noun		a journey	1
وَسَفَرًا	Noun		a journey	1
سَفِيهًا	Noun		the fools	1
سَفِيهُنَا	Noun		the fools	1
شَجَرٌ	Noun		and the trees	1
شَجَرٍ	Noun		and the trees	1
شَجَرَهَا	Noun		and the trees	1
شِقَاقَ	Noun		schism	1
شِقَاقِي	Noun		schism	1
وَشِقَاقٍ	Noun		schism	1
ضِعْفٌ	Noun		double	1
وَضِعْفَ	Noun		double	1
الْعَاكِفُ	Noun		devoted	1
عَاكِفُونَ	Noun		devoted	1
عَاكِفِينَ	Noun		devoted	1
وَالْعَاكِفِينَ	Noun		devoted	1
عُمُرًا	Noun		the life	1
عُمُرِكَ	Noun		the life	1
عُمُرِهِ	Noun		the life	1
وَالْفَحْشَاءَ	Noun		the immorality	1
وَالْفَحْشَاءِ	Noun		the immorality	1
فُرْقَانًا	Noun		the criterion	1
الْقِبْلَةَ	Noun		direction of prayer	1
قِبْلَتَكَ	Noun		direction of prayer	1
قَدْرًا	Noun		power	1
كَارِهِينَ	Noun		averse	1
لَكَارِهُونَ	Noun		averse	1
لَكَبِيرَةً	Noun		great	1
لَكَبِيرَةٌ	Noun		great	1
لِكَيْلَا	Negative particle Negative particle		that not	3
لَيْلَةٍ	Noun		night	1
مَطَرُ	Noun		a rain	1
لَمَفْعُولًا	Noun		destined	1
الْمُقَرَّبُونَ	Noun		those brought near	1
مِهَادًا	Noun		resting place	1
مِهَادٌ	Noun		resting place	1
الْمُهِينِ	Noun		humiliating	1
الْمُؤْمِنُ	Adjective		believing	1
الْمُؤْمِنِينَ	Noun Noun		the believers	95
مُؤْمِنِينَ	Adjective		believing	1
النَّخِيلِ	Noun		date-palms	1
وَالنَّخِيلَ	Noun		date-palms	1
وَنَخِيلٌ	Noun		date-palms	1
بِهَادِ	Noun		guide	1
لَهَادِ	Noun		guide	1
الْهَدْيَ	Noun		the sacrificial animal	1
هَدْيًا	Noun		the sacrificial animal	1
هُودٍ	Proper noun		Hud	1
يَا هُودُ	Proper noun		Hud	1
الْوَادِ	Noun		in the valley	1
بِوَادٍ	Noun		in the valley	1
الْوَارِثِ	Noun		the inheritors	1
وَرَثَةِ	Noun		the inheritors	1
وَلِيدًا	Noun		the children	1
الْبُكْمُ	Noun		dumb	1
أَخْذَهُ	Noun		a seizure	1
أَخْذُ	Noun		a seizure	1
وَأَخْذِهِمُ	Noun		a seizure	1
إِخْرَاجًا	Noun		to drive out	1
إِخْرَاجٍ	Noun		to drive out	1
إِخْرَاجُهُمْ	Noun		to drive out	1
إِخْرَاجِكُمْ	Noun		to drive out	1
بِإِخْرَاجِ	Noun		to drive out	1
وَإِخْرَاجُ	Noun		to drive out	1
أَمَانِيَّ	Noun		desire	1
أَمَانِيُّهُمْ	Noun		desire	1
أَمَانِيِّ	Noun		desire	1
أُمْنِيَّتِهِ	Noun		desire	1
الْأَمَانِيُّ	Noun		desire	1
بِأَمَانِيِّكُمْ	Noun		desire	1
بَالِغَ	Noun		reach it	1
بَالِغُ	Noun		reach it	1
بَالِغُوهُ	Noun		reach it	1
بِبَالِغِهِ	Noun		reach it	1
بَعْلِهَا	Noun		their husbands	1
بَعْلِي	Noun		their husbands	1
لِبُعُولَتِهِنَّ	Noun		their husbands	1
وَبُعُولَتُهُنَّ	Noun		their husbands	1
الْبَلَاءُ	Noun		a trial	1
بِتَحِيَّةٍ	Noun		their greetings	1
وَتَحِيَّتُهُمْ	Noun		their greetings	1
أَثْقَالَكُمْ	Noun		their burdens	1
أَثْقَالَهَا	Noun		their burdens	1
الثَّقَلَانِ	Noun		their burdens	1
وَأَثْقَالًا	Noun		their burdens	1
جَاعِلٌ	Noun		makes	1
جَاعِلُكَ	Noun		makes	1
جَاعِلِ	Noun		makes	1
لَجَاعِلُونَ	Noun		makes	1
وَجَاعِلُ	Noun		makes	1
وَجَاعِلُوهُ	Noun		makes	1
حَدِيدٌ	Noun		iron	1
وَحَلَالًا	Noun		lawful	1
أَحْلَامُهُمْ	Noun		dreams	1
الْأَحْلَامِ	Noun		dreams	1
الْحَمِيمِ	Noun Noun		scalding water	2
حَمِيمًا	Adjective		scalding water	1
حَمِيمٌ	Noun Noun		scalding water	4
حَمِيمٍ	Noun Noun		scalding water	7
خِلَافَ	Noun		opposite sides	1
خِلَافَكَ	Noun		opposite sides	1
بِخَلَاقِكُمْ	Noun		share	1
الْخُلْدَ	Noun		eternity	1
الْخَمْرُ	Noun		wine	1
خِيفَتِهِ	Noun		a fear	1
كَخِيفَتِكُمْ	Noun		a fear	1
وَخِيفَةً	Noun		a fear	1
دَعْوَةً	Noun		a call	1
دَعْوَةٌ	Noun		a call	1
دَعْوَةَ	Noun		a call	1
دَعْوَةُ	Noun		a call	1
دَعْوَتَكَ	Noun		a call	1
دَعْوَتُكُمَا	Noun		a call	1
بِرَازِقِينَ	Noun		the providers	1
وَرِسَالَاتِهِ	Noun		messages	1
الرُّشْدُ	Noun		the right	1
رُشْدَهُ	Noun		the right	1
سَبْتِهِمْ	Noun		the sabbath	1
وَسُرُرًا	Noun		thrones	1
سَعَةً	Noun		abundance	1
سَعَةٍ	Noun		abundance	1
وَالسَّعَةِ	Noun		abundance	1
وَسَعَةً	Noun		abundance	1
السَّكِينَةَ	Noun		his tranquility	1
سِيمَاهُمْ	Noun		by their marks	1
طَرْفٍ	Noun		companions of modest gaze	1
طَرْفُكَ	Noun		companions of modest gaze	1
طَرْفُهُمْ	Noun		companions of modest gaze	1
الظُّلَّةِ	Noun		coverings	1
ظُلَلٍ	Noun		coverings	1
ظُلَّةٌ	Noun		coverings	1
كَالظُّلَلِ	Noun		coverings	1
عَرَضًا	Noun		goods	1
عُقْبَاهَا	Noun		the final attainment	1
وَعُقْبَى	Noun		the final attainment	1
الْغَاوُونَ	Noun		astray	1
غَاوِينَ	Noun		astray	1
لِلْغَاوِينَ	Noun		astray	1
وَالْغَاوُونَ	Noun		astray	1
بِغَمٍّ	Noun		the distress	1
غَمًّا	Noun		the distress	1
غَمٍّ	Noun		the distress	1
الْغَيْظَ	Noun		rage	1
بِغَيْظِكُمْ	Noun		rage	1
بِغَيْظِهِمْ	Noun		rage	1
غَيْظَ	Noun		rage	1
وَالْفَجْرِ	Noun		dawn	1
الْفَرِحِينَ	Noun		rejoicing	1
لَفَرِحٌ	Noun		rejoicing	1
الْفَرِيضَةِ	Noun		an obligation	1
وَالْفِضَّةَ	Noun		silver	1
وَالْفِضَّةِ	Noun		silver	1
قَبْرِهِ	Noun		the graves	1
الْقَصَصُ	Noun		the story	1
الْقَصَصِ	Noun		the story	1
قَصَصًا	Noun		the story	1
قَصَصِهِمْ	Noun		the story	1
بِقَمِيصِي	Noun		his shirt	1
الْكَرَّةَ	Noun		a return	1
كَرَّتَيْنِ	Noun		a return	1
كَفُورٍ	Adjective		ungrateful	1
الْكَفُورَ	Noun		ungrateful	1
الْكُنُوزِ	Noun		a treasure	1
كَنْزَهُمَا	Noun		a treasure	1
وَكُنُوزٍ	Noun		a treasure	1
اللُّؤْلُؤُ	Noun		pearls	1
لِلْمُتَكَبِّرِينَ	Noun		the arrogant	1
مَرَدَّنَا	Noun		return	1
الْمُسْتَكْبِرِينَ	Noun		arrogant	1
بِالْمُعْتَدِينَ	Noun		the transgressors	1
لَمَقْتُ	Noun		hatred	1
مَقْتِكُمْ	Noun		hatred	1
وَمَقْتًا	Noun		hatred	1
بِالْمَنِّ	Noun		the manna	1
مُنْظَرُونَ	Noun		given respite	1
مُنِيبٌ	Noun		turning	1
الْمُهَاجِرِينَ	Noun		and the emigrants	1
مُهَاجِرًا	Noun		and the emigrants	1
مُهَاجِرٌ	Noun		and the emigrants	1
الْمِيعَادِ	Noun		the promise	1
مِيعَادُ	Noun		the promise	1
لَنَاصِحُونَ	Noun		the sincere advisors	1
نَاصِحٌ	Noun		the sincere advisors	1
نَاصِحُونَ	Noun		the sincere advisors	1
فَنِصْفُ	Noun		half	1
نِصْفَهُ	Noun		half	1
نِصْفُ	Noun		half	1
الْوَاحِدُ	Adjective Adjective		one	5
لَوَاحِدٌ	Noun		one	1
بِالْوَحْيِ	Noun		and our inspiration	1
وَحْيًا	Noun		and our inspiration	1
وَحْيٌ	Noun		and our inspiration	1
وَحْيُهُ	Noun		and our inspiration	1
يَقِينًا	Noun		certainty	1
أَحَقَّ	Noun		truer	1
أَسْبَاطًا	Noun		and the descendants	1
أَصْنَامَكُمْ	Noun		idols	1
الْأَصْنَامَ	Noun		idols	1
أَمْنًا	Noun		the security	1
بِالْأَمْنِ	Noun		the security	1
وَأَمْنًا	Noun		the security	1
إِنْ	Conditional particle Conditional particle Conditional particle		if	282
لِلْأَوَّابِينَ	Noun		repeatedly turning	1
بَرْقِهِ	Noun		the lightning	1
وَبَرْقٌ	Noun		the lightning	1
بِبِضَاعَةٍ	Noun		their merchandise	1
بِضَاعَةً	Noun		their merchandise	1
بِضَاعَتُنَا	Noun		their merchandise	1
بَعِيدٍ	Adjective Adjective		far	14
الْبَغْضَاءُ	Noun		and [the] hatred	1
وَالْبَغْضَاءُ	Noun		and [the] hatred	1
الْبَلْدَةِ	Noun		a land	1
تَحْرِيرُ	Noun		then freeing	1
وَتَحْرِيرُ	Noun		then freeing	1
تَفْصِيلًا	Noun		and a detailed explanation	1
تَقَلُّبَ	Noun		turning	1
تَقَلُّبُ	Noun		turning	1
تَقَلُّبُهُمْ	Noun		turning	1
تَقَلُّبِهِمْ	Noun		turning	1
وَتَقَلُّبَكَ	Noun		turning	1
الثُّلُثُ	Noun		two thirds	1
الثُّلُثِ	Noun		two thirds	1
ثُلُثَيِ	Noun		two thirds	1
بِثَمَرِهِ	Noun		its fruit	1
ثَمَرٌ	Noun		its fruit	1
الْجَبَّارُ	Adjective		tyrant	1
جَبَّارِينَ	Adjective		tyrant	1
بِجَبَّارٍ	Noun		a tyrant	1
جَبَّارِينَ	Adjective Adjective		tyrant	1
حَفِيظٍ	Adjective		a guardian	1
الْحَقَّ	Adjective		true	1
حِلٌّ	Noun		lawful	1
الْحَمِيرِ	Noun		donkeys	1
الْحِمَارِ	Noun		donkeys	1
حُمُرٌ	Noun		donkeys	1
حِمَارِكَ	Noun		donkeys	1
وَالْحَمِيرَ	Noun		donkeys	1
لِلْحَوَارِيِّينَ	Noun		the disciples	1
الْخَاطِئُونَ	Noun		sinners	1
الْخَاطِئِينَ	Noun		sinners	1
بِخَالِصَةٍ	Noun		exclusively	1
الْخُرُوجَ	Noun		get out	1
الْخُرُوجُ	Noun		get out	1
الْخُرُوجِ	Noun		get out	1
خُرُوجٍ	Noun		get out	1
لِلْخُرُوجِ	Noun		get out	1
خَصِيمًا	Noun		an opponent	1
خَطْبُكَ	Noun		your case	1
خَطْبُكُمَا	Noun		your case	1
خَطْبُكُنَّ	Noun		your case	1
خَلْفَنَا	Location adverb		behind them	1
خَلْفَهَا	Location adverb		behind them	1
وَالْخَنَازِيرَ	Noun		swine	1
بِخَيْلِكَ	Noun		horses	1
وَالْخَيْلَ	Noun		horses	1
وَالْخَيْلِ	Noun		horses	1
الرَّقِيبَ	Noun		an observer	1
رَقِيبٌ	Noun		an observer	1
وَالزَّيْتُونِ	Noun		and the olives	1
وَزَيْتُونًا	Noun		and the olives	1
سَلَمًا	Noun		peace	1
سَوْآتِكُمْ	Noun		their shame	1
لِشَاعِرٍ	Noun		a poet	1
وَالشُّعَرَاءُ	Noun		a poet	1
الشِّرْكَ	Noun		a share	1
بِشِرْكِكُمْ	Noun		a share	1
شِرْكٍ	Noun		a share	1
صَاغِرِينَ	Noun		abased	1
الصَّالِحِينَ	Noun Noun		the righteous	20
الصِّدِّيقُ	Noun		truthful	1
الصِّدِّيقُونَ	Noun		truthful	1
وَالصِّدِّيقِينَ	Noun		truthful	1
ضَيْفِهِ	Noun		guests	1
طَائِرٍ	Noun		a bird	1
طَائِرَهُ	Noun		a bird	1
طَائِرُهُمْ	Noun		a bird	1
طَرَفًا	Noun		its borders	1
طَرَفَيِ	Noun		its borders	1
وَأَطْرَافَ	Noun		its borders	1
الطَّرِيقَةِ	Noun		ways	1
بِطَرِيقَتِكُمُ	Noun		ways	1
طَرِيقَةً	Noun		ways	1
الْعَزْمِ	Noun		the matters	1
عَزْمًا	Noun		the matters	1
عُسْرًا	Noun		hardship	1
بِعَشْرٍ	Noun		ten	1
وَعَشْرًا	Noun		ten	1
عَطَاؤُنَا	Noun		gift	1
الْعَلَقَةَ	Noun		a clinging substance	1
لِغَدٍ	Noun		tomorrow	1
غُدُوًّا	Noun		in the mornings	1
غُدُوُّهَا	Noun		in the mornings	1
الْغُرْفَةَ	Noun		lofty mansions	1
غُرَفًا	Noun		lofty mansions	1
غُرْفَةً	Noun		lofty mansions	1
فَوْجًا	Noun		crowds	1
قَائِلُهَا	Noun		a speaker	1
وَالْقَائِلِينَ	Noun		a speaker	1
قَارِعَةٌ	Noun		the striking calamity	1
الْقَيِّمِ	Adjective		right	1
قَيِّمًا	Adjective		right	1
كَاتِبُونَ	Noun		a scribe	1
الْكَلْبِ	Noun		their dog	1
وَكَلْبُهُمْ	Noun		their dog	1
أَلْوَاحٍ	Noun		the tablets	1
لَوْحٍ	Noun		the tablets	1
مُبْطِلُونَ	Noun		the falsifiers	1
مُتْرَفِينَ	Noun		its wealthy ones	1
مُتْرَفِيهَا	Noun		its wealthy ones	1
مُتْرَفِيهِمْ	Noun		its wealthy ones	1
مُتَشَابِهٍ	Noun		similar	1
مَحِيصًا	Noun		place of escape	1
الْمُخْرَجِينَ	Noun		an exit	1
بِمُخْرَجِينَ	Noun		an exit	1
لَمُخْرَجُونَ	Noun		an exit	1
مُخْرَجَ	Noun		an exit	1
مُخْرَجُونَ	Noun		an exit	1
مَرْضَاتَ	Noun		pleasure	1
مَرْضَاتِي	Noun		pleasure	1
الْمُصْلِحِ	Noun		reformers	1
مَعَكُمْ	Location adverb Location adverb		with	37
مَعَهُمْ	Location adverb Location adverb		with	13
مَعْدُودَةٍ	Adjective		numbered	1
مَكَانَتِهِمْ	Noun		your position	1
بِمَلُومٍ	Noun		blameworthy	1
الْمُنْزِلُونَ	Noun		send down	1
مُنْزِلُونَ	Noun		send down	1
مُنْزِلِينَ	Noun		send down	1
مُهْلِكُهُمْ	Noun		destroy it	1
مُهْلِكُو	Noun		destroy it	1
مُهْلِكُوهَا	Noun		destroy it	1
الْمُوقِنِينَ	Noun		certain	1
لِلْمُوقِنِينَ	Noun		certain	1
مُوقِنِينَ	Noun		certain	1
النَّادِمِينَ	Noun		regretful	1
النَّاظِرِينَ	Noun		for the observers	1
نَاظِرِينَ	Noun		for the observers	1
وَنُفُورٍ	Noun		aversion	1
بِيَحْيَىٰ	Proper noun		Yahya	1
وَيَحْيَىٰ	Proper noun		Yahya	1
يَا يَحْيَىٰ	Proper noun		Yahya	1
أَحْبَارَهُمْ	Noun		the rabbis	1
الْأَحْبَارِ	Noun		the rabbis	1
بِالْأَخْسَرِينَ	Noun		the greatest losers	1
أَرَاذِلُنَا	Noun		the worst	1
الْأَرْذَلُونَ	Noun		the worst	1
إِسْتَبْرَقٍ	Noun		and heavy brocade	1
أَسْلِحَتَهُمْ	Noun		your arms	1
وَأَسْلِحَتَهُمْ	Noun		your arms	1
أَسْرَىٰ	Noun		captives	1
أُسَارَىٰ	Noun		captives	1
الْأَسْرَىٰ	Noun		captives	1
وَأَسِيرًا	Noun		captives	1
أَقْوَمُ	Noun		and more suitable	1
وَأَقْوَمُ	Noun		and more suitable	1
أَكْلًا	Noun		devouring	1
وَأَكْلِهِمْ	Noun		devouring	1
بِأَكْوَابٍ	Noun		and cups	1
أَمَانَاتِكُمْ	Noun		of their trusts	1
الْأَمَانَاتِ	Noun		of their trusts	1
الْأَمَدُ	Noun		time	1
أُمِّيُّونَ	Noun		the unlettered	1
وَالْأُمِّيِّينَ	Noun		the unlettered	1
أَيُّوبَ	Proper noun		And ayyub	1
الْبَأْسَاءُ	Noun		with adversity	1
الْبَأْسَاءِ	Noun		with adversity	1
بَاسِطٌ	Noun		stretch	1
بَاسِطُو	Noun		stretch	1
بِبَاسِطٍ	Noun		stretch	1
كَبَاسِطِ	Noun		stretch	1
الْبُرُوجِ	Noun		constellations	1
بُرُوجٍ	Noun		constellations	1
بَعْثُكُمْ	Noun		the resurrection	1
تُقَاتِهِ	Noun		righteous	1
الثِّقَالَ	Adjective		heavy	1
ثَقِيلًا	Adjective		heavy	1
جِهَادِهِ	Noun		strive	1
وَجِهَادٍ	Noun		strive	1
الْجُوعِ	Noun		hunger	1
وَالْجُوعِ	Noun		hunger	1
الْحِجْرِ	Noun		a partition	1
حِجْرًا	Noun		a partition	1
حِجْرٍ	Noun		a partition	1
وَحِجْرًا	Noun		a partition	1
بِحَرْبٍ	Noun		the war	1
لِلْحَرْبِ	Noun		the war	1
الْحَصِيدِ	Noun		reaped	1
وَحَصِيدٌ	Noun		reaped	1
الْحَلِيمُ	Noun		the forbearing	1
لَحَلِيمٌ	Noun		the forbearing	1
حُورٌ	Noun		fair ones	1
وَحُورٌ	Noun		fair ones	1
حِينَئِذٍ	Time adverb		time	1
وَحِينَ	Noun Noun		a time	4
خَاوِيَةً	Noun		fell	1
لِخَزَنَةِ	Noun		its keepers	1
الْأَخِلَّاءُ	Noun		a friend	1
دَأْبِ	Noun		like (the) way	1
دَابِرُ	Noun		root	1
الدَّاعِيَ	Noun		caller	1
وَدَاعِيًا	Noun		caller	1
وَذُرِّيَّاتِنَا	Noun		and our offspring	1
الرَّحِيمُ	Noun		most merciful	1
بِرِسَالَاتِي	Noun		his message	1
رِسَالَةَ	Noun		his message	1
زُخْرُفٍ	Noun		ornament	1
زُخْرُفَ	Noun		ornament	1
زُخْرُفَهَا	Noun		ornament	1
وَزُخْرُفًا	Noun		ornament	1
الزُّورَ	Noun		and a lie	1
الزُّورِ	Noun		and a lie	1
السَّاقُ	Noun		the leg	1
بِالسَّاقِ	Noun		the leg	1
سَاقٍ	Noun		the leg	1
سَاقَيْهَا	Noun		the leg	1
وَسَبْعَةٍ	Noun		seven	1
السَّدَّيْنِ	Noun		a barrier	1
وَسِرَاجًا	Noun		a lamp	1
سَفِينَةٍ	Noun		the ship	1
السَّقْفُ	Noun		roofs	1
سَقْفًا	Noun		roofs	1
سُقُفًا	Noun		roofs	1
وَالسَّقْفِ	Noun		roofs	1
بِالسُّوقِ	Noun		the markets	1
سُوقِهِ	Noun		the markets	1
شَأْنِهِمْ	Noun		a matter	1
شَعَائِرَ	Noun		symbols	1
بِشِهَابٍ	Noun		a burning flame	1
شِهَابًا	Noun		a burning flame	1
صَاحِبَةً	Noun		a wife	1
صَاحِبَةٌ	Noun		a wife	1
الصَّرْحَ	Noun		a tower	1
صَرْحٌ	Noun		a tower	1
وَالضُّحَىٰ	Noun		its brightness	1
وَضُحَاهَا	Noun		its brightness	1
الضِّعْفِ	Adjective		double	1
ضِعْفَيْنِ	Noun Noun		double	3
ضَعْفًا	Noun		weakness	1
طَاغُونَ	Noun		for the transgressors	1
طَاغِينَ	Adjective Adjective		transgressing	2
طَرِيقَ	Noun		a path	1
الطِّفْلِ	Noun		a child	1
الْأَطْفَالُ	Noun		a child	1
طَلْعٌ	Noun		layers	1
طَلْعِهَا	Noun		layers	1
ظَالِمَةً	Noun		doing wrong	1
ظَهِيرٌ	Noun		supporter	1
ظَهِيرٍ	Noun		supporter	1
عَالِيًا	Noun		arrogant	1
عَالِيَهُمْ	Noun		arrogant	1
عَرْضًا	Noun		its width	1
كَعَرْضِ	Noun		its width	1
بِالْعُصْبَةِ	Noun		a group	1
الْعُقَدِ	Noun		knot	1
عُقْدَةَ	Noun		knot	1
وَعُلُوًّا	Noun		height	1
عَوْرَاتٍ	Noun		exposed	1
عَوْرَاتِ	Noun		exposed	1
بِالْغَمَامِ	Noun		clouds	1
غَيًّا	Noun		evil	1
الْفِرَارُ	Noun		flight	1
الْفُسُوقُ	Noun		wickedness	1
فُسُوقٌ	Noun		wickedness	1
فُسُوقَ	Noun		wickedness	1
وَالْفُسُوقَ	Noun		wickedness	1
كَالْقَصْرِ	Noun		palaces	1
وَقَصْرٍ	Noun		palaces	1
بِالْقُعُودِ	Noun		and sitting	1
قُعُودٌ	Noun		and sitting	1
أَقْلَامٌ	Noun		by the pen	1
أَقْلَامَهُمْ	Noun		by the pen	1
وَقِيلِهِ	Noun		word	1
كَرْبٍ	Noun		the distress	1
كَفَّارًا	Adjective		ungrateful	1
كَفَّارٍ	Adjective		ungrateful	1
فَكَفَّارَتُهُ	Noun		an expiation	1
كَفَّارَةُ	Noun		an expiation	1
كِفْلٌ	Noun		and dhul-kifl	1
كِفْلَيْنِ	Noun		and dhul-kifl	1
وَبِكَلَامِي	Noun		words	1
مُبْصِرُونَ	Noun		giving visibility	1
لَمُبْلِسِينَ	Noun		despair	1
وَالْمُجَاهِدُونَ	Noun		the ones who strive	1
الْمُحَرَّمِ	Noun		forbidden	1
وَمُحَرَّمٌ	Noun		forbidden	1
لِلْمُخَلَّفِينَ	Noun		those who remained behind	1
مُرْسِلَ	Noun		sending	1
الْمُسْتَضْعَفِينَ	Noun		oppressed	1
مُسْتَضْعَفِينَ	Noun		oppressed	1
الْمِصْبَاحُ	Noun		with lamps	1
مِصْبَاحٌ	Noun		with lamps	1
بِمِصْرَ	Proper noun		Egypt	1
مُعَذِّبَهُمْ	Noun		punish it	1
مُعَذِّبُهُمْ	Noun		punish it	1
مُعَذِّبُوهَا	Noun		punish it	1
مُعَذِّبِينَ	Noun		punish it	1
الْمُعَذَّبِينَ	Noun		will be punished	1
مَعْرُوفٌ	Noun Noun		in a fair manner	1
مَغَانِمُ	Noun		spoils of war	1
وَمَغَانِمَ	Noun		spoils of war	1
الْمُغْرَقِينَ	Noun		drowned	1
مُقْتَدِرًا	Noun		all able	1
مُقْتَدِرُونَ	Noun		all able	1
بِمَقْعَدِهِمْ	Noun		positions	1
مَقْعَدِ	Noun		positions	1
الْمُكْرَمِينَ	Noun		honored	1
مُلَاقُوهُ	Noun		meet	1
مَلَكُوتَ	Noun		dominion	1
مَلَكُوتُ	Noun		dominion	1
الْمَنَامِ	Noun		the dream	1
مَنَامُكُمْ	Noun		the dream	1
مَنَامِكَ	Noun		the dream	1
مَنَامِهَا	Noun		the dream	1
الْمُنْتَصِرِينَ	Noun		helping	1
مُنْتَصِرًا	Noun		helping	1
مُنْتَصِرٌ	Noun		helping	1
مُنْتَصِرِينَ	Noun		helping	1
مَنَاسِكَكُمْ	Noun		a rite	1
مَنَاسِكَنَا	Noun		a rite	1
مُؤْمِنَاتٍ	Noun Noun		and the believing women	1
نَعْجَةً	Noun		ewe	1
نَعْجَةٌ	Noun		ewe	1
نَعْجَتِكَ	Noun		ewe	1
نِعَاجِهِ	Noun		ewe	1
الْوَقُودِ	Noun		fuel	1
آثِمًا	Noun		sinful	1
آثِمٌ	Noun		sinful	1
الْآثِمِينَ	Noun		sinful	1
آخِذٌ	Noun		taking	1
آخِذِينَ	Noun		taking	1
بِآخِذِيهِ	Noun		taking	1
أُجَاجًا	Noun		bitter	1
أَخْبَارَكُمْ	Noun		its news	1
أَخْبَارَهَا	Noun		its news	1
أَخْبَارِكُمْ	Noun		its news	1
إِذَا	Time adverb Time adverb Time adverb		when	191
الْأَذْقَانِ	Noun		on their faces	1
أَسْفَلَ	Location adverb Location adverb		lower	2
أَشَدَّ	Noun Noun		stronger	9
أَشْقَاهَا	Noun		the wretched one	1
إِصْرًا	Noun		a burden	1
إِصْرَهُمْ	Noun		a burden	1
إِصْرِي	Noun		a burden	1
أَصْلُهَا	Noun		bottom	1
أَصْلِ	Noun		bottom	1
أُصُولِهَا	Noun		bottom	1
فَإِطْعَامُ	Noun		feeding	1
أَعَزُّ	Noun		mightier	1
الْأَعَزُّ	Noun		mightier	1
وَأَعَزُّ	Noun		mightier	1
عُمْيًا	Adjective		the blind	1
الْآفَاقِ	Noun		in the horizon	1
وَإِلْيَاسَ	Proper noun		Elijah	1
أَوْتَادًا	Noun		pegs	1
الْأَوْثَانِ	Noun		idols	1
فَأَيْنَمَا	Conditional particle		wherever	1
بَاطِنُهُ	Noun		its interior	1
وَالْبَاطِنُ	Noun		its interior	1
وَبَاطِنَهُ	Noun		its interior	1
بَرَكَاتٍ	Noun		blessings	1
وَبَرَكَاتٍ	Noun		blessings	1
وَبَرَكَاتُهُ	Noun		blessings	1
بَطْشَ	Noun		power	1
الْبَقَرَ	Noun		the cows	1
بَقِيَّةٍ	Noun		remains	1
بَقِيَّتُ	Noun		remains	1
وَبَقِيَّةٌ	Noun		remains	1
بَهِيمَةُ	Noun		beast	1
الْبَيَانَ	Noun		speech	1
بَيَانٌ	Noun		speech	1
بَيَانَهُ	Noun		speech	1
التَّابِعِينَ	Noun		followers	1
بِتَارِكِي	Noun		leave	1
تَارِكٌ	Noun		leave	1
لَتَارِكُو	Noun		leave	1
تَحْتَكِ	Location adverb		under	1
وَتَسْلِيمًا	Noun		greetings	1
وَثُلَّةٌ	Noun		a company	1
جَارٌ	Noun		and the neighbor	1
بِجَالُوتَ	Proper noun		Jalut	1
جَالُوتَ	Proper noun		Jalut	1
لِجَالُوتَ	Proper noun		Jalut	1
جَامِعٍ	Noun		will gather	1
لِجِبْرِيلَ	Proper noun		And jibreel	1
جُذُوعِ	Noun		trunk	1
جُنُبٍ	Noun		impure	1
جُيُوبِهِنَّ	Noun		your bosom	1
وَحَدَائِقَ	Noun		gardens	1
حِذْرَهُمْ	Noun		your precautions	1
حَرًّا	Noun		the heat	1
وَحَرِيرًا	Noun		silk	1
الْحَزَنَ	Noun		sorrow	1
حَزَنًا	Noun		sorrow	1
وَحَزَنًا	Noun		sorrow	1
بِحُسْبَانٍ	Noun		reckoning	1
الْحَسَنَاتِ	Noun		good ones	1
بِالْحَسَنَاتِ	Noun		good ones	1
حَسَنَاتٍ	Noun		good ones	1
حِفْظُهُمَا	Noun		and (to) guard	1
وَحَكَمًا	Noun		judge	1
حِمْلِهَا	Noun		a load	1
حَوْلَ	Location adverb		around	1
حَوْلَهَا	Noun Noun		around it	3
حَوْلَهُ	Noun Noun		around it	3
خَائِفِينَ	Noun		fearing	1
لِلْخَائِنِينَ	Noun		the traitors	1
بِخَارِجٍ	Noun		will come out	1
وَخَالَاتُكُمْ	Noun		your maternal aunts	1
خُسْرَانًا	Noun		the loss	1
الْخَصْمِ	Noun		opponents	1
خِطَابًا	Noun		speech	1
بِخَمْسَةِ	Noun		five	1
دَائِرَةٌ	Noun		a turn	1
ذَرْعُهَا	Noun		uneasy	1
رَادَّ	Noun		repeller	1
رَادُّوهُ	Noun		repeller	1
لَرَادُّكَ	Noun		repeller	1
أَرَاغِبٌ	Noun		do you hate	1
الرَّبَّانِيُّونَ	Noun		the rabbis	1
رَبَّانِيِّينَ	Noun		the rabbis	1
وَالرَّبَّانِيُّونَ	Noun		the rabbis	1
الرَّجْعِ	Noun		returns	1
رَجْعٌ	Noun		returns	1
رَجْعِهِ	Noun		returns	1
رَحْلِ	Noun		his bag	1
رَحْلِهِ	Noun		his bag	1
رِحَالِهِمْ	Noun		his bag	1
وَرُمَّانٌ	Noun		and the pomegranates	1
وَالرُّهْبَانِ	Noun		and monks	1
وَرُهْبَانًا	Noun		and monks	1
وَرُهْبَانَهُمْ	Noun		and monks	1
أَرَهْطِي	Noun		family heads	1
رَهْطٍ	Noun		family heads	1
رَهْطُكَ	Noun		family heads	1
فَرَوْحٌ	Noun		mercy of allah	1
وَرِئَاءَ	Noun		be seen	1
الزَّانِي	Noun		a fornicator	1
زَانٍ	Noun		a fornicator	1
وَالزَّانِي	Noun		a fornicator	1
الزَّانِيَةُ	Noun		a fornicatress	1
زَانِيَةً	Noun		a fornicatress	1
وَالزَّانِيَةُ	Noun		a fornicatress	1
الزَّبَدُ	Noun		a foam	1
الزَّبُورِ	Proper noun		Zaboor	1
وَزَفِيرًا	Noun		sighing	1
سَارِقِينَ	Noun		thieves	1
لَسَارِقُونَ	Noun		thieves	1
وَالسَّارِقُ	Noun		thieves	1
سَافِلِينَ	Noun		low	1
يَا سَامِرِيُّ	Proper noun		The samiri	1
لِلسُّحْتِ	Noun		the forbidden	1
بِالْأَسْحَارِ	Noun		by dawn	1
بِسَحَرٍ	Noun		by dawn	1
وَبِالْأَسْحَارِ	Noun		by dawn	1
سَرَابِيلَ	Noun		garments	1
سَرَابِيلُهُمْ	Noun		garments	1
وَسَرَابِيلَ	Noun		garments	1
سَكَنٌ	Noun		rest	1
سَلَاسِلَ	Noun		chains	1
سِلْسِلَةٍ	Noun		chains	1
وَالسَّلَاسِلُ	Noun		chains	1
سَمُومٍ	Noun		scorching	1
السَّيَّارَةِ	Noun		caravan	1
سَيَّارَةٌ	Noun		caravan	1
وَلِلسَّيَّارَةِ	Noun		caravan	1
سَادَتَنَا	Noun		our chiefs	1
سَيِّدَهَا	Noun		our chiefs	1
وَسَيِّدًا	Noun		our chiefs	1
سَيِّئًا	Adjective		the evil	1
الشُّحَّ	Noun		greed	1
بِشَهَادَاتِهِمْ	Noun		testimonies	1
شَيْخٌ	Adjective		old	1
وَالصَّافَّاتِ	Noun		spreading	1
صَرْصَرٍ	Adjective		furious	1
صُورَةٍ	Noun		your forms	1
ضَالِّينَ	Noun Noun		those who are astray	1
فَضَرْبَ	Noun		striking	1
ضِغْثًا	Noun		a bunch	1
بِضِيَاءٍ	Noun		light	1
ضِيَاءً	Noun		light	1
وَضِيَاءً	Noun		light	1
طَوْلًا	Noun		wealth	1
عَاصِمٍ	Noun		protector	1
عَشِيرَتَكَ	Noun		your kindred	1
عَشِيرَتَهُمْ	Noun		your kindred	1
وَعَشِيرَتُكُمْ	Noun		your kindred	1
الْعَقِيمَ	Adjective		barren	1
الْعَلِيِّ	Adjective		high	1
وَعَمَّاتُكُمْ	Noun		your paternal aunts	1
وَالْعِيرَ	Noun		the caravan	1
عِينٌ	Noun		large eyes	1
الْغَائِبِينَ	Noun		absent	1
الْغَاشِيَةِ	Noun		coverings	1
غَاشِيَةٌ	Noun		coverings	1
غَوَاشٍ	Noun		coverings	1
غَمْرَتِهِمْ	Noun		flood	1
غَنَمُ	Noun		sheep	1
غَنَمِي	Noun		sheep	1
وَالْغَنَمِ	Noun		sheep	1
غَيْثٍ	Noun		the rain	1
غَيْرِ	Noun Noun		without	27
فَاكِهُونَ	Noun		enjoying	1
فَتَاهَا	Noun		to his boy	1
الْفِتْيَةُ	Noun		youths	1
فِتْيَةٌ	Noun		youths	1
لِفِتْيَانِهِ	Noun		youths	1
كَالْفُجَّارِ	Noun		the wicked	1
فَفِدْيَةٌ	Noun		a ransom	1
فُرُشٍ	Noun		couches	1
فِرَاشًا	Noun		couches	1
وَفُرُشٍ	Noun		couches	1
فِسْقًا	Noun		grave disobedience	1
فِصَالًا	Noun		weaning	1
وَفَوَاكِهَ	Noun		fruits	1
قَاسِيَةً	Noun		hard	1
لِلْقَاسِيَةِ	Noun		hard	1
وَالْقَاسِيَةِ	Noun		hard	1
قَاهِرُونَ	Noun		the subjugator	1
قُبُلٍ	Noun		before	1
قَدِيمٌ	Adjective		old	1
قُرْبَانًا	Noun		a sacrifice	1
الْقَرْحُ	Noun		wound	1
قُرَّتُ	Noun		comfort	1
الْقِسْمَةَ	Noun		a division	1
بِقِنْطَارٍ	Noun		heap	1
قِنْطَارًا	Noun		heap	1
وَالْقَنَاطِيرِ	Noun		heap	1
قَوَارِيرَا	Noun		glass	1
وَالْقَوَاعِدُ	Noun		the foundations	1
قَوَّامُونَ	Noun		steadfast	1
الْقَيُّومِ	Adjective		the sustainer of all that exists	1
كَاشِفُو	Noun		remover	1
كُرْهٌ	Noun		hardship	1
اللَّاعِبِينَ	Noun		play	1
لَطِيفًا	Noun		the subtle	1
اللَّهَبِ	Noun		lahab	1
مَالِكَ	Noun		owner	1
مَالِكُونَ	Noun		owner	1
مَالِكِ	Noun		owner	1
مُتَّخِذَ	Noun		those who take	1
مُتَّخِذَاتِ	Noun		those who take	1
مُتَّخِذِي	Noun		those who take	1
الْمُتَرَبِّصِينَ	Noun		waiting	1
مَحِلُّهَا	Noun		its place	1
وَمُخْرِجُ	Noun		bring forth	1
مَذْمُومٌ	Noun		disgraced	1
وَمُرْسَاهَا	Noun		its arrival	1
وَمِزَاجُهُ	Noun		its mixture	1
مُسْتَقِرًّا	Noun		placed	1
وَمَشَارِبُ	Noun		their drinking place	1
الْمُشْرِكَاتِ	Noun		and the polytheist women	1
مَشْهُودًا	Noun		witnessed	1
مَشْهُودٌ	Noun		witnessed	1
وَمَشْهُودٍ	Noun		witnessed	1
لِلْمُصَلِّينَ	Noun		those who pray	1
مَضَاجِعِهِمْ	Noun		beds	1
الْمُضْغَةَ	Noun		an embryonic lump	1
الْمُضِلِّينَ	Noun		misleader	1
مُضِلٌّ	Noun		misleader	1
مُضِلٍّ	Noun		misleader	1
مَعْذِرَةً	Noun		their excuse	1
مَعِيشَةً	Noun		a life	1
مَعِيشَتَهَا	Noun		a life	1
مَعِيشَتَهُمْ	Noun		a life	1
وَمَعِينٍ	Noun		a flowing stream	1
مَغْرَمًا	Noun		debt	1
مَفَاتِحُ	Noun		keys	1
مُقَامَ	Noun		stand	1
بِمِقْدَارٍ	Noun		its measure	1
مَكْنُونٍ	Noun		well-guarded	1
مَلْجَأً	Noun		refuge	1
الْمُلْقِينَ	Noun		throw	1
الْمَمَاتِ	Noun		the death	1
وَمَمَاتُهُمْ	Noun		the death	1
وَمَمَاتِي	Noun		the death	1
مُنْتَهَاهَا	Noun		its finality	1
لَمُنْقَلِبُونَ	Noun		return	1
مُهْتَدٍ	Noun		the guided one	1
الْمَوْتَةَ	Noun		our death	1
وَالْمُؤْتَفِكَاتِ	Noun		and the overturned cities	1
مَوْثِقَهُمْ	Noun		a promise	1
الْمَوْلُودِ	Noun		a son	1
بِالنَّاصِيَةِ	Noun		a forelock	1
بِنَاصِيَتِهَا	Noun		a forelock	1
نَاصِيَةٍ	Noun		a forelock	1
أَنْسَابَ	Noun		a relationship	1
النُّصُبِ	Noun		a goal	1
نُصُبٍ	Noun		a goal	1
وَالْأَنْصَابُ	Noun		a goal	1
النِّفَاقِ	Noun		hypocrisy	1
نِفَاقًا	Noun		hypocrisy	1
وَنِفَاقًا	Noun		hypocrisy	1
نَفَرٌ	Noun		men	1
نَكَالَ	Noun		an exemplary	1
نَوْمٌ	Noun		sleep	1
نَوْمَكُمْ	Noun		sleep	1
وَالنَّوْمَ	Noun		sleep	1
هُونٍ	Noun		humiliating	1
هَيِّنًا	Noun		easy	1
وَارِدَهُمْ	Noun		will come	1
وَارِدُهَا	Noun		will come	1
وَارِدُونَ	Noun		will come	1
الْوَزْنَ	Noun		the weight	1
وَالْوَزْنُ	Noun		the weight	1
وَزْنًا	Noun		the weight	1
بِأَوْعِيَتِهِمْ	Noun		bag	1
لِوَقْتِهَا	Noun		the time	1
فَيَئُوسٌ	Noun		despair	1
لَيَئُوسٌ	Noun		despair	1
يَئُوسًا	Noun		despair	1
لِلْآكِلِينَ	Noun		surely eat	1
ابْنَتَ	Noun		daughter	1
ابْنَتَيَّ	Noun		daughter	1
اتِّبَاعَ	Noun		following	1
فَاتِّبَاعٌ	Noun		following	1
أَتْرَابًا	Noun		well-matched	1
أَتْرَابٌ	Noun		well-matched	1
أَتْقَاكُمْ	Noun		the righteous	1
الْأَتْقَى	Noun		the righteous	1
أَحْكَمُ	Noun		most just	1
بِأَحْكَمِ	Noun		most just	1
إِدْرِيسَ	Proper noun		Idris	1
وَإِدْرِيسَ	Proper noun		Idris	1
الْأَذَلَّ	Noun		the more humble	1
الْأَذَلِّينَ	Noun		the more humble	1
أَذِلَّةً	Noun		weak	1
أَذِلَّةٌ	Noun		weak	1
أَذِلَّةً	Noun Noun		weak	1
أَذِلَّةٍ	Adjective		lowest	1
بِالْأَزْلَامِ	Noun		by divining arrows	1
وَالْأَزْلَامُ	Noun		by divining arrows	1
إِسْرَارًا	Noun		secretly	1
إِسْرَارَهُمْ	Noun		secretly	1
إِسْرَافًا	Noun		extravagantly	1
وَإِسْرَافَنَا	Noun		extravagantly	1
أَسَفًا	Noun		grief	1
يَا أَسَفَىٰ	Noun		grief	1
أَسْفَارًا	Noun		books	1
أَسْفَارِنَا	Noun		books	1
إِسْلَامَكُمْ	Noun		your islam	1
إِسْلَامِهِمْ	Noun		your islam	1
أَشِرٌ	Adjective		insolent	1
الْأَشِرُ	Adjective		insolent	1
أَضْعَفُ	Noun		weaker	1
وَأَضْعَفُ	Noun		weaker	1
أَضْغَانَكُمْ	Noun		your hatred	1
أَضْغَانَهُمْ	Noun		your hatred	1
أَأَعْجَمِيٌّ	Noun		foreign	1
أَعْجَمِيٌّ	Noun		foreign	1
إِعْرَاضًا	Noun		desertion	1
إِعْرَاضُهُمْ	Noun		desertion	1
أَعْظَمُ	Noun		greater	1
وَأَعْظَمَ	Noun		greater	1
وَإِقَامَ	Noun		and establishment	1
وَإِقَامِ	Noun		and establishment	1
أَقْرَبُ	Noun Noun		nearer	8
الْأَقْرَبِينَ	Adjective		closer	1
أَقْطَارِ	Noun		regions	1
أَقْطَارِهَا	Noun		regions	1
أَقَلَّ	Noun		lesser	1
وَأَقَلُّ	Noun		lesser	1
إِكْرَاهَ	Noun		compulsion	1
إِكْرَاهِهِنَّ	Noun		compulsion	1
أَكْمَامِهَا	Noun		sheaths	1
الْأَكْمَامِ	Noun		sheaths	1
إِيلَافِهِمْ	Noun		their familiarity	1
لِإِيلَافِ	Noun		their familiarity	1
أَمَانَتَهُ	Noun		the trust	1
الْأَمَانَةَ	Noun		the trust	1
أَمَلًا	Noun		hope	1
الْأَمَلُ	Noun		hope	1
وَإِمَائِكُمْ	Noun		and a bondwoman	1
وَلَأَمَةٌ	Noun		and a bondwoman	1
بِالْأَنْفِ	Noun		for the nose	1
وَالْأَنْفَ	Noun		for the nose	1
أَوَّاهٌ	Noun		imploring	1
لَأَوَّاهٌ	Noun		imploring	1
أَوْدِيَةٌ	Noun		the valleys	1
أَوْدِيَتِهِمْ	Noun		the valleys	1
أَوْسَطُهُمْ	Noun		average	1
أَوْسَطِ	Noun		average	1
أُولَٰئِكُمْ	Demonstrative pronoun		those	1
وَأُولَٰئِكُمْ	Demonstrative pronoun		those	1
أَيَّتُهَا	Noun		o	1
يَا أَيَّتُهَا	Noun		o	1
الْأَيْدِ	Noun		with strength	1
بِأَيْدٍ	Noun		with strength	1
بَاقِيَةً	Noun		remains	1
بَاقِيَةٍ	Noun		remains	1
الْبَالِغَةُ	Adjective		reaching	1
بَالِغَةٌ	Adjective		reaching	1
بِضْعَ	Noun		a few	1
بِضْعِ	Noun		a few	1
بَطَائِنُهَا	Noun		intimates	1
بِطَانَةً	Noun		intimates	1
الْبَطْشَةَ	Noun		our seizure	1
بَطْشَتَنَا	Noun		our seizure	1
بِكْرٌ	Adjective		young	1
وَأَبْكَارًا	Adjective		young	1
بَنَانٍ	Noun		fingertip[s]	1
بَنَانَهُ	Noun		fingertip[s]	1
التَّابُوتُ	Noun		the ark	1
التَّابُوتِ	Noun		the ark	1
تَأْثِيمًا	Noun		sin	1
تَأْثِيمٌ	Noun		sin	1
تَثْبِيتًا	Noun		and certainty	1
وَتَثْبِيتًا	Noun		and certainty	1
تَسْبِيحَهُمْ	Noun		their glorification	1
وَتَسْبِيحَهُ	Noun		their glorification	1
التَّكَاثُرُ	Noun		the competition to increase	1
وَتَكَاثُرٌ	Noun		the competition to increase	1
تِلْقَاءَ	Noun		towards	1
تِلْقَاءِ	Noun		towards	1
التَّمَاثِيلُ	Noun		statues	1
وَتَمَاثِيلَ	Noun		statues	1
تَوْفِيقِي	Noun		my success	1
وَتَوْفِيقًا	Noun		my success	1
الثَّابِتِ	Noun		firm	1
ثَابِتٌ	Noun		firm	1
بِثَالِثٍ	Noun		third	1
ثَالِثُ	Noun		third	1
جِبِلًّا	Noun		a multitude	1
وَالْجِبِلَّةَ	Noun		a multitude	1
الْجِدَارُ	Noun		a wall	1
جِدَارًا	Noun		a wall	1
جِدَالَ	Noun		quarrelling	1
جِدَالَنَا	Noun		quarrelling	1
جَرَادٌ	Noun		locusts	1
وَالْجَرَادَ	Noun		locusts	1
أَجْسَامُهُمْ	Noun		their bodies	1
وَالْجِسْمِ	Noun		their bodies	1
جَلْدَةً	Noun		lashe(s)	1
جَلْدَةٍ	Noun		lashe(s)	1
الْحَاسِبِينَ	Noun		reckoners	1
حَاسِبِينَ	Noun		reckoners	1
حَافِظَاتٌ	Noun		guarding	1
وَالْحَافِظَاتِ	Noun		guarding	1
الْحُرُّ	Noun		the freeman	1
بِالْحُرِّ	Noun		the freeman	1
حُرُمَاتِ	Noun		sacred rites	1
وَالْحُرُمَاتُ	Noun		sacred rites	1
الْحُزْنِ	Noun		the grief	1
وَحُزْنِي	Noun		the grief	1
الْحَشْرِ	Noun		gathering	1
حَشْرٌ	Noun		gathering	1
حَفِيًّا	Noun		ever gracious	1
حَفِيٌّ	Noun		ever gracious	1
خَائِنَةٍ	Noun		treachery	1
خَائِنَةَ	Noun		treachery	1
الْخَالِصُ	Noun		pure	1
خَالِصًا	Noun		pure	1
خَامِدُونَ	Noun		extinct	1
خَامِدِينَ	Noun		extinct	1
الْخَبِيثَاتُ	Noun		evil women	1
لِلْخَبِيثَاتِ	Noun		evil women	1
خَطِيئَاتِكُمْ	Noun		your sins	1
خَطِيئَاتِهِمْ	Noun		your sins	1
خَفِيًّا	Adjective		secret	1
خَفِيٍّ	Adjective		secret	1
خُلُقٍ	Noun		custom	1
خُلُقُ	Noun		custom	1
خَوْضٍ	Noun		discourse	1
خَوْضِهِمْ	Noun		discourse	1
خِيَانَةً	Noun		betrayal	1
خِيَانَتَكَ	Noun		betrayal	1
دَائِمٌ	Noun		constant	1
دَائِمُونَ	Noun		constant	1
الدَّاخِلِينَ	Noun		enter	1
دَاخِلُونَ	Noun		enter	1
دَافِعٌ	Noun		preventer	1
دَافِعٍ	Noun		preventer	1
دَانِيَةٌ	Noun		and near	1
وَدَانِيَةً	Noun		and near	1
الدَّهْرُ	Noun		time	1
الدَّهْرِ	Noun		time	1
فَدِيَةٌ	Noun		and blood money	1
وَدِيَةٌ	Noun		and blood money	1
لَذَائِقُو	Noun		surely taste	1
لَذَائِقُونَ	Noun		surely taste	1
لِلذَّاكِرِينَ	Noun		for those who remember	1
وَالذَّاكِرِينَ	Noun		for those who remember	1
الذُّبَابُ	Noun		a fly	1
ذُبَابًا	Noun		a fly	1
ذِرَاعًا	Noun		cubits	1
ذِرَاعَيْهِ	Noun		cubits	1
ذَنُوبًا	Noun		portion	1
ذَنُوبِ	Noun		portion	1
الرَّاسِخُونَ	Noun		and those firm	1
وَالرَّاسِخُونَ	Noun		and those firm	1
رَاضِيَةً	Noun		satisfied	1
رَاضِيَةٌ	Noun		satisfied	1
رَأْفَةً	Noun		compassion	1
رَأْفَةٌ	Noun		compassion	1
الرَّأْيِ	Noun		with the sight	1
رَأْيَ	Noun		with the sight	1
بِرَبْوَةٍ	Noun		on a height	1
رَبْوَةٍ	Noun		on a height	1
بِرَدِّهِنَّ	Noun		to repel it	1
رَدَّهَا	Noun		to repel it	1
الرَّشِيدُ	Adjective		right-minded	1
رَشِيدٌ	Adjective		right-minded	1
الرَّضَاعَةَ	Noun		the nursing	1
الرَّضَاعَةِ	Noun		the nursing	1
الرَّعْدُ	Noun		the thunder	1
وَرَعْدٌ	Noun		the thunder	1
الرَّفَثُ	Noun		the approach	1
رَفَثَ	Noun		the approach	1
بِرُكْنِهِ	Noun		a support	1
رُكْنٍ	Noun		a support	1
رَمِيمٌ	Noun		decomposed	1
كَالرَّمِيمِ	Noun		decomposed	1
وَالرَّيْحَانُ	Noun		and bounty	1
وَرَيْحَانٌ	Noun		and bounty	1
الزُّجَاجَةُ	Noun		a glass	1
زُجَاجَةٍ	Noun		a glass	1
زِلْزَالًا	Noun		shake	1
زِلْزَالَهَا	Noun		shake	1
زُلْفَةً	Noun		approaching	1
وَزُلَفًا	Noun		approaching	1
زِيَادَةٌ	Noun		and more	1
وَزِيَادَةٌ	Noun		and more	1
سَائِغًا	Noun		pleasant	1
سَائِغٌ	Noun		pleasant	1
سَبَإٍ	Proper noun		Saba	1
لِسَبَإٍ	Proper noun		Saba	1
السِّدْرَةَ	Noun		lote tree	1
سِدْرَةِ	Noun		lote tree	1
السَّرَّاءِ	Noun		ease	1
وَالسَّرَّاءُ	Noun		ease	1
سَرَابًا	Noun		a mirage	1
كَسَرَابٍ	Noun		a mirage	1
السِّقَايَةَ	Noun		the drinking cup	1
سِقَايَةَ	Noun		the drinking cup	1
سَكْرَةُ	Noun		stupor	1
سَكْرَتِهِمْ	Noun		stupor	1
سُلَّمًا	Noun		a ladder	1
سُلَّمٌ	Noun		a ladder	1
السَّلْمِ	Noun		peace	1
لِلسَّلْمِ	Noun		peace	1
بِالسِّنِّ	Noun		for the tooth	1
وَالسِّنَّ	Noun		for the tooth	1
سَنَابِلَ	Noun		ear	1
سُنْبُلَةٍ	Noun		ear	1
السَّيْرَ	Noun		movement	1
سَيْرًا	Noun		movement	1
السَّيْلُ	Noun		flood	1
سَيْلَ	Noun		flood	1
الشَّافِعِينَ	Noun		intercessors	1
شَافِعِينَ	Noun		intercessors	1
شَاهِدًا	Adjective		present	1
شُهُودًا	Noun Noun		the witnesses	3
شَتَّىٰ	Noun		divided	1
لَشَتَّىٰ	Noun		divided	1
الشِّعْرَ	Noun		poetry	1
وَأَشْعَارِهَا	Noun		poetry	1
شَقِيًّا	Adjective Adjective		unblessed	2
شَقِيٌّ	Noun		wretched	1
شَمَائِلِهِمْ	Noun		their left	1
وَالشَّمَائِلِ	Noun		their left	1
شَهِيقًا	Noun		an inhaling	1
وَشَهِيقٌ	Noun		an inhaling	1
صَالُو	Noun		burn	1
لَصَالُو	Noun		burn	1
صِبْغَةً	Noun		color	1
صِبْغَةَ	Noun		color	1
الصَّخْرَةِ	Noun		a rock	1
صَخْرَةٍ	Noun		a rock	1
وَبِصَدِّهِمْ	Noun		but hindering	1
وَصَدٌّ	Noun		but hindering	1
صَدِيقٍ	Noun		a friend	1
صَدِيقِكُمْ	Noun		a friend	1
الصَّفْحَ	Noun		forgiveness	1
صَفْحًا	Noun		forgiveness	1
أَصْلَابِكُمْ	Noun		your loins	1
الصُّلْبِ	Noun		your loins	1
صُلْحًا	Noun		a reconciliation	1
وَالصُّلْحُ	Noun		a reconciliation	1
بِضَارِّهِمْ	Noun		he (can) harm them	1
بِضَارِّينَ	Noun		he (can) harm them	1
الطَّارِقُ	Noun		the night comer	1
وَالطَّارِقِ	Noun		the night comer	1
الطَّلَاقَ	Noun		divorce	1
الطَّلَاقُ	Noun		divorce	1
ظَلُومًا	Noun		unjust	1
لَظَلُومٌ	Noun		unjust	1
ظَلِيلًا	Adjective		thick	1
ظَلِيلٍ	Adjective		thick	1
عُتُوًّا	Noun		pride	1
عُتُوٍّ	Noun		pride	1
عَجَبًا	Adjective Adjective		amazing	3
فَعَجَبٌ	Noun		a wonder	1
عَدْوًا	Noun		enmity	1
وَعَدْوًا	Noun		enmity	1
بِالْعُرْفِ	Noun		the good	1
عُرْفًا	Noun		the good	1
الْعُسْرَةِ	Noun		difficulty	1
عُسْرَةٍ	Noun		difficulty	1
الْعِشَاءِ	Noun		night	1
عِشَاءً	Noun		night	1
الْعَصْفِ	Noun		husk	1
كَعَصْفٍ	Noun		husk	1
عَضُدًا	Noun		your arm	1
عَضُدَكَ	Noun		your arm	1
الْعَظْمُ	Noun		my bones	1
بِعَظْمٍ	Noun		my bones	1
عِلِّيُّونَ	Noun		illiyun	1
عِلِّيِّينَ	Noun		illiyun	1
بِالْعُمْرَةِ	Noun		of the umrah	1
وَالْعُمْرَةَ	Noun		of the umrah	1
الْغَافِرِينَ	Noun		forgiver	1
غَافِرِ	Noun		forgiver	1
الْغُرَابِ	Noun		crow	1
غُرَابًا	Noun		crow	1
الْغُرُوبِ	Noun		the setting	1
غُرُوبِهَا	Noun		the setting	1
غِطَاءٍ	Noun		a cover	1
غِطَاءَكَ	Noun		a cover	1
غَفَّارًا	Noun		oft-forgiving	1
لَغَفَّارٌ	Noun		oft-forgiving	1
فَجٍّ	Noun		broad passes	1
فِجَاجًا	Noun		broad passes	1
فُرَادَىٰ	Noun		alone	1
وَفُرَادَىٰ	Noun		alone	1
الْفِرَاقُ	Noun		parting	1
فِرَاقُ	Noun		parting	1
الْفَزَعُ	Noun		terror	1
فَزَعٍ	Noun		terror	1
الْفَقِيرَ	Adjective		need	1
فَقِيرٌ	Noun Noun		poor	4
قَانِتَاتٌ	Noun		obedient	1
وَالْقَانِتَاتِ	Noun		obedient	1
بِقَبَسٍ	Noun		burning	1
قَبَسٍ	Noun		burning	1
قَبْضَةً	Noun		a handful	1
قَبْضَتُهُ	Noun		a handful	1
قِبَلَ	Location adverb		towards	1
قِبَلَكَ	Location adverb		towards	1
قِبَلَ	Location adverb Location adverb		towards	1
قِبَلِهِ	Noun		resistance	1
قَبِيلًا	Noun		before	1
وَقَبِيلُهُ	Noun		before	1
الْقُدُّوسُ	Adjective		the holy	1
الْقُدُّوسِ	Adjective		the holy	1
قَرَاطِيسَ	Noun		parchments	1
قِرْطَاسٍ	Noun		parchments	1
قُرْآنَهُ	Noun		its recitation	1
وَقُرْآنَهُ	Noun		its recitation	1
قَسَمٌ	Noun		an oath	1
لَقَسَمٌ	Noun		an oath	1
قِطَعًا	Noun		pieces	1
قِطَعٌ	Noun		pieces	1
الْقَلَائِدَ	Noun		the garlanded	1
وَالْقَلَائِدَ	Noun		the garlanded	1
كَاظِمِينَ	Noun		choked	1
وَالْكَاظِمِينَ	Noun		choked	1
كِبْرٌ	Noun		greatness	1
كِبْرَهُ	Noun		greatness	1
كَثْرَةُ	Noun		abundance	1
كَثْرَتُكُمْ	Noun		abundance	1
الْكَذَّابُ	Noun		a liar	1
كَذَّابٌ	Adjective Adjective		a liar	3
كَرِيمٍ	Noun		pleasant	1
كِرَامًا	Noun		pleasant	1
كِسْوَتُهُمْ	Noun		clothing them	1
وَكِسْوَتُهُنَّ	Noun		clothing them	1
الْكَلَالَةِ	Noun		the kalala	1
كَلَالَةً	Noun		the kalala	1
لُغُوبٌ	Noun		fatigue	1
لُغُوبٍ	Noun		fatigue	1
كَلَمْحٍ	Noun		as a twinkling	1
كَلَمْحِ	Noun		as a twinkling	1
مَاكِثُونَ	Noun		abide	1
مَاكِثِينَ	Noun		abide	1
لَمُبْتَلِينَ	Noun		will test you	1
مُبْتَلِيكُمْ	Noun		will test you	1
مَتَابًا	Noun		my return	1
مَتَابِ	Noun		my return	1
الْمُتَصَدِّقِينَ	Noun		the charitable	1
وَالْمُتَصَدِّقِينَ	Noun		the charitable	1
الْمَثَانِي	Noun		oft-repeated	1
مَثَانِيَ	Noun		oft-repeated	1
لَمَثُوبَةٌ	Noun		recompense	1
مَثُوبَةً	Noun		recompense	1
لَمَجْمُوعُونَ	Noun		be gathered	1
مَجْمُوعٌ	Noun		be gathered	1
الْمُجِيبُونَ	Noun		responders	1
مُجِيبٌ	Noun		responders	1
مَحْيَاهُمْ	Noun		their life	1
وَمَحْيَايَ	Noun		their life	1
لَمَدِينُونَ	Noun		to be recompensed	1
مَدِينِينَ	Noun		to be recompensed	1
لَمَرْدُودُونَ	Noun		repelled	1
مَرْدُودٍ	Noun		repelled	1
لَبِالْمِرْصَادِ	Noun		lying in wait	1
مِرْصَادًا	Noun		lying in wait	1
الْمَرْعَىٰ	Noun		the pasture	1
وَمَرْعَاهَا	Noun		the pasture	1
مَرْفُوعَةٌ	Adjective		exalted	1
مَرْفُوعَةٍ	Adjective		exalted	1
الْمُسَبِّحُونَ	Noun		glorify	1
الْمُسَبِّحِينَ	Noun		glorify	1
مُسْتَمِرٌّ	Noun		continuous	1
مُسْتَمِرٍّ	Noun		continuous	1
مُسْتَمِعُهُمْ	Noun		listening	1
مُسْتَمِعُونَ	Noun		listening	1
الْمُسْتَهْزِئِينَ	Noun		mockers	1
مُسْتَهْزِئُونَ	Noun		mockers	1
وَمُسْتَوْدَعٌ	Noun		and a resting place	1
وَمُسْتَوْدَعَهَا	Noun		and a resting place	1
الْمَسْكَنَةُ	Noun		the poverty	1
وَالْمَسْكَنَةُ	Noun		the poverty	1
مُشْرِكَةً	Noun		a polytheist woman	1
مُشْرِكَةٍ	Noun		a polytheist woman	1
بِمُصْرِخِكُمْ	Noun		my helper	1
بِمُصْرِخِيَّ	Noun		my helper	1
الْمُصَيْطِرُونَ	Noun		a controller	1
بِمُصَيْطِرٍ	Noun		a controller	1
وَالْمُطَلَّقَاتُ	Noun		and for the divorced women	1
وَلِلْمُطَلَّقَاتِ	Noun		and for the divorced women	1
مُطْمَئِنٌّ	Noun		content	1
مُطْمَئِنِّينَ	Noun		content	1
مُظْلِمًا	Noun		those in darkness	1
مُظْلِمُونَ	Noun		those in darkness	1
الْمَعَارِجِ	Noun		and stairways	1
وَمَعَارِجَ	Noun		and stairways	1
مَعْلُومَاتٌ	Adjective		known	1
مَعْلُومَاتٍ	Adjective		known	1
بِمَفَازَةٍ	Noun		escape	1
بِمَفَازَتِهِمْ	Noun		escape	1
الْمُفْتَرِينَ	Noun		inventors	1
مُفْتَرُونَ	Noun		inventors	1
فَمُلَاقِيهِ	Noun		meet you	1
مُلَاقِيكُمْ	Noun		meet you	1
مَمْدُودًا	Adjective		extended	1
مَمْدُودٍ	Adjective		extended	1
لَمُنَجُّوهُمْ	Noun		save you	1
مُنَجُّوكَ	Noun		save you	1
مُنْزَلًا	Noun		sent down	1
مُنْزَلِينَ	Noun		sent down	1
مَنْشُورًا	Noun		unrolled	1
مَنْشُورٍ	Noun		unrolled	1
الْمَنْصُورُونَ	Noun		helped	1
مَنْصُورًا	Noun		helped	1
مُنْقَلَبًا	Noun		return	1
مُنْقَلَبٍ	Noun		return	1
لِمَهْلِكِهِمْ	Noun		destruction	1
مَهْلِكَ	Noun		destruction	1
الْمَوَالِيَ	Noun		heirs	1
مَوَالِيَ	Noun		heirs	1
الْمُوسِعِ	Noun		the wealthy	1
لَمُوسِعُونَ	Noun		the wealthy	1
مُؤْمِنَةً	Noun		believing	1
مُؤْمِنَةٍ	Noun		believing	1
الْمَيْلِ	Noun		a deviation	1
مَيْلًا	Noun		a deviation	1
نَادِيكُمُ	Noun		your meetings	1
نَادِيَهُ	Noun		your meetings	1
فَنَاظِرَةٌ	Noun		looking	1
نَاظِرَةٌ	Noun		looking	1
نِدَاءً	Noun		a call	1
وَنِدَاءً	Noun		a call	1
بِالنَّذْرِ	Noun		vow(s)	1
نَذْرٍ	Noun		vow(s)	1
نَزْغٌ	Noun		an evil suggestion	1
نُسُكٍ	Noun		sacrifice	1
وَنُسُكِي	Noun		sacrifice	1
نَسْلَهُ	Noun		his progeny	1
وَالنَّسْلَ	Noun		his progeny	1
نُشُوزًا	Noun		ill-conduct	1
نُشُوزَهُنَّ	Noun		ill-conduct	1
النُّعَاسَ	Noun		slumber	1
نُعَاسًا	Noun		slumber	1
النَّعْمَةِ	Noun		the ease	1
وَنَعْمَةٍ	Noun		the ease	1
نَفَقَةً	Noun		any spending	1
نَفَقَةٍ	Noun		any spending	1
النَّمْلُ	Noun		ants	1
النَّمْلِ	Noun		ants	1
هَادِيًا	Noun		guide	1
هَادِيَ	Noun		guide	1
الْهَالِكِينَ	Noun		destroyed	1
هَالِكٌ	Noun		destroyed	1
بِهَدِيَّةٍ	Noun		a gift	1
بِهَدِيَّتِكُمْ	Noun		a gift	1
كَهَشِيمِ	Noun		dry stalks	1
هَشِيمًا	Noun		dry stalks	1
وَاصِبًا	Noun		perpetual	1
وَاصِبٌ	Noun		perpetual	1
وَالِدَةٌ	Noun		mother	1
وَالِدَتِكَ	Noun		mother	1
الْوَثَاقَ	Noun		the bond	1
وَثَاقَهُ	Noun		the bond	1
الْوِرْدُ	Noun		thirsty	1
وِرْدًا	Noun		thirsty	1
الْوَلَايَةُ	Noun		the protection	1
وَلَايَتِهِمْ	Noun		the protection	1
يَأْجُوجَ	Proper noun		Yajuj	1
يَأْجُوجُ	Proper noun		Yajuj	1
الْيَتِيمِ	Adjective		the orphan	1
يَتِيمَيْنِ	Adjective		the orphan	1
يَنَابِيعَ	Noun		springs	1
يَنْبُوعًا	Noun		springs	1
الْآزِفَةُ	Noun		the approaching	1
الْآزِفَةِ	Noun		the approaching	1
آخِرَهُ	Time adverb		its end	1
آزَرَ	Proper noun		Azar	1
آمِّينَ	Noun		coming	1
وَأَبًّا	Noun		and grass	1
أَبَابِيلَ	Adjective		flocks	1
وَأَبَارِيقَ	Noun		and jugs	1
الْأَبْتَرُ	Noun		the one cut off	1
بِاتِّخَاذِكُمُ	Noun		by your taking	1
أَتْرَابًا	Noun Noun		well-matched	1
أَثَارَةٍ	Noun		a trace	1
أَثَامًا	Noun		a penalty	1
وَأَثْلٍ	Noun		and tamarisks	1
وَأَجْدَرُ	Noun		and more likely	1
إِجْرَامِي	Noun		my crime	1
أَجْلِ	Noun		time	1
أَجِنَّةٌ	Noun		fetuses	1
أَحَبَّ	Noun		more beloved	1
وَأَحِبَّاؤُهُ	Noun		and his beloved	1
أَحْرَصَ	Noun		most greedy	1
أَحْسَنُ	Noun Noun		best	22
أَحْصَىٰ	Noun		best calculated	1
أَحْقَابًا	Time adverb		ages	1
بِالْأَحْقَافِ	Proper noun		In the al-ahqaf	1
الْأَحْمَالِ	Noun		pregnant	1
أَحْمَدُ	Proper noun		Ahmad	1
أَحْوَىٰ	Adjective		dark	1
اخْتِلَاقٌ	Noun		a fabrication	1
الْأُخْدُودِ	Noun		the pit	1
أَخْزَىٰ	Noun		more disgracing	1
الْأَخْضَرِ	Adjective		green	1
وَأَخْفَى	Noun		and the more hidden	1
إِدًّا	Adjective		atrocious	1
وَأَدَاءٌ	Noun		payment	1
وَإِدْبَارَ	Noun		and after	1
الْأَدْنَىٰ	Noun Noun		more suitable	1
أَدْنَىٰ	Noun Noun		more suitable	7
أَدْهَىٰ	Adjective		more grievous	1
وَإِذَا	Time adverb Time adverb		when	151
وَأَذَانٌ	Noun		and an announcement	1
أَرْبَعِينَ	Noun Noun		four	3
الْإِرْبَةِ	Noun		having no physical desire	1
أَرْجَائِهَا	Noun		its edges	1
وَإِرْصَادًا	Noun		and (as) a station	1
إِرَمَ	Proper noun		Iram	1
أَزًّا	Noun		incitement	1
أَزْرِي	Noun		my strength	1
اسْتِبْدَالَ	Noun		replacing	1
اسْتِحْيَاءٍ	Noun		shyness	1
اسْتِعْجَالَهُمْ	Noun		he hastens for them	1
اسْتِغْفَارُ	Noun		asking of forgiveness	1
أَسْرَهُمْ	Noun		their forms	1
الْأَسْفَلِ	Adjective		the lowest	1
الْأَسْوَدِ	Adjective		black	1
أَشْرَاطُهَا	Noun		its indications	1
وَالْإِشْرَاقِ	Noun		and [the] sunrise	1
أَشَقُّ	Adjective		harder	1
الْإِصْبَاحِ	Noun		the daybreak	1
أَصْوَافِهَا	Noun		their wool	1
وَأَطْغَىٰ	Noun		and more rebellious	1
أَطْوَارًا	Noun		stages	1
أَعْجَمِيًّا	Adjective		a foreign	1
الْأَعْجَمِينَ	Noun		the non-arabs	1
إِعْصَارٌ	Noun		whirlwind	1
أَعْظَمُ	Noun Noun		greater	1
أَفْصَحُ	Noun		more eloquent	1
أَفْنَانٍ	Noun		branches	1
إِقَامَتِكُمْ	Noun		your encampment	1
الْأَقَاوِيلِ	Noun		sayings	1
الْأَقْدَمُونَ	Noun		and your forefathers	1
الْأَقْصَى	Adjective		al-masjid al-aqsa	1
أَقْفَالُهَا	Noun		locks	1
وَأَقْنَىٰ	Noun		and suffices	1
أَقْوَاتَهَا	Noun		its sustenance	1
أَكَّالُونَ	Noun		devourers	1
أَكْرَمَكُمْ	Noun		most noble of you	1
الْأَكْرَمُ	Adjective		the most generous	1
أَكْنَانًا	Noun		shelters	1
بِإِلْحَادٍ	Noun		of deviation	1
إِلْحَافًا	Noun		with importunity	1
أَلَدُّ	Noun		the most quarrelsome	1
وَالْعُزَّىٰ	Proper noun		And the uzza	1
أَلْفَافًا	Adjective		thick foliage	1
بِالْأَلْقَابِ	Noun		by nicknames	1
اللَّاتَ	Proper noun		The lat	1
فَإِلَّمْ	Conditional particle		then if not	1
فَإِمَّا	Explanation particle Explanation particle		or	1
لَأَمَّارَةٌ	Noun		a certain enjoiner	1
أَمَامَهُ	Time adverb		what is before him	1
أَمْتًا	Noun		any curve	1
أَمْثَلُهُمْ	Noun		best of them	1
إِمْرًا	Adjective		grave	1
وَأَمَرُّ	Noun		and more bitter	1
امْرَأَ	Noun		an evil man	1
امْرُؤٌ	Noun		a man	1
فَإِمْسَاكٌ	Noun		then to retain	1
أَمْشَاجٍ	Adjective		a mixture	1
أَمْعَاءَهُمْ	Noun		their intestines	1
لِلْأَنَامِ	Noun		for the creatures	1
الْأَنَامِلَ	Noun		the finger tips	1
انْبِعَاثَهُمْ	Noun		their being sent	1
إِنْسِيًّا	Noun		human being	1
إِنْشَاءً	Noun		a creation	1
الْإِنْفَاقِ	Noun		spending	1
انْفِصَامَ	Noun		break	1
أَنْكَاثًا	Noun		untwisted strands	1
أَنْكَالًا	Noun		shackles	1
أَنْكَرَ	Noun		harshest	1
إِنَاهُ	Noun		its preparation	1
أَنَّىٰ	Interogative particle Interogative particle		how	14
الْأَهِلَّةِ	Noun		the new moons	1
أَهْوَنُ	Noun		easier	1
أَوَّابٍ	Adjective		who turns	1
وَأَوْبَارِهَا	Noun		and their fur	1
أَوْفَىٰ	Verb Verb		to fulfill	2
الْأَوْفَىٰ	Adjective		the fullest	1
الْأَوْلَيَانِ	Noun		the former two	1
أَوْهَنَ	Noun		the weakest	1
إِي	Answer particle		yes	1
أَيَّمَا	Conditional particle		whichever	1
إِيَابَهُمْ	Noun		their return	1
الْأَيَامَىٰ	Noun		the single	1
أَيَّانَ	Interogative particle Interogative particle		when	5
أَيْقَاظًا	Noun		awake	1
أَفَإِنْ	Conditional particle		so if	1
الْبَائِسَ	Noun		the miserable	1
بِبَابِلَ	Proper noun		In babylon	1
وَالْبَادِ	Noun		and the visitor	1
بَادُونَ	Noun		living in (the) desert	1
بَادِيَ	Noun		immature in opinion	1
بَارِزُونَ	Noun		come forth	1
بَارِزَةً	Noun		a leveled plain	1
الْبَارِئُ	Adjective		the inventor	1
بَازِغًا	Noun		rising	1
بَازِغَةً	Noun		rising	1
بَاسِرَةٌ	Noun		distorted	1
بَاسِقَاتٍ	Noun		tall	1
وَبَاطِنَةً	Noun		and hidden	1
بَاقٍ	Noun		be remaining	1
بَالِغَةٌ	Adjective Adjective		reaching	1
بَثِّي	Noun		my suffering	1
بَحِيرَةٍ	Noun		a bahirah	1
بَخْسٍ	Adjective		very low	1
بَخْسًا	Noun		any loss	1
وَبِدَارًا	Noun		and hastily	1
بِبَدْرٍ	Proper noun		In badr	1
بِدْعًا	Noun		a new	1
بَدَلًا	Adjective		the exchange	1
وَالْبُدْنَ	Noun		and the camels and cattle	1
بِبَدَنِكَ	Noun		in your body	1
الْبَدْوِ	Noun		the bedouin life	1
بَرَرَةٍ	Adjective		dutiful	1
بَرَاءٌ	Noun		disassociated	1
بَرَدٍ	Noun		hail	1
بَرِيءٌ	Noun Noun		disassociated	6
بَسًّا	Noun		crumbling	1
بِسَاطًا	Noun		an expanse	1
الْبَسْطِ	Noun		reach	1
وَبَصَلِهَا	Noun		and its onions	1
بَطَرًا	Noun		boastfully	1
بَعْلًا	Proper noun		Baal	1
بَعُوضَةً	Noun		a mosquito	1
الْبِغَاءِ	Noun		prostitution	1
وَالْبِغَالَ	Noun		and mules	1
الْبُقْعَةِ	Noun		the place even	1
بَقْلِهَا	Noun		its herbs	1
أَبْكَارًا	Noun		virgins	1
بُكْرَةً	Time adverb Time adverb		morning	6
وَبُكِيًّا	Noun		and weeping	1
بِبَكَّةَ	Proper noun		At bakkah	1
بَلْ	Retraction particle Retraction particle Retraction particle		nay	122
بَلِيغًا	Adjective		penetrating	1
بَنَّاءٍ	Noun		builder	1
بَهْجَةٍ	Noun		of beauty	1
الْبَوَارِ	Noun		destruction	1
بَيَاتًا	Noun Noun		night	2
وَبِئْرٍ	Noun		and well	1
بَيْضٌ	Noun		eggs	1
وَبِيَعٌ	Noun		and churches	1
بَيِّنٍ	Adjective		clear	1
بَئِيسٍ	Adjective		wretched	1
تَائِبَاتٍ	Adjective		repentant	1
التَّائِبُونَ	Noun		those who turn in repentance	1
فَالتَّالِيَاتِ	Noun		and those who recite	1
تَبَابٍ	Noun		ruin	1
تَبَارًا	Noun		destruction	1
تَبْتِيلًا	Noun		devotion	1
تَبْذِيرًا	Noun		wastefully	1
تَبَرُّجَ	Noun		display	1
تَبْصِرَةً	Noun		giving insight	1
تِبْيَانًا	Noun		a clarification	1
تَبِيعًا	Noun		an avenger	1
تَتْبِيبٍ	Noun		ruin	1
تَتْرَىٰ	Noun		succession	1
تَثْرِيبَ	Noun		blame	1
تَحَاوُرَكُمَا	Noun		dialogue of both of you	1
تَحَصُّنًا	Noun		chastity	1
تَحِلَّةَ	Noun		dissolution	1
تَخَاصُمُ	Noun		quarreling	1
تَخْسِيرٍ	Noun		loss	1
تَخْفِيفٌ	Noun		a concession	1
تَخَوُّفٍ	Noun		a gradual wasting	1
تَخْوِيفًا	Noun		a warning	1
وَتَذْكِيرِي	Noun		and my reminding	1
تَذْلِيلًا	Noun		dangling low	1
وَالتَّرَائِبِ	Noun		and the ribs	1
التُّرَاثَ	Noun		the inheritance	1
التَّرَاقِيَ	Noun		the collar bones	1
تَرَبُّصُ	Noun		waiting	1
تَسْرِيحٌ	Noun		to release	1
تَسْمِيَةَ	Noun		name(s)	1
تَسْنِيمٍ	Noun		tasneem	1
وَتَشَاوُرٍ	Noun		and consultation	1
وَتَصْدِيَةً	Noun		and clapping	1
وَتَصْلِيَةُ	Noun		and burning	1
تَضْلِيلٍ	Noun		astray	1
تَطْهِيرًا	Noun		purification	1
فَتَعْسًا	Noun		destruction	1
التَّعَفُّفِ	Noun		restraint	1
التَّغَابُنِ	Noun		mutual loss and gain	1
تَغَيُّظًا	Noun		raging	1
وَتَفَاخُرٌ	Noun		and boasting	1
تَفَاوُتٍ	Noun		fault	1
تَفَثَهُمْ	Noun		their prescribed duties	1
وَتَفْرِيقًا	Noun		and (for) division	1
تَفْسِيرًا	Noun		explanation	1
تَقْتِيلًا	Noun		and massacred completely	1
تَقْوِيمٍ	Noun		mould	1
تُقَاةً	Noun		a precaution	1
تَكْبِيرًا	Noun		magnificence	1
تَكْذِيبٍ	Noun		denial	1
تَكْلِيمًا	Noun		conversation	1
التَّلَاقِ	Noun		the meeting	1
تِلَاوَتِهِ	Noun		its recitation	1
تِلْقَاءَ	Noun Noun		towards	1
تَمَامًا	Noun		completing	1
تَمْهِيدًا	Noun		ease	1
التَّنَادِ	Noun		calling	1
التَّنَاوُشُ	Noun		the receiving	1
تَنْكِيلًا	Noun		punishment	1
التَّهْلُكَةِ	Noun		destruction	1
تَوَّابٌ	Noun Noun		the acceptor of repentance	2
التَّوْبِ	Noun		repentance	1
تَوْصِيَةً	Noun		make a will	1
تَوْكِيدِهَا	Noun		their confirmation	1
وَالتِّينِ	Noun		by the fig	1
ثَاقِبٌ	Noun		piercing	1
الثَّاقِبُ	Adjective		the piercing	1
الثَّالِثَةَ	Noun		the third	1
وَثَامِنُهُمْ	Noun		and the eight of them	1
ثَاوِيًا	Noun		a dweller	1
ثُبَاتٍ	Noun		groups	1
ثُبُوتِهَا	Noun		it is firmly planted	1
ثَجَّاجًا	Adjective		pouring abundantly	1
الثَّرَىٰ	Noun		the soil	1
وَثِقَالًا	Noun		or heavy	1
ثَلَاثَ	Noun Noun		three	5
ثَلَاثَةَ	Time adverb		three	1
وَثُلُثَهُ	Time adverb		and a third of it	1
ثَمَانِيَ	Noun		eight	1
ثَمَانِينَ	Noun		eighty	1
وَثَمَانِيَةَ	Time adverb		and eight	1
ثَمَرَةٍ	Noun		fruit	1
الثُّمُنُ	Noun		the eighth	1
ثَيِّبَاتٍ	Adjective		previously married	1
جَائِرٌ	Noun		crooked	1
جَاثِيَةً	Noun		kneeling	1
فَالْجَارِيَاتِ	Noun		and those sailing	1
الْجَارِيَةِ	Noun		the sailing	1
جَارِيَةٌ	Adjective		flowing	1
جَازٍ	Noun		avail	1
جَامِدَةً	Noun		firmly fixed	1
جَانِبَ	Noun Noun		side	3
الْجَاهِلِيَّةِ	Proper noun Proper noun		Ignorance	3
جِبَاهُهُمْ	Noun		their foreheads	1
بِالْجِبْتِ	Noun		in the superstition	1
لِلْجَبِينِ	Noun		upon his forehead	1
جَدُّ	Noun		majesty	1
جُدَدٌ	Noun		tracts	1
جُدُرٍ	Noun		walls	1
جُذَاذًا	Noun		pieces	1
جَذْوَةٍ	Noun		a burning wood	1
جُرُفٍ	Noun		a cliff	1
وَالْجُرُوحَ	Noun		and (for) wounds	1
جَزُوعًا	Noun		distressed	1
الْجِزْيَةَ	Noun		the jizyah	1
جَسَدًا	Noun Noun		a body	3
جُفَاءً	Noun		scum	1
وَجِفَانٍ	Noun		and bowls	1
الْجَلَاءَ	Noun		the exile	1
جَلَابِيبِهِنَّ	Noun		their outer garments	1
جَمًّا	Adjective		immense	1
جَمَالٌ	Noun		beauty	1
جِمَالَتٌ	Noun		camels	1
الْجُمُعَةِ	Proper noun		Friday	1
الْجَمَلُ	Noun		the camel	1
جُمْلَةً	Noun		all at once	1
الْجُنُبِ	Adjective		farther away	1
جَنَفًا	Noun		error	1
جَنِيًّا	Adjective		ripe	1
وَجَنَى	Noun		and (the) fruit	1
جِهَارًا	Noun		publicly	1
جُهْدَهُمْ	Noun		their effort	1
جَهُولًا	Adjective		ignorant	1
جَوِّ	Noun		the midst	1
كَالْجَوَابِ	Noun		like reservoirs	1
الْجَوَارِ	Adjective Adjective		the ships	2
الْجَوَارِحِ	Noun		hunting animals	1
الْجُودِيِّ	Proper noun		The judi	1
جَوْفِهِ	Noun		his interior	1
الْجِيَادُ	Adjective		excellent bred steeds	1
جِيدِهَا	Noun		her neck	1
الْحَاجِّ	Noun		the pilgrims	1
حَافِّينَ	Noun		surrounding	1
حَاجِزًا	Noun		a barrier	1
حَاجِزِينَ	Adjective		prevent	1
حَاذِرُونَ	Noun		forewarned	1
حَاسِدٍ	Noun		an envier	1
حَاضِرًا	Noun		presented	1
حَاضِرِي	Noun		present	1
حَاضِرَةً	Adjective		present	1
حَاضِرَةَ	Noun		situated	1
الْحَافِرَةِ	Noun		the former state	1
حَامٍ	Noun		a hami	1
الْحَامِدُونَ	Noun		those who praise	1
فَالْحَامِلَاتِ	Noun		and those carrying	1
بِحَامِلِينَ	Noun		going to carry	1
الْحُبُكِ	Noun		pathways	1
حَتْمًا	Noun		an inevitability	1
حَثِيثًا	Noun		rapidly	1
حِجُّ	Noun		pilgrimage	1
حِجَجٍ	Noun		years	1
حِجْرٌ	Adjective		forbidden	1
الْحُجُرَاتِ	Noun		the private chambers	1
حُجُورِكُمْ	Noun		your guardianship	1
حِدَادٍ	Noun		sharp	1
حَدَبٍ	Noun		elevation	1
حَرَجًا	Noun Noun		any blame	3
حَرْدٍ	Noun		determination	1
حَرَسًا	Noun		guards	1
حَرَضًا	Noun		fatally ill	1
حَرْفٍ	Noun		an edge	1
الْحَرُورُ	Noun		the heat	1
حَرِيصٌ	Noun		concerned	1
حِسَابًا	Noun Noun		account	3
حَسَدًا	Noun		jealousy	1
يَا حَسْرَتَنَا	Noun		oh! our regret	1
يَا حَسْرَتَا	Noun		oh! my regret	1
حَسَنًا	Adjective Adjective		good	18
الْحُسْنَيَيْنِ	Adjective		the two best	1
حُسُومًا	Adjective		succession	1
حَسِيبًا	Noun Noun		accountant	3
حَسِيرٌ	Noun		fatigued	1
حَسِيسَهَا	Noun		slightest sound of it	1
حَصَادِهِ	Noun		its harvest	1
حَصَبُ	Noun		firewood	1
وَحَصُورًا	Noun		and chaste	1
حُصُونُهُمْ	Noun		their fortresses	1
حَصِيرًا	Noun		a prison-bed	1
وَحَفَدَةً	Noun		and grandsons	1
حُفْرَةٍ	Noun		pit	1
حُقُبًا	Noun		a long period	1
حَقِيقٌ	Noun		obligated	1
الْحُكَّامِ	Noun		the authorities	1
وَحَلَائِلُ	Noun		and wives	1
حَلَّافٍ	Noun		habitual swearer	1
الْحُلْقُومَ	Noun		the throat	1
حُلِيِّهِمْ	Noun		their ornaments	1
حَمَّالَةَ	Noun		carrier	1
وَحُمْرٌ	Noun		and red	1
حَمُولَةً	Noun		burden	1
حَمِيدٌ	Adjective Adjective		the praiseworthy	6
حَمِئَةٍ	Adjective		dark mud	1
وَحَنَانًا	Noun		and affection	1
الْحِنْثِ	Noun		the sin	1
حَنِيذٍ	Adjective		roasted	1
حُنَيْنٍ	Proper noun		Hunain	1
الْحَوَايَا	Noun		the entrails	1
حُوبًا	Noun		a sin	1
حَوْلَيْنِ	Time adverb		two years	1
حِوَلًا	Noun		any transfer	1
حَيٍّ	Adjective		living thing	1
حَيْرَانَ	Noun		confused	1
حِيلَةً	Noun		plan	1
الْحَيَوَانُ	Noun		the life	1
حَيَّةٌ	Noun		a snake	1
خَاصَّةً	Noun		exclusively	1
خَائِبِينَ	Noun		disappointed	1
الْخَائِضِينَ	Noun		the vain talkers	1
وَخَاتَمَ	Noun		and seal	1
خَادِعُهُمْ	Noun		who deceives them	1
بِخَازِنِينَ	Noun		retainers	1
خَاسِرَةٌ	Adjective		losing	1
خَاسِئًا	Noun		humbled	1
خَاضِعِينَ	Noun		humility	1
بِالْخَاطِئَةِ	Noun		with sin	1
خَاطِئَةٍ	Adjective		sinful	1
خَافِضَةٌ	Noun		bringing down	1
خَافِيَةٌ	Noun		any secret	1
الْخَالِفِينَ	Noun		those who stay behind	1
الْخَالِقُ	Adjective		the creator	1
الْخَالِيَةِ	Adjective		past	1
خَاوِيَةٍ	Adjective		hollow	1
خُبْزًا	Noun		bread	1
الْخَبْءَ	Noun		the hidden	1
خَتَّارٍ	Adjective		traitor	1
خِتَامُهُ	Noun		its seal	1
خَدَّكَ	Noun		your cheek	1
خَذُولًا	Adjective		a deserter	1
خَرَابِهَا	Noun		their destruction	1
فَخَرَاجُ	Noun		but the payment	1
الْخَرَّاصُونَ	Noun		the liars	1
الْخُرْطُومِ	Noun		the snout	1
خُشُبٌ	Noun		pieces of wood	1
خُشُوعًا	Noun		humility	1
خَصَاصَةٌ	Noun		poverty	1
خَصِمُونَ	Adjective		argumentative	1
خَضِرًا	Noun		green plant	1
خُضْرٌ	Adjective		green	1
خِطْبَةِ	Noun		marriage proposal	1
الْخَطْفَةَ	Noun		theft	1
خِطْئًا	Noun		a sin	1
خَفِيفًا	Adjective		light	1
خِفَافًا	Noun		light	1
الْخُلَطَاءِ	Noun		the partners	1
خِلْفَةً	Noun		succession	1
الْخُلُودِ	Noun		eternity	1
خُلَّةٌ	Noun		friendship	1
بِخُمُرِهِنَّ	Noun		their head covers	1
خُمُسَهُ	Noun		one fifth of it	1
خَمْطٍ	Adjective		bitter	1
الْخَنَّاسِ	Adjective		the one who withdraws	1
بِالْخُنَّسِ	Noun		by the retreating planets	1
خَوَّانًا	Noun		treacherous	1
خَوَّانٍ	Adjective		treacherous	1
الْخِيَاطِ	Noun		the needle	1
الْخِيَامِ	Noun		the pavilions	1
دَائِبَيْنِ	Noun		both constantly pursuing their courses	1
دَأَبًا	Noun		as usual	1
دَاحِضَةٌ	Noun		invalid	1
دَافِقٍ	Adjective		ejected	1
دَانٍ	Noun		near	1
دَانِيَةٌ	Noun Noun		and near	1
دُحُورًا	Noun		repelled	1
دِرَاسَتِهِمْ	Noun		their study	1
دَرَاهِمَ	Noun		dirhams	1
دَرَكًا	Noun		to be overtaken	1
الدَّرْكِ	Noun		the depths	1
دُرِّيٌّ	Adjective		brilliant	1
وَدُسُرٍ	Noun		and nails	1
دَعًّا	Noun		a thrust	1
دِفْءٌ	Noun		warmth	1
دَكَّاءَ	Noun		level	1
دَكَّةً	Noun		a crushing	1
دَلْوَهُ	Noun		his bucket	1
لِدُلُوكِ	Noun		at the decline	1
دَلِيلًا	Noun		an indication	1
دِهَاقًا	Adjective		full	1
كَالدِّهَانِ	Noun		like murky oil	1
بِالدُّهْنِ	Noun		oil	1
الدَّوَائِرَ	Noun		the turns	1
دُولَةً	Noun		a (perpetual) circulation	1
دَيَّارًا	Noun		an inhabitant	1
بِدِينَارٍ	Noun		with a single coin	1
وَالذَّارِيَاتِ	Noun		by those scattering	1
وَالذَّاكِرَاتِ	Noun		and the women who remember	1
فَذَانِكَ	Demonstrative pronoun		so these	1
ذَاهِبٌ	Noun		going	1
بِذِبْحٍ	Noun		with a sacrifice	1
ذَرْوًا	Noun		dispersing	1
ذُلُلًا	Noun		made smooth	1
ذَلُولٌ	Adjective		trained	1
ذَلُولًا	Noun		subservient	1
ذَهَابٍ	Noun		taking it away	1
ذِي	Noun Noun		owner	12
بِرَادِّي	Noun		would hand over	1
رَابِيًا	Noun		rising	1
رَابِيَةً	Adjective		exceeding	1
الرَّاجِفَةُ	Noun		the quaking one	1
الرَّادِفَةُ	Noun		the subsequent	1
الرَّاشِدُونَ	Noun		the guided ones	1
وَرَافِعُكَ	Noun		and raise you	1
رَافِعَةٌ	Noun		raising up	1
رَاقٍ	Noun		cure	1
رُبَمَا	Noun		perhaps	1
رِبًا	Noun		usury	1
وَرَبَائِبُكُمُ	Noun		and your step daughters	1
رِبَاطِ	Noun		tethered	1
رِبِّيُّونَ	Noun		religious scholars	1
رَتْقًا	Noun		a joined entity	1
رَجًّا	Noun		a shaking	1
وَالرُّجْزَ	Noun		and uncleanliness	1
الرُّجْعَىٰ	Noun		the return	1
وَرَجِلِكَ	Noun		and infantry	1
رَجْمًا	Noun		guessing	1
رُجُومًا	Noun		missiles	1
رِحْلَةَ	Noun		journey	1
رُحْمًا	Noun		affection	1
رَحِيقٍ	Noun		a pure wine	1
رُخَاءً	Noun		gently	1
رَدْمًا	Noun		a barrier	1
رِدْءًا	Noun		a helper	1
الرَّزَّاقُ	Noun		the all-provider	1
بِرَشِيدٍ	Noun		was right	1
رَصَدًا	Adjective		waiting	1
رَصَدًا	Adjective Adjective		waiting	1
رَضِيًّا	Noun		pleasing	1
رَطْبٍ	Noun		moist	1
رُطَبًا	Noun		fresh dates	1
الرِّعَاءُ	Noun		the shepherds	1
رِعَايَتِهَا	Noun		observance	1
رَغَبًا	Noun		hope	1
رَغَدًا	Adjective Adjective		freely	2
الرِّفْدُ	Noun		the gift	1
رَفْرَفٍ	Noun		cushions	1
رَفِيعُ	Adjective		possessor of the highest ranks	1
رَفِيقًا	Noun		companion(s)	1
رَقٍّ	Noun		parchment	1
رُقُودٌ	Noun		asleep	1
لِرُقِيِّكَ	Noun		in your ascension	1
وَالرَّقِيمِ	Noun		and the inscription	1
رِكَابٍ	Noun		camels	1
رُكَامًا	Noun		a mass	1
وَالرَّكْبُ	Noun		and the caravan	1
رُكْبَانًا	Noun		riding	1
رِكْزًا	Noun		a sound	1
رَكُوبُهُمْ	Noun		they ride them	1
وَرِمَاحُكُمْ	Noun		and your spears	1
كَرَمَادٍ	Noun		like ashes	1
رَمْزًا	Noun		gestures	1
رَمَضَانَ	Proper noun		Ramadhaan	1
فَرِهَانٌ	Noun		then pledge	1
الرَّهْبِ	Noun		fear	1
وَرَهَبًا	Noun		and fear	1
وَرَهْبَانِيَّةً	Noun		but monasticism	1
رَهْبَةً	Noun		fear	1
رَهْوًا	Noun		at rest	1
رَهِينٌ	Noun		pledged	1
رَهِينَةٌ	Noun		pledged	1
وَرَوَاحُهَا	Noun		and its afternoon course	1
رَوَاكِدَ	Noun		motionless	1
رَوْضَاتِ	Noun		flowering meadows	1
رَوْضَةٍ	Noun		a garden	1
الرَّوْعُ	Noun		the fright	1
الرُّومُ	Proper noun		The romans	1
رُوَيْدًا	Noun		little	1
رِيبَةً	Noun		a (cause of) doubt	1
وَرِيشًا	Noun		and (as) an adornment	1
رِيعٍ	Noun		elevation	1
رَءُوفٌ	Noun Noun		full of kindness	3
وَرِئْيًا	Noun		and appearance	1
فَالزَّاجِرَاتِ	Noun		and those who drive	1
الزَّادِ	Noun		provision	1
الزَّارِعُونَ	Noun		the ones who grow	1
الزَّاهِدِينَ	Noun		those keen to give up	1
زَاهِقٌ	Noun		vanishing	1
الزَّبَانِيَةَ	Noun		the angels of hell	1
زُبَرَ	Noun		sheets	1
زَجْرًا	Noun		strongly	1
زَحْفًا	Noun		advancing	1
وَزَرَابِيُّ	Noun		and carpets	1
الزُّرَّاعَ	Noun		the sowers	1
زُرْقًا	Noun		blue-eyed	1
زَكِيًّا	Adjective		pure	1
زَكِيَّةً	Noun		pure	1
زَلْزَلَةَ	Noun		convulsion	1
زَلَقًا	Noun		slippery	1
زَمْهَرِيرًا	Noun		freezing cold	1
زَنْجَبِيلًا	Noun		zanjabil	1
الزِّنَا	Noun		adultery	1
زَنِيمٍ	Noun		utterly useless	1
زَهْرَةَ	Noun		splendor	1
زَهُوقًا	Noun		to perish	1
زَوَالٍ	Noun		end	1
زَيْتُهَا	Noun		its oil	1
زَيْتُونَةٍ	Noun		an olive	1
زَيْدٌ	Proper noun		Zaid	1
زَيْغٌ	Noun		perversity	1
سَائِبَةٍ	Noun		a saibah	1
سَائِحَاتٍ	Adjective		who fast	1
السَّائِحُونَ	Noun		those who go out	1
سَائِقٌ	Noun		a driver	1
وَالسَّابِحَاتِ	Noun		and those who glide	1
سَابِغَاتٍ	Noun		full coats of mail	1
فَالسَّابِقَاتِ	Noun		and those who race each other	1
بِسَاحَتِهِمْ	Noun		in their territory	1
بِالسَّاحِلِ	Noun		on the bank	1
السَّاخِرِينَ	Noun		the mockers	1
وَسَارِبٌ	Noun		or goes freely	1
وَالسَّارِقَةُ	Noun		and the female thief	1
سَاعَةً	Noun Noun		the hour	6
سَاقِطًا	Noun		falling	1
سَاكِنًا	Noun		stationary	1
سَالِمُونَ	Noun		sound	1
سَامِدُونَ	Noun		amuse	1
سَامِرًا	Noun		conversing by night	1
بِالسَّاهِرَةِ	Noun		awakened	1
سَبْعَ	Noun Noun		seven	15
السَّبُعُ	Noun		the wild animal	1
سَبْقًا	Noun		a race	1
سِتْرًا	Noun		any shelter	1
سِتِّينَ	Noun		sixty	1
السِّجِلِّ	Noun		a scroll	1
سَحَّارٍ	Noun		magician	1
فَسُحْقًا	Noun		so away with	1
سَحِيقٍ	Adjective		far off	1
سُخْرِيًّا	Noun		service	1
بِسَخَطٍ	Noun		on (himself) wrath	1
سُدًى	Noun		neglected	1
السَّرَائِرُ	Noun		the secrets	1
سُرَادِقُهَا	Noun		its walls	1
سَرَبًا	Noun		slipping away	1
السَّرْدِ	Noun		the links	1
وَسُرُورًا	Noun		and happiness	1
سَرِيًّا	Noun		a stream	1
وَسَعِيدٌ	Noun		and (the) glad	1
سَفَرَةٍ	Noun		scribes	1
السُّفْلَىٰ	Noun		the lowest	1
سَفَهًا	Noun		foolishness	1
وَسُقْيَاهَا	Noun		and her drink	1
سَكَرًا	Noun		intoxicant	1
سِكِّينًا	Noun		a knife	1
السَّلَامُ	Adjective		the giver of peace	1
سَلْسَبِيلًا	Proper noun		Salsabil	1
سَلَفًا	Noun		a precedent	1
السِّلْمِ	Proper noun		Islam	1
سَمِّ	Noun		eye	1
سَمْكَهَا	Noun		its ceiling	1
سَنَا	Noun		flash	1
سُنْبُلِهِ	Noun		its ears	1
سِنِينَ	Noun Noun		years	8
سِنَةٌ	Noun		slumber	1
سُهُولِهَا	Noun		its plains	1
سَوَاءٍ	Noun Noun		same	7
سُوَاعًا	Proper noun		Suwa	1
بِسُؤَالِ	Noun		by demanding	1
السُّوأَىٰ	Noun		the evil	1
سُودٌ	Adjective		and intensely black	1
بِسُورٍ	Noun		a wall	1
سَوْطَ	Noun		scourge	1
سُؤْلَكَ	Noun		your request	1
سُوًى	Adjective		even	1
سِيرَتَهَا	Noun		its state	1
سَيْنَاءَ	Proper noun		Mount sinai	1
سِينِينَ	Proper noun		Sinai	1
سَيِّئُهُ	Noun		evil	1
سَيِّئَةً	Noun Noun		the evil	3
شَاخِصَةٌ	Noun		staring	1
شَاطِئِ	Noun		side	1
شَاكِلَتِهِ	Noun		his manner	1
شَامِخَاتٍ	Adjective		lofty	1
شَانِئَكَ	Noun		your enemy	1
الشِّتَاءِ	Noun		winter	1
شَتَّىٰ	Noun Noun		divided	1
شُحُومَهُمَا	Noun		their fat	1
شُرْبَ	Noun		drinking	1
لَشِرْذِمَةٌ	Noun		certainly a band	1
بِشَرَرٍ	Noun		sparks	1
شُرَّعًا	Noun		visibly	1
شِرْعَةً	Noun		a law	1
شَرْقِيًّا	Adjective		eastern	1
شَرْقِيَّةٍ	Noun		east	1
شَرِيعَةٍ	Noun		an ordained way	1
شَطْأَهُ	Noun		its shoot	1
شُعَبٍ	Noun		columns	1
الشِّعْرَىٰ	Proper noun		Sirius	1
شُعُوبًا	Noun		nations	1
شُغُلٍ	Noun		will be occupied	1
وَشَفَتَيْنِ	Noun		and two lips	1
وَالشَّفْعِ	Noun		and the even	1
بِالشَّفَقِ	Noun		by the twilight glow	1
شُفَعَاءَ	Noun Noun		any intercessor	1
بِشِقِّ	Noun		with great trouble	1
شَقًّا	Noun		splitting	1
شِقْوَتُنَا	Noun		our wretchedness	1
الشُّقَّةُ	Noun		the distance	1
شُكْرًا	Noun		gratitude	1
شَكْلِهِ	Noun		its type	1
شَكُورٌ	Adjective Adjective		grateful	3
وَشُهُبًا	Noun		and flaming fires	1
شُوَاظٌ	Noun		a flame	1
لَشَوْبًا	Noun		a mixture	1
شُورَىٰ	Noun		consultation	1
الشَّوْكَةِ	Noun		the armed	1
لِلشَّوَىٰ	Noun		of the skin of the head	1
شِيبًا	Noun		gray-haired	1
شَيْبًا	Noun		white	1
وَشَيْبَةً	Noun		and gray hair	1
شُيُوخًا	Noun		old	1
شِيَةَ	Noun		blemish	1
الصَّاخَّةُ	Noun		the deafening blast	1
الصَّافُّونَ	Noun		stand in rows	1
وَالصَّائِمَاتِ	Noun		and the women who fast	1
وَالصَّائِمِينَ	Noun		and the men who fast	1
صَابِرُونَ	Adjective		steadfast	1
وَالصَّابِرَاتِ	Noun		and the patient women	1
صَابِرَةٌ	Adjective		steadfast	1
وَالصَّادِقَاتِ	Noun		and the truthful women	1
صَارِمِينَ	Noun		pluck (the) fruit	1
الصَّافِنَاتُ	Noun		excellent bred steeds	1
صَالِ	Noun		to burn	1
صَامِتُونَ	Noun		remain silent	1
صَبًّا	Noun		abundance	1
صَبَاحُ	Noun		morning	1
صُبْحًا	Time adverb		dawn	1
وَصِبْغٍ	Noun		and a relish	1
بِصِحَافٍ	Noun		plates	1
الصَّخْرَ	Noun		the rocks	1
الصَّدْعِ	Noun		cracks open	1
الصَّدَفَيْنِ	Noun		the two cliffs	1
صَدُقَاتِهِنَّ	Noun		their dower	1
صُدُودًا	Noun		aversion	1
صَدِيدٍ	Adjective		purulent	1
صِدِّيقَةٌ	Noun		truthful	1
صِرٌّ	Noun		frost	1
صَرْعَىٰ	Noun		fallen	1
صَرْفًا	Noun		avert	1
صَرِيخَ	Noun		a responder to a cry	1
كَالصَّرِيمِ	Noun		as if reaped	1
صَرَّةٍ	Noun		a loud voice	1
صَعَدًا	Adjective		severe	1
صَعِقًا	Noun		unconscious	1
صَعُودًا	Noun		a laborious punishment	1
صَغَارٌ	Noun		a humiliation	1
صَغِيرَةً	Adjective		small	1
صَغِيرَةً	Adjective Adjective		small	1
الصَّفَا	Proper noun		The safa	1
صُفْرٌ	Adjective		yellow	1
صَفْرَاءُ	Adjective		yellow	1
صَفْصَفًا	Adjective		plain	1
صَفْوَانٍ	Noun		smooth rock	1
صَلْدًا	Noun		bare	1
صِلِيًّا	Noun		being burnt	1
الصَّمَدُ	Noun		the eternal, the absolute	1
صَنْعَةَ	Noun		making	1
وَصِهْرًا	Noun		and marriage relationship	1
صَوَافَّ	Noun		lined up	1
صَوَابًا	Noun		correct	1
صُوَاعَ	Noun		cup	1
صَوَامِعُ	Noun		monasteries	1
صَوْمًا	Noun		a fast	1
صَيَاصِيهِمْ	Noun		their fortresses	1
كَصَيِّبٍ	Noun		like a rainstorm	1
وَالصَّيْفِ	Noun		and summer	1
وَضَائِقٌ	Noun		and straitened	1
ضَاحِكًا	Noun		laughing	1
ضَاحِكَةٌ	Noun		laughing	1
ضَامِرٍ	Noun		lean camel	1
الضَّأْنِ	Noun		the sheep	1
ضَبْحًا	Noun		panting	1
ضِدًّا	Noun		opponents	1
الضَّرَرِ	Noun		disabled	1
ضَرِيعٍ	Noun		a bitter thorny plant	1
ضِعَافًا	Adjective		weak	1
ضُعَفَاءُ	Adjective		weak	1
وَالضَّفَادِعَ	Noun		and the frogs	1
ضَنْكًا	Adjective		straitened	1
بِضَنِينٍ	Noun		a withholder	1
ضَيْرَ	Noun		harm	1
ضِيزَىٰ	Adjective		unfair	1
ضَيِّقًا	Noun		tight	1
ضَيِّقًا	Noun Noun		tight	1
الطَّامَّةُ	Noun		the overwhelming calamity	1
طَائِعِينَ	Noun		willingly	1
طَائِفَةٌ	Noun Noun		a group	12
طَاعِمٍ	Noun		an eater	1
بِالطَّاغِيَةِ	Noun		by the overpowering	1
الطَّالِبُ	Noun		the seeker	1
طَعْمُهُ	Noun		its taste	1
وَطَعْنًا	Noun		and defaming	1
بِطَغْوَاهَا	Noun		by their transgression	1
فَطَلٌّ	Noun		then a drizzle	1
طَلَبًا	Noun		to find it	1
وَطَلْحٍ	Noun		and banana trees	1
طَوَّافُونَ	Noun		moving about	1
طُوبَىٰ	Noun		blessedness	1
كَالطَّوْدِ	Noun		like the mountain	1
طُولًا	Noun		height	1
كَطَيِّ	Noun		like (the) folding	1
الظَّانِّينَ	Adjective		who assume	1
ظَعْنِكُمْ	Noun		your travel	1
ظُفُرٍ	Noun		claws	1
ظُلُمَاتٌ	Adjective		darkness[es]	1
ظَمَأٌ	Noun		thirst	1
الظَّمْآنُ	Noun		the thirsty one	1
ظِهْرِيًّا	Noun		backs	1
الظَّهِيرَةِ	Noun		noon	1
الْعَادِّينَ	Noun		those who keep count	1
عَائِدُونَ	Noun		return	1
عَائِلًا	Noun		in need	1
عَابِدِينَ	Adjective		worshippers	1
عَابِدَاتٍ	Adjective		who worship	1
عَابِرِي	Noun		passing	1
عَاتِيَةٍ	Adjective		violent	1
وَالْعَادِيَاتِ	Noun		by the racers	1
عَاصِفٌ	Adjective		stormy	1
عَاصِفٍ	Noun		stormy	1
فَالْعَاصِفَاتِ	Noun		and the winds that blow	1
عَاصِفَةً	Noun		forcefully	1
وَالْعَافِينَ	Noun		and those who pardon	1
لَعَالٍ	Noun		a tyrant	1
عَالِينَ	Adjective		haughty	1
الْعَالِينَ	Noun		the exalted ones	1
عَامِلَةٌ	Adjective		laboring	1
عَبَثًا	Noun		uselessly	1
وَعَبْقَرِيٍّ	Noun		and carpets	1
عَبُوسًا	Adjective		harsh	1
عُتُلٍّ	Adjective		cruel	1
عَتِيدٌ	Adjective		ready	1
عَتِيدٌ	Adjective Adjective		ready	1
عُجَابٌ	Adjective		curious	1
عَجَلٍ	Noun		haste	1
عَجُولًا	Adjective		ever hasty	1
عَدَدًا	Adjective		a number	1
وَعَدَسِهَا	Noun		its lentils	1
عَدُوٍّ	Adjective		hostile	1
عُدَّةً	Noun		preparation	1
عُرُبًا	Adjective		devoted	1
وَعَرَبِيٌّ	Noun		and an arab	1
كَالْعُرْجُونِ	Noun		like the date stalk	1
عُرْضَةً	Noun		an excuse	1
عَرَفَاتٍ	Proper noun		Arafat	1
الْعَرِمِ	Noun		the dam	1
عَرِيضٍ	Adjective		lengthy	1
عِزًّا	Noun		an honor	1
عُزَيْرٌ	Proper noun		Uzair	1
عِزِينَ	Noun		separate groups	1
عَسِرٌ	Adjective		difficult	1
لِلْعُسْرَىٰ	Noun		towards [the] difficulty	1
عَسَلٍ	Noun		honey	1
الْعِشَارُ	Noun		the full-term she-camels	1
عَشْرًا	Time adverb		ten	1
عَشْرٍ	Adjective		ten	1
عِشْرُونَ	Noun		twenty	1
الْعَشِيرُ	Noun		friend	1
عَشِيَّةً	Noun		an evening	1
وَالْعَصْرِ	Noun		by the time	1
عَصْفًا	Noun		violently	1
بِعِصَمِ	Noun		to marriage bonds	1
عَصِيًّا	Adjective		disobedient	1
عَصِيًّا	Adjective Adjective		disobedient	1
وَالْعِصْيَانَ	Noun		and disobedience	1
عَصِيبٌ	Adjective		distressful	1
عِضِينَ	Noun		parts	1
عِطْفِهِ	Noun		his neck	1
عِفْرِيتٌ	Noun		a strong one	1
عُقْبًا	Noun		the final end	1
بِالْعُقُودِ	Noun		the contracts	1
عَقِيمًا	Noun		barren	1
وَعَلَامَاتٍ	Noun		and landmarks	1
عَلَقٍ	Noun		a clinging substance	1
الْعُلْيَا	Noun		the highest	1
الْعِمَادِ	Noun		lofty pillars	1
وَعِمَارَةَ	Noun		and (the) maintenance	1
لَعَمْرُكَ	Noun		by your life	1
عَمِينَ	Adjective		blind	1
عَمُونَ	Noun		blind	1
عَمِيقٍ	Adjective		distant	1
الْعَنَتَ	Noun		committing sin	1
عَنِيدًا	Noun		stubborn	1
عَوَانٌ	Noun		middle aged	1
عِيدًا	Noun		a festival	1
عَيْلَةً	Noun		poverty	1
عِينٌ	Noun Noun		large eyes	1
غَائِبَةٍ	Noun		hidden	1
لَغَائِظُونَ	Noun		surely enraging	1
الْغَارِ	Noun		the cave	1
وَالْغَارِمِينَ	Noun		and for those in debt	1
غَاسِقٍ	Noun		darkness	1
الْغَافِلَاتِ	Adjective		the unaware women	1
غَبَرَةٌ	Noun		dust	1
غَدَاءَنَا	Noun		our morning meal	1
غَدَقًا	Adjective		abundance	1
وَغَرَابِيبُ	Noun		and intensely black	1
غَرَامًا	Noun		inseparable	1
الْغَرْبِيِّ	Adjective		western	1
غَرْبِيَّةٍ	Noun		west	1
الْغُرُفَاتِ	Noun		the high dwellings	1
غَرْقًا	Noun		violently	1
الْغَرَقُ	Noun		the drowning	1
غَزْلَهَا	Noun		her spun yarn	1
غُزًّى	Noun		fighting	1
غَسَقِ	Noun		darkness	1
غِسْلِينٍ	Noun		discharge of wounds	1
غَصْبًا	Noun		force	1
غُصَّةٍ	Noun		chokes	1
غُفْرَانَكَ	Noun		us your forgiveness	1
غَلَبِهِمْ	Noun		their defeat	1
غُلْبًا	Adjective		thick foliage	1
غِلْظَةً	Noun		harshness	1
كَغَلْيِ	Noun		like boiling	1
غَلِيظَ	Noun		harsh	1
غَمَرَاتِ	Noun		agonies	1
غُمَّةً	Noun		any doubt	1
وَغَوَّاصٍ	Noun		and diver	1
غَوْلٌ	Noun		bad effect	1
لَغَوِيٌّ	Noun		surely a deviator	1
فَاهُ	Noun		his mouth	1
الْفَاتِحِينَ	Noun		those who decide	1
بِفَاتِنِينَ	Noun		can tempt away	1
فَاجِرًا	Noun		a wicked	1
فَارِضٌ	Adjective		old	1
فَارِغًا	Noun		empty	1
فَالْفَارِقَاتِ	Noun		and those who separate	1
فَارِهِينَ	Noun		skillfully	1
الْفَاصِلِينَ	Noun		the deciders	1
فَاقِرَةٌ	Noun		backbreaking	1
فَاقِعٌ	Adjective		bright	1
فَانٍ	Noun		perish	1
الْفَتَّاحُ	Noun		the judge	1
فَتْرَةٍ	Noun		an interval	1
فُتُونًا	Noun		a trial	1
فَتًى	Noun		a youth	1
فَتَيَانِ	Noun		two young men	1
فِجَاجًا	Noun Noun		broad passes	1
الْفَجَرَةُ	Adjective		the wicked ones	1
فُجُورَهَا	Noun		its wickedness	1
فَجْوَةٍ	Noun		the open space	1
كَالْفَخَّارِ	Noun		like the pottery	1
فِدَاءً	Noun		ransom	1
كَالْفَرَاشِ	Noun		like moths	1
فَرْثٍ	Noun		bowels	1
وَفَرْشًا	Noun		and (some for) meat	1
فُرُطًا	Noun		excess	1
وَفَرْعُهَا	Noun		and its branches	1
فَرْقًا	Noun		criterion	1
فِرْقٍ	Noun		part	1
فِرْقَةٍ	Noun		group	1
فَرِيًّا	Adjective		an amazing thing	1
فَصْلٌ	Adjective		decisive	1
وَفَصِيلَتِهِ	Noun		and his nearest kindred	1
فِطْرَتَ	Noun		nature	1
فُطُورٍ	Noun		flaw	1
فَظًّا	Noun		rude	1
فِعْلَ	Noun		doing	1
فَعْلَتَكَ	Noun		your deed	1
الْفَقْرَ	Noun		poverty	1
فَكُّ	Noun		freeing	1
فَكِهِينَ	Noun		jesting	1
فُلَانًا	Noun		that one	1
الْفَلَقِ	Noun		the dawn	1
فَوَاقٍ	Noun		delay	1
فَوْتَ	Noun		escape	1
فَوْرِهِمْ	Noun		suddenly	1
وَفُومِهَا	Noun		its garlic	1
فِئَتُكُمْ	Noun		your forces	1
الْفِيلِ	Noun		elephant	1
قَائِلُونَ	Noun		were sleeping at noon	1
قَائِمَةٌ	Noun Noun		standing	2
قَابَ	Noun		a distance	1
وَقَابِلِ	Noun		and (the) acceptor	1
قَاصِدًا	Noun		easy	1
قَاصِفًا	Noun		a hurricane	1
قَاضٍ	Noun		decreeing	1
الْقَاضِيَةَ	Noun		the end	1
قَاطِعَةً	Noun		the one to decide	1
قَاعًا	Noun		a level	1
الْقَالِينَ	Noun		those who detest	1
قَانِتَاتٍ	Adjective		obedient	1
الْقَانِطِينَ	Noun		the despairing	1
الْقَانِعَ	Noun		the needy who do not ask	1
وَقَبَائِلَ	Noun		and tribes	1
قَبْضًا	Noun		a withdrawal	1
بِقَبُولٍ	Noun		with acceptance	1
قَتَرٌ	Noun		dust	1
قَتَرَةٌ	Noun		darkness	1
الْقَتْلَى	Noun		the murdered	1
قَتُورًا	Adjective		stingy	1
وَقِثَّائِهَا	Noun		its cucumbers	1
قَدْحًا	Noun		striking	1
قِدَدًا	Adjective		different	1
وَقُدُورٍ	Noun		and cooking-pots	1
قَدِيرًا	Adjective		all-powerful	1
قُرُبَاتٍ	Noun		means of nearness	1
قُرْبَةٌ	Noun		a means of nearness	1
قُرُوءٍ	Noun		monthly periods	1
قُرَيْشٍ	Proper noun		Quraish	1
قَسْوَرَةٍ	Noun		a lion	1
قَسْوَةً	Noun		hardness	1
قِسِّيسِينَ	Noun		priests	1
قَصْدُ	Noun		the direction	1
الْقُصْوَىٰ	Adjective		the farther	1
قَصِيًّا	Adjective		remote	1
وَقَضْبًا	Noun		and green fodder	1
قِطَّنَا	Noun		our share	1
قَطِرَانٍ	Noun		tar	1
قِطْمِيرٍ	Noun		the membrane of a date-seed	1
قَعِيدٌ	Noun		seated	1
قَلِيلَةٍ	Adjective		small	1
قَمْطَرِيرًا	Adjective		and distressful	1
وَالْقُمَّلَ	Noun		and the lice	1
قِنْوَانٌ	Noun		clusters of dates	1
قَنُوطٌ	Noun		despairs	1
قَوَامًا	Noun		moderate	1
قَوْسَيْنِ	Noun		two bow-(lengths)	1
بِقِيعَةٍ	Noun		in a lowland	1
قِيَمًا	Adjective		right	1
قَيِّمَةٌ	Adjective		correct	1
الْقَيِّمَةِ	Noun		the correct	1
كَاتِبِينَ	Adjective		recording	1
كَادِحٌ	Noun		laboring	1
كَاذِبَةٍ	Adjective		lying	1
كَاشِفَاتُ	Noun		removers	1
كَاشِفَةٌ	Noun		any remover	1
بِكَافٍ	Noun		sufficient	1
كَافِرَةٌ	Adjective		disbelievers	1
كَافُورًا	Noun		kafur	1
كَالِحُونَ	Noun		grin with displaced lips	1
كَامِلَيْنِ	Adjective		complete	1
كَامِلَةٌ	Adjective		in all	1
كَامِلَةً	Noun		full	1
كُبَّارًا	Adjective		great	1
كَبَدٍ	Noun		hardship	1
وَكُبَرَاءَنَا	Noun		and our great men	1
الْكُبَرِ	Noun		the greatest	1
بِكِتَابِي	Noun		with my letter	1
كَثِيبًا	Noun		a heap of sand	1
كَدْحًا	Noun		exertion	1
كَسَادَهَا	Noun		a decline (in) it	1
كِسْفًا	Noun		a portion	1
كَشْفَ	Noun		remove	1
الْكَعْبَيْنِ	Noun		the ankles	1
كِفَاتًا	Noun		a receptacle	1
كَفَّارٍ	Adjective Adjective		ungrateful	1
كُفْرَانَ	Noun		rejected	1
كُفُوًا	Noun		equivalent	1
كَفِيلًا	Noun		a surety	1
كُلَّ	Noun Noun		every	4
كَلٌّ	Noun		a burden	1
كِلَاهُمَا	Noun		both of them	1
كِلْتَا	Noun		each	1
وَكَمْ	Interogative particle Interogative particle		how many	8
الْكُنَّسِ	Adjective		disappear	1
لَكَنُودٌ	Noun		surely ungrateful	1
وَكَوَاعِبَ	Noun		and splendid companions	1
الْكَوَافِرِ	Noun		disbelieving women	1
الْكَوْثَرَ	Noun		al-kauthar	1
لَائِمٍ	Noun		a critic	1
لَابِثِينَ	Noun		be remaining	1
لَازِبٍ	Noun		sticky	1
اللَّاعِنُونَ	Noun		the ones who curse	1
لَاغِيَةً	Noun		vain talk	1
لَاقِيهِ	Noun		meet it	1
لَاهِيَةً	Noun		distracted	1
لُبَدًا	Adjective		abundant	1
لِبَدًا	Noun		a compacted mass	1
لَبْسٍ	Noun		doubt	1
لَبُوسٍ	Noun		coats of armor	1
لُجِّيٍّ	Adjective		deep	1
لُجَّةً	Noun		a pool	1
لَحْنِ	Noun		tone	1
بِلِحْيَتِي	Noun		by my beard	1
لُدًّا	Adjective		hostile	1
لَدُنْ	Noun Noun		yourself	1
لَظَىٰ	Proper noun		Surely a flame of hell	1
لَعْنًا	Noun		a curse	1
لَفِيفًا	Noun		a mixed crowd	1
لَمًّا	Adjective		altogether	1
وَلَمَّا	Negative particle Negative particle Negative particle		not	1
لُمَزَةٍ	Noun		backbiter	1
اللَّمَمَ	Noun		the small faults	1
لَوَّاحَةٌ	Noun		scorching	1
لِوَاذًا	Noun		under shelter	1
لَوَاقِحَ	Noun		fertilizing	1
اللَّوَّامَةِ	Adjective		self-accusing	1
لَوْمَةَ	Noun		the blame	1
لَيًّا	Noun		twisting	1
لَيْلَةَ	Time adverb		nights	1
لَيِّنًا	Adjective		gentle	1
لِينَةٍ	Noun		palm-trees	1
مَأْتِيًّا	Noun		sure to come	1
مَارِجٍ	Noun		a smokeless flame	1
مَارِدٍ	Noun		rebellious	1
وَمَارُوتَ	Proper noun		And marut	1
الْمَاعُونَ	Noun		small kindnesses	1
مَأْكُولٍ	Adjective		eaten up	1
يَا مَالِكُ	Proper noun		O malik	1
مَأْمَنَهُ	Noun		his place of safety	1
مَأْمُونٍ	Noun		to be felt secure	1
مَانِعَتُهُمْ	Noun		would defend them	1
الْمَاهِدُونَ	Noun		the spreaders	1
الْمُبَارَكَةِ	Adjective		blessed	1
الْمَبْثُوثِ	Adjective		scattered	1
مَبْثُوثَةٌ	Adjective		spread out	1
مُبْدِيهِ	Noun		disclose	1
الْمُبَذِّرِينَ	Noun		the spendthrifts	1
مُبْرِمُونَ	Noun		determined	1
مُبَرَّءُونَ	Noun		innocent	1
مَبْسُوطَتَانِ	Noun		stretched out	1
مُبَشِّرَاتٍ	Noun		bearers of glad tidings	1
مُبْعَدُونَ	Noun		removed far	1
مَبْلَغُهُمْ	Noun		their sum	1
مَبْنِيَّةٌ	Noun		built high	1
مُبَوَّأَ	Noun		a settlement	1
مُبَيِّنَاتٍ	Adjective Adjective		clear	2
مُبَيِّنَةٍ	Adjective Adjective		open	2
مُتَبَّرٌ	Noun		destroyed	1
مُتَبَرِّجَاتٍ	Noun		displaying	1
مُتَجَانِفٍ	Noun		inclining	1
مُتَجَاوِرَاتٌ	Noun		neighboring	1
مُتَحَرِّفًا	Noun		a strategy	1
مُتَحَيِّزًا	Noun		join	1
مُتَرَاكِبًا	Adjective		thick clustered	1
مَتْرَبَةٍ	Noun		misery	1
وَالْمُتَرَدِّيَةُ	Noun		and that which has a fatal fall	1
مُتَشَابِهَاتٌ	Adjective		allegorical	1
مُتَشَاكِسُونَ	Noun		quarreling	1
مُتَصَدِّعًا	Noun		breaking asunder	1
وَالْمُتَصَدِّقَاتِ	Noun		and the women who give charity	1
الْمُتَطَهِّرِينَ	Noun		those who purify themselves	1
الْمُتَعَالِ	Noun		the most high	1
مُتَفَرِّقُونَ	Noun		separate	1
مُتَفَرِّقَةٍ	Noun		different	1
مُتَقَلَّبَكُمْ	Noun		your movement	1
الْمُتَكَبِّرُ	Adjective		the supreme	1
الْمُتَكَلِّفِينَ	Noun		the ones who pretend	1
مُتَّكَأً	Noun		a banquet	1
الْمُتَلَقِّيَانِ	Noun		the two receivers	1
مُتِمُّ	Noun		will perfect	1
الْمُتَنَافِسُونَ	Noun		the aspirers	1
لِلْمُتَوَسِّمِينَ	Noun		for those who discern	1
مُتَوَفِّيكَ	Noun		take you	1
الْمَتِينُ	Adjective		the strong	1
مَثَابَةً	Noun		a place of return	1
مَثْبُورًا	Noun		destroyed	1
مُثْقَلَةٌ	Noun		a heavily laden	1
أَمْثَالُكُمْ	Noun Noun		example	1
الْمَثُلَاتُ	Noun		similar punishments	1
الْمُثْلَىٰ	Adjective		the exemplary	1
الْمَجَالِسِ	Noun		the assemblies	1
مُجْتَمِعُونَ	Noun		assemble	1
مَجْذُوذٍ	Noun		interrupted	1
مَجْرَاهَا	Noun		its course	1
وَالْمَجُوسَ	Proper noun		And the magians	1
مَحَارِيبَ	Noun		elevated chambers	1
الْمِحَالِ	Noun		strength	1
مَحَبَّةً	Noun		love	1
مُحْتَضَرٌ	Noun		attended	1
الْمُحْتَظِرِ	Noun		a fence builder	1
لَمَحْجُوبُونَ	Noun		surely will be partitioned	1
مَحْذُورًا	Noun		feared	1
مُحَرَّرًا	Noun		dedicated	1
مُحَرَّمَةٌ	Noun		forbidden	1
لِلْمُحْسِنَاتِ	Noun		for the good-doers	1
مَحْسُورًا	Noun		insolvent	1
مَحْشُورَةً	Noun		assembled	1
مُحَصَّنَةٍ	Adjective		fortified	1
مَحْظُورًا	Noun		restricted	1
مَحْفُوظًا	Noun		protected	1
مَحْفُوظٍ	Adjective		guarded	1
مُحْكَمَاتٌ	Adjective		absolutely clear	1
مُحْكَمَةٌ	Noun		precise	1
مُحَلِّقِينَ	Noun		having shaved	1
مُحِلِّي	Noun		being permitted	1
مَحْمُودًا	Noun		praiseworthy	1
الْمَخَاضُ	Noun		the pains of childbirth	1
الْمُخْبِتِينَ	Noun		the humble ones	1
مُخْتَالًا	Noun		proud	1
مَخْتُومٍ	Adjective		sealed	1
مَخْذُولًا	Noun		forsaken	1
مَخْرَجًا	Noun		a way out	1
مُخْزِي	Noun		the one who (will) disgrace	1
الْمُخْسِرِينَ	Noun		those who cause loss	1
مُخْضَرَّةً	Noun		green	1
مَخْضُودٍ	Adjective		thornless	1
مُخَلَّدُونَ	Noun		immortal	1
مُخَلَّدُونَ	Noun Noun		immortal	1
مُخْلَصًا	Noun		chosen	1
مُخْلِفَ	Noun		will fail	1
مِدَادًا	Noun		ink	1
فَالْمُدَبِّرَاتِ	Noun		and those who arrange	1
مُدَّتِهِمْ	Noun		their term	1
الْمُدَّثِّرُ	Noun		who covers himself	1
الْمُدْحَضِينَ	Noun		the losers	1
مُدَّخَلًا	Noun		a place to enter	1
مَدَدًا	Noun		a supplement	1
لَمُدْرَكُونَ	Noun		surely to be overtaken	1
مُدْهَامَّتَانِ	Noun		dark green	1
مُدْهِنُونَ	Noun		indifferent	1
مُذَبْذَبِينَ	Noun		wavering	1
مُذْعِنِينَ	Noun		promptly obedient	1
مُذَكِّرٌ	Noun		a reminder	1
مَذْكُورًا	Adjective		mentioned	1
مَذْءُومًا	Noun		disgraced	1
مَرَّ	Verb Verb		to pass, to continue	3
مِرَاءً	Noun		an argument	1
مَرَّاتٍ	Noun		times	1
الْمَرَاضِعَ	Noun		the wet nurses	1
مُرَاغَمًا	Noun		place(s) of refuge	1
الْمَرَافِقِ	Noun		the elbows	1
مُرْتَابٌ	Adjective		a doubter	1
مُرْتَقِبُونَ	Noun		watching	1
وَالْمُرْجِفُونَ	Noun		and those who spread rumors	1
مَرْجُوًّا	Noun		the one in whom hope was placed	1
الْمَرْجُومِينَ	Noun		those who are stoned	1
مُرْجَوْنَ	Noun		deferred	1
بِالْمَرْحَمَةِ	Noun		to compassion	1
مُرْدِفِينَ	Noun		one after another	1
الْمُرْسَلِينَ	Noun Noun		the messengers	29
وَالْمُرْسَلَاتِ	Noun		by the ones sent forth	1
مُرْسِلَةٌ	Noun		going to send	1
مُرْشِدًا	Adjective		a guide	1
مَرْصَدٍ	Noun		place of ambush	1
مَرْصُوصٌ	Adjective		joined firmly	1
مُرْضِعَةٍ	Noun		nursing mother	1
مَرْضِيًّا	Noun		pleasing	1
مَرْضِيَّةً	Noun		and pleasing	1
مِرْفَقًا	Noun		ease	1
الْمَرْفُودُ	Noun		which (will) be given	1
الْمَرْفُوعِ	Noun		raised high	1
مَرْفُوعَةٍ	Adjective Adjective		exalted	1
مَرْقَدِنَا	Noun		our sleeping place	1
مَرْكُومٌ	Noun		heaped up	1
وَالْمَرْوَةَ	Proper noun		And the marwah	1
مَرِيجٍ	Adjective		confused	1
مَرِيئًا	Adjective		ease	1
مِرَّةٍ	Noun		possessor of soundness	1
مُزْجَاةٍ	Noun		little value	1
بِمُزَحْزِحِهِ	Noun		remove him	1
مُزْدَجَرٌ	Noun		deterrence	1
الْمُزَّمِّلُ	Noun		who wraps himself	1
الْمُزْنِ	Noun		the rain clouds	1
مِسَاسَ	Imperative verbal noun		touch	1
مُسَافِحَاتٍ	Noun		those who commit immorality	1
الْمَسَاقُ	Noun		the driving	1
مُسْتَبْشِرَةٌ	Noun		rejoicing at good news	1
مُسْتَبْصِرِينَ	Noun		endowed with insight	1
الْمُسْتَبِينَ	Adjective		the clear	1
مُسْتَخْفٍ	Noun		hidden	1
مُسْتَخْلَفِينَ	Noun		trustees	1
مُسْتَسْلِمُونَ	Noun		surrender	1
مُسْتَضْعَفُونَ	Adjective		deemed weak	1
مُسْتَطَرٌ	Noun		written down	1
مُسْتَطِيرًا	Noun		widespread	1
وَالْمُسْتَغْفِرِينَ	Noun		and those who seek forgiveness	1
مُسْتَقْبِلَ	Noun		approaching	1
الْمُسْتَقْدِمِينَ	Noun		the preceding ones	1
مُسْتَمْسِكُونَ	Noun		holding fast	1
مُسْتَنْفِرَةٌ	Adjective		frightened	1
مَسْتُورًا	Noun		hidden	1
بِمُسْتَيْقِنِينَ	Noun		convinced	1
الْمُسْتَأْخِرِينَ	Noun		the later ones	1
مُسْتَأْنِسِينَ	Noun		seeking to remain	1
الْمَسْجُورِ	Noun		filled	1
الْمَسْجُونِينَ	Noun		those imprisoned	1
مَسْحًا	Noun		pass	1
الْمُسَخَّرِ	Adjective		controlled	1
مَسَدٍ	Noun		palm-fiber	1
مَسْغَبَةٍ	Noun		severe hunger	1
مُسْفِرَةٌ	Noun		bright	1
مَسْفُوحًا	Adjective		poured forth	1
مِسْكٌ	Noun		musk	1
مَسْكُوبٍ	Noun		poured forth	1
مَسْكُونَةٍ	Noun		inhabited	1
الْمِسْكِينِ	Adjective		the poor	1
مُسْلِمًا	Noun Noun		muslims	1
وَالْمُسْلِمَاتِ	Noun		and the muslim women	1
مُسْلِمَاتٍ	Adjective		submissive	1
مُسْلِمَةً	Adjective		submissive	1
بِمُسْمِعٍ	Noun		can make hear	1
مُسْمَعٍ	Noun		to be heard	1
مُسَنَّدَةٌ	Adjective		propped up	1
مُسْوَدَّةٌ	Adjective		blackened	1
مُسَوِّمِينَ	Noun		having marks	1
الْمُسَوَّمَةِ	Adjective		branded	1
الْمُسِيءُ	Noun		the evildoer	1
مَشَّاءٍ	Adjective		going about	1
مُشْتَبِهًا	Noun		resembling	1
الْمَشْعَرِ	Noun		the monument	1
كَمِشْكَاةٍ	Noun		like a niche	1
مَشْهَدِ	Noun		witnessing	1
مَشْيِكَ	Noun		your pace	1
مَشِيدٍ	Noun		lofty	1
مُشَيَّدَةٍ	Noun		lofty	1
مَصَانِعَ	Noun		strongholds	1
وَالْمُصَّدِّقَاتِ	Noun		and the women who give charity	1
الْمُصَّدِّقِينَ	Noun		the men who give charity	1
مِصْرًا	Noun		a city	1
مَصْرِفًا	Noun		a way of escape	1
مَصْرُوفًا	Noun		averted	1
الْمُصْطَفَيْنَ	Noun		the chosen ones	1
مَصْفُوفَةٍ	Noun		lined up	1
مَصْفُوفَةٌ	Adjective		lined up	1
مُصَفًّى	Noun		purified	1
مُصَلًّى	Noun		a place of prayer	1
الْمُصَوِّرُ	Adjective		the fashioner	1
مُصِيبُهَا	Noun		will strike her	1
مُضَارٍّ	Noun		harmful	1
مُضَاعَفَةً	Adjective		multiplied	1
الْمُضْطَرَّ	Noun		the distressed one	1
الْمُضْعِفُونَ	Noun		get manifold	1
مُضِيًّا	Noun		to proceed	1
مُطَاعٍ	Adjective		one to be obeyed	1
لِلْمُطَفِّفِينَ	Noun		to those who give less	1
مَطْلَعِ	Noun		emergence	1
مَطْلِعَ	Noun		rising place	1
مُطَّلِعُونَ	Noun		be looking	1
وَالْمَطْلُوبُ	Noun		and the one who is sought	1
مُطْمَئِنَّةً	Noun		and content	1
الْمُطْمَئِنَّةُ	Adjective		who is satisfied	1
وَمُطَهِّرُكَ	Noun		and purify you	1
الْمُطَهَّرُونَ	Noun		the purified	1
الْمُطَّهِّرِينَ	Noun		the ones who purify themselves	1
الْمُطَّوِّعِينَ	Noun		the ones who give willingly	1
مَطْوِيَّاتٌ	Noun		folded	1
مَظْلُومًا	Noun		wrongfully	1
مَعَادٍ	Noun		a place of return	1
مَعَاذِيرَهُ	Noun		his excuses	1
مَعَاشًا	Noun		livelihood	1
الْمُعْتَبِينَ	Noun		those who receive favor	1
مُعْتَدٍ	Noun Noun		transgressor	2
وَالْمُعْتَرَّ	Noun		and the needy who ask	1
مَعْدُودٍ	Noun		limited	1
مَعْدُودَةٍ	Adjective Adjective		numbered	1
الْمُعَذِّرُونَ	Noun		the ones who make excuses	1
مَعْرُوشَاتٍ	Adjective		trellised	1
مَعْرُوشَاتٍ	Adjective Adjective		trellised	1
مَعْرُوفَةٌ	Noun		known	1
مَعَرَّةٌ	Noun		any harm	1
الْمَعْزِ	Noun		the goats	1
مَعْزِلٍ	Noun		apart	1
لَمَعْزُولُونَ	Noun		surely banished	1
مِعْشَارَ	Noun		a tenth	1
الْمُعْصِرَاتِ	Noun		the rain clouds	1
مُعَطَّلَةٍ	Noun		abandoned	1
مُعَقِّبَ	Noun		adjuster	1
مُعَقِّبَاتٌ	Noun		successive	1
مَعْكُوفًا	Noun		prevented	1
كَالْمُعَلَّقَةِ	Noun		like the suspended one	1
مُعَلَّمٌ	Noun		one taught	1
مُعَمَّرٍ	Noun		aged person	1
الْمَعْمُورِ	Noun		frequented	1
الْمُعَوِّقِينَ	Noun		those who hinder	1
مَعِينٍ	Noun Noun		a flowing stream	2
مَغَارَاتٍ	Noun		caves	1
مُغَاضِبًا	Noun		angry	1
مُغْتَسَلٌ	Noun		water to bathe	1
لَمُغْرَمُونَ	Noun		surely are laden with debt	1
الْمَغْشِيِّ	Noun		one fainting	1
الْمَغْضُوبِ	Noun		those who earned (your) wrath	1
مَغْلُوبٌ	Noun		one overpowered	1
مُغَيِّرًا	Noun		one who changes	1
فَالْمُغِيرَاتِ	Noun		and the chargers	1
مَفَازًا	Noun		success	1
مُفَتَّحَةً	Noun		opened	1
مُفْتَرٍ	Noun		an inventor	1
مُفْتَرَيَاتٍ	Noun		fabricated	1
الْمَفْتُونُ	Noun		the afflicted one	1
الْمَفَرُّ	Noun		the escape	1
مُفْرَطُونَ	Noun		be abandoned	1
مُفَصَّلًا	Noun		explained in detail	1
مُفَصَّلَاتٍ	Adjective		manifest	1
الْمَقَابِرَ	Noun		the graves	1
مَقَامِعُ	Noun		hooked rods	1
الْمُقَامَةِ	Noun		eternity	1
الْمَقْبُوحِينَ	Noun		the despised	1
مَقْبُوضَةٌ	Adjective		in hand	1
مُقْتَحِمٌ	Noun		bursting	1
مُقْتَدُونَ	Noun		following	1
الْمُقْتِرِ	Noun		the poor	1
مُقْتَرِفُونَ	Noun		committing	1
مُقْتَرِنِينَ	Noun		accompanying	1
الْمُقْتَسِمِينَ	Noun		those who divided	1
مُقْتَصِدَةٌ	Adjective		moderate	1
الْمُقَدَّسَةَ	Adjective		the holy	1
مَقْدُورًا	Noun		destined	1
الْمُقَرَّبُونَ	Noun Noun		those brought near	1
مَقْرَبَةٍ	Noun		near relationship	1
مُقْرِنِينَ	Noun		capable	1
مُقَرَّنِينَ	Noun Noun		bound together	2
فَالْمُقَسِّمَاتِ	Noun		and those distributing	1
مَقْسُومٌ	Noun		assigned	1
وَمُقَصِّرِينَ	Noun		and shortened	1
مَقْصُورَاتٌ	Noun		restrained	1
مَقْطُوعٌ	Noun		would be cut off	1
مَقْطُوعَةٍ	Noun		limited	1
مُقْمَحُونَ	Noun		heads raised up	1
الْمُقَنْطَرَةِ	Adjective		stored up	1
مُقْنِعِي	Noun		raised up	1
لِلْمُقْوِينَ	Noun		for the wayfarers in the desert	1
مُقِيتًا	Noun		a keeper	1
مَقِيلًا	Noun		resting-place	1
مُكَاءً	Noun		whistling	1
مُكِبًّا	Noun		fallen	1
مَكْتُوبًا	Noun		written	1
مُكْثٍ	Noun		intervals	1
مَكْذُوبٍ	Noun		be belied	1
مُكْرِمٍ	Noun		bestower of honor	1
الْمُكْرَمِينَ	Noun Noun		honored	1
مُكَرَّمَةٍ	Adjective		honored	1
مَكْرُوهًا	Noun		hateful	1
مَكْظُومٌ	Noun		distressed	1
مُكَلِّبِينَ	Noun		ones who train animals to hunt	1
الْمَكْنُونِ	Adjective		well-protected	1
الْمَكِيدُونَ	Noun		the plot	1
مَكِينٌ	Noun		firmly established	1
مَكَّةَ	Proper noun		Makkah	1
مُلَاقٍ	Noun		meet	1
مَلْعُونِينَ	Noun		accursed	1
الْمَلْعُونَةَ	Noun		the accursed	1
فَالْمُلْقِيَاتِ	Noun		and those who bring down	1
بِمَلْكِنَا	Noun		by our will	1
مَلِيًّا	Noun		a prolonged time	1
مَلِيكٍ	Noun		a king	1
مِلْءُ	Noun		full	1
مُمِدُّكُمْ	Noun		going to reinforce you	1
مُمَدَّدَةٍ	Adjective		extended	1
مُمَرَّدٌ	Noun		made smooth	1
مُمْسِكَ	Noun		withhold	1
مُمْسِكَاتُ	Noun		withholders	1
مُمْطِرُنَا	Noun		bringing us rain	1
مَمْلُوكًا	Noun		owned	1
مَمْنُوعَةٍ	Noun		forbidden	1
الْمُنَادِ	Noun		the caller	1
مُنَادِيًا	Noun		a caller	1
مَنَاصٍ	Noun		escape	1
مَنَاكِبِهَا	Noun		paths thereof	1
مُنْبَثًّا	Adjective		dispersing	1
مُنْتَشِرٌ	Adjective		spreading	1
مُنْتَهُونَ	Noun		the ones who abstain	1
مَنْثُورًا	Noun		dispersed	1
مَنْثُورًا	Noun Noun		dispersed	1
وَالْمُنْخَنِقَةُ	Noun		and that which is strangled	1
مُنَزَّلٌ	Noun		sent down	1
مُنَزِّلُهَا	Noun		send it down	1
مِنْسَأَتَهُ	Noun		his staff	1
مَنْسِيًّا	Noun		forgotten	1
بِمُنْشَرِينَ	Noun		raised again	1
مُنَشَّرَةً	Adjective		spread out	1
الْمُنْشَآتُ	Adjective		elevated	1
الْمُنْشِئُونَ	Noun		the producers	1
مَنْضُودٍ	Noun		layers	1
مَنْضُودٍ	Noun Noun		layers	1
مَنْطِقَ	Noun		language	1
مُنْفَطِرٌ	Noun		break apart	1
وَالْمُنْفِقِينَ	Noun		and those who spend	1
مُنْفَكِّينَ	Noun		to be abandoned	1
الْمَنْفُوشِ	Adjective		fluffed up	1
مُنْقَعِرٍ	Noun		uprooted	1
مَنْقُوصٍ	Noun		being diminished	1
مُنْكِرَةٌ	Noun		refuse	1
وَمِنْهَاجًا	Noun		and a clear way	1
مُنْهَمِرٍ	Noun		pouring down	1
وَمَنَاةَ	Proper noun		And manat	1
مَنُوعًا	Noun		withholding	1
الْمَنُونِ	Noun		a misfortune of time	1
مَنِيٍّ	Noun		semen	1
مُنِيبٍ	Noun Noun		turning	2
الْمُنِيرِ	Adjective		enlightening	1
الْمُهَاجِرِينَ	Noun Noun		and the emigrants	1
مُهَاجِرَاتٍ	Noun		emigrants	1
مُهَانًا	Noun		humiliated	1
الْمُهْتَدِي	Noun		the guided one	1
مَهْجُورًا	Noun		a forsaken thing	1
مَهْزُومٌ	Noun		defeated	1
مُهْلِكِي	Noun		one to destroy	1
الْمُهْلَكِينَ	Noun		those who were destroyed	1
مَهْمَا	Conditional particle		whatever	1
مَهِيلًا	Adjective		pouring down	1
وَمُهَيْمِنًا	Noun		and a guardian	1
الْمُهَيْمِنُ	Adjective		the guardian	1
مَهِينٌ	Noun		insignificant	1
مَوَاطِنَ	Noun		regions	1
بِمَوَاقِعِ	Noun		by setting	1
مُوَاقِعُوهَا	Noun		are to fall in it	1
وَمَوَالِيكُمْ	Noun		and your friends	1
مَوْبِقًا	Noun		a barrier	1
وَالْمُؤْتُونَ	Noun		and the ones who give	1
مُؤَجَّلًا	Adjective		determined	1
مَوْرًا	Noun		shake	1
الْمَوْرُودُ	Noun		to which (they are) led	1
فَالْمُورِيَاتِ	Noun		and the producers of sparks	1
مَوْزُونٍ	Noun		well-balanced	1
مُوصٍ	Noun		testator	1
مُؤْصَدَةٌ	Adjective		closed in	1
مُؤْصَدَةٌ	Adjective Adjective		closed in	1
مَوْضُوعَةٌ	Adjective		put in place	1
مَوْضُونَةٍ	Adjective		decorated	1
مَوْطِئًا	Noun		any step	1
مَوْعِدَةٍ	Noun		a promise	1
الْمَوْعُودِ	Adjective		promised	1
لَمُوَفُّوهُمْ	Noun		will surely pay them in full	1
مَوْفُورًا	Noun		ample	1
وَالْمُوفُونَ	Noun		and those who fulfill	1
الْمُوقَدَةُ	Adjective		kindled	1
مَوْقُوتًا	Adjective		fixed times	1
وَالْمَوْقُوذَةُ	Noun		and that which is hit fatally	1
مَوْقُوفُونَ	Noun		will be made to stand	1
وَالْمُؤَلَّفَةِ	Noun		and the ones inclined	1
مُوَلِّيهَا	Noun		turns towards it	1
مُوهِنُ	Noun		one who makes weak	1
مَوْئِلًا	Noun		an escape	1
الْمَوْءُودَةُ	Noun		the female infant buried alive	1
مَيْتًا	Adjective Adjective		dead	4
الْمَيْتَةُ	Adjective		dead	1
مَيْسَرَةٍ	Noun		ease	1
مَيْسُورًا	Noun		gentle	1
وَمِيكَالَ	Proper noun		And meekael	1
مَيْلَةً	Noun		an attack	1
مَآرِبُ	Noun		uses	1
نَاجٍ	Noun		saved	1
وَالنَّازِعَاتِ	Noun		by those who extract	1
نَاسِكُوهُ	Noun		perform it	1
وَالنَّاشِرَاتِ	Noun		and the ones that scatter	1
وَالنَّاشِطَاتِ	Noun		and those who draw out	1
نَاشِئَةَ	Noun		rising	1
نَاصِبَةٌ	Adjective		exhausted	1
نَاضِرَةٌ	Noun		radiant	1
نَاعِمَةٌ	Noun		joyful	1
النَّاقُورِ	Noun		the trumpet	1
لَنَاكِبُونَ	Noun		surely (are) deviating	1
نَاكِسُو	Noun		hang	1
وَالنَّاهُونَ	Noun		and those who forbid	1
النَّجْدَيْنِ	Noun		the two ways	1
نَجَسٌ	Noun		unclean	1
النَّجَاةِ	Noun		the salvation	1
وَنُحَاسٌ	Noun		and smoke	1
نَحْبَهُ	Noun		his vow	1
نَحْسٍ	Noun		misfortune	1
نَحِسَاتٍ	Adjective		misfortune	1
النَّحْلِ	Noun		the bee	1
نِحْلَةً	Noun		graciously	1
نَخِرَةً	Adjective		decayed	1
نَدِيًّا	Noun		assembly	1
نُذْرًا	Noun		warning	1
نُذُورَهُمْ	Noun		their vows	1
نَزَّاعَةً	Noun		a remover	1
نَزْلَةً	Noun		descent	1
نُسْخَتِهَا	Noun		their inscription	1
وَنَسْرًا	Proper noun		And nasr	1
نَسْيًا	Noun		oblivion	1
نَسِيًّا	Noun		forgetful	1
النَّسِيءُ	Noun		the postponing	1
نَشْرًا	Noun		far and wide	1
نَشْطًا	Noun		gently	1
بِنُصْبٍ	Noun		with distress	1
نُصْحِي	Noun		my advice	1
وَنِصْفَهُ	Time adverb		and half of it	1
نَصُوحًا	Adjective		sincere	1
نَصِيرًا	Noun Noun		any helper	8
نَضَّاخَتَانِ	Adjective		gushing forth	1
نَضِيدٌ	Adjective		arranged	1
وَالنَّطِيحَةُ	Noun		and that which is gored by horns	1
نَظَرَ	Noun		a look	1
نَظْرَةً	Noun		a glance	1
فَنَظِرَةٌ	Noun		then postponement	1
نَعْلَيْكَ	Noun		your shoes	1
نَعْمَاءَ	Noun		favor	1
النَّفَّاثَاتِ	Noun		the blowers	1
نَفَادٍ	Noun		depletion	1
نَفْحَةٌ	Noun		a whiff	1
نَفْخَةٌ	Noun		a blast	1
نَفَقًا	Noun		a tunnel	1
نَفَقَاتُهُمْ	Noun		their contributions	1
نَفِيرًا	Noun		numerous	1
نَقْبًا	Noun		any penetration	1
نَقْعًا	Noun		dust	1
نَقِيبًا	Noun		leaders	1
نَكِدًا	Noun		difficulty	1
نُكُرٍ	Adjective		terrible	1
نَكِيرٍ	Noun		denial	1
وَنَمَارِقُ	Noun		and cushions	1
نَمْلَةٌ	Noun		an ant	1
بِنَمِيمٍ	Noun		with malicious gossip	1
وَنَهَارًا	Time adverb		and day	1
بِالنَّوَاصِي	Noun		by the forelocks	1
النُّونِ	Noun		and dhun-nun	1
وَالنَّوَىٰ	Noun		and the date-seed	1
نَيْلًا	Noun		an infliction	1
هَاؤُمُ	Imperative verbal noun		here	1
هَاتَيْنِ	Demonstrative pronoun		these two	1
بِهَادِي	Noun		guide	1
هَٰؤُلَاءِ	Demonstrative pronoun Demonstrative pronoun		this	43
هَارٍ	Noun		collapse	1
هَارُوتَ	Proper noun		Harut	1
أَهَٰكَذَا	Demonstrative pronoun		is like this	1
هَامِدَةً	Noun		barren	1
هَاوِيَةٌ	Noun		pit	1
هَجْرًا	Noun		an avoidance	1
هَدًّا	Noun		devastation	1
الْهُدْهُدَ	Noun		the hoopoe	1
هَرَبًا	Noun		flight	1
بِالْهَزْلِ	Noun		for amusement	1
هَضْمًا	Noun		deprivation	1
هَضِيمٌ	Adjective		soft	1
هَلُوعًا	Noun		anxious	1
هَمَّازٍ	Adjective		defamer	1
هَمَزَاتِ	Noun		suggestions	1
هُمَزَةٍ	Noun		slanderer	1
هَمْسًا	Noun		a faint sound	1
هُنَالِكَ	Time adverb Time adverb		there	8
هَوْنًا	Noun		humbleness	1
الْهُونِ	Noun Noun		humiliating	2
الْهِيمِ	Noun		the thirsty camels	1
وَاجِفَةٌ	Adjective		will palpitate	1
وَادِيًا	Noun		a valley	1
وَاسِعَةٍ	Adjective		vast	1
الْوَاعِظِينَ	Noun		the advisors	1
وَاعِيَةٌ	Adjective		conscious	1
وَاقِعٍ	Adjective		bound to happen	1
وَالٍ	Noun		protector	1
وَالْوَالِدَاتُ	Noun		and the mothers	1
وَاهِيَةٌ	Noun		frail	1
وَبِيلًا	Adjective		ruinous	1
وَالْوَتْرِ	Noun		and the odd	1
الْوَتِينَ	Noun		the aorta	1
وُجْدِكُمْ	Noun		your means	1
وَجِلُونَ	Noun		afraid	1
وَجِلَةٌ	Adjective		fearful	1
وَجْهَ	Noun Noun		their faces	3
وِجْهَةٌ	Noun		a direction	1
الْوُحُوشُ	Noun		the wild beasts	1
وَحِيدًا	Noun		alone	1
وَدًّا	Proper noun		Wadd	1
وُدًّا	Noun		affection	1
وَدُودٌ	Adjective		most loving	1
الْوَدُودُ	Noun		the most loving	1
وَرْدَةً	Noun		rose-colored	1
بِوَرِقِكُمْ	Noun		with this silver coin of yours	1
وَرَقَةٍ	Noun		any leaf	1
الْوَرِيدِ	Noun		jugular vein	1
وَزَرَ	Noun		refuge	1
وَسَطًا	Adjective		middle way	1
الْوُسْطَىٰ	Adjective		middle	1
الْوَسْوَاسِ	Noun		the whisperer	1
وَصْفَهُمْ	Noun		their attribution	1
بِالْوَصِيدِ	Noun		at the entrance	1
وَصِيلَةٍ	Noun		a wasilah	1
وَطْئًا	Noun		and most potent	1
وِفَاقًا	Adjective		appropriate	1
وَفْدًا	Noun		a delegation	1
وَقَارًا	Noun		grandeur	1
وِقْرًا	Noun		a load	1
لِوَقْعَتِهَا	Noun		at its occurrence	1
وَلِيجَةً	Noun		intimates	1
الْوَهَّابِ	Adjective		the bestower	1
وَهَّاجًا	Adjective		burning	1
يَابِسٍ	Noun		dry	1
الْيَاقُوتُ	Noun		rubies	1
يَبَسًا	Adjective		dry	1
يَثْرِبَ	Proper noun		Yathrib	1
يَحْمُومٍ	Noun		black smoke	1
وَيَعُوقَ	Proper noun		And yauq	1
يَغُوثَ	Proper noun		Yaguth	1
يَقْطِينٍ	Noun		gourd	1
وَيَنْعِهِ	Noun		and its ripening	1
آسِنٍ	Noun		polluted	1
الْآفِلِينَ	Noun		the ones that set	1
الْآمِرُونَ	Noun		those who enjoin	1
آمِنَةً	Noun		secure	1
آنٍ	Noun		heated	1
آنَاءَ	Time adverb		hours	1
آنِفًا	Noun		just now	1
بِآنِيَةٍ	Noun		vessels	1
آنِيَةٍ	Adjective		boiling	1
فَقَالَتْ	Verb		to say	1
فَقُلْتُ	Verb		to say	1
فَيَقُولَ	Verb		to say	1
فَيَقُولُوا	Verb		to say	1
قَالَا	Verb		to say	1
قَالَتَا	Verb		to say	1
قُلْتُ	Verb		to say	1
لَقَالَ	Verb		to say	1
لَقُلْنَا	Verb		to say	1
لَنَقُولَنَّ	Verb		to say	1
لَيَقُولُونَ	Verb		to say	1
لِيَقُولُوا	Verb		to say	1
وَأَقُلْ	Verb		to say	1
وَتَقُولُ	Verb		to say	1
وَتَقُولُونَ	Verb		to say	1
وَسَنَقُولُ	Verb		to say	1
وَقُلْ	Verb		to say	1
وَلِيَقُولَ	Verb		to say	1
وَلِيَقُولُوا	Verb		to say	1
وَلْيَقُولُوا	Verb		to say	1
يَقُولَا	Verb		to say	1
يَقُولُوا	Verb		to say	1
أَكَانَ	Verb		to be	1
سَيَكُونُ	Verb		to be	1
فَأَكُونَ	Verb		to be	1
فَتَكُنْ	Verb		to be	1
فَتَكُونُونَ	Verb		to be	1
فَكَانَتْ	Verb		to be	1
فَلْيَكُونُوا	Verb		to be	1
فَنَكُونَ	Verb		to be	1
فَيَكُونَ	Verb		to be	1
كَانَتَا	Verb		to be	1
لَأَكُونَنَّ	Verb		to be	1
لَكُنْتُمْ	Verb		to be	1
لَيَكُونُنَّ	Verb		to be	1
لِيَكُونَا	Verb		to be	1
وَأَكُنْ	Verb		to be	1
وَتَكُونَ	Verb		to be	1
وَكَانَتْ	Verb		to be	1
وَلَتَكُونَنَّ	Verb		to be	1
وَلَنَكُونَنَّ	Verb		to be	1
وَلَيَكُونًا	Verb		to be	1
وَلِتَكُونَ	Verb		to be	1
وَلِيَكُونَ	Verb		to be	1
وَلْتَكُنْ	Verb		to be	1
يَكُونُونَ	Verb		to be	1
أَفَتُؤْمِنُونَ	Verb		to believe	1
فَآمَنَ	Verb		to believe	1
فَآمَنَتْ	Verb		to believe	1
فَآمَنُوا	Verb		to believe	1
فَلْيُؤْمِنْ	Verb		to believe	1
لَآمَنَ	Verb		to believe	1
لَتُؤْمِنُنَّ	Verb		to believe	1
لَنُؤْمِنَنَّ	Verb		to believe	1
لَيُؤْمِنَنَّ	Verb		to believe	1
لَيُؤْمِنُنَّ	Verb		to believe	1
وَآمَنَهُمْ	Verb		to believe	1
وَلْيُؤْمِنُوا	Verb		to believe	1
يُؤْمِنْ	Verb		to believe	1
أَتَعْلَمُونَ	Verb		to know	1
تَعْلَمُهَا	Verb		to know	1
تَعْلَمُوهُمْ	Verb		to know	1
عَلِمُوا	Verb		to know	1
عَلِمْتَ	Verb		to know	1
عَلِمْتَهُ	Verb		to know	1
لَعَلِمَهُ	Verb		to know	1
لَيَعْلَمُ	Verb		to know	1
لِيَعْلَمُوا	Verb		to know	1
لِيُعْلَمَ	Verb		to know	1
نَعْلَمَ	Verb		to know	1
نَعْلَمُهُمْ	Verb		to know	1
وَتَعْلَمَ	Verb		to know	1
وَلِتَعْلَمَ	Verb		to know	1
وَلِتَعْلَمُوا	Verb		to know	1
وَلِيَعْلَمُوا	Verb		to know	1
وَيَعْلَمُونَ	Verb		to know	1
يَعْلَمَهُ	Verb		to know	1
أَتَجْعَلُ	Verb		to make	1
أَجَعَلَ	Verb		to make	1
أَجَعَلْتُمْ	Verb		to make	1
أَجَعَلْنَا	Verb		to make	1
أَجْعَلْ	Verb		to make	1
أَفَنَجْعَلُ	Verb		to make	1
تَجْعَلُونَهُ	Verb		to make	1
تَجْعَلْنَا	Verb		to make	1
جَعَلَا	Verb		to make	1
جَعَلَتْهُ	Verb		to make	1
جَعَلَهَا	Verb		to make	1
جَعَلْتُمُ	Verb		to make	1
جُعِلَ	Verb		to make	1
فَجَعَلْتُمْ	Verb		to make	1
فَجَعَلْنَاهُمْ	Verb		to make	1
فَنَجْعَلْ	Verb		to make	1
فَيَجْعَلَهُ	Verb		to make	1
لَأَجْعَلَنَّكَ	Verb		to make	1
لَجَعَلَ	Verb		to make	1
لَجَعَلَهُ	Verb		to make	1
لَجَعَلَهُمْ	Verb		to make	1
لِنَجْعَلَهَا	Verb		to make	1
نَجْعَلَهُمْ	Verb		to make	1
نَجْعَلُهَا	Verb		to make	1
نَجْعَلْ	Verb		to make	1
نَجْعَلْهُمَا	Verb		to make	1
وَاجْعَلْنِي	Verb		to make	1
وَاجْعَلْهُ	Verb		to make	1
وَجَعَلَهَا	Verb		to make	1
وَجَعَلْتُ	Verb		to make	1
وَجَعَلْنَاكُمْ	Verb		to make	1
وَلِنَجْعَلَكَ	Verb		to make	1
وَلِنَجْعَلَهُ	Verb		to make	1
وَنَجْعَلَ	Verb		to make	1
وَيَجْعَلُكُمْ	Verb		to make	1
وَيَجْعَلُهُ	Verb		to make	1
يَجْعَلُوهُ	Verb		to make	1
يَجْعَلْنِي	Verb		to make	1
يَجْعَلْهُ	Verb		to make	1
أَكَفَرْتَ	Verb		to disbelieve	1
أَكَفَرْتُمْ	Verb		to disbelieve	1
أَكْفُرُ	Verb		to disbelieve	1
تَكْفُرُونِ	Verb		to disbelieve	1
فَتَكْفُرُونَ	Verb		to disbelieve	1
فَكَفَرَتْ	Verb		to disbelieve	1
فَلْيَكْفُرْ	Verb		to disbelieve	1
كَفَرْتُ	Verb		to disbelieve	1
كَفَرْنَا	Verb		to disbelieve	1
لِأَكْفُرَ	Verb		to disbelieve	1
نَكْفُرَ	Verb		to disbelieve	1
وَاكْفُرُوا	Verb		to disbelieve	1
وَكَفَرَ	Verb		to disbelieve	1
وَكَفَرْتُمْ	Verb		to disbelieve	1
وَيَكْفُرُونَ	Verb		to disbelieve	1
يَكْفُرْ	Verb		to disbelieve	1
يُكْفَرُ	Verb		to disbelieve	1
يُكْفَرُوهُ	Verb		to disbelieve	1
جَاءَتْكُمْ	Verb		to come	1
جَاءَتْنَا	Verb		to come	1
جَاءَتْهَا	Verb		to come	1
جَاءَتْهُ	Verb		to come	1
جَاءَتْهُمُ	Verb		to come	1
جَاءَنِيَ	Verb		to come	1
جِئْتَنَا	Verb		to come	1
جِئْتُكَ	Verb		to come	1
جِئْتِ	Verb		to come	1
جِئْنَاكُمْ	Verb		to come	1
جِئْنَاهُمْ	Verb		to come	1
فَأَجَاءَهَا	Verb		to come	1
فَجَاءَتْهُ	Verb		to come	1
فَجَاءَهَا	Verb		to come	1
لَجَاءَهُمُ	Verb		to come	1
وَجَاءَتْهُ	Verb		to come	1
وَجَاءَتْهُمْ	Verb		to come	1
وَجَاءَكَ	Verb		to come	1
وَجَاءَكُمُ	Verb		to come	1
وَجَاءَهُ	Verb		to come	1
وَجِئْتُكَ	Verb		to come	1
وَجِئْتُكُمْ	Verb		to come	1
أَعْمَلَ	Verb		to do, to work	1
اعْمَلْ	Verb		to do, to work	1
عَمِلَ	Verb		to do, to work	1
عَمِلَتْهُ	Verb		to do, to work	1
عَمِلْتُمْ	Verb		to do, to work	1
فَاعْمَلْ	Verb		to do, to work	1
فَلْيَعْمَلِ	Verb		to do, to work	1
فَلْيَعْمَلْ	Verb		to do, to work	1
فَنَعْمَلَ	Verb		to do, to work	1
وَاعْمَلُوا	Verb		to do, to work	1
وَيَعْمَلُونَ	Verb		to do, to work	1
آتَاكَ	Verb		to give	1
آتَاكُمُ	Verb		to give	1
آتَانَا	Verb		to give	1
آتَاهَا	Verb		to give	1
آتَاهُ	Verb		to give	1
آتَتْ	Verb		to give	1
آتَوْهُ	Verb		to give	1
آتَيْتَنَا	Verb		to give	1
آتَيْتَنِي	Verb		to give	1
آتَيْتُكَ	Verb		to give	1
آتَيْتُكُمْ	Verb		to give	1
آتَيْنَاهَا	Verb		to give	1
آتِهِمْ	Verb		to give	1
أُوتَ	Verb		to give	1
أُوتُوهُ	Verb		to give	1
أُوتِيتَ	Verb		to give	1
تُؤْتَوْهُ	Verb		to give	1
تُؤْتُونَهُنَّ	Verb		to give	1
تُؤْتُونِ	Verb		to give	1
تُؤْتِي	Verb		to give	1
سَنُؤْتِيهِمْ	Verb		to give	1
سَيُؤْتِينَا	Verb		to give	1
فَآتَاهُمُ	Verb		to give	1
فَآتَتْ	Verb		to give	1
فَآتَيْنَا	Verb		to give	1
فَآتُوا	Verb		to give	1
فَآتُوهُنَّ	Verb		to give	1
فَآتِ	Verb		to give	1
فَآتِهِمْ	Verb		to give	1
فَسَيُؤْتِيهِ	Verb		to give	1
لَآتَوْهَا	Verb		to give	1
لَآتَيْنَا	Verb		to give	1
لَآتَيْنَاهُمْ	Verb		to give	1
لَأُوتَيَنَّ	Verb		to give	1
نُؤْتَىٰ	Verb		to give	1
نُؤْتِهَا	Verb		to give	1
نُؤْتِيهِ	Verb		to give	1
وَآتَاهُ	Verb		to give	1
وَآتَاهُمْ	Verb		to give	1
وَآتَتْ	Verb		to give	1
وَآتَيْتُمْ	Verb		to give	1
وَآتَيْنَاهُمَا	Verb		to give	1
وَآتُوهُمْ	Verb		to give	1
وَأُوتِيَتْ	Verb		to give	1
وَتُؤْتُوهَا	Verb		to give	1
وَيُؤْتُوا	Verb		to give	1
يُؤْتِكُمُ	Verb		to give	1
يُؤْتِيهِمْ	Verb		to give	1
يُؤْتِيَنِ	Verb		to give	1
يُؤْتِيَهُ	Verb		to give	1
يُؤْتِيَهُمُ	Verb		to give	1
أَرَاكَهُمْ	Verb		to see	1
أَفَرَأَيْتُمُ	Verb		to see	1
تَرَنِ	Verb		to see	1
تَرَى	Verb		to see	1
رَأَتْهُ	Verb		to see	1
رَأَتْهُمْ	Verb		to see	1
رَأَوُا	Verb		to see	1
رَأَوْهُمْ	Verb		to see	1
رَأَى	Verb		to see	1
رَأَيْتَ	Verb		to see	1
رَأَيْتَهُمْ	Verb		to see	1
رَأَيْتُ	Verb		to see	1
رَأَيْتُمُوهُ	Verb		to see	1
رَأَيْتُهُمْ	Verb		to see	1
رَأَيْنَهُ	Verb		to see	1
فَأَرَاهُ	Verb		to see	1
فَرَأَوْهُ	Verb		to see	1
فَسَيَرَى	Verb		to see	1
لَتَرَوُنَّ	Verb		to see	1
لَتَرَوُنَّهَا	Verb		to see	1
لَرَأَيْتَهُ	Verb		to see	1
لَنَرَاهَا	Verb		to see	1
وَأَرَىٰ	Verb		to see	1
وَرَأَوْا	Verb		to see	1
وَرَأَى	Verb		to see	1
وَسَيَرَى	Verb		to see	1
وَنَرَاهُ	Verb		to see	1
وَيَرَى	Verb		to see	1
يَرَاهَا	Verb		to see	1
يَرَوْنَهُمْ	Verb		to see	1
يَرَى	Verb		to see	1
أَتَاكَ	Verb		to come, to bring	1
أَتَانَا	Verb		to come, to bring	1
أَتَتْ	Verb		to come, to bring	1
أَتَوْكَ	Verb		to come, to bring	1
أَتَوْهُ	Verb		to come, to bring	1
أَتَيْنَا	Verb		to come, to bring	1
أَفَتَأْتُونَ	Verb		to come, to bring	1
ائْتِ	Verb		to come, to bring	1
ائْتِيَا	Verb		to come, to bring	1
تَأْتُونَنَا	Verb		to come, to bring	1
تَأْتُونِي	Verb		to come, to bring	1
تَأْتِنَا	Verb		to come, to bring	1
تَأْتِهِمْ	Verb		to come, to bring	1
تَأْتِيكُمْ	Verb		to come, to bring	1
تَأْتِيَ	Verb		to come, to bring	1
تَأْتِيَنَا	Verb		to come, to bring	1
فَأَتَتْ	Verb		to come, to bring	1
فَأَتَوْا	Verb		to come, to bring	1
فَأَتَى	Verb		to come, to bring	1
فَأْتُوهُنَّ	Verb		to come, to bring	1
فَأْتِيَا	Verb		to come, to bring	1
فَأْتِيَاهُ	Verb		to come, to bring	1
فَتَأْتُونَ	Verb		to come, to bring	1
فَتَأْتِيَهُمْ	Verb		to come, to bring	1
فَسَيَأْتِيهِمْ	Verb		to come, to bring	1
فَلَنَأْتِيَنَّكَ	Verb		to come, to bring	1
فَلَنَأْتِيَنَّهُمْ	Verb		to come, to bring	1
فَلْيَأْتِ	Verb		to come, to bring	1
فَلْيَأْتِكُمْ	Verb		to come, to bring	1
فَلْيَأْتِنَا	Verb		to come, to bring	1
فَيَأْتِيَهُمْ	Verb		to come, to bring	1
لَآتِيَنَّهُمْ	Verb		to come, to bring	1
لَتَأْتُنَّنِي	Verb		to come, to bring	1
لَتَأْتِيَنَّكُمْ	Verb		to come, to bring	1
لَيَأْتِيَنِّي	Verb		to come, to bring	1
نَأْتِ	Verb		to come, to bring	1
نَأْتِيَكُمْ	Verb		to come, to bring	1
وَأَتَاهُمُ	Verb		to come, to bring	1
وَأَتَيْنَاكَ	Verb		to come, to bring	1
وَأُتُوا	Verb		to come, to bring	1
وَأْتُوا	Verb		to come, to bring	1
وَتَأْتُونَ	Verb		to come, to bring	1
وَلَيَأْتِيَنَّهُمْ	Verb		to come, to bring	1
وَلْتَأْتِ	Verb		to come, to bring	1
وَيَأْتُوكُمْ	Verb		to come, to bring	1
وَيَأْتِينَا	Verb		to come, to bring	1
وَيَأْتِيهِ	Verb		to come, to bring	1
يَأْتُونَنَا	Verb		to come, to bring	1
يَأْتُونِي	Verb		to come, to bring	1
يَأْتِهِ	Verb		to come, to bring	1
يَأْتِهِمْ	Verb		to come, to bring	1
يَأْتِيكُمَا	Verb		to come, to bring	1
يَأْتِينَا	Verb		to come, to bring	1
يَأْتِينِي	Verb		to come, to bring	1
يَأْتِيهَا	Verb		to come, to bring	1
يَأْتِيَانِهَا	Verb		to come, to bring	1
يَأْتِيَكُمَا	Verb		to come, to bring	1
يَأْتِيَكُمُ	Verb		to come, to bring	1
يَأْتِيَنَا	Verb		to come, to bring	1
يَأْتِيَنِي	Verb		to come, to bring	1
أَشَاءُ	Verb		to will, to wish	1
شِئْنَا	Verb		to will, to wish	1
أَخْلُقُ	Verb		to create	1
تَخْلُقُ	Verb		to create	1
تَخْلُقُونَهُ	Verb		to create	1
خَلَقَنِي	Verb		to create	1
خَلَقْتَهُ	Verb		to create	1
خَلَقْتُكَ	Verb		to create	1
خَلَقْنَاهُمَا	Verb		to create	1
خُلِقَتْ	Verb		to create	1
خُلِقُوا	Verb		to create	1
فَخَلَقَ	Verb		to create	1
نَخْلُقْكُمْ	Verb		to create	1
وَتَخْلُقُونَ	Verb		to create	1
وَخَلَقَهُمْ	Verb		to create	1
وَخَلَقْنَا	Verb		to create	1
وَخَلَقْنَاكُمْ	Verb		to create	1
وَخُلِقَ	Verb		to create	1
وَيَخْلُقُ	Verb		to create	1
يَخْلُقُكُمْ	Verb		to create	1
يُخْلَقْ	Verb		to create	1
أَنْزَلْتُ	Verb		to send down, to reveal	1
أَنْزَلْتُمُوهُ	Verb		to send down, to reveal	1
أَنْزَلْنَاهَا	Verb		to send down, to reveal	1
أَنْزِلْ	Verb		to send down, to reveal	1
أَنْزِلْنِي	Verb		to send down, to reveal	1
سَأُنْزِلُ	Verb		to send down, to reveal	1
وَأُنْزِلَ	Verb		to send down, to reveal	1
أَكَذَّبْتُمْ	Verb		to deny, to reject	1
تُكَذِّبُونَ	Verb		to deny, to reject	1
فَكَذَّبُوا	Verb		to deny, to reject	1
فَكَذَّبْتَ	Verb		to deny, to reject	1
فَكَذَّبْنَا	Verb		to deny, to reject	1
كَذَّبُوهُ	Verb		to deny, to reject	1
كُذِّبَتْ	Verb		to deny, to reject	1
كُذِّبُوا	Verb		to deny, to reject	1
نُكَذِّبَ	Verb		to deny, to reject	1
وَكَذَّبْتُمْ	Verb		to deny, to reject	1
وَكُذِّبَ	Verb		to deny, to reject	1
يُكَذِّبُ	Verb		to deny, to reject	1
يُكَذِّبُكَ	Verb		to deny, to reject	1
يُكَذِّبُونَكَ	Verb		to deny, to reject	1
أَتَدْعُونَ	Verb		to call, to invite, to pray	1
أَدَعَوْتُمُوهُمْ	Verb		to call, to invite, to pray	1
أَنَدْعُو	Verb		to call, to invite, to pray	1
ادْعُونِي	Verb		to call, to invite, to pray	1
تَدْعُونَنَا	Verb		to call, to invite, to pray	1
تَدْعُونَهُ	Verb		to call, to invite, to pray	1
تُدْعَىٰ	Verb		to call, to invite, to pray	1
دَعَا	Verb		to call, to invite, to pray	1
دَعَانِ	Verb		to call, to invite, to pray	1
دَعَاهُ	Verb		to call, to invite, to pray	1
دَعَوَا	Verb		to call, to invite, to pray	1
دَعَوْتُ	Verb		to call, to invite, to pray	1
دَعَوْتُكُمْ	Verb		to call, to invite, to pray	1
دُعِيتُمْ	Verb		to call, to invite, to pray	1
دُعِيَ	Verb		to call, to invite, to pray	1
سَتُدْعَوْنَ	Verb		to call, to invite, to pray	1
فَادْعُوهُمْ	Verb		to call, to invite, to pray	1
فَلْيَدْعُ	Verb		to call, to invite, to pray	1
لَتَدْعُوهُمْ	Verb		to call, to invite, to pray	1
نَدْعُ	Verb		to call, to invite, to pray	1
نَدْعُوهُ	Verb		to call, to invite, to pray	1
نَدْعُوَ	Verb		to call, to invite, to pray	1
وَأَدْعُو	Verb		to call, to invite, to pray	1
وَتَدْعُونَنِي	Verb		to call, to invite, to pray	1
وَلْيَدْعُ	Verb		to call, to invite, to pray	1
وَيَدْعُ	Verb		to call, to invite, to pray	1
وَيَدْعُونَنَا	Verb		to call, to invite, to pray	1
وَيُدْعَوْنَ	Verb		to call, to invite, to pray	1
يَدْعُنَا	Verb		to call, to invite, to pray	1
يَدْعُونَنِي	Verb		to call, to invite, to pray	1
يَدْعُونَهُ	Verb		to call, to invite, to pray	1
يَدْعُوهُ	Verb		to call, to invite, to pray	1
يُدْعَوْنَ	Verb		to call, to invite, to pray	1
يُدْعَىٰ	Verb		to call, to invite, to pray	1
فَلْيَتَّقُوا	Verb		to be righteous, to fear (Allah)	1
وَاتَّقُونِ	Verb		to be righteous, to fear (Allah)	1
وَتَتَّقُوا	Verb		to be righteous, to fear (Allah)	1
وَلِتَتَّقُوا	Verb		to be righteous, to fear (Allah)	1
وَيَتَّقْهِ	Verb		to be righteous, to fear (Allah)	1
يَتَّقِي	Verb		to be righteous, to fear (Allah)	1
أَهْدِيكُمْ	Verb		to guide	1
تَهْدُوا	Verb		to guide	1
فَاهْدُوهُمْ	Verb		to guide	1
فَهَدَيْنَاهُمْ	Verb		to guide	1
لَتَهْدِي	Verb		to guide	1
لَنَهْدِيَنَّهُمْ	Verb		to guide	1
لَهَدَى	Verb		to guide	1
لَهَدَيْنَاكُمْ	Verb		to guide	1
نَهْدِي	Verb		to guide	1
هَدَانِ	Verb		to guide	1
هَدَاهُمُ	Verb		to guide	1
هَدَاهُمْ	Verb		to guide	1
هَدَيْتَنَا	Verb		to guide	1
هَدَيْنَاهُ	Verb		to guide	1
وَأَهْدِيَكَ	Verb		to guide	1
وَاهْدِنَا	Verb		to guide	1
وَتَهْدِي	Verb		to guide	1
وَلَهَدَيْنَاهُمْ	Verb		to guide	1
وَهَدَاهُ	Verb		to guide	1
وَهَدَيْنَاهُ	Verb		to guide	1
وَهَدَيْنَاهُمَا	Verb		to guide	1
وَهَدَيْنَاهُمْ	Verb		to guide	1
وَيَهْدِيهِ	Verb		to guide	1
وَيَهْدِيَكَ	Verb		to guide	1
يَهْدِنِي	Verb		to guide	1
يَهْدِيكُمْ	Verb		to guide	1
يَهْدِينِ	Verb		to guide	1
يَهْدِيهِ	Verb		to guide	1
يَهْدِيهِمُ	Verb		to guide	1
يَهْدِيَهُ	Verb		to guide	1
أَتُرِيدُ	Verb		to intend, to desire, to want, to wish	1
أَرَادَا	Verb		to intend, to desire, to want, to wish	1
أَرَادَنِي	Verb		to intend, to desire, to want, to wish	1
أَرَادَنِيَ	Verb		to intend, to desire, to want, to wish	1
أَرَدْتُمُ	Verb		to intend, to desire, to want, to wish	1
أَرَدْنَ	Verb		to intend, to desire, to want, to wish	1
أَرَدْنَاهُ	Verb		to intend, to desire, to want, to wish	1
أُرِيدَ	Verb		to intend, to desire, to want, to wish	1
فَأَرَدْتُ	Verb		to intend, to desire, to want, to wish	1
فَأَرَدْنَا	Verb		to intend, to desire, to want, to wish	1
وَنُرِيدُ	Verb		to intend, to desire, to want, to wish	1
يُرِدِ	Verb		to intend, to desire, to want, to wish	1
يُرِدْكَ	Verb		to intend, to desire, to want, to wish	1
يُرِدْنِ	Verb		to intend, to desire, to want, to wish	1
يُرِيدَا	Verb		to intend, to desire, to want, to wish	1
أَتَّبِعُكَ	Verb		to follow	1
أَتَّبِعْهُ	Verb		to follow	1
اتَّبَعَنِي	Verb		to follow	1
اتَّبَعُوكَ	Verb		to follow	1
اتَّبَعُوهُمْ	Verb		to follow	1
اتَّبَعْتَ	Verb		to follow	1
اتُّبِعُوا	Verb		to follow	1
تَتَّبِعُونَا	Verb		to follow	1
فَاتَّبَعُوا	Verb		to follow	1
فَاتَّبَعُوهُ	Verb		to follow	1
فَاتَّبِعُونِي	Verb		to follow	1
لَاتَّبَعُوكَ	Verb		to follow	1
لَاتَّبَعْتُمُ	Verb		to follow	1
لَاتَّبَعْنَاكُمْ	Verb		to follow	1
نَتَّبِعُهُ	Verb		to follow	1
وَاتَّبَعَتْهُمْ	Verb		to follow	1
وَاتَّبَعَكَ	Verb		to follow	1
وَاتَّبَعْتُ	Verb		to follow	1
وَاتَّبَعْنَا	Verb		to follow	1
وَاتَّبِعُونِ	Verb		to follow	1
وَاتَّبِعُوهُ	Verb		to follow	1
وَنَتَّبِعِ	Verb		to follow	1
وَيَتَّبِعْ	Verb		to follow	1
يَتَّبِعُهُمُ	Verb		to follow	1
يَتَّبِعُوكُمْ	Verb		to follow	1
يَتَّبِعُونَ	Verb		to follow	1
يُتَّبَعَ	Verb		to follow	1
أَرْسَلَتْ	Verb		to send	1
أَرْسَلْنَاهُ	Verb		to send	1
أَرْسِلْهُ	Verb		to send	1
أُرْسِلَهُ	Verb		to send	1
أُرْسِلُوا	Verb		to send	1
فَأَرْسَلَ	Verb		to send	1
فَأَرْسَلُوا	Verb		to send	1
فَأَرْسِلُونِ	Verb		to send	1
فَأَرْسِلْهُ	Verb		to send	1
لِنُرْسِلَ	Verb		to send	1
وَأَرْسَلَ	Verb		to send	1
وَأَرْسَلْنَاكَ	Verb		to send	1
وَأَرْسَلْنَاهُ	Verb		to send	1
وَلَنُرْسِلَنَّ	Verb		to send	1
وَيُرْسِلَ	Verb		to send	1
يُرْسَلُ	Verb		to send	1
أَتَأْخُذُونَهُ	Verb		to take, to seize	1
أَخَذَتِ	Verb		to take, to seize	1
أَخَذَتْهُمُ	Verb		to take, to seize	1
أَخَذْتُ	Verb		to take, to seize	1
أَخَذْتُمْ	Verb		to take, to seize	1
أَخَذْتُهَا	Verb		to take, to seize	1
أُخِذَ	Verb		to take, to seize	1
أُخِذُوا	Verb		to take, to seize	1
تَأْخُذُهُ	Verb		to take, to seize	1
تَأْخُذُهُمْ	Verb		to take, to seize	1
تَأْخُذُونَهَا	Verb		to take, to seize	1
تَأْخُذُونَهُ	Verb		to take, to seize	1
تَأْخُذْ	Verb		to take, to seize	1
تَأْخُذْكُمْ	Verb		to take, to seize	1
خُذْهَا	Verb		to take, to seize	1
فَأَخَذَتْكُمُ	Verb		to take, to seize	1
فَأَخَذَهُ	Verb		to take, to seize	1
فَأَخَذَهُمْ	Verb		to take, to seize	1
فَأَخَذْتُهُمْ	Verb		to take, to seize	1
فَخُذْهَا	Verb		to take, to seize	1
فَيُؤْخَذُ	Verb		to take, to seize	1
لَأَخَذْنَا	Verb		to take, to seize	1
لِتَأْخُذُوهَا	Verb		to take, to seize	1
لِيَأْخُذُوهُ	Verb		to take, to seize	1
نَأْخُذَ	Verb		to take, to seize	1
وَأَخَذْنَ	Verb		to take, to seize	1
وَأَخَذْنَاهُمْ	Verb		to take, to seize	1
وَأُخِذُوا	Verb		to take, to seize	1
وَخُذُوا	Verb		to take, to seize	1
وَخُذُوهُمْ	Verb		to take, to seize	1
وَيَأْخُذُ	Verb		to take, to seize	1
يَأْخُذُ	Verb		to take, to seize	1
يَأْخُذُونَ	Verb		to take, to seize	1
يَأْخُذُونَهَا	Verb		to take, to seize	1
يَأْخُذُوهُ	Verb		to take, to seize	1
يَأْخُذْهُ	Verb		to take, to seize	1
أَأَتَّخِذُ	Verb		to take	1
أَتَتَّخِذُ	Verb		to take	1
أَتَتَّخِذُنَا	Verb		to take	1
أَتَّخَذْتُمْ	Verb		to take	1
أَتَّخَذْنَاهُمْ	Verb		to take	1
أَتَّخِذُ	Verb		to take	1
أَفَاتَّخَذْتُمْ	Verb		to take	1
أَفَتَتَّخِذُونَهُ	Verb		to take	1
اتَّخَذَتْ	Verb		to take	1
اتَّخَذَهَا	Verb		to take	1
اتَّخَذُوهُ	Verb		to take	1
اتَّخَذُوهُمْ	Verb		to take	1
اتَّخَذْتُمْ	Verb		to take	1
اتَّخِذُونِي	Verb		to take	1
فَاتَّخَذَتْ	Verb		to take	1
فَاتَّخَذْتُمُوهُمْ	Verb		to take	1
لَأَتَّخِذَنَّ	Verb		to take	1
لَاتَّخَذُوكَ	Verb		to take	1
لَاتَّخَذْتَ	Verb		to take	1
لَاتَّخَذْنَاهُ	Verb		to take	1
لَنَتَّخِذَنَّ	Verb		to take	1
لِيَتَّخِذَ	Verb		to take	1
وَاتَّخَذْتُمُوهُ	Verb		to take	1
وَاتَّخِذُوا	Verb		to take	1
وَتَتَّخِذُونَ	Verb		to take	1
وَيَتَّخِذَ	Verb		to take	1
وَيَتَّخِذَهَا	Verb		to take	1
وَيَتَّخِذُ	Verb		to take	1
يَتَّخِذُوهُ	Verb		to take	1
أَعْبُدُ	Verb		to worship	1
أَفَتَعْبُدُونَ	Verb		to worship	1
اعْبُدُونِي	Verb		to worship	1
عَبَدْنَا	Verb		to worship	1
عَبَدْنَاهُمْ	Verb		to worship	1
فَاعْبُدُونِ	Verb		to worship	1
فَاعْبُدْ	Verb		to worship	1
فَلْيَعْبُدُوا	Verb		to worship	1
لِنَعْبُدَ	Verb		to worship	1
لِيَعْبُدُونِ	Verb		to worship	1
نَعْبُدُهُمْ	Verb		to worship	1
وَاعْبُدُوهُ	Verb		to worship	1
وَعَبَدَ	Verb		to worship	1
يَعْبُدُونَنِي	Verb		to worship	1
يَعْبُدُوهَا	Verb		to worship	1
يُعْبَدُونَ	Verb		to worship	1
ظَلَمَكَ	Verb		to oppress, to wrong	1
ظَلَمْنَا	Verb		to oppress, to wrong	1
ظُلِمَ	Verb		to oppress, to wrong	1
يَظْلِمُ	Verb		to oppress, to wrong	1
أَسْأَلَكَ	Verb		to ask	1
تَسْأَلُهُمْ	Verb		to ask	1
سَأَلَ	Verb		to ask	1
سَأَلَهَا	Verb		to ask	1
سَأَلُوا	Verb		to ask	1
سَأَلْتُكُمْ	Verb		to ask	1
سَأَلْتُمُوهُ	Verb		to ask	1
سَأَلْتُمْ	Verb		to ask	1
سُئِلَ	Verb		to ask	1
سُئِلَتْ	Verb		to ask	1
سُئِلُوا	Verb		to ask	1
فَاسْأَلُوهُمْ	Verb		to ask	1
فَاسْأَلُوهُنَّ	Verb		to ask	1
فَاسْأَلْهُ	Verb		to ask	1
فَلَنَسْأَلَنَّ	Verb		to ask	1
لَنَسْأَلَنَّهُمْ	Verb		to ask	1
لِيَسْأَلَ	Verb		to ask	1
نَسْأَلُكَ	Verb		to ask	1
نُسْأَلُ	Verb		to ask	1
وَاسْأَلْهُمْ	Verb		to ask	1
وَلَتُسْأَلُنَّ	Verb		to ask	1
وَلَنَسْأَلَنَّ	Verb		to ask	1
وَلَيُسْأَلُنَّ	Verb		to ask	1
وَلْيَسْأَلُوا	Verb		to ask	1
وَيُسْأَلُونَ	Verb		to ask	1
يَسْأَلُكُمْ	Verb		to ask	1
يَسْأَلُهُ	Verb		to ask	1
يَسْأَلْكُمُوهَا	Verb		to ask	1
يَسْأَلْكُمْ	Verb		to ask	1
أَجِدَ	Verb		to find	1
فَوَجَدَ	Verb		to find	1
فَوَجَدْنَاهَا	Verb		to find	1
لَأَجِدَنَّ	Verb		to find	1
لَتَجِدَنَّ	Verb		to find	1
وَجَدْتُهَا	Verb		to find	1
وَجَدْنَاهُ	Verb		to find	1
وَلَتَجِدَنَّ	Verb		to find	1
وَلَتَجِدَنَّهُمْ	Verb		to find	1
وَلْيَجِدُوا	Verb		to find	1
وَوَجَدُوا	Verb		to find	1
وُجِدَ	Verb		to find	1
يَجِدُونَهُ	Verb		to find	1
يَجِدْكَ	Verb		to find	1
يَجِدْهُ	Verb		to find	1
أَخْرَجَتْكَ	Verb		to bring forth, to drive out	1
أَخْرَجَكَ	Verb		to bring forth, to drive out	1
أَخْرَجَكُمْ	Verb		to bring forth, to drive out	1
أَخْرَجَنِي	Verb		to bring forth, to drive out	1
أَخْرَجَهُ	Verb		to bring forth, to drive out	1
أَخْرَجُوكُمْ	Verb		to bring forth, to drive out	1
أَخْرَجْنَا	Verb		to bring forth, to drive out	1
أَخْرِجُوهُمْ	Verb		to bring forth, to drive out	1
أَخْرِجْ	Verb		to bring forth, to drive out	1
أُخْرَجَ	Verb		to bring forth, to drive out	1
أُخْرَجُ	Verb		to bring forth, to drive out	1
أُخْرِجَتْ	Verb		to bring forth, to drive out	1
أُخْرِجْتُمْ	Verb		to bring forth, to drive out	1
أُخْرِجْنَا	Verb		to bring forth, to drive out	1
تُخْرِجُ	Verb		to bring forth, to drive out	1
تُخْرِجُونَ	Verb		to bring forth, to drive out	1
تُخْرِجُوهُنَّ	Verb		to bring forth, to drive out	1
فَأَخْرَجَهُمَا	Verb		to bring forth, to drive out	1
فَأَخْرَجْنَاهُمْ	Verb		to bring forth, to drive out	1
فَتُخْرِجُوهُ	Verb		to bring forth, to drive out	1
لَنُخْرِجَنَّكَ	Verb		to bring forth, to drive out	1
لَنُخْرِجَنَّكُمْ	Verb		to bring forth, to drive out	1
لَيُخْرِجَنَّ	Verb		to bring forth, to drive out	1
لِتُخْرِجَ	Verb		to bring forth, to drive out	1
لِتُخْرِجَنَا	Verb		to bring forth, to drive out	1
لِتُخْرِجُوا	Verb		to bring forth, to drive out	1
لِنُخْرِجَ	Verb		to bring forth, to drive out	1
لِيُخْرِجَ	Verb		to bring forth, to drive out	1
لِيُخْرِجُوكَ	Verb		to bring forth, to drive out	1
وَأَخْرَجَ	Verb		to bring forth, to drive out	1
وَأَخْرَجُوكُمْ	Verb		to bring forth, to drive out	1
وَأَخْرَجْنَا	Verb		to bring forth, to drive out	1
وَأَخْرِجُوهُمْ	Verb		to bring forth, to drive out	1
وَأَخْرِجْنِي	Verb		to bring forth, to drive out	1
وَأُخْرِجُوا	Verb		to bring forth, to drive out	1
وَتُخْرِجُونَ	Verb		to bring forth, to drive out	1
وَلَنُخْرِجَنَّهُمْ	Verb		to bring forth, to drive out	1
وَنُخْرِجُ	Verb		to bring forth, to drive out	1
وَيُخْرِجُكُمْ	Verb		to bring forth, to drive out	1
وَيُخْرِجُهُمْ	Verb		to bring forth, to drive out	1
وَيُخْرِجْ	Verb		to bring forth, to drive out	1
يُخْرَجُونَ	Verb		to bring forth, to drive out	1
يُخْرِجَ	Verb		to bring forth, to drive out	1
يُخْرِجَاكُمْ	Verb		to bring forth, to drive out	1
يُخْرِجَنَّكُمَا	Verb		to bring forth, to drive out	1
يُخْرِجُكُمْ	Verb		to bring forth, to drive out	1
يُخْرِجُهُمْ	Verb		to bring forth, to drive out	1
يُخْرِجُونَ	Verb		to bring forth, to drive out	1
يُخْرِجُونَهُمْ	Verb		to bring forth, to drive out	1
يُخْرِجْ	Verb		to bring forth, to drive out	1
أَكَلَهُ	Verb		to eat, to consume	1
تَأْكُلُهُ	Verb		to eat, to consume	1
تَأْكُلُوهَا	Verb		to eat, to consume	1
تَأْكُلْ	Verb		to eat, to consume	1
فَأَكَلَا	Verb		to eat, to consume	1
فَأَكَلَهُ	Verb		to eat, to consume	1
فَتَأْكُلُ	Verb		to eat, to consume	1
فَكُلَا	Verb		to eat, to consume	1
فَكُلُوهُ	Verb		to eat, to consume	1
فَلْيَأْكُلْ	Verb		to eat, to consume	1
لَأَكَلُوا	Verb		to eat, to consume	1
لَيَأْكُلُونَ	Verb		to eat, to consume	1
لِيَأْكُلُوا	Verb		to eat, to consume	1
نَأْكُلَ	Verb		to eat, to consume	1
وَتَأْكُلُونَ	Verb		to eat, to consume	1
وَكُلَا	Verb		to eat, to consume	1
يَأْكُلَهُ	Verb		to eat, to consume	1
يَأْكُلُهُ	Verb		to eat, to consume	1
أَلَسْتُ	Verb		to not be	1
أَوَلَيْسَ	Verb		to not be	1
لَسْتُ	Verb		to not be	1
وَلَسْتُمْ	Verb		to not be	1
تَفْعَلُوهُ	Verb		to do	1
فَافْعَلُوا	Verb		to do	1
فَعَلَهُ	Verb		to do	1
فَعَلْتَ	Verb		to do	1
فَعَلْنَا	Verb		to do	1
فُعِلَ	Verb		to do	1
نَفْعَلَ	Verb		to do	1
وَافْعَلُوا	Verb		to do	1
وَفَعَلْتَ	Verb		to do	1
وَيَفْعَلُ	Verb		to do	1
يَفْعَلْهُ	Verb		to do	1
أَنْظُرْ	Verb		to look, to see	1
انْظُرُونَا	Verb		to look, to see	1
انْظُرْنَا	Verb		to look, to see	1
فَنَظَرَ	Verb		to look, to see	1
لِنَنْظُرَ	Verb		to look, to see	1
نَظَرَ	Noun Noun		a look	1
وَانْظُرْنَا	Verb		to look, to see	1
وَلْتَنْظُرْ	Verb		to look, to see	1
أَذْكُرَهُ	Verb		to remember, to mention	1
أَذْكُرْكُمْ	Verb		to remember, to mention	1
اذْكُرْنِي	Verb		to remember, to mention	1
تَذْكُرُ	Verb		to remember, to mention	1
ذَكَرْتَ	Verb		to remember, to mention	1
سَتَذْكُرُونَهُنَّ	Verb		to remember, to mention	1
فَاذْكُرُونِي	Verb		to remember, to mention	1
فَسَتَذْكُرُونَ	Verb		to remember, to mention	1
لِيَذْكُرُوا	Verb		to remember, to mention	1
وَاذْكُرُوهُ	Verb		to remember, to mention	1
وَذُكِرَ	Verb		to remember, to mention	1
وَنَذْكُرَكَ	Verb		to remember, to mention	1
وَيُذْكَرَ	Verb		to remember, to mention	1
يَذْكُرُ	Verb		to remember, to mention	1
يَذْكُرُهُمْ	Verb		to remember, to mention	1
يُذْكَرَ	Verb		to remember, to mention	1
تَخَافُونَهُمْ	Verb		to fear, to be afraid	1
تَخَافُوهُمْ	Verb		to fear, to be afraid	1
خَافُوا	Verb		to fear, to be afraid	1
خِفْتُكُمْ	Verb		to fear, to be afraid	1
فَأَخَافُ	Verb		to fear, to be afraid	1
وَخَافَ	Verb		to fear, to be afraid	1
وَخَافُونِ	Verb		to fear, to be afraid	1
يَخَافَا	Verb		to fear, to be afraid	1
يَخَافُهُ	Verb		to fear, to be afraid	1
يَخَافُوا	Verb		to fear, to be afraid	1
أَتَقْتُلُونَ	Verb		to kill	1
أَقَتَلْتَ	Verb		to kill	1
أَقْتُلْ	Verb		to kill	1
تَقْتُلُوهُمْ	Verb		to kill	1
فَاقْتُلُوهُمْ	Verb		to kill	1
فَقُتِلَ	Verb		to kill	1
فَيَقْتُلُونَ	Verb		to kill	1
فَيُقْتَلْ	Verb		to kill	1
قَتَلَهُ	Verb		to kill	1
قَتَلَهُمْ	Verb		to kill	1
قَتَلْتُ	Verb		to kill	1
قَتَلْتُمُوهُمْ	Verb		to kill	1
قُتِلَتْ	Verb		to kill	1
قُتِلْنَا	Verb		to kill	1
لَأَقْتُلَنَّكَ	Verb		to kill	1
لِتَقْتُلَنِي	Verb		to kill	1
وَقَتَلَ	Verb		to kill	1
وَقَتَلْتَ	Verb		to kill	1
وَقُتِلُوا	Verb		to kill	1
وَيُقْتَلُونَ	Verb		to kill	1
يَقْتُلَ	Verb		to kill	1
يَقْتُلُوكَ	Verb		to kill	1
يَقْتُلُونَ	Verb		to kill	1
يَقْتُلْنَ	Verb		to kill	1
يُقْتَلُ	Verb		to kill	1
ارْجِعُونِ	Verb		to return	1
تَرْجِعُونَهَا	Verb		to return	1
تَرْجِعُوهُنَّ	Verb		to return	1
رَجَعَ	Verb		to return	1
رَجَعَكَ	Verb		to return	1
رَجَعْنَا	Verb		to return	1
رُجِعْتُ	Verb		to return	1
فَارْجِعْنَا	Verb		to return	1
فَرَجَعَ	Verb		to return	1
فَرَجَعُوا	Verb		to return	1
فَرَجَعْنَاكَ	Verb		to return	1
وَارْجِعُوا	Verb		to return	1
يَرْجِعَ	Verb		to return	1
أَسْمَعُ	Verb		to hear, to listen	1
تَسْمَعُ	Verb		to hear, to listen	1
تَسْمَعْ	Verb		to hear, to listen	1
سَمِعَتْ	Verb		to hear, to listen	1
سَمِعَهُ	Verb		to hear, to listen	1
فَاسْمَعُونِ	Verb		to hear, to listen	1
نَسْمَعُ	Verb		to hear, to listen	1
وَسَمِعْنَا	Verb		to hear, to listen	1
وَلَتَسْمَعُنَّ	Verb		to hear, to listen	1
يَسْمَعَ	Verb		to hear, to listen	1
يَسْمَعُوا	Verb		to hear, to listen	1
يَسْمَعُونَكُمْ	Verb		to hear, to listen	1
تَتَوَلَّوْا	Verb		to turn	1
تَوَلَّاهُ	Verb		to turn	1
تَوَلَّوْهُمْ	Verb		to turn	1
فَتَوَلَّوْا	Verb		to turn	1
لَتَوَلَّوْا	Verb		to turn	1
وَيَتَوَلَّوْا	Verb		to turn	1
يَتَوَلَّ	Verb		to turn	1
يَتَوَلَّوْنَ	Verb		to turn	1
يَتَوَلَّوْنَهُ	Verb		to turn	1
يَتَوَلَّى	Verb		to turn	1
آمُرُهُ	Verb		to order, to command	1
أَتَأْمُرُونَ	Verb		to order, to command	1
أَمَرَكُمُ	Verb		to order, to command	1
أَمَرَنَا	Verb		to order, to command	1
أَمَرَهُ	Verb		to order, to command	1
أَمَرَهُمْ	Verb		to order, to command	1
أَمَرْتَنِي	Verb		to order, to command	1
أَمَرْتَهُمْ	Verb		to order, to command	1
أَمَرْتُكَ	Verb		to order, to command	1
أَمَرْنَا	Verb		to order, to command	1
أَيَأْمُرُكُمْ	Verb		to order, to command	1
تَأْمُرُكَ	Verb		to order, to command	1
تَأْمُرُنَا	Verb		to order, to command	1
تَأْمُرُهُمْ	Verb		to order, to command	1
تَأْمُرُونَنَا	Verb		to order, to command	1
تَأْمُرُونِّي	Verb		to order, to command	1
تَأْمُرِينَ	Verb		to order, to command	1
وَأُمِرْنَا	Verb		to order, to command	1
وَيَأْمُرُكُمْ	Verb		to order, to command	1
يَأْمُرَكُمْ	Verb		to order, to command	1
دَخَلَهُ	Verb		to enter	1
دَخَلُوهُ	Verb		to enter	1
دَخَلْتَ	Verb		to enter	1
دَخَلْتُمُوهُ	Verb		to enter	1
دُخِلَتْ	Verb		to enter	1
فَادْخُلُوهَا	Verb		to enter	1
فَدَخَلُوا	Verb		to enter	1
لَتَدْخُلُنَّ	Verb		to enter	1
وَلِيَدْخُلُوا	Verb		to enter	1
تُجْزَىٰ	Verb		to reward, to recompense	1
جَزَيْتُهُمُ	Verb		to reward, to recompense	1
لِتُجْزَىٰ	Verb		to reward, to recompense	1
لِيَجْزِيَكَ	Verb		to reward, to recompense	1
وَجَزَاهُمْ	Verb		to reward, to recompense	1
وَسَنَجْزِي	Verb		to reward, to recompense	1
وَسَيَجْزِي	Verb		to reward, to recompense	1
وَلَنَجْزِيَنَّ	Verb		to reward, to recompense	1
وَلِتُجْزَىٰ	Verb		to reward, to recompense	1
وَيَجْزِيَ	Verb		to reward, to recompense	1
وَيَجْزِيَهُمْ	Verb		to reward, to recompense	1
يُجْزَاهُ	Verb		to reward, to recompense	1
أَطَاعَ	Verb		to obey	1
أَطَاعُونَا	Verb		to obey	1
أَطَعْتُمُوهُمْ	Verb		to obey	1
أَطَعْنَكُمْ	Verb		to obey	1
تُطِعْهُ	Verb		to obey	1
تُطِيعُوهُ	Verb		to obey	1
سَنُطِيعُكُمْ	Verb		to obey	1
فَأَطَاعُوهُ	Verb		to obey	1
نُطِيعُ	Verb		to obey	1
وَيُطِيعُونَ	Verb		to obey	1
يُطِيعُكُمْ	Verb		to obey	1
أَوْحَيْتُ	Verb		to reveal, to inspire	1
فَيُوحِيَ	Verb		to reveal, to inspire	1
لَيُوحُونَ	Verb		to reveal, to inspire	1
نُوحِي	Verb		to reveal, to inspire	1
نُوحِيهَا	Verb		to reveal, to inspire	1
يُوحَ	Verb		to reveal, to inspire	1
أَشْرَكَ	Verb		to associate partners	1
أَشْرَكْتُمُونِ	Verb		to associate partners	1
أَشْرَكْتُمْ	Verb		to associate partners	1
أَشْرَكْنَا	Verb		to associate partners	1
أَيُشْرِكُونَ	Verb		to associate partners	1
أُشْرِكَ	Verb		to associate partners	1
أُشْرِكْ	Verb		to associate partners	1
تُشْرِكَ	Verb		to associate partners	1
لِتُشْرِكَ	Verb		to associate partners	1
وَأَشْرِكْهُ	Verb		to associate partners	1
وَأُشْرِكَ	Verb		to associate partners	1
يُشْرَكْ	Verb		to associate partners	1
يُشْرِكُ	Verb		to associate partners	1
يُشْرِكْنَ	Verb		to associate partners	1
أَأُلْقِيَ	Verb		to cast, to throw, to meet, to offer	1
أَلْقَاهَا	Verb		to cast, to throw, to meet, to offer	1
أَلْقَاهُ	Verb		to cast, to throw, to meet, to offer	1
أَلْقِهَا	Verb		to cast, to throw, to meet, to offer	1
تُلْقُونَ	Verb		to cast, to throw, to meet, to offer	1
سَأُلْقِي	Verb		to cast, to throw, to meet, to offer	1
فَأَلْقَاهَا	Verb		to cast, to throw, to meet, to offer	1
فَأَلْقَوُا	Verb		to cast, to throw, to meet, to offer	1
فَأَلْقِهْ	Verb		to cast, to throw, to meet, to offer	1
فَأَلْقِيهِ	Verb		to cast, to throw, to meet, to offer	1
فَأَلْقِيَاهُ	Verb		to cast, to throw, to meet, to offer	1
فَتُلْقَىٰ	Verb		to cast, to throw, to meet, to offer	1
فَلْيُلْقِهِ	Verb		to cast, to throw, to meet, to offer	1
وَأَلْقَتْ	Verb		to cast, to throw, to meet, to offer	1
وَأَلْقَى	Verb		to cast, to throw, to meet, to offer	1
وَأَلْقَيْتُ	Verb		to cast, to throw, to meet, to offer	1
وَأَلْقُوهُ	Verb		to cast, to throw, to meet, to offer	1
وَأُلْقِيَ	Verb		to cast, to throw, to meet, to offer	1
أَتَعِدَانِنِي	Verb		to promise	1
أَيَعِدُكُمْ	Verb		to promise	1
وَعَدَكُمُ	Verb		to promise	1
وَعَدُوهُ	Verb		to promise	1
وَعَدْتَنَا	Verb		to promise	1
وَعَدْتَهُمْ	Verb		to promise	1
وَعَدْنَاهُ	Verb		to promise	1
وَعِدْهُمْ	Verb		to promise	1
وَوَعَدْتُكُمْ	Verb		to promise	1
يَعِدُ	Verb		to promise	1
يَعِدُكُمْ	Verb		to promise	1
يَعِدُهُمْ	Verb		to promise	1
يَعِدْكُمْ	Verb		to promise	1
أَنْفَقْتَ	Verb		to spend	1
فَأَنْفِقُوا	Verb		to spend	1
فَسَيُنْفِقُونَهَا	Verb		to spend	1
فَلْيُنْفِقْ	Verb		to spend	1
لِتُنْفِقُوا	Verb		to spend	1
لِيُنْفِقْ	Verb		to spend	1
وَأَنْفَقُوا	Verb		to spend	1
وَيُنْفِقُوا	Verb		to spend	1
يُنْفِقُونَهَا	Verb		to spend	1
سَيُغْفَرُ	Verb		to forgive	1
غَفَرَ	Verb		to forgive	1
فَغَفَرَ	Verb		to forgive	1
فَغَفَرْنَا	Verb		to forgive	1
فَيَغْفِرُ	Verb		to forgive	1
لِتَغْفِرَ	Verb		to forgive	1
وَغَفَرَ	Verb		to forgive	1
يُغْفَرْ	Verb		to forgive	1
أَحْبَبْتُ	Verb		to love, to like	1
أَيُحِبُّ	Verb		to love, to like	1
أُحِبُّ	Verb		to love, to like	1
تُحِبُّونَهَا	Verb		to love, to like	1
تُحِبُّونَهُمْ	Verb		to love, to like	1
وَتُحِبُّونَ	Verb		to love, to like	1
وَيُحِبُّ	Verb		to love, to like	1
وَيُحِبُّونَ	Verb		to love, to like	1
وَيُحِبُّونَهُ	Verb		to love, to like	1
يُحِبُّهُمْ	Verb		to love, to like	1
يُحِبُّونَ	Verb		to love, to like	1
يُحِبُّونَكُمْ	Verb		to love, to like	1
يُحِبُّونَهُمْ	Verb		to love, to like	1
يُحْبِبْكُمُ	Verb		to love, to like	1
أَصَابَتْ	Verb		to strike, to befall, to bestow	1
أَصَابَكُمْ	Verb		to strike, to befall, to bestow	1
أَصَابَهَا	Verb		to strike, to befall, to bestow	1
أَصَبْتُمْ	Verb		to strike, to befall, to bestow	1
أَصَبْنَاهُمْ	Verb		to strike, to befall, to bestow	1
أُصِيبُ	Verb		to strike, to befall, to bestow	1
تُصِبْكُمْ	Verb		to strike, to befall, to bestow	1
تُصِيبَنَا	Verb		to strike, to befall, to bestow	1
تُصِيبَنَّ	Verb		to strike, to befall, to bestow	1
تُصِيبَهُمْ	Verb		to strike, to befall, to bestow	1
تُصِيبُهُمْ	Verb		to strike, to befall, to bestow	1
تُصِيبُوا	Verb		to strike, to befall, to bestow	1
فَأَصَابَتْكُمْ	Verb		to strike, to befall, to bestow	1
فَأَصَابَهَا	Verb		to strike, to befall, to bestow	1
فَأَصَابَهُ	Verb		to strike, to befall, to bestow	1
فَتُصِيبَكُمْ	Verb		to strike, to befall, to bestow	1
نُصِيبُ	Verb		to strike, to befall, to bestow	1
وَأَصَابَهُ	Verb		to strike, to befall, to bestow	1
يُصِبْكُمْ	Verb		to strike, to befall, to bestow	1
يُصِبْهَا	Verb		to strike, to befall, to bestow	1
يُصِيبَكُمُ	Verb		to strike, to befall, to bestow	1
يُصِيبَنَا	Verb		to strike, to befall, to bestow	1
يُصِيبُ	Verb		to strike, to befall, to bestow	1
أَضَلَّنَا	Verb		to let go astray, to mislead	1
أَضَلَّنِي	Verb		to let go astray, to mislead	1
أَضَلُّوا	Verb		to let go astray, to mislead	1
أَضْلَلْتُمْ	Verb		to let go astray, to mislead	1
أَضْلَلْنَ	Verb		to let go astray, to mislead	1
تُضِلُّ	Verb		to let go astray, to mislead	1
فَأَضَلُّونَا	Verb		to let go astray, to mislead	1
فَيُضِلَّكَ	Verb		to let go astray, to mislead	1
فَيُضِلُّ	Verb		to let go astray, to mislead	1
لَيُضِلُّونَ	Verb		to let go astray, to mislead	1
وَأَضَلَّهُ	Verb		to let go astray, to mislead	1
وَأَضَلَّهُمُ	Verb		to let go astray, to mislead	1
وَأَضَلُّوا	Verb		to let go astray, to mislead	1
وَلَأُضِلَّنَّهُمْ	Verb		to let go astray, to mislead	1
وَيُضِلُّ	Verb		to let go astray, to mislead	1
يُضِلَّهُمْ	Verb		to let go astray, to mislead	1
يُضِلُّهُ	Verb		to let go astray, to mislead	1
يُضِلُّوا	Verb		to let go astray, to mislead	1
يُضِلُّونَكُمْ	Verb		to let go astray, to mislead	1
يُضِلُّونَهُمْ	Verb		to let go astray, to mislead	1
أَتُوبُ	Verb		to repent, to turn	1
تَتُوبَا	Verb		to repent, to turn	1
فَتُوبُوا	Verb		to repent, to turn	1
لِيَتُوبُوا	Verb		to repent, to turn	1
وَتَابَ	Verb		to repent, to turn	1
وَيَتُوبُ	Verb		to repent, to turn	1
يَتُوبُوا	Verb		to repent, to turn	1
تَكْسِبُ	Verb		to earn	1
تَكْسِبُونَ	Verb		to earn	1
يَكْسِبُهُ	Verb		to earn	1
تُنَزَّلَ	Verb		to send down, to reveal	1
لَنَزَّلْنَا	Verb		to send down, to reveal	1
نَزَّلْنَاهُ	Verb		to send down, to reveal	1
نُزِّلَتْ	Verb		to send down, to reveal	1
نُنَزِّلُ	Verb		to send down, to reveal	1
نُنَزِّلُهُ	Verb		to send down, to reveal	1
نُنَزِّلْ	Verb		to send down, to reveal	1
وَنَزَّلْنَاهُ	Verb		to send down, to reveal	1
وَنُزِّلَ	Verb		to send down, to reveal	1
وَنُنَزِّلُ	Verb		to send down, to reveal	1
يُنَزَّلُ	Verb		to send down, to reveal	1
أَتْلُوَ	Verb		to recite	1
تَلَاهَا	Verb		to recite	1
تَلَوْتُهُ	Verb		to recite	1
فَاتْلُوهَا	Verb		to recite	1
لِتَتْلُوَ	Verb		to recite	1
وَيَتْلُوهُ	Verb		to recite	1
يَتْلُونَهُ	Verb		to recite	1
تُرْزَقَانِهِ	Verb		to provide	1
رَزَقَكُمْ	Verb		to provide	1
رَزَقْنَاهُ	Verb		to provide	1
رُزِقُوا	Verb		to provide	1
رُزِقْنَا	Verb		to provide	1
فَارْزُقُوهُمْ	Verb		to provide	1
لَيَرْزُقَنَّهُمُ	Verb		to provide	1
نَرْزُقُكَ	Verb		to provide	1
نَرْزُقُكُمْ	Verb		to provide	1
نَرْزُقُهُمْ	Verb		to provide	1
وَارْزُقُوهُمْ	Verb		to provide	1
وَارْزُقْ	Verb		to provide	1
وَارْزُقْنَا	Verb		to provide	1
وَارْزُقْهُمْ	Verb		to provide	1
وَتَرْزُقُ	Verb		to provide	1
وَرَزَقَنِي	Verb		to provide	1
وَيَرْزُقْهُ	Verb		to provide	1
يَرْزُقُهَا	Verb		to provide	1
اقْضُوا	Verb		to decree, to decide, to judge	1
تَقْضِي	Verb		to decree, to decide, to judge	1
فَاقْضِ	Verb		to decree, to decide, to judge	1
فَقَضَاهُنَّ	Verb		to decree, to decide, to judge	1
فَقَضَىٰ	Verb		to decree, to decide, to judge	1
قَضَاهَا	Verb		to decree, to decide, to judge	1
قَضَوْا	Verb		to decree, to decide, to judge	1
قَضَى	Verb		to decree, to decide, to judge	1
قَضَيْتَ	Verb		to decree, to decide, to judge	1
قَضَيْتُ	Verb		to decree, to decide, to judge	1
قَضَيْتُمُ	Verb		to decree, to decide, to judge	1
قَضَيْتُمْ	Verb		to decree, to decide, to judge	1
قُضِيَتِ	Verb		to decree, to decide, to judge	1
لِيَقْضِ	Verb		to decree, to decide, to judge	1
لِيُقْضَىٰ	Verb		to decree, to decide, to judge	1
لْيَقْضُوا	Verb		to decree, to decide, to judge	1
وَقَضَىٰ	Verb		to decree, to decide, to judge	1
يَقْضُونَ	Verb		to decree, to decide, to judge	1
يَقْضِ	Verb		to decree, to decide, to judge	1
تَنْصُرُوا	Verb		to help	1
تَنْصُرُوهُ	Verb		to help	1
فَانْصُرْنَا	Verb		to help	1
لَنَنْصُرَنَّكُمْ	Verb		to help	1
لَنَنْصُرُ	Verb		to help	1
لَيَنْصُرَنَّهُ	Verb		to help	1
نَصَرَهُ	Verb		to help	1
نَصَرَهُمُ	Verb		to help	1
نَصَرُوهُمْ	Verb		to help	1
وَانْصُرُوا	Verb		to help	1
وَلَتَنْصُرُنَّهُ	Verb		to help	1
وَلَيَنْصُرَنَّ	Verb		to help	1
وَنَصَرُوهُ	Verb		to help	1
وَنَصَرْنَاهُ	Verb		to help	1
وَنَصَرْنَاهُمْ	Verb		to help	1
وَيَنْصُرَكَ	Verb		to help	1
وَيَنْصُرُونَ	Verb		to help	1
وَيَنْصُرْكُمْ	Verb		to help	1
يَنْصُرَهُ	Verb		to help	1
يَنْصُرُ	Verb		to help	1
يَنْصُرُنَا	Verb		to help	1
يَنْصُرُهُ	Verb		to help	1
يَنْصُرُونَكُمْ	Verb		to help	1
يَنْصُرْكُمُ	Verb		to help	1
يَنْصُرْكُمْ	Verb		to help	1
أَتَصْبِرُونَ	Verb		to be patient	1
أَصْبَرَهُمْ	Verb		to be patient	1
اصْبِرُوا	Verb		to be patient	1
تَصْبِرُ	Verb		to be patient	1
صَبَرَ	Verb		to be patient	1
صَبَرْتُمْ	Verb		to be patient	1
فَصَبَرُوا	Verb		to be patient	1
نَصْبِرَ	Verb		to be patient	1
وَصَبَرُوا	Verb		to be patient	1
وَلَنَصْبِرَنَّ	Verb		to be patient	1
وَيَصْبِرْ	Verb		to be patient	1
يَصْبِرُوا	Verb		to be patient	1
وَجَرَيْنَ	Verb		to flow, to run	1
وَلِتَجْرِيَ	Verb		to flow, to run	1
تَمْسَسْهُ	Verb		to touch	1
فَتَمَسَّكُمُ	Verb		to touch	1
لَيَمَسَّنَّ	Verb		to touch	1
مَسَّتْهُمْ	Verb		to touch	1
وَلَيَمَسَّنَّكُمْ	Verb		to touch	1
يَمَسَّكَ	Verb		to touch	1
يَمَسُّنَا	Verb		to touch	1
يَمَسُّهُ	Verb		to touch	1
يَمْسَسْكُمْ	Verb		to touch	1
أَفَنَضْرِبُ	Verb		to strike, to set forth	1
اضْرِبُوهُ	Verb		to strike, to set forth	1
تَضْرِبُوا	Verb		to strike, to set forth	1
ضَرَبُوهُ	Verb		to strike, to set forth	1
ضُرِبَتْ	Verb		to strike, to set forth	1
فَاضْرِبُوا	Verb		to strike, to set forth	1
فَضَرَبْنَا	Verb		to strike, to set forth	1
فَضُرِبَ	Verb		to strike, to set forth	1
وَاضْرِبُوهُنَّ	Verb		to strike, to set forth	1
وَضَرَبْنَا	Verb		to strike, to set forth	1
وَلْيَضْرِبْنَ	Verb		to strike, to set forth	1
يَضْرِبَ	Verb		to strike, to set forth	1
يَضْرِبْنَ	Verb		to strike, to set forth	1
تُقَاتِلُونَهُمْ	Verb		to fight	1
فَقَاتِلَا	Verb		to fight	1
فَلَقَاتَلُوكُمْ	Verb		to fight	1
فَلْيُقَاتِلْ	Verb		to fight	1
قَاتَلَ	Verb		to fight	1
قَاتَلُوا	Verb		to fight	1
قُوتِلُوا	Verb		to fight	1
قُوتِلْتُمْ	Verb		to fight	1
نُقَاتِلَ	Verb		to fight	1
نُقَاتِلْ	Verb		to fight	1
يُقَاتَلُونَ	Verb		to fight	1
يُقَاتِلْ	Verb		to fight	1
أَقَمْتُمُ	Verb		to establish	1
أَقِمْ	Verb		to establish	1
تُقِيمُوا	Verb		to establish	1
فَأَقَامَهُ	Verb		to establish	1
فَأَقَمْتَ	Verb		to establish	1
لِيُقِيمُوا	Verb		to establish	1
نُقِيمُ	Verb		to establish	1
وَأَقَامُوا	Verb		to establish	1
وَأَقِيمُوا	Verb		to establish	1
وَيُقِيمُوا	Verb		to establish	1
اخْرُجُوا	Verb		to go out, to come out, to depart, to leave	1
تَخْرُجَ	Verb		to go out, to come out, to depart, to leave	1
تَخْرُجُوا	Verb		to go out, to come out, to depart, to leave	1
تَخْرُجُونَ	Verb		to go out, to come out, to depart, to leave	1
فَيَخْرُجُ	Verb		to go out, to come out, to depart, to leave	1
لَخَرَجْنَا	Verb		to go out, to come out, to depart, to leave	1
لَنَخْرُجَنَّ	Verb		to go out, to come out, to depart, to leave	1
لَيَخْرُجُنَّ	Verb		to go out, to come out, to depart, to leave	1
يَخْرُجْ	Verb		to go out, to come out, to depart, to leave	1
يَخْرُجْنَ	Verb		to go out, to come out, to depart, to leave	1
أَضِلُّ	Verb		to go astray, to err, to lose	1
ضَلَلْنَا	Verb		to go astray, to err, to lose	1
وَضَلُّوا	Verb		to go astray, to err, to lose	1
يَضِلُّونَ	Verb		to go astray, to err, to lose	1
يُضَلُّ	Verb		to go astray, to err, to lose	1
أَبَعَثَ	Verb		to raise, to resurrect, to send	1
أُبْعَثُ	Verb		to raise, to resurrect, to send	1
ابْعَثْ	Verb		to raise, to resurrect, to send	1
بَعَثَنَا	Verb		to raise, to resurrect, to send	1
بَعَثَهُ	Verb		to raise, to resurrect, to send	1
بَعَثْنَاكُمْ	Verb		to raise, to resurrect, to send	1
تُبْعَثُونَ	Verb		to raise, to resurrect, to send	1
لَبَعَثْنَا	Verb		to raise, to resurrect, to send	1
لَتُبْعَثُنَّ	Verb		to raise, to resurrect, to send	1
لَيَبْعَثَنَّ	Verb		to raise, to resurrect, to send	1
نَبْعَثَ	Verb		to raise, to resurrect, to send	1
وَبَعَثْنَا	Verb		to raise, to resurrect, to send	1
يَبْعَثَكَ	Verb		to raise, to resurrect, to send	1
يَبْعَثُكُمْ	Verb		to raise, to resurrect, to send	1
يُبْعَثُ	Verb		to raise, to resurrect, to send	1
يُبْعَثُوا	Verb		to raise, to resurrect, to send	1
أَحْيَا	Verb		to give life	1
أَحْيَاكُمْ	Verb		to give life	1
أَحْيَاهُمْ	Verb		to give life	1
أَحْيَيْنَاهَا	Verb		to give life	1
تُحْيِي	Verb		to give life	1
فَأَحْيَاكُمْ	Verb		to give life	1
فَأَحْيَيْنَا	Verb		to give life	1
فَأَحْيَيْنَاهُ	Verb		to give life	1
فَلَنُحْيِيَنَّهُ	Verb		to give life	1
لِنُحْيِيَ	Verb		to give life	1
نُحْيِي	Verb		to give life	1
وَأَحْيَيْتَنَا	Verb		to give life	1
وَأَحْيَيْنَا	Verb		to give life	1
وَأُحْيِي	Verb		to give life	1
وَيُحْيِي	Verb		to give life	1
يُحْيِينِ	Verb		to give life	1
يُحْيِيهَا	Verb		to give life	1
يُحْيِيَ	Verb		to give life	1
تَذَكَّرَ	Verb		to receive admonition	1
تَذَكَّرُوا	Verb		to receive admonition	1
سَيَذَّكَّرُ	Verb		to receive admonition	1
وَلِيَتَذَكَّرَ	Verb		to receive admonition	1
وَلِيَذَّكَّرَ	Verb		to receive admonition	1
أَتُهْلِكُنَا	Verb		to destroy	1
أَفَتُهْلِكُنَا	Verb		to destroy	1
أَهْلَكَنِيَ	Verb		to destroy	1
أَهْلَكْتَهُمْ	Verb		to destroy	1
أَهْلَكْتُ	Verb		to destroy	1
فَأَهْلَكَتْهُ	Verb		to destroy	1
فَأَهْلَكْنَا	Verb		to destroy	1
لَنُهْلِكَنَّ	Verb		to destroy	1
وَأَهْلَكْنَا	Verb		to destroy	1
وَيُهْلِكَ	Verb		to destroy	1
يُهْلِكُنَا	Verb		to destroy	1
أَفْتَرَىٰ	Verb		to invent	1
افْتَرَيْنَا	Verb		to invent	1
تَفْتَرُونَ	Verb		to invent	1
لِتَفْتَرُوا	Verb		to invent	1
لِتَفْتَرِيَ	Verb		to invent	1
يُفْتَرَىٰ	Verb		to invent	1
أَزِيدَ	Verb		to increase	1
تَزِيدُونَنِي	Verb		to increase	1
زَادَتْهُ	Verb		to increase	1
زَادَتْهُمْ	Verb		to increase	1
زَادُوكُمْ	Verb		to increase	1
زَادُوهُمْ	Verb		to increase	1
زِدْ	Verb		to increase	1
زِدْنِي	Verb		to increase	1
سَنَزِيدُ	Verb		to increase	1
فَزَادَهُمُ	Verb		to increase	1
فَزَادَهُمْ	Verb		to increase	1
فَزَادُوهُمْ	Verb		to increase	1
فَزِدْهُ	Verb		to increase	1
لَأَزِيدَنَّكُمْ	Verb		to increase	1
نَزِيدَكُمْ	Verb		to increase	1
وَزَادَكُمْ	Verb		to increase	1
وَزَادَهُ	Verb		to increase	1
وَزِدْنَاهُمْ	Verb		to increase	1
وَسَنَزِيدُ	Verb		to increase	1
وَيَزِدْكُمْ	Verb		to increase	1
وَيَزِيدُ	Verb		to increase	1
يَزِدْهُ	Verb		to increase	1
يَزِدْهُمْ	Verb		to increase	1
يَزِيدُونَ	Verb		to increase	1
عَقَلُوهُ	Verb		to understand, to reason	1
نَعْقِلُ	Verb		to understand, to reason	1
يَعْقِلُهَا	Verb		to understand, to reason	1
سَتُكْتَبُ	Verb		to write, to prescribe, to ordain	1
فَاكْتُبُوهُ	Verb		to write, to prescribe, to ordain	1
فَسَأَكْتُبُهَا	Verb		to write, to prescribe, to ordain	1
فَلْيَكْتُبْ	Verb		to write, to prescribe, to ordain	1
كَتَبَتْ	Verb		to write, to prescribe, to ordain	1
كَتَبْتَ	Verb		to write, to prescribe, to ordain	1
كَتَبْنَاهَا	Verb		to write, to prescribe, to ordain	1
وَاكْتُبْ	Verb		to write, to prescribe, to ordain	1
وَلْيَكْتُبْ	Verb		to write, to prescribe, to ordain	1
وَنَكْتُبُ	Verb		to write, to prescribe, to ordain	1
يَكْتُبَ	Verb		to write, to prescribe, to ordain	1
يَكْتُبُ	Verb		to write, to prescribe, to ordain	1
ظَنَنْتُ	Verb		to think, to assume, to guess	1
ظَنَّا	Verb		to think, to assume, to guess	1
فَظَنُّوا	Verb		to think, to assume, to guess	1
لَأَظُنُّكَ	Verb		to think, to assume, to guess	1
نَظُنُّ	Verb		to think, to assume, to guess	1
يَظُنُّ	Verb		to think, to assume, to guess	1
أَأَشْكُرُ	Verb		to be grateful, to give thanks	1
أَؤُنَبِّئُكُمْ	Verb		to inform	1
أَتُنَبِّئُونَ	Verb		to inform	1
أَفَأُنَبِّئُكُمْ	Verb		to inform	1
تُنَبِّئُهُمْ	Verb		to inform	1
تُنَبِّئُونَهُ	Verb		to inform	1
سَأُنَبِّئُكَ	Verb		to inform	1
فَلَنُنَبِّئَنَّ	Verb		to inform	1
فَنُنَبِّئُكُمْ	Verb		to inform	1
فَنُنَبِّئُهُمْ	Verb		to inform	1
لَتُنَبَّؤُنَّ	Verb		to inform	1
لَتُنَبِّئَنَّهُمْ	Verb		to inform	1
نَبَّأَتْ	Verb		to inform	1
نَبَّأَنَا	Verb		to inform	1
نَبَّأَنِيَ	Verb		to inform	1
نَبَّأَهَا	Verb		to inform	1
نَبَّأْتُكُمَا	Verb		to inform	1
نَبِّئُونِي	Verb		to inform	1
نَبِّئْ	Verb		to inform	1
نَبِّئْنَا	Verb		to inform	1
نُنَبِّئُكُمْ	Verb		to inform	1
وَأُنَبِّئُكُمْ	Verb		to inform	1
يُنَبَّأُ	Verb		to inform	1
يُنَبَّأْ	Verb		to inform	1
يُنَبِّئُكَ	Verb		to inform	1
يُنَبِّئُهُمُ	Verb		to inform	1
حَكَمَ	Verb		to judge	1
فَأَحْكُمُ	Verb		to judge	1
لَيَحْكُمُ	Verb		to judge	1
لِتَحْكُمَ	Verb		to judge	1
وَلْيَحْكُمْ	Verb		to judge	1
يَحْكُمَانِ	Verb		to judge	1
أَتَذَرُ	Verb		to leave, to forsake	1
تَذَرْهُمْ	Verb		to leave, to forsake	1
ذَرُونَا	Verb		to leave, to forsake	1
ذَرْنَا	Verb		to leave, to forsake	1
فَتَذَرُوهَا	Verb		to leave, to forsake	1
فَذَرُوهُ	Verb		to leave, to forsake	1
فَذَرْنِي	Verb		to leave, to forsake	1
فَنَذَرُ	Verb		to leave, to forsake	1
فَيَذَرُهَا	Verb		to leave, to forsake	1
لِيَذَرَ	Verb		to leave, to forsake	1
وَذَرْنِي	Verb		to leave, to forsake	1
وَنَذَرَ	Verb		to leave, to forsake	1
وَنَذَرُ	Verb		to leave, to forsake	1
وَنَذَرُهُمْ	Verb		to leave, to forsake	1
وَيَذَرَكَ	Verb		to leave, to forsake	1
وَيَذَرُهُمْ	Verb		to leave, to forsake	1
أَحَسِبَ	Verb		to think	1
أَفَحَسِبَ	Verb		to think	1
أَفَحَسِبْتُمْ	Verb		to think	1
أَيَحْسَبُونَ	Verb		to think	1
تَحْسَبَنَّهُمْ	Verb		to think	1
تَحْسَبُهَا	Verb		to think	1
تَحْسَبُهُمْ	Verb		to think	1
تَحْسَبُوهُ	Verb		to think	1
حَسِبَتْهُ	Verb		to think	1
حَسِبْتَ	Verb		to think	1
حَسِبْتَهُمْ	Verb		to think	1
لِتَحْسَبُوهُ	Verb		to think	1
وَتَحْسَبُهُمْ	Verb		to think	1
وَتَحْسَبُونَهُ	Verb		to think	1
وَحَسِبُوا	Verb		to think	1
يَحْسَبُ	Verb		to think	1
يَحْسَبُهُ	Verb		to think	1
يَحْسَبُهُمُ	Verb		to think	1
أَشَهِدُوا	Verb		to testify, to bear witness	1
أَشْهَدُ	Verb		to testify, to bear witness	1
تَشْهَدَ	Verb		to testify, to bear witness	1
تَشْهَدُ	Verb		to testify, to bear witness	1
تَشْهَدُونَ	Verb		to testify, to bear witness	1
تَشْهَدُونِ	Verb		to testify, to bear witness	1
شَهِدْتُمْ	Verb		to testify, to bear witness	1
فَاشْهَدُوا	Verb		to testify, to bear witness	1
لِيَشْهَدُوا	Verb		to testify, to bear witness	1
وَاشْهَدُوا	Verb		to testify, to bear witness	1
وَتَشْهَدُ	Verb		to testify, to bear witness	1
وَلْيَشْهَدْ	Verb		to testify, to bear witness	1
يَشْهَدُهُ	Verb		to testify, to bear witness	1
تَمْلِكَ	Verb		to possess, to have power	1
تَمْلِكُ	Verb		to possess, to have power	1
تَمْلِكُهُمْ	Verb		to possess, to have power	1
تَمْلِكُونَ	Verb		to possess, to have power	1
فَنَادَاهَا	Verb		to call	1
فَنَادَتْهُ	Verb		to call	1
فَنَادَىٰ	Verb		to call	1
نَادَانَا	Verb		to call	1
نَادَاهُ	Verb		to call	1
نَادَيْتُمْ	Verb		to call	1
نَادَيْنَا	Verb		to call	1
نَادُوا	Verb		to call	1
وَنَادَاهُمَا	Verb		to call	1
وَنُودُوا	Verb		to call	1
يُنَادُونَكَ	Verb		to call	1
يُنَادُونَهُمْ	Verb		to call	1
يُنَادِ	Verb		to call	1
يُنَادِي	Verb		to call	1
أَنْذَرَ	Verb		to warn	1
أَنْذَرَهُمْ	Verb		to warn	1
أَنْذَرْتُكُمْ	Verb		to warn	1
أَنْذَرْنَاكُمْ	Verb		to warn	1
أُنْذِرَ	Verb		to warn	1
أُنْذِرُكُمْ	Verb		to warn	1
فَأَنْذَرْتُكُمْ	Verb		to warn	1
لِأُنْذِرَكُمْ	Verb		to warn	1
وَلِتُنْذِرَ	Verb		to warn	1
وَلِيُنْذَرُوا	Verb		to warn	1
وَلِيُنْذِرُوا	Verb		to warn	1
وَيُنْذِرَ	Verb		to warn	1
أَدْخِلُوا	Verb		to admit	1
أَدْخِلْنِي	Verb		to admit	1
تُدْخِلِ	Verb		to admit	1
سَيُدْخِلُهُمُ	Verb		to admit	1
فَأُدْخِلُوا	Verb		to admit	1
فَسَيُدْخِلُهُمْ	Verb		to admit	1
فَيُدْخِلُهُمْ	Verb		to admit	1
لَنُدْخِلَنَّهُمْ	Verb		to admit	1
لَيُدْخِلَنَّهُمْ	Verb		to admit	1
وَأَدْخَلْنَاهُ	Verb		to admit	1
وَأَدْخَلْنَاهُمْ	Verb		to admit	1
وَأَدْخِلْ	Verb		to admit	1
وَأَدْخِلْنَا	Verb		to admit	1
وَأَدْخِلْنِي	Verb		to admit	1
وَلَأَدْخَلْنَاهُمْ	Verb		to admit	1
وَلَأُدْخِلَنَّكُمْ	Verb		to admit	1
وَلَأُدْخِلَنَّهُمْ	Verb		to admit	1
وَنُدْخِلُهُمْ	Verb		to admit	1
وَنُدْخِلْكُمْ	Verb		to admit	1
وَيُدْخِلُهُمْ	Verb		to admit	1
وَيُدْخِلْهُ	Verb		to admit	1
يُدْخَلَ	Verb		to admit	1
يُدْخِلَنَا	Verb		to admit	1
تُسَبِّحُونَ	Verb		to glorify, to praise	1
نُسَبِّحَكَ	Verb		to glorify, to praise	1
وَيُسَبِّحُ	Verb		to glorify, to praise	1
وَيُسَبِّحُونَهُ	Verb		to glorify, to praise	1
يُسَبِّحُونَ	Verb		to glorify, to praise	1
اسْتَطَعْتُ	Verb		to be able to, to be capable	1
اسْتَطَعْنَا	Verb		to be able to, to be capable	1
تَسْتَطِيعُوا	Verb		to be able to, to be capable	1
يَسْتَطِعْ	Verb		to be able to, to be capable	1
أَحْمِلُ	Verb		to carry, to bear	1
أَحْمِلُكُمْ	Verb		to carry, to bear	1
احْمِلْ	Verb		to carry, to bear	1
حَمَلْتَهُ	Verb		to carry, to bear	1
حَمَلْنَاكُمْ	Verb		to carry, to bear	1
فَحَمَلَتْهُ	Verb		to carry, to bear	1
لِتَحْمِلَهُمْ	Verb		to carry, to bear	1
لِيَحْمِلُوا	Verb		to carry, to bear	1
وَتَحْمِلُ	Verb		to carry, to bear	1
وَحَمَلَهَا	Verb		to carry, to bear	1
وَحَمَلْنَاهُ	Verb		to carry, to bear	1
وَحَمَلْنَاهُمْ	Verb		to carry, to bear	1
وَحُمِلَتِ	Verb		to carry, to bear	1
وَلَيَحْمِلُنَّ	Verb		to carry, to bear	1
وَلْنَحْمِلْ	Verb		to carry, to bear	1
وَيَحْمِلُ	Verb		to carry, to bear	1
يَحْمِلُ	Verb		to carry, to bear	1
يَحْمِلُوهَا	Verb		to carry, to bear	1
يَحْمِلْنَهَا	Verb		to carry, to bear	1
يُحْمَلْ	Verb		to carry, to bear	1
تُعَذِّبَ	Verb		to punish	1
سَنُعَذِّبُهُمْ	Verb		to punish	1
فَأُعَذِّبُهُمْ	Verb		to punish	1
فَيُعَذِّبُهُمْ	Verb		to punish	1
لَأُعَذِّبَنَّهُ	Verb		to punish	1
لَعَذَّبَهُمْ	Verb		to punish	1
لَعَذَّبْنَا	Verb		to punish	1
لِيُعَذِّبَ	Verb		to punish	1
نُعَذِّبُهُ	Verb		to punish	1
نُعَذِّبْ	Verb		to punish	1
وَعَذَّبَ	Verb		to punish	1
وَعَذَّبْنَاهَا	Verb		to punish	1
يُعَذِّبَهُمْ	Verb		to punish	1
يُعَذِّبُكُمْ	Verb		to punish	1
يُعَذِّبُنَا	Verb		to punish	1
يُعَذِّبُهُمْ	Verb		to punish	1
يُعَذِّبْهُ	Verb		to punish	1
أَتُعَلِّمُونَ	Verb		to teach	1
تُعَلِّمَنِ	Verb		to teach	1
تُعَلِّمُونَ	Verb		to teach	1
تُعَلِّمُونَهُنَّ	Verb		to teach	1
عَلَّمَكُمْ	Verb		to teach	1
عَلَّمَنِي	Verb		to teach	1
عَلَّمْتَنَا	Verb		to teach	1
عَلَّمْتُكَ	Verb		to teach	1
عَلَّمْتُمْ	Verb		to teach	1
عُلِّمْتَ	Verb		to teach	1
عُلِّمْنَا	Verb		to teach	1
وَعَلَّمَ	Verb		to teach	1
وَعَلَّمَكَ	Verb		to teach	1
وَعَلَّمَهُ	Verb		to teach	1
وَعَلَّمْتَنِي	Verb		to teach	1
وَعُلِّمْتُمْ	Verb		to teach	1
وَلِنُعَلِّمَهُ	Verb		to teach	1
وَيُعَلِّمُكَ	Verb		to teach	1
وَيُعَلِّمُهُ	Verb		to teach	1
يُعَلِّمَانِ	Verb		to teach	1
يُعَلِّمُهُ	Verb		to teach	1
يُعَلِّمُونَ	Verb		to teach	1
فَلَبِئْسَ	Verb		to be wretched, to be evil	1
أَبْلُغَ	Verb		to reach	1
بَلَغَا	Verb		to reach	1
بَلَغَنِيَ	Verb		to reach	1
بَلَغْتَ	Verb		to reach	1
بَلَغْتُ	Verb		to reach	1
لِيَبْلُغَ	Verb		to reach	1
وَبَلَغَ	Verb		to reach	1
وَبَلَغَتِ	Verb		to reach	1
وَبَلَغْنَا	Verb		to reach	1
يَبْلُغُوا	Verb		to reach	1
أَتُتْرَكُونَ	Verb		to leave	1
تَتْرُكْهُ	Verb		to leave	1
تَرَكْتُمُوهَا	Verb		to leave	1
تَرَكْنَا	Verb		to leave	1
تَرَكْنَاهَا	Verb		to leave	1
تُتْرَكُوا	Verb		to leave	1
فَتَرَكَهُ	Verb		to leave	1
نَتْرُكَ	Verb		to leave	1
وَاتْرُكِ	Verb		to leave	1
وَتَرَكَهُمْ	Verb		to leave	1
وَتَرَكُوكَ	Verb		to leave	1
وَتَرَكْتُمْ	Verb		to leave	1
يُتْرَكَ	Verb		to leave	1
يُتْرَكُوا	Verb		to leave	1
أَتَخْشَوْنَهُمْ	Verb		to fear	1
تَخْشَاهُ	Verb		to fear	1
تَخْشَوْنَ	Verb		to fear	1
تَخْشَوْهُ	Verb		to fear	1
تَخْشَىٰ	Verb		to fear	1
فَاخْشَوْهُمْ	Verb		to fear	1
فَتَخْشَىٰ	Verb		to fear	1
فَخَشِينَا	Verb		to fear	1
نَخْشَىٰ	Verb		to fear	1
وَتَخْشَى	Verb		to fear	1
وَلْيَخْشَ	Verb		to fear	1
وَيَخْشَوْنَهُ	Verb		to fear	1
يَخْشَاهَا	Verb		to fear	1
أَرَيْنَاكَ	Verb		to show	1
أَرَيْنَاهُ	Verb		to show	1
أُرِيكُمْ	Verb		to show	1
تُرِيَنِّي	Verb		to show	1
سَنُرِيهِمْ	Verb		to show	1
سَيُرِيكُمْ	Verb		to show	1
فَأَرُونِي	Verb		to show	1
لَأَرَيْنَاكَهُمْ	Verb		to show	1
لِنُرِيَكَ	Verb		to show	1
لِنُرِيَهُ	Verb		to show	1
لِيُرَوْا	Verb		to show	1
لِيُرِيَكُمْ	Verb		to show	1
لِيُرِيَهُ	Verb		to show	1
لِيُرِيَهُمَا	Verb		to show	1
نُرِي	Verb		to show	1
نُرِيهِمْ	Verb		to show	1
وَأَرِنَا	Verb		to show	1
وَنُرِيَ	Verb		to show	1
يُرِيكَهُمُ	Verb		to show	1
يُرِيكُمُوهُمْ	Verb		to show	1
يُرِيهِمُ	Verb		to show	1
أَسْتَغْفَرْتَ	Verb		to ask forgiveness	1
فَاسْتَغْفَرَ	Verb		to ask forgiveness	1
فَاسْتَغْفِرُوهُ	Verb		to ask forgiveness	1
فَاسْتَغْفِرْ	Verb		to ask forgiveness	1
لَأَسْتَغْفِرَنَّ	Verb		to ask forgiveness	1
وَيَسْتَغْفِرُوا	Verb		to ask forgiveness	1
وَيَسْتَغْفِرُونَ	Verb		to ask forgiveness	1
وَيَسْتَغْفِرُونَهُ	Verb		to ask forgiveness	1
يَسْتَغْفِرُوا	Verb		to ask forgiveness	1
يَسْتَغْفِرِ	Verb		to ask forgiveness	1
يَسْتَغْفِرْ	Verb		to ask forgiveness	1
أَسْتَكْبَرْتَ	Verb		to be arrogant	1
اسْتَكْبَرَ	Verb		to be arrogant	1
اسْتَكْبَرْتُمْ	Verb		to be arrogant	1
تَسْتَكْبِرُونَ	Verb		to be arrogant	1
فَاسْتَكْبَرْتُمْ	Verb		to be arrogant	1
وَاسْتَكْبَرْتُمْ	Verb		to be arrogant	1
وَيَسْتَكْبِرْ	Verb		to be arrogant	1
أَتَهْتَدِي	Verb		to be guided	1
اهْتَدَيْتُ	Verb		to be guided	1
اهْتَدَيْتُمْ	Verb		to be guided	1
لِتَهْتَدُوا	Verb		to be guided	1
لِنَهْتَدِيَ	Verb		to be guided	1
يَهِدِّي	Verb		to be guided	1
تَوَكَّلُوا	Verb		to put trust	1
فَتَوَكَّلُوا	Verb		to put trust	1
يَتَوَكَّلُ	Verb		to put trust	1
تُحَرِّمُ	Verb		to forbid, to make unlawful	1
تُحَرِّمُوا	Verb		to forbid, to make unlawful	1
حَرَّمَهَا	Verb		to forbid, to make unlawful	1
حَرَّمَهُمَا	Verb		to forbid, to make unlawful	1
حُرِّمَ	Verb		to forbid, to make unlawful	1
وَحَرَّمَ	Verb		to forbid, to make unlawful	1
وَحَرَّمُوا	Verb		to forbid, to make unlawful	1
وَحَرَّمْنَا	Verb		to forbid, to make unlawful	1
وَيُحَرِّمُ	Verb		to forbid, to make unlawful	1
وَيُحَرِّمُونَهُ	Verb		to forbid, to make unlawful	1
يُحَرِّمُونَ	Verb		to forbid, to make unlawful	1
أَمُوتُ	Verb		to die	1
تَمُوتُ	Verb		to die	1
تَمُوتُونَ	Verb		to die	1
فَيَمُتْ	Verb		to die	1
فَيَمُوتُوا	Verb		to die	1
مُتُّمْ	Verb		to die	1
مِتُّمْ	Verb		to die	1
أَبَشَّرْتُمُونِي	Verb		to give glad tidings	1
بَشَّرْنَاكَ	Verb		to give glad tidings	1
بَشِّرِ	Verb		to give glad tidings	1
تُبَشِّرُونَ	Verb		to give glad tidings	1
فَبَشَّرْنَاهَا	Verb		to give glad tidings	1
فَبَشَّرْنَاهُ	Verb		to give glad tidings	1
فَبَشِّرْ	Verb		to give glad tidings	1
لِتُبَشِّرَ	Verb		to give glad tidings	1
وَبَشَّرُوهُ	Verb		to give glad tidings	1
وَبَشَّرْنَاهُ	Verb		to give glad tidings	1
وَيُبَشِّرُ	Verb		to give glad tidings	1
يُبَشِّرُ	Verb		to give glad tidings	1
يُبَشِّرُهُمْ	Verb		to give glad tidings	1
أَرَضِيتُمْ	Verb		to be pleased	1
تَرْضَاهَا	Verb		to be pleased	1
تَرْضَوْا	Verb		to be pleased	1
تَرْضَوْنَ	Verb		to be pleased	1
تَرْضَوْنَهَا	Verb		to be pleased	1
رَضِيتُمْ	Verb		to be pleased	1
فَتَرْضَىٰ	Verb		to be pleased	1
لِتَرْضَوْا	Verb		to be pleased	1
لِتَرْضَىٰ	Verb		to be pleased	1
وَرَضِيتُ	Verb		to be pleased	1
وَرَضِيَ	Verb		to be pleased	1
وَلِيَرْضَوْهُ	Verb		to be pleased	1
وَيَرْضَىٰ	Verb		to be pleased	1
وَيَرْضَيْنَ	Verb		to be pleased	1
يَرْضَهُ	Verb		to be pleased	1
يَرْضَوْنَهُ	Verb		to be pleased	1
تَحْزَنُوا	Verb		to grieve	1
لَيَحْزُنُكَ	Verb		to grieve	1
لَيَحْزُنُنِي	Verb		to grieve	1
لِيَحْزُنَ	Verb		to grieve	1
يَحْزَنَّ	Verb		to grieve	1
يَحْزُنُهُمُ	Verb		to grieve	1
احْشُرُوا	Verb		to gather, to raise	1
حَشَرْتَنِي	Verb		to gather, to raise	1
فَحَشَرَ	Verb		to gather, to raise	1
فَسَيَحْشُرُهُمْ	Verb		to gather, to raise	1
لَنَحْشُرَنَّهُمْ	Verb		to gather, to raise	1
وَتُحْشَرُونَ	Verb		to gather, to raise	1
وَحَشَرْنَا	Verb		to gather, to raise	1
وَحُشِرَ	Verb		to gather, to raise	1
وَنَحْشُرُ	Verb		to gather, to raise	1
وَنَحْشُرُهُ	Verb		to gather, to raise	1
يُحْشَرَ	Verb		to gather, to raise	1
تَصُدُّونَ	Verb		to turn away, to avert, to hinder	1
تَصُدُّونَا	Verb		to turn away, to avert, to hinder	1
صَدَدْتُمْ	Verb		to turn away, to avert, to hinder	1
صَدَّ	Verb		to turn away, to avert, to hinder	1
صَدُّوكُمْ	Verb		to turn away, to avert, to hinder	1
لَيَصُدُّونَهُمْ	Verb		to turn away, to avert, to hinder	1
لِيَصُدُّوا	Verb		to turn away, to avert, to hinder	1
وَتَصُدُّونَ	Verb		to turn away, to avert, to hinder	1
وَصَدَّهَا	Verb		to turn away, to avert, to hinder	1
وَصَدُّوكُمْ	Verb		to turn away, to avert, to hinder	1
وَصُدَّ	Verb		to turn away, to avert, to hinder	1
وَيَصُدَّكُمْ	Verb		to turn away, to avert, to hinder	1
يَصُدَّكُمْ	Verb		to turn away, to avert, to hinder	1
يَصِدُّونَ	Verb		to turn away, to avert, to hinder	1
فَنَجَّيْنَاكَ	Verb		to save, to deliver	1
فَنُجِّيَ	Verb		to save, to deliver	1
لَنُنَجِّيَنَّهُ	Verb		to save, to deliver	1
نَجَّاكُمْ	Verb		to save, to deliver	1
نَجَّيْنَاكُمْ	Verb		to save, to deliver	1
نَجَّيْنَاهُ	Verb		to save, to deliver	1
نَجَّيْنَاهُمْ	Verb		to save, to deliver	1
نُنَجِّيكَ	Verb		to save, to deliver	1
وَنَجَّيْنَا	Verb		to save, to deliver	1
وَنَجَّيْنَاهُمَا	Verb		to save, to deliver	1
وَنَجَّيْنَاهُمْ	Verb		to save, to deliver	1
وَنَجِّنَا	Verb		to save, to deliver	1
وَيُنَجِّي	Verb		to save, to deliver	1
ذَاقَا	Verb		to taste	1
فَذَاقَتْ	Verb		to taste	1
فَذَاقُوا	Verb		to taste	1
فَذُوقُوهُ	Verb		to taste	1
فَلْيَذُوقُوهُ	Verb		to taste	1
لِيَذُوقَ	Verb		to taste	1
لِيَذُوقُوا	Verb		to taste	1
وَتَذُوقُوا	Verb		to taste	1
وَذُوقُوا	Verb		to taste	1
يَذُوقُوا	Verb		to taste	1
تُرَدَّ	Verb		to turn back, to return	1
رَدَدْنَا	Verb		to turn back, to return	1
رَدَدْنَاهُ	Verb		to turn back, to return	1
رَدُّوهُ	Verb		to turn back, to return	1
رُدِدْتُ	Verb		to turn back, to return	1
فَرَدَدْنَاهُ	Verb		to turn back, to return	1
فَرَدُّوا	Verb		to turn back, to return	1
فَرُدُّوهُ	Verb		to turn back, to return	1
فَنَرُدَّهَا	Verb		to turn back, to return	1
وَرَدَّ	Verb		to turn back, to return	1
وَرُدُّوا	Verb		to turn back, to return	1
وَسَتُرَدُّونَ	Verb		to turn back, to return	1
وَنُرَدُّ	Verb		to turn back, to return	1
يَرُدُّونَكُمْ	Verb		to turn back, to return	1
لَتُبَيِّنُنَّهُ	Verb		to make clear	1
لِنُبَيِّنَ	Verb		to make clear	1
نُبَيِّنُ	Verb		to make clear	1
وَبَيَّنُوا	Verb		to make clear	1
وَلَيُبَيِّنَنَّ	Verb		to make clear	1
وَلِأُبَيِّنَ	Verb		to make clear	1
وَلِنُبَيِّنَهُ	Verb		to make clear	1
يُبَيِّنُهَا	Verb		to make clear	1
فَاخْتَلَفُوا	Verb		to differ	1
لَاخْتَلَفْتُمْ	Verb		to differ	1
وَاخْتَلَفُوا	Verb		to differ	1
تَذْهَبُوا	Verb		to go, to take away	1
تَذْهَبُونَ	Verb		to go, to take away	1
تَذْهَبْ	Verb		to go, to take away	1
ذَهَبُوا	Verb		to go, to take away	1
ذَهَبْنَا	Verb		to go, to take away	1
فَيَذْهَبُ	Verb		to go, to take away	1
لَنَذْهَبَنَّ	Verb		to go, to take away	1
لِتَذْهَبُوا	Verb		to go, to take away	1
نَذْهَبَنَّ	Verb		to go, to take away	1
وَتَذْهَبَ	Verb		to go, to take away	1
وَيَذْهَبَا	Verb		to go, to take away	1
يَذْهَبُ	Verb		to go, to take away	1
أَأَسْجُدُ	Verb		to prostrate	1
أَنَسْجُدُ	Verb		to prostrate	1
سَجَدُوا	Verb		to prostrate	1
فَاسْجُدُوا	Verb		to prostrate	1
لِأَسْجُدَ	Verb		to prostrate	1
يَسْجُدَانِ	Verb		to prostrate	1
اسْتَوَيْتَ	Verb		to be equal, to be alike, to establish	1
اسْتَوَيْتُمْ	Verb		to be equal, to be alike, to establish	1
لِتَسْتَوُوا	Verb		to be equal, to be alike, to establish	1
وَاسْتَوَتْ	Verb		to be equal, to be alike, to establish	1
وَاسْتَوَىٰ	Verb		to be equal, to be alike, to establish	1
تَنْسَىٰ	Verb		to forget	1
تُنْسَىٰ	Verb		to forget	1
فَنَسُوا	Verb		to forget	1
فَنَسِيتَهَا	Verb		to forget	1
فَنَسِيَهُمْ	Verb		to forget	1
نَسُوهُ	Verb		to forget	1
نَسِيتَ	Verb		to forget	1
نَسِينَا	Verb		to forget	1
نَسِينَاكُمْ	Verb		to forget	1
نَسِيَ	Verb		to forget	1
نَنْسَاكُمْ	Verb		to forget	1
نَنْسَاهُمْ	Verb		to forget	1
وَنَسُوا	Verb		to forget	1
وَنَسُوهُ	Verb		to forget	1
يَنْسَى	Verb		to forget	1
أَبْتَغِي	Verb		to seek	1
أَيَبْتَغُونَ	Verb		to seek	1
ابْتَغَوُا	Verb		to seek	1
ابْتَغَيْتَ	Verb		to seek	1
فَابْتَغُوا	Verb		to seek	1
لَابْتَغَوْا	Verb		to seek	1
نَبْتَغِي	Verb		to seek	1
تَقُومَ	Verb		to stand up, to rise, to establish	1
فَلْتَقُمْ	Verb		to stand up, to rise, to establish	1
قَامَ	Verb		to stand up, to rise, to establish	1
قُمْ	Verb		to stand up, to rise, to establish	1
لِيَقُومَ	Verb		to stand up, to rise, to establish	1
وَقُومُوا	Verb		to stand up, to rise, to establish	1
يَقُومُونَ	Verb		to stand up, to rise, to establish	1
تُعْرِضُوا	Verb		to turn away	1
فَأَعْرَضُوا	Verb		to turn away	1
لِتُعْرِضُوا	Verb		to turn away	1
وَأَعْرَضَ	Verb		to turn away	1
فَسَيَكْفِيكَهُمُ	Verb		to be sufficient	1
فَكَفَىٰ	Verb		to be sufficient	1
كَفَيْنَاكَ	Verb		to be sufficient	1
يَكْفِهِمْ	Verb		to be sufficient	1
يَكْفِيَكُمْ	Verb		to be sufficient	1
أَتَنْهَانَا	Verb		to forbid	1
أَنْهَاكُمْ	Verb		to forbid	1
أَنْهَكُمَا	Verb		to forbid	1
تَنْهَىٰ	Verb		to forbid	1
تُنْهَوْنَ	Verb		to forbid	1
نَنْهَكَ	Verb		to forbid	1
نَهَاكُمَا	Verb		to forbid	1
نَهَاكُمْ	Verb		to forbid	1
وَنَهَى	Verb		to forbid	1
وَيَنْهَاهُمْ	Verb		to forbid	1
وَيَنْهَىٰ	Verb		to forbid	1
يَنْهَاهُمُ	Verb		to forbid	1
يَنْهَىٰ	Verb		to forbid	1
تَنْفَعُهَا	Verb		to profit, to benifit	1
تَنْفَعُهُمْ	Verb		to profit, to benifit	1
فَتَنْفَعَهُ	Verb		to profit, to benifit	1
فَنَفَعَهَا	Verb		to profit, to benifit	1
يَنْفَعُنَا	Verb		to profit, to benifit	1
يَنْفَعُهُ	Verb		to profit, to benifit	1
يَنْفَعُونَكُمْ	Verb		to profit, to benifit	1
تَسُؤْكُمْ	Verb		to be evil	1
سَاءَتْ	Verb		to be evil	1
سِيئَتْ	Verb		to be evil	1
لِيَسُوءُوا	Verb		to be evil	1
تَلَبَّثُوا	Verb		to remain, to stay, to hesitate, to delay	1
فَلَبِثْتَ	Verb		to remain, to stay, to hesitate, to delay	1
لَبِثَ	Verb		to remain, to stay, to hesitate, to delay	1
لَلَبِثَ	Verb		to remain, to stay, to hesitate, to delay	1
وَلَبِثُوا	Verb		to remain, to stay, to hesitate, to delay	1
وَلَبِثْتَ	Verb		to remain, to stay, to hesitate, to delay	1
يَلْبَثُونَ	Verb		to remain, to stay, to hesitate, to delay	1
تُوَلُّونَ	Verb		to turn	1
تُوَلُّوهُمُ	Verb		to turn	1
فَلَنُوَلِّيَنَّكَ	Verb		to turn	1
فَوَلِّ	Verb		to turn	1
لَوَلَّوُا	Verb		to turn	1
لَوَلَّوْا	Verb		to turn	1
لَوَلَّيْتَ	Verb		to turn	1
لَيُوَلُّنَّ	Verb		to turn	1
نُوَلِّهِ	Verb		to turn	1
نُوَلِّي	Verb		to turn	1
وَلَّاهُمْ	Verb		to turn	1
وَلَّيْتُمْ	Verb		to turn	1
وَيُوَلُّونَ	Verb		to turn	1
يُوَلُّوكُمُ	Verb		to turn	1
يُوَلُّونَ	Verb		to turn	1
يُوَلِّهِمْ	Verb		to turn	1
أَبْصَرْنَا	Verb		to see	1
أَبْصِرْ	Verb		to see	1
فَسَتُبْصِرُ	Verb		to see	1
وَأَبْصِرْهُمْ	Verb		to see	1
وَيُبْصِرُونَ	Verb		to see	1
أَسْتَجِبْ	Verb		to answer, to respond	1
اسْتُجِيبَ	Verb		to answer, to respond	1
فَاسْتَجَبْتُمْ	Verb		to answer, to respond	1
فَتَسْتَجِيبُونَ	Verb		to answer, to respond	1
وَيَسْتَجِيبُ	Verb		to answer, to respond	1
ارْحَمْهُمَا	Verb		to have mercy	1
رَحِمَنَا	Verb		to have mercy	1
رَحِمَهُ	Verb		to have mercy	1
رَحِمْتَهُ	Verb		to have mercy	1
رَحِمْنَاهُمْ	Verb		to have mercy	1
سَيَرْحَمُهُمُ	Verb		to have mercy	1
وَارْحَمْ	Verb		to have mercy	1
وَتَرْحَمْنَا	Verb		to have mercy	1
وَتَرْحَمْنِي	Verb		to have mercy	1
وَيَرْحَمُ	Verb		to have mercy	1
يَرْحَمَكُمْ	Verb		to have mercy	1
يَرْحَمْكُمْ	Verb		to have mercy	1
يَرْحَمْنَا	Verb		to have mercy	1
أَصْبَحَ	Verb		to become	1
أَصْبَحُوا	Verb		to become	1
تُصْبِحُونَ	Verb		to become	1
فَأَصْبَحَتْ	Verb		to become	1
فَتُصْبِحَ	Verb		to become	1
فَتُصْبِحُوا	Verb		to become	1
فَيُصْبِحُوا	Verb		to become	1
لَيُصْبِحُنَّ	Verb		to become	1
وَأَصْبَحَ	Verb		to become	1
يُصْبِحَ	Verb		to become	1
تُصْلِحُوا	Verb		to correct, to reform, to improve, to make peace	1
فَأَصْلَحَ	Verb		to correct, to reform, to improve, to make peace	1
وَأَصْلَحَا	Verb		to correct, to reform, to improve, to make peace	1
وَأَصْلَحْنَا	Verb		to correct, to reform, to improve, to make peace	1
وَأَصْلِحُوا	Verb		to correct, to reform, to improve, to make peace	1
وَتُصْلِحُوا	Verb		to correct, to reform, to improve, to make peace	1
يُصْلِحَا	Verb		to correct, to reform, to improve, to make peace	1
يُصْلِحُ	Verb		to correct, to reform, to improve, to make peace	1
يُصْلِحْ	Verb		to correct, to reform, to improve, to make peace	1
أُغْنِي	Verb		to avail, to enrich	1
يُغْنِ	Verb		to avail, to enrich	1
يُغْنِهِمُ	Verb		to avail, to enrich	1
يُغْنِيكُمُ	Verb		to avail, to enrich	1
يُغْنِيهِ	Verb		to avail, to enrich	1
يُغْنِيَا	Verb		to avail, to enrich	1
يُغْنِيَهُمُ	Verb		to avail, to enrich	1
جَاهَدَ	Verb		to strive	1
وَجَاهَدَ	Verb		to strive	1
وَجَاهِدْهُمْ	Verb		to strive	1
يُجَاهِدُ	Verb		to strive	1
يُجَاهِدُوا	Verb		to strive	1
يُجَاهِدُونَ	Verb		to strive	1
أَعْصِي	Verb		to disobey	1
أَفَعَصَيْتَ	Verb		to disobey	1
عَصَانِي	Verb		to disobey	1
عَصَوْكَ	Verb		to disobey	1
عَصَوْنِي	Verb		to disobey	1
عَصَيْتَ	Verb		to disobey	1
عَصَيْتُهُ	Verb		to disobey	1
فَعَصَوْا	Verb		to disobey	1
فَعَصَىٰ	Verb		to disobey	1
وَعَصَىٰ	Verb		to disobey	1
وَعَصَيْتُمْ	Verb		to disobey	1
يَعْصُونَ	Verb		to disobey	1
يَعْصِينَكَ	Verb		to disobey	1
عَفَوْا	Verb		to forgive, to pardon	1
عَفَوْنَا	Verb		to forgive, to pardon	1
عُفِيَ	Verb		to forgive, to pardon	1
فَاعْفُوا	Verb		to forgive, to pardon	1
فَعَفَوْنَا	Verb		to forgive, to pardon	1
نَعْفُ	Verb		to forgive, to pardon	1
وَاعْفُ	Verb		to forgive, to pardon	1
وَعَفَا	Verb		to forgive, to pardon	1
وَلْيَعْفُوا	Verb		to forgive, to pardon	1
يَعْفُونَ	Verb		to forgive, to pardon	1
تُفْلِحُوا	Verb		to succeed	1
فَقَدِّمُوا	Verb		to send forth, to offer	1
قَدَّمُوا	Verb		to send forth, to offer	1
قَدَّمْتُمُوهُ	Verb		to send forth, to offer	1
قَدَّمْتُمْ	Verb		to send forth, to offer	1
وَقَدِّمُوا	Verb		to send forth, to offer	1
فَزَيَّنَ	Verb		to make fair-seeming	1
لَأُزَيِّنَنَّ	Verb		to make fair-seeming	1
وَزَيَّنَهُ	Verb		to make fair-seeming	1
وَزَيَّنَّا	Verb		to make fair-seeming	1
وَزُيِّنَ	Verb		to make fair-seeming	1
أَبْغِي	Verb		to seek, to oppress	1
أَبْغِيكُمْ	Verb		to seek, to oppress	1
بَغَىٰ	Verb		to seek, to oppress	1
بُغِيَ	Verb		to seek, to oppress	1
تَبْغُونَهَا	Verb		to seek, to oppress	1
فَبَغَىٰ	Verb		to seek, to oppress	1
لَبَغَوْا	Verb		to seek, to oppress	1
لَيَبْغِي	Verb		to seek, to oppress	1
نَبْغِ	Verb		to seek, to oppress	1
نَبْغِي	Verb		to seek, to oppress	1
وَتَبْغُونَهَا	Verb		to seek, to oppress	1
وَيَبْغُونَ	Verb		to seek, to oppress	1
يَبْغُونَكُمُ	Verb		to seek, to oppress	1
يَبْغِيَانِ	Verb		to seek, to oppress	1
أَتُجَادِلُونَنِي	Verb		to argue, to dispute	1
تُجَادِلُ	Verb		to argue, to dispute	1
تُجَادِلُكَ	Verb		to argue, to dispute	1
جَادَلُوكَ	Verb		to argue, to dispute	1
جَادَلْتَنَا	Verb		to argue, to dispute	1
لِيُجَادِلُوكُمْ	Verb		to argue, to dispute	1
وَجَادَلُوا	Verb		to argue, to dispute	1
وَجَادِلْهُمْ	Verb		to argue, to dispute	1
وَيُجَادِلُ	Verb		to argue, to dispute	1
يُجَادِلُنَا	Verb		to argue, to dispute	1
خَلَا	Verb		to pass away	1
يَخْلُ	Verb		to pass away	1
فَقَدَرْنَا	Verb		to restrict, to control, to have power	1
نَقْدِرَ	Verb		to restrict, to control, to have power	1
يَقْدِرَ	Verb		to restrict, to control, to have power	1
أَكَادُ	Verb		to be near, to nearly do, to almost do	1
تَكَادُ	Verb		to be near, to nearly do, to almost do	1
كَادَتْ	Verb		to be near, to nearly do, to almost do	1
وَكَادُوا	Verb		to be near, to nearly do, to almost do	1
يَكَدْ	Verb		to be near, to nearly do, to almost do	1
تَوَفَّاهُمُ	Verb		to pass away, to die	1
تَوَفَّتْهُ	Verb		to pass away, to die	1
تَوَفَّنِي	Verb		to pass away, to die	1
تَوَفَّيْتَنِي	Verb		to pass away, to die	1
يَتَوَفَّاهُنَّ	Verb		to pass away, to die	1
أَذِنْتَ	Verb		to permit	1
ائْذَنْ	Verb		to permit	1
فَأْذَنُوا	Verb		to permit	1
فَأْذَنْ	Verb		to permit	1
لِيُؤْذَنَ	Verb		to permit	1
يَأْذَنْ	Verb		to permit	1
يُؤْذَنَ	Verb		to permit	1
أُبَدِّلَهُ	Verb		to change	1
بَدَّلَ	Verb		to change	1
بَدَّلَهُ	Verb		to change	1
بَدَّلْنَاهُمْ	Verb		to change	1
بَدِّلْهُ	Verb		to change	1
وَبَدَّلْنَاهُمْ	Verb		to change	1
وَلَيُبَدِّلَنَّهُمْ	Verb		to change	1
يُبَدِّلَ	Verb		to change	1
يُبَدِّلُ	Verb		to change	1
يُبَدِّلُوا	Verb		to change	1
يُبَدِّلُونَهُ	Verb		to change	1
يُبَدِّلْ	Verb		to change	1
تَفْتِنِّي	Verb		to persecute, to test, to try	1
تُفْتَنُونَ	Verb		to persecute, to test, to try	1
فَتَنُوا	Verb		to persecute, to test, to try	1
فَتَنَّاهُ	Verb		to persecute, to test, to try	1
فَتَنْتُمْ	Verb		to persecute, to test, to try	1
فُتِنُوا	Verb		to persecute, to test, to try	1
فُتِنْتُمْ	Verb		to persecute, to test, to try	1
لَيَفْتِنُونَكَ	Verb		to persecute, to test, to try	1
وَفَتَنَّاكَ	Verb		to persecute, to test, to try	1
يَفْتِنَكُمُ	Verb		to persecute, to test, to try	1
يَفْتِنَنَّكُمُ	Verb		to persecute, to test, to try	1
يَفْتِنَهُمْ	Verb		to persecute, to test, to try	1
يَفْتِنُوكَ	Verb		to persecute, to test, to try	1
لَعَنَ	Verb		to curse	1
لَعَنَتْ	Verb		to curse	1
لَعَنَّا	Verb		to curse	1
لَعَنَّاهُمْ	Verb		to curse	1
لُعِنَ	Verb		to curse	1
لُعِنُوا	Verb		to curse	1
نَلْعَنَهُمْ	Verb		to curse	1
وَلَعَنَهُ	Verb		to curse	1
وَلَعَنَهُمُ	Verb		to curse	1
وَلَعَنَهُمْ	Verb		to curse	1
وَلُعِنُوا	Verb		to curse	1
وَيَلْعَنُ	Verb		to curse	1
يَلْعَنُهُمُ	Verb		to curse	1
أَنْجَاكُمْ	Verb		to save	1
أَنْجَانَا	Verb		to save	1
أَنْجَاهُمْ	Verb		to save	1
أَنْجَيْتَنَا	Verb		to save	1
تُنْجِيكُمْ	Verb		to save	1
فَأَنْجَاهُ	Verb		to save	1
فَأَنْجَيْنَاكُمْ	Verb		to save	1
فَأَنْجَيْنَاهُمْ	Verb		to save	1
يُنْجِيهِ	Verb		to save	1
تَجْمَعُوا	Verb		to gather, to collect	1
جَمَعَ	Verb		to gather, to collect	1
جَمَعُوا	Verb		to gather, to collect	1
جَمَعْنَاكُمْ	Verb		to gather, to collect	1
جَمَعْنَاهُمْ	Verb		to gather, to collect	1
فَجَمَعَ	Verb		to gather, to collect	1
فَجَمَعْنَاهُمْ	Verb		to gather, to collect	1
فَجُمِعَ	Verb		to gather, to collect	1
لَجَمَعَهُمْ	Verb		to gather, to collect	1
نَجْمَعَ	Verb		to gather, to collect	1
وَجَمَعَ	Verb		to gather, to collect	1
وَجُمِعَ	Verb		to gather, to collect	1
أَذَاقَهُمْ	Verb		to cause taste	1
فَأَذَاقَهَا	Verb		to cause taste	1
فَأَذَاقَهُمُ	Verb		to cause taste	1
فَلَنُذِيقَنَّ	Verb		to cause taste	1
لَأَذَقْنَاكَ	Verb		to cause taste	1
لِنُذِيقَهُمْ	Verb		to cause taste	1
لِيُذِيقَهُمْ	Verb		to cause taste	1
نُذِيقُهُمُ	Verb		to cause taste	1
وَلِيُذِيقَكُمْ	Verb		to cause taste	1
وَنُذِيقُهُ	Verb		to cause taste	1
وَيُذِيقَ	Verb		to cause taste	1
تَرْجُونَ	Verb		to hope, to expect, to desire	1
تَرْجُوهَا	Verb		to hope, to expect, to desire	1
وَارْجُوا	Verb		to hope, to expect, to desire	1
وَتَرْجُونَ	Verb		to hope, to expect, to desire	1
وَيَرْجُو	Verb		to hope, to expect, to desire	1
وَيَرْجُونَ	Verb		to hope, to expect, to desire	1
تَرْفَعُوا	Verb		to raise	1
تُرْفَعَ	Verb		to raise	1
رَفَعَهَا	Verb		to raise	1
رَفَعَهُ	Verb		to raise	1
رُفِعَتْ	Verb		to raise	1
لَرَفَعْنَاهُ	Verb		to raise	1
وَرَفَعْنَاهُ	Verb		to raise	1
يَرْفَعُ	Verb		to raise	1
يَرْفَعُهُ	Verb		to raise	1
يَرْفَعِ	Verb		to raise	1
سَخَّرْنَاهَا	Verb		to subject, to impose	1
فَسَخَّرْنَا	Verb		to subject, to impose	1
وَسَخَّرْنَا	Verb		to subject, to impose	1
أَأَسْلَمْتُمْ	Verb		to submit	1
أَسْلَمَا	Verb		to submit	1
أَسْلَمْنَا	Verb		to submit	1
لِنُسْلِمَ	Verb		to submit	1
وَأَسْلَمْتُ	Verb		to submit	1
وَأَسْلِمُوا	Verb		to submit	1
يُسْلِمُونَ	Verb		to submit	1
تَمْكُرُونَ	Verb		to plot, to scheme, to plan	1
لِيَمْكُرُوا	Verb		to plot, to scheme, to plan	1
مَكَرْتُمُوهُ	Verb		to plot, to scheme, to plan	1
وَمَكَرَ	Verb		to plot, to scheme, to plan	1
وَمَكَرْنَا	Verb		to plot, to scheme, to plan	1
وَيَمْكُرُ	Verb		to plot, to scheme, to plan	1
وَيَمْكُرُونَ	Verb		to plot, to scheme, to plan	1
فَهَبْ	Verb		to grant, to bestow	1
فَوَهَبَ	Verb		to grant, to bestow	1
لِأَهَبَ	Verb		to grant, to bestow	1
وَهَبَ	Verb		to grant, to bestow	1
وَهَبَتْ	Verb		to grant, to bestow	1
وَهَبْنَا	Verb		to grant, to bestow	1
وَيَهَبُ	Verb		to grant, to bestow	1
يَهَبُ	Verb		to grant, to bestow	1
يُحْسِنُونَ	Verb		to do good	1
اشْتَرَوْا	Verb		to buy, to purchase, to exchange	1
لِيَشْتَرُوا	Verb		to buy, to purchase, to exchange	1
نَشْتَرِي	Verb		to buy, to purchase, to exchange	1
وَاشْتَرَوْا	Verb		to buy, to purchase, to exchange	1
وَيَشْتَرُونَ	Verb		to buy, to purchase, to exchange	1
يَشْتَرِي	Verb		to buy, to purchase, to exchange	1
تَكْتُمُونَهُ	Verb		to conceal, to hide	1
كَتَمَ	Verb		to conceal, to hide	1
لَيَكْتُمُونَ	Verb		to conceal, to hide	1
نَكْتُمُ	Verb		to conceal, to hide	1
وَيَكْتُمُونَ	Verb		to conceal, to hide	1
يَكْتُمُ	Verb		to conceal, to hide	1
يَكْتُمْهَا	Verb		to conceal, to hide	1
امْشُوا	Verb		to walk	1
تَمْشُونَ	Verb		to walk	1
تَمْشِي	Verb		to walk	1
فَامْشُوا	Verb		to walk	1
وَيَمْشُونَ	Verb		to walk	1
وَيَمْشِي	Verb		to walk	1
أَمَاتَ	Verb		to cause death	1
أَمَاتَهُ	Verb		to cause death	1
أَمَتَّنَا	Verb		to cause death	1
فَأَمَاتَهُ	Verb		to cause death	1
وَأُمِيتُ	Verb		to cause death	1
يُمِيتُنِي	Verb		to cause death	1
تَسْتَهْزِئُونَ	Verb		to mock, to ridicule	1
وَيُسْتَهْزَأُ	Verb		to mock, to ridicule	1
يَسْتَهْزِئُ	Verb		to mock, to ridicule	1
تَضَعَ	Verb		to deliver, to give birth	1
تَضَعُوا	Verb		to deliver, to give birth	1
تَضَعُونَ	Verb		to deliver, to give birth	1
وَتَضَعُ	Verb		to deliver, to give birth	1
وَضَعَتْ	Verb		to deliver, to give birth	1
وَضَعَتْهَا	Verb		to deliver, to give birth	1
وَضَعَهَا	Verb		to deliver, to give birth	1
وَضَعْتُهَا	Verb		to deliver, to give birth	1
وَنَضَعُ	Verb		to deliver, to give birth	1
وَوَضَعَ	Verb		to deliver, to give birth	1
وَوَضَعَتْهُ	Verb		to deliver, to give birth	1
وَوَضَعْنَا	Verb		to deliver, to give birth	1
وَيَضَعُ	Verb		to deliver, to give birth	1
وُضِعَ	Verb		to deliver, to give birth	1
آمَنُكُمْ	Verb		to feel secure	1
أَفَأَمِنْتُمْ	Verb		to feel secure	1
أَمِنَ	Verb		to feel secure	1
أَمِنْتُكُمْ	Verb		to feel secure	1
أَوَأَمِنَ	Verb		to feel secure	1
تَأْمَنَّا	Verb		to feel secure	1
وَيَأْمَنُوا	Verb		to feel secure	1
يَأْمَنُ	Verb		to feel secure	1
يَأْمَنُوكُمْ	Verb		to feel secure	1
بَلَوْنَا	Verb		to test	1
بَلَوْنَاهُمْ	Verb		to test	1
تَبْلُو	Verb		to test	1
تُبْلَى	Verb		to test	1
لَيَبْلُوَنَّكُمُ	Verb		to test	1
لِنَبْلُوَهُمْ	Verb		to test	1
لِيَبْلُوَ	Verb		to test	1
لِيَبْلُوَنِي	Verb		to test	1
نَبْلُوهُمْ	Verb		to test	1
وَبَلَوْنَاهُمْ	Verb		to test	1
وَنَبْلُوكُمْ	Verb		to test	1
وَنَبْلُوَ	Verb		to test	1
يَبْلَىٰ	Verb		to test	1
يَبْلُوكُمُ	Verb		to test	1
وَحَقَّ	Verb		to justify, to prove true	1
وَيَحِقَّ	Verb		to justify, to prove true	1
أَحَلَّنَا	Verb		to make lawful	1
أَحْلَلْنَا	Verb		to make lawful	1
تُحِلُّوا	Verb		to make lawful	1
فَيُحِلُّوا	Verb		to make lawful	1
وَأَحَلَّ	Verb		to make lawful	1
وَأَحَلُّوا	Verb		to make lawful	1
وَأُحِلَّ	Verb		to make lawful	1
وَأُحِلَّتْ	Verb		to make lawful	1
وَلِأُحِلَّ	Verb		to make lawful	1
وَيُحِلُّ	Verb		to make lawful	1
يُحِلُّونَهُ	Verb		to make lawful	1
سَبَقَتْ	Verb		to precede	1
سَبَقُوا	Verb		to precede	1
يَسْبِقُونَا	Verb		to precede	1
يَسْبِقُونَهُ	Verb		to precede	1
فَاسْعَوْا	Verb		to strive, to run	1
لَأَعَدُّوا	Verb		to prepare	1
وَأَعِدُّوا	Verb		to prepare	1
تَعْرِفُهُمْ	Verb		to know, to recognize	1
فَتَعْرِفُونَهَا	Verb		to know, to recognize	1
فَعَرَفَهُمْ	Verb		to know, to recognize	1
فَلَعَرَفْتَهُمْ	Verb		to know, to recognize	1
وَلَتَعْرِفَنَّهُمْ	Verb		to know, to recognize	1
يَعْرِفُونَهَا	Verb		to know, to recognize	1
يَعْرِفُونَهُمْ	Verb		to know, to recognize	1
يُعْرَفُ	Verb		to know, to recognize	1
يُعْرَفْنَ	Verb		to know, to recognize	1
تَعَالَى	Verb		to be exalted, to be high	1
عَلَا	Verb		to be exalted, to be high	1
عَلَوْا	Verb		to be exalted, to be high	1
وَلَتَعْلُنَّ	Verb		to be exalted, to be high	1
وَلَعَلَا	Verb		to be exalted, to be high	1
تُقْسِمُوا	Verb		to swear	1
يُقْسِمُ	Verb		to swear	1
فَاقْصُصِ	Verb		to narrate	1
فَلَنَقُصَّنَّ	Verb		to narrate	1
قُصِّيهِ	Verb		to narrate	1
وَقَصَّ	Verb		to narrate	1
أُكَلِّمَ	Verb		to speak	1
تُكَلِّمُ	Verb		to speak	1
تُكَلِّمُهُمْ	Verb		to speak	1
تُكَلِّمُونِ	Verb		to speak	1
كَلَّمَ	Verb		to speak	1
كَلَّمَهُ	Verb		to speak	1
كُلِّمَ	Verb		to speak	1
نُكَلِّمُ	Verb		to speak	1
وَتُكَلِّمُنَا	Verb		to speak	1
وَكَلَّمَ	Verb		to speak	1
وَكَلَّمَهُ	Verb		to speak	1
وَكَلَّمَهُمُ	Verb		to speak	1
وَيُكَلِّمُ	Verb		to speak	1
يُكَلِّمَهُ	Verb		to speak	1
يُكَلِّمُنَا	Verb		to speak	1
يُكَلِّمُهُمْ	Verb		to speak	1
أَنْشَأَهَا	Verb		to produce, to raise	1
أَنْشَأْتُمْ	Verb		to produce, to raise	1
أَنْشَأْنَاهُ	Verb		to produce, to raise	1
أَنْشَأْنَاهُنَّ	Verb		to produce, to raise	1
فَأَنْشَأْنَا	Verb		to produce, to raise	1
وَنُنْشِئَكُمْ	Verb		to produce, to raise	1
وَيُنْشِئُ	Verb		to produce, to raise	1
يُنْشِئُ	Verb		to produce, to raise	1
تَضُرُّونَهُ	Verb		to harm	1
تَضُرُّوهُ	Verb		to harm	1
يَضُرَّ	Verb		to harm	1
يَضُرُّكَ	Verb		to harm	1
يَضُرُّنَا	Verb		to harm	1
يَضُرُّهُ	Verb		to harm	1
يَضُرُّونَ	Verb		to harm	1
يَضُرُّونَكَ	Verb		to harm	1
اسْتَعْجَلْتُمْ	Verb		to seek to hasten	1
تَسْتَعْجِلُونِ	Verb		to seek to hasten	1
تَسْتَعْجِلُوهُ	Verb		to seek to hasten	1
يَسْتَعْجِلُونَكَ	Verb		to seek to hasten	1
يَسْتَعْجِلُونِ	Verb		to seek to hasten	1
تَفْقَهُونَ	Verb		to understand	1
نَفْقَهُ	Verb		to understand	1
يَفْقَهُوا	Verb		to understand	1
انْفُخُوا	Verb		to blow, to breathe	1
فَأَنْفُخُ	Verb		to blow, to breathe	1
فَتَنْفُخُ	Verb		to blow, to breathe	1
وَنَفَخْتُ	Verb		to blow, to breathe	1
وَتَبَيَّنَ	Verb		to become clear	1
أُخْفِيهَا	Verb		to conceal, to hide	1
أُخْفِيَ	Verb		to conceal, to hide	1
تُخْفُوهَا	Verb		to conceal, to hide	1
تُخْفِي	Verb		to conceal, to hide	1
نُخْفِي	Verb		to conceal, to hide	1
وَتُخْفُونَ	Verb		to conceal, to hide	1
وَتُخْفِي	Verb		to conceal, to hide	1
يُخْفُونَ	Verb		to conceal, to hide	1
يُخْفِينَ	Verb		to conceal, to hide	1
ذُكِّرْتُمْ	Verb		to remind	1
فَتُذَكِّرَ	Verb		to remind	1
وَذَكِّرْهُمْ	Verb		to remind	1
أَسَرُّوا	Verb		to conceal	1
فَأَسَرَّهَا	Verb		to conceal	1
وَأَسَرُّوهُ	Verb		to conceal	1
وَأَسِرُّوا	Verb		to conceal	1
وَأَسْرَرْتُ	Verb		to conceal	1
تَعُودُونَ	Verb		to return	1
عُدْنَا	Verb		to return	1
لَعَادُوا	Verb		to return	1
يَعُودُونَ	Verb		to return	1
سَنُعِيدُهَا	Verb		to return	1
نُعِيدُكُمْ	Verb		to return	1
نُعِيدُهُ	Verb		to return	1
وَيُعِيدُ	Verb		to return	1
يُعِيدَكُمْ	Verb		to return	1
يُعِيدُ	Verb		to return	1
يُعِيدُكُمْ	Verb		to return	1
يُعِيدُنَا	Verb		to return	1
يُعِيدُوكُمْ	Verb		to return	1
أُمَتِّعْكُنَّ	Verb		to grant, to bestow, to provide	1
تُمَتَّعُونَ	Verb		to grant, to bestow, to provide	1
سَنُمَتِّعُهُمْ	Verb		to grant, to bestow, to provide	1
فَأُمَتِّعُهُ	Verb		to grant, to bestow, to provide	1
فَمَتَّعْنَاهُمْ	Verb		to grant, to bestow, to provide	1
فَمَتِّعُوهُنَّ	Verb		to grant, to bestow, to provide	1
مَتَّعْتَهُمْ	Verb		to grant, to bestow, to provide	1
مَتَّعْتُ	Verb		to grant, to bestow, to provide	1
مَتَّعْنَاهُ	Verb		to grant, to bestow, to provide	1
مَتَّعْنَاهُمْ	Verb		to grant, to bestow, to provide	1
نُمَتِّعُهُمْ	Verb		to grant, to bestow, to provide	1
وَمَتَّعْنَاهُمْ	Verb		to grant, to bestow, to provide	1
وَمَتِّعُوهُنَّ	Verb		to grant, to bestow, to provide	1
يُمَتَّعُونَ	Verb		to grant, to bestow, to provide	1
يُمَتِّعْكُمْ	Verb		to grant, to bestow, to provide	1
أَمْسَكَ	Verb		to retain, to withhold	1
أَمْسَكَهُمَا	Verb		to retain, to withhold	1
أَمْسَكْنَ	Verb		to retain, to withhold	1
أَيُمْسِكُهُ	Verb		to retain, to withhold	1
تُمْسِكُوا	Verb		to retain, to withhold	1
تُمْسِكُوهُنَّ	Verb		to retain, to withhold	1
فَيُمْسِكُ	Verb		to retain, to withhold	1
لَأَمْسَكْتُمْ	Verb		to retain, to withhold	1
وَيُمْسِكُ	Verb		to retain, to withhold	1
يُمْسِكُ	Verb		to retain, to withhold	1
يُمْسِكْ	Verb		to retain, to withhold	1
فَنِعِمَّا	Verb		to be excellent	1
نِعِمَّا	Verb		to be excellent	1
وَلَنِعْمَ	Verb		to be excellent	1
تُوَفَّوْنَ	Verb		to pay in full, to fulfill	1
فَوَفَّاهُ	Verb		to pay in full, to fulfill	1
لَيُوَفِّيَنَّهُمْ	Verb		to pay in full, to fulfill	1
لِيُوَفِّيَهُمْ	Verb		to pay in full, to fulfill	1
نُوَفِّ	Verb		to pay in full, to fulfill	1
وَفَّىٰ	Verb		to pay in full, to fulfill	1
وَلِيُوَفِّيَهُمْ	Verb		to pay in full, to fulfill	1
يُوَفَّى	Verb		to pay in full, to fulfill	1
يُوَفِّيهِمُ	Verb		to pay in full, to fulfill	1
أُوفِ	Verb		to fulfill	1
فَأَوْفُوا	Verb		to fulfill	1
فَأَوْفِ	Verb		to fulfill	1
أَحَطْتُ	Verb		to surround, to encompass	1
أَحَطْنَا	Verb		to surround, to encompass	1
أُحِيطَ	Verb		to surround, to encompass	1
تُحِيطُوا	Verb		to surround, to encompass	1
وَأَحَاطَ	Verb		to surround, to encompass	1
وَأَحَاطَتْ	Verb		to surround, to encompass	1
وَأُحِيطَ	Verb		to surround, to encompass	1
يُحَاطَ	Verb		to surround, to encompass	1
يُحِيطُوا	Verb		to surround, to encompass	1
أَدْرَاكُمْ	Verb		to make known	1
أَغْرَقْنَاهُمْ	Verb		to drown	1
أُغْرِقُوا	Verb		to drown	1
فَأَغْرَقْنَاهُ	Verb		to drown	1
فَيُغْرِقَكُمْ	Verb		to drown	1
لِتُغْرِقَ	Verb		to drown	1
نُغْرِقْهُمْ	Verb		to drown	1
فَصَّلَ	Verb		to make clear, to explain in detail	1
وَنُفَصِّلُ	Verb		to make clear, to explain in detail	1
فَضَّلَكُمْ	Verb		to bestow, to prefer, to favor	1
فَضَّلَنَا	Verb		to bestow, to prefer, to favor	1
فُضِّلُوا	Verb		to bestow, to prefer, to favor	1
وَنُفَضِّلُ	Verb		to bestow, to prefer, to favor	1
وَيَتَفَكَّرُونَ	Verb		to ponder, to reflect	1
انْقَلَبَ	Verb		to turn back, to return	1
فَانْقَلَبُوا	Verb		to turn back, to return	1
فَيَنْقَلِبُوا	Verb		to turn back, to return	1
وَانْقَلَبُوا	Verb		to turn back, to return	1
وَيَنْقَلِبُ	Verb		to turn back, to return	1
يَنْقَلِبَ	Verb		to turn back, to return	1
يَنْقَلِبُونَ	Verb		to turn back, to return	1
يَنْقَلِبْ	Verb		to turn back, to return	1
فَكَرِهْتُمُوهُ	Verb		to dislike, to hate	1
كَرِهْتُمُوهُنَّ	Verb		to dislike, to hate	1
يَكْرَهُونَ	Verb		to dislike, to hate	1
أَنْعَمَهَا	Verb		to bestow favor	1
وَأَنْعَمْتَ	Verb		to bestow favor	1
أَيَوَدُّ	Verb		to love, to wish	1
تَوَدُّ	Verb		to love, to wish	1
وَتَوَدُّونَ	Verb		to love, to wish	1
وَدَّ	Verb		to love, to wish	1
وَوَدُّوا	Verb		to love, to wish	1
يَوَدُّوا	Verb		to love, to wish	1
يُوَادُّونَ	Verb		to love, to wish	1
أُفِكَ	Verb		to delude, to turn away	1
لِتَأْفِكَنَا	Verb		to delude, to turn away	1
بَسَطَ	Verb		to extend, to stretch	1
بَسَطْتَ	Verb		to extend, to stretch	1
تَبْسُطْهَا	Verb		to extend, to stretch	1
فَيَبْسُطُهُ	Verb		to extend, to stretch	1
وَيَبْسُطُ	Verb		to extend, to stretch	1
وَيَبْسُطُوا	Verb		to extend, to stretch	1
يَبْسُطُوا	Verb		to extend, to stretch	1
أَتَمَّهَا	Verb		to fulfill, to complete, to perfect	1
أَتْمَمْتَ	Verb		to fulfill, to complete, to perfect	1
فَأَتَمَّهُنَّ	Verb		to fulfill, to complete, to perfect	1
فَأَتِمُّوا	Verb		to fulfill, to complete, to perfect	1
وَأَتْمَمْتُ	Verb		to fulfill, to complete, to perfect	1
وَأَتْمَمْنَاهَا	Verb		to fulfill, to complete, to perfect	1
وَلِأُتِمَّ	Verb		to fulfill, to complete, to perfect	1
وَلِيُتِمَّ	Verb		to fulfill, to complete, to perfect	1
يُتِمُّ	Verb		to fulfill, to complete, to perfect	1
يَخْسَرُ	Verb		to lose	1
اسْتَمَعَ	Verb		to listen	1
اسْتَمَعُوهُ	Verb		to listen	1
تَسْتَمِعُونَ	Verb		to listen	1
فَاسْتَمِعُوا	Verb		to listen	1
وَاسْتَمِعْ	Verb		to listen	1
يَسْتَمِعِ	Verb		to listen	1
وَتَسِيرُ	Verb		to travel	1
وَسَارَ	Verb		to travel	1
افْتَحْ	Verb		to open, to give victory	1
فَافْتَحْ	Verb		to open, to give victory	1
فَتَحَ	Verb		to open, to give victory	1
فَتَحُوا	Verb		to open, to give victory	1
فَفَتَحْنَا	Verb		to open, to give victory	1
لَفَتَحْنَا	Verb		to open, to give victory	1
وَفُتِحَتِ	Verb		to open, to give victory	1
وَفُتِحَتْ	Verb		to open, to give victory	1
يَفْتَحُ	Verb		to open, to give victory	1
يَفْتَحِ	Verb		to open, to give victory	1
فَرِحَ	Verb		to rejoice	1
فَلْيَفْرَحُوا	Verb		to rejoice	1
يَفْرَحُ	Verb		to rejoice	1
قَدَّرُوهَا	Verb		to determine, to plot	1
قَدَّرْنَاهَا	Verb		to determine, to plot	1
قَدَّرْنَاهُ	Verb		to determine, to plot	1
وَقَدَّرَهُ	Verb		to determine, to plot	1
وَقَدَّرْنَا	Verb		to determine, to plot	1
وَقَدِّرْ	Verb		to determine, to plot	1
يُقَدِّرُ	Verb		to determine, to plot	1
فَقَرَأَهُ	Verb		to read, to recite	1
قَرَأْنَاهُ	Verb		to read, to recite	1
لِتَقْرَأَهُ	Verb		to read, to recite	1
نَقْرَؤُهُ	Verb		to read, to recite	1
تَمُنُّهَا	Verb		to favor	1
تَمُنُّوا	Verb		to favor	1
تَمْنُنْ	Verb		to favor	1
فَامْنُنْ	Verb		to favor	1
نَمُنَّ	Verb		to favor	1
يَمُنُّونَ	Verb		to favor	1
أَنْبَتَتْ	Verb		to make grow	1
أَنْبَتَكُمْ	Verb		to make grow	1
أَنْبَتْنَا	Verb		to make grow	1
تُنْبِتُوا	Verb		to make grow	1
وَأَنْبَتَتْ	Verb		to make grow	1
وَأَنْبَتَهَا	Verb		to make grow	1
يُنْبِتُ	Verb		to make grow	1
انْتَهُوا	Verb		to refrain, to cease, to desist	1
فَانْتَهَىٰ	Verb		to refrain, to cease, to desist	1
فَانْتَهُوا	Verb		to refrain, to cease, to desist	1
يَنْتَهُوا	Verb		to refrain, to cease, to desist	1
يَنْتَهِ	Verb		to refrain, to cease, to desist	1
فَتُهَاجِرُوا	Verb		to emigrate	1
يُهَاجِرْ	Verb		to emigrate	1
تَقِ	Verb		to save, to protect	1
فَقِنَا	Verb		to save, to protect	1
فَوَقَاهُ	Verb		to save, to protect	1
فَوَقَاهُمُ	Verb		to save, to protect	1
قُوا	Verb		to save, to protect	1
وَقِهِمُ	Verb		to save, to protect	1
وَقِهِمْ	Verb		to save, to protect	1
وَوَقَانَا	Verb		to save, to protect	1
أَخَّرْتَنَا	Verb		to delay, to give respite	1
أَخَّرْتَنِ	Verb		to delay, to give respite	1
أَخَّرْتَنِي	Verb		to delay, to give respite	1
أَخَّرْنَا	Verb		to delay, to give respite	1
أَخِّرْنَا	Verb		to delay, to give respite	1
نُؤَخِّرُهُ	Verb		to delay, to give respite	1
وَأَخَّرَ	Verb		to delay, to give respite	1
وَأَخَّرَتْ	Verb		to delay, to give respite	1
يُؤَخَّرُ	Verb		to delay, to give respite	1
يُؤَخِّرَ	Verb		to delay, to give respite	1
آذَوْا	Verb		to harm, to trouble	1
آذَيْتُمُونَا	Verb		to harm, to trouble	1
أُوذِينَا	Verb		to harm, to trouble	1
أُوذِيَ	Verb		to harm, to trouble	1
تُؤْذُوا	Verb		to harm, to trouble	1
تُؤْذُونَنِي	Verb		to harm, to trouble	1
فَآذُوهُمَا	Verb		to harm, to trouble	1
يُؤْذَيْنَ	Verb		to harm, to trouble	1
يُؤْذِي	Verb		to harm, to trouble	1
تُبْدُونَهَا	Verb		to reveal, to disclose	1
تُبْدُوهُ	Verb		to reveal, to disclose	1
لَتُبْدِي	Verb		to reveal, to disclose	1
لِيُبْدِيَ	Verb		to reveal, to disclose	1
يُبْدُونَ	Verb		to reveal, to disclose	1
يُبْدِهَا	Verb		to reveal, to disclose	1
فَأَتْبَعَ	Verb		to follow	1
فَأَتْبَعُوهُمْ	Verb		to follow	1
فَأَتْبَعْنَا	Verb		to follow	1
نُتْبِعُهُمُ	Verb		to follow	1
وَأَتْبَعْنَاهُمْ	Verb		to follow	1
يُتْبِعُونَ	Verb		to follow	1
اسْكُنُوا	Verb		to dwell, to live, to rest	1
تَسْكُنُونَ	Verb		to dwell, to live, to rest	1
تُسْكَنْ	Verb		to dwell, to live, to rest	1
سَكَنَ	Verb		to dwell, to live, to rest	1
سَكَنْتُمْ	Verb		to dwell, to live, to rest	1
لِيَسْكُنَ	Verb		to dwell, to live, to rest	1
لِيَسْكُنُوا	Verb		to dwell, to live, to rest	1
وَسَكَنْتُمْ	Verb		to dwell, to live, to rest	1
شَرِبَ	Verb		to drink	1
فَشَرِبُوا	Verb		to drink	1
وَيَشْرَبُ	Verb		to drink	1
أَصَدَقْتَ	Verb		to be truthful, to fulfill	1
صَدَقَكُمُ	Verb		to be truthful, to fulfill	1
صَدَقَنَا	Verb		to be truthful, to fulfill	1
صَدَقْتَنَا	Verb		to be truthful, to fulfill	1
صَدَقْنَاهُمُ	Verb		to be truthful, to fulfill	1
فَصَدَقَتْ	Verb		to be truthful, to fulfill	1
اصْنَعِ	Verb		to make, to construct, to do	1
تَصْنَعُونَ	Verb		to make, to construct, to do	1
وَاصْنَعِ	Verb		to make, to construct, to do	1
وَلِتُصْنَعَ	Verb		to make, to construct, to do	1
وَيَصْنَعُ	Verb		to make, to construct, to do	1
يَصْنَعُ	Verb		to make, to construct, to do	1
اعْتَدَيْنَا	Verb		to transgress	1
تَعْتَدُوهَا	Verb		to transgress	1
فَاعْتَدُوا	Verb		to transgress	1
لِتَعْتَدُوا	Verb		to transgress	1
تَغُرَّنَّكُمُ	Verb		to deceive, to delude	1
غَرَّ	Verb		to deceive, to delude	1
غَرَّكَ	Verb		to deceive, to delude	1
وَغَرَّهُمْ	Verb		to deceive, to delude	1
يَغُرَّنَّكُمْ	Verb		to deceive, to delude	1
تَغْلِبُونَ	Verb		to overcome, to defeat	1
سَتُغْلَبُونَ	Verb		to overcome, to defeat	1
سَيَغْلِبُونَ	Verb		to overcome, to defeat	1
غَلَبُوا	Verb		to overcome, to defeat	1
غُلِبَتِ	Verb		to overcome, to defeat	1
فَغُلِبُوا	Verb		to overcome, to defeat	1
لَأَغْلِبَنَّ	Verb		to overcome, to defeat	1
يَغْلِبْ	Verb		to overcome, to defeat	1
يُغْلَبُونَ	Verb		to overcome, to defeat	1
أَغْنَاهُمُ	Verb		to avail, to prosper	1
تَغْنَ	Verb		to avail, to prosper	1
فَأَغْنَىٰ	Verb		to avail, to prosper	1
أَفْسَدُوهَا	Verb		to cause corruption	1
لَتُفْسِدُنَّ	Verb		to cause corruption	1
لِنُفْسِدَ	Verb		to cause corruption	1
لِيُفْسِدَ	Verb		to cause corruption	1
لِيُفْسِدُوا	Verb		to cause corruption	1
يُفْسِدُ	Verb		to cause corruption	1
يُفْسِدُونَ	Verb		to cause corruption	1
أَعِظُكَ	Verb		to instruct, to advise, to preach	1
أَعِظُكُمْ	Verb		to instruct, to advise, to preach	1
أَوَعَظْتَ	Verb		to instruct, to advise, to preach	1
تَعِظُونَ	Verb		to instruct, to advise, to preach	1
تُوعَظُونَ	Verb		to instruct, to advise, to preach	1
فَعِظُوهُنَّ	Verb		to instruct, to advise, to preach	1
وَعِظْهُمْ	Verb		to instruct, to advise, to preach	1
يَعِظُكُمُ	Verb		to instruct, to advise, to preach	1
يَعِظُهُ	Verb		to instruct, to advise, to preach	1
يُوعَظُونَ	Verb		to instruct, to advise, to preach	1
تَحُلُّ	Verb		to descend, to be lawful	1
حَلَلْتُمْ	Verb		to descend, to be lawful	1
فَيَحِلَّ	Verb		to descend, to be lawful	1
وَاحْلُلْ	Verb		to descend, to be lawful	1
يَحِلَّ	Verb		to descend, to be lawful	1
يَحِلُّونَ	Verb		to descend, to be lawful	1
يَحْلِلْ	Verb		to descend, to be lawful	1
أَخْلَفُوا	Verb		to break, to fail	1
أَخْلَفْنَا	Verb		to break, to fail	1
تُخْلَفَهُ	Verb		to break, to fail	1
فَأَخْلَفْتُكُمْ	Verb		to break, to fail	1
فَأَخْلَفْتُمْ	Verb		to break, to fail	1
نُخْلِفُهُ	Verb		to break, to fail	1
يُخْلِفُهُ	Verb		to break, to fail	1
اصْرِفْ	Verb		to divert, to turn away	1
تَصْرِفْ	Verb		to divert, to turn away	1
سَأَصْرِفُ	Verb		to divert, to turn away	1
صَرَفَ	Verb		to divert, to turn away	1
صَرَفَكُمْ	Verb		to divert, to turn away	1
صَرَفْنَا	Verb		to divert, to turn away	1
صُرِفَتْ	Verb		to divert, to turn away	1
فَصَرَفَ	Verb		to divert, to turn away	1
لِنَصْرِفَ	Verb		to divert, to turn away	1
وَيَصْرِفُهُ	Verb		to divert, to turn away	1
يُصْرَفُونَ	Verb		to divert, to turn away	1
يُصْرَفْ	Verb		to divert, to turn away	1
وَأَعْتَدَتْ	Verb		to prepare	1
اعْدِلُوا	Verb		to be just	1
تَعْدِلْ	Verb		to be just	1
فَاعْدِلُوا	Verb		to be just	1
فَعَدَلَكَ	Verb		to be just	1
لِأَعْدِلَ	Verb		to be just	1
اكْشِفْ	Verb		to remove, to uncover	1
فَيَكْشِفُ	Verb		to remove, to uncover	1
كَشَفَ	Verb		to remove, to uncover	1
كَشَفْتَ	Verb		to remove, to uncover	1
وَكَشَفَتْ	Verb		to remove, to uncover	1
وَيَكْشِفُ	Verb		to remove, to uncover	1
يُكْشَفُ	Verb		to remove, to uncover	1
لَكَفَّرْنَا	Verb		to remove	1
لَنُكَفِّرَنَّ	Verb		to remove	1
لِيُكَفِّرَ	Verb		to remove	1
نُكَفِّرْ	Verb		to remove	1
وَكَفِّرْ	Verb		to remove	1
وَيُكَفِّرَ	Verb		to remove	1
وَيُكَفِّرُ	Verb		to remove	1
وَيُكَفِّرْ	Verb		to remove	1
يُكَفِّرَ	Verb		to remove	1
تَلْقَوْهُ	Verb		to receive, to meet	1
لَقُوكُمْ	Verb		to receive, to meet	1
لَقِينَا	Verb		to receive, to meet	1
لَقِيَا	Verb		to receive, to meet	1
يَلْقَ	Verb		to receive, to meet	1
يَلْقَاهُ	Verb		to receive, to meet	1
يَلْقَوْنَ	Verb		to receive, to meet	1
تَنْكِحَ	Verb		to marry	1
فَانْكِحُوا	Verb		to marry	1
فَانْكِحُوهُنَّ	Verb		to marry	1
نَكَحَ	Verb		to marry	1
نَكَحْتُمُ	Verb		to marry	1
يَنْكِحُهَا	Verb		to marry	1
يَنْكِحْنَ	Verb		to marry	1
وَأَبَىٰ	Verb		to refuse	1
وَيَأْبَى	Verb		to refuse	1
تَرَبَّصُوا	Verb		to await	1
تَرَبَّصُونَ	Verb		to await	1
وَتَرَبَّصْتُمْ	Verb		to await	1
وَيَتَرَبَّصُ	Verb		to await	1
يَتَرَبَّصُونَ	Verb		to await	1
زَعَمْتَ	Verb		to claim	1
أَسْمَعَهُمْ	Verb		to make hear	1
أَسْمِعْ	Verb		to make hear	1
لَأَسْمَعَهُمْ	Verb		to make hear	1
وَأَسْمِعْ	Verb		to make hear	1
يُسْمِعُ	Verb		to make hear	1
سَوَّاكَ	Verb		to fashion, to proportion	1
سَوَّاهَا	Verb		to fashion, to proportion	1
سَوَّاهُ	Verb		to fashion, to proportion	1
فَسَوَّاكَ	Verb		to fashion, to proportion	1
فَسَوَّاهُنَّ	Verb		to fashion, to proportion	1
نُسَوِّيكُمْ	Verb		to fashion, to proportion	1
نُسَوِّيَ	Verb		to fashion, to proportion	1
تَصْلَىٰ	Verb		to burn	1
سَيَصْلَىٰ	Verb		to burn	1
وَسَيَصْلَوْنَ	Verb		to burn	1
وَيَصْلَىٰ	Verb		to burn	1
يَصْلَى	Verb		to burn	1
أَطْعَمَهُ	Verb		to feed	1
أَطْعَمَهُمْ	Verb		to feed	1
أَنُطْعِمُ	Verb		to feed	1
تُطْعِمُونَ	Verb		to feed	1
نُطْعِمُ	Verb		to feed	1
نُطْعِمُكُمْ	Verb		to feed	1
وَيُطْعِمُونَ	Verb		to feed	1
يُطْعَمُ	Verb		to feed	1
يُطْعِمُ	Verb		to feed	1
يُطْعِمُنِي	Verb		to feed	1
يُطْعِمُونِ	Verb		to feed	1
فَغَشِيَهُمْ	Verb		to cover	1
وَتَغْشَىٰ	Verb		to cover	1
يَغْشَاهَا	Verb		to cover	1
يَغْشَاهُ	Verb		to cover	1
يَغْشَاهُمُ	Verb		to cover	1
يُغْشَىٰ	Verb		to cover	1
مُدَّتْ	Verb		to spread, to extend, to prolong	1
وَنَمُدُّ	Verb		to spread, to extend, to prolong	1
وَيَمُدُّهُمْ	Verb		to spread, to extend, to prolong	1
يَمُدُّهُ	Verb		to spread, to extend, to prolong	1
يَمُدُّونَهُمْ	Verb		to spread, to extend, to prolong	1
مَكَّنِّي	Verb		to establish	1
نُمَكِّنْ	Verb		to establish	1
وَلَيُمَكِّنَنَّ	Verb		to establish	1
وَنُمَكِّنَ	Verb		to establish	1
تَرِثُوا	Verb		to inherit	1
وَرِثُوا	Verb		to inherit	1
وَنَرِثُهُ	Verb		to inherit	1
وَوَرِثَ	Verb		to inherit	1
وَوَرِثَهُ	Verb		to inherit	1
وَيَرِثُ	Verb		to inherit	1
يَرِثُنِي	Verb		to inherit	1
يَرِثُونَ	Verb		to inherit	1
يُورَثُ	Verb		to inherit	1
تَصِفُ	Verb		to attribute, to ascribe	1
وَتَصِفُ	Verb		to attribute, to ascribe	1
اسْتَأْذَنَ	Verb		to ask permission	1
اسْتَأْذَنُوكَ	Verb		to ask permission	1
فَاسْتَأْذَنُوكَ	Verb		to ask permission	1
فَلْيَسْتَأْذِنُوا	Verb		to ask permission	1
لِيَسْتَأْذِنْكُمُ	Verb		to ask permission	1
وَيَسْتَأْذِنُ	Verb		to ask permission	1
يَسْتَأْذِنُوهُ	Verb		to ask permission	1
بَدَءُوكُمْ	Verb		to begin, to originate	1
بَدَأَ	Verb		to begin, to originate	1
بَدَأَكُمْ	Verb		to begin, to originate	1
بَدَأْنَا	Verb		to begin, to originate	1
فَبَدَأَ	Verb		to begin, to originate	1
وَبَدَأَ	Verb		to begin, to originate	1
جَحَدُوا	Verb		to reject, to deny	1
وَجَحَدُوا	Verb		to reject, to deny	1
تَحْبَطَ	Verb		to become worthless	1
حَبِطَ	Verb		to become worthless	1
فَحَبِطَتْ	Verb		to become worthless	1
لَحَبِطَ	Verb		to become worthless	1
لَيَحْبَطَنَّ	Verb		to become worthless	1
وَحَبِطَ	Verb		to become worthless	1
أَتُحَاجُّونَنَا	Verb		to argue	1
أَتُحَاجُّونِّي	Verb		to argue	1
حَاجَّكَ	Verb		to argue	1
حَاجُّوكَ	Verb		to argue	1
لِيُحَاجُّوكُمْ	Verb		to argue	1
وَحَاجَّهُ	Verb		to argue	1
يُحَاجُّوكُمْ	Verb		to argue	1
يُحَاجُّونَ	Verb		to argue	1
تَحْذَرُونَ	Verb		to fear, to beware	1
فَاحْذَرُوا	Verb		to fear, to beware	1
فَاحْذَرُوهُ	Verb		to fear, to beware	1
فَلْيَحْذَرِ	Verb		to fear, to beware	1
وَاحْذَرُوا	Verb		to fear, to beware	1
وَاحْذَرْهُمْ	Verb		to fear, to beware	1
يَحْذَرُ	Verb		to fear, to beware	1
حَلَفْتُمْ	Verb		to swear	1
سَيَحْلِفُونَ	Verb		to swear	1
فَيَحْلِفُونَ	Verb		to swear	1
وَسَيَحْلِفُونَ	Verb		to swear	1
وَلَيَحْلِفُنَّ	Verb		to swear	1
فَخَرَّ	Verb		to fall	1
وَتَخِرُّ	Verb		to fall	1
وَخَرُّوا	Verb		to fall	1
وَيَخِرُّونَ	Verb		to fall	1
يَخِرُّوا	Verb		to fall	1
يَخِرُّونَ	Verb		to fall	1
أَخْزَيْتَهُ	Verb		to disgrace	1
تُخْزِنَا	Verb		to disgrace	1
وَلِيُخْزِيَ	Verb		to disgrace	1
وَيُخْزِهِمْ	Verb		to disgrace	1
يُخْزِي	Verb		to disgrace	1
يُخْزِيهِمْ	Verb		to disgrace	1
أَدْرِ	Verb		to know	1
تُزَكُّوا	Verb		to purify	1
زَكَّاهَا	Verb		to purify	1
وَتُزَكِّيهِمْ	Verb		to purify	1
وَيُزَكِّيكُمْ	Verb		to purify	1
يُزَكُّونَ	Verb		to purify	1
تَسْقِي	Verb		to water, to give drink	1
تُسْقَىٰ	Verb		to water, to give drink	1
سَقَيْتَ	Verb		to water, to give drink	1
فَسَقَىٰ	Verb		to water, to give drink	1
فَيَسْقِي	Verb		to water, to give drink	1
نَسْقِي	Verb		to water, to give drink	1
وَسَقَاهُمْ	Verb		to water, to give drink	1
وَسُقُوا	Verb		to water, to give drink	1
وَيَسْقِينِ	Verb		to water, to give drink	1
وَيُسْقَىٰ	Verb		to water, to give drink	1
يَسْقُونَ	Verb		to water, to give drink	1
يُسْقَىٰ	Verb		to water, to give drink	1
اسْلُكْ	Verb		to insert, to make enter	1
سَلَكَكُمْ	Verb		to insert, to make enter	1
سَلَكْنَاهُ	Verb		to insert, to make enter	1
فَاسْلُكُوهُ	Verb		to insert, to make enter	1
فَاسْلُكِي	Verb		to insert, to make enter	1
فَاسْلُكْ	Verb		to insert, to make enter	1
فَسَلَكَهُ	Verb		to insert, to make enter	1
لِتَسْلُكُوا	Verb		to insert, to make enter	1
نَسْلُكُهُ	Verb		to insert, to make enter	1
وَسَلَكَ	Verb		to insert, to make enter	1
يَسْلُكُ	Verb		to insert, to make enter	1
يَسْلُكْهُ	Verb		to insert, to make enter	1
أَصْطَفَى	Verb		to choose	1
اصْطَفَاكِ	Verb		to choose	1
اصْطَفَاهُ	Verb		to choose	1
اصْطَفَيْتُكَ	Verb		to choose	1
اصْطَفَيْنَا	Verb		to choose	1
اصْطَفَيْنَاهُ	Verb		to choose	1
لَاصْطَفَىٰ	Verb		to choose	1
وَاصْطَفَاكِ	Verb		to choose	1
يَصْطَفِي	Verb		to choose	1
تُصَلِّ	Verb		to pray, to bless	1
فَصَلَّىٰ	Verb		to pray, to bless	1
فَصَلِّ	Verb		to pray, to bless	1
فَلْيُصَلُّوا	Verb		to pray, to bless	1
وَصَلِّ	Verb		to pray, to bless	1
يُصَلُّوا	Verb		to pray, to bless	1
طَغَى	Verb		to transgress, to overflow	1
لَيَطْغَىٰ	Verb		to transgress, to overflow	1
يَطْغَىٰ	Verb		to transgress, to overflow	1
أَعْلَنْتُ	Verb		to declare, to reveal, to proclaim	1
نُعْلِنُ	Verb		to declare, to reveal, to proclaim	1
فَاقْطَعُوا	Verb		to cut	1
فَقُطِعَ	Verb		to cut	1
قَطَعْتُمْ	Verb		to cut	1
لَقَطَعْنَا	Verb		to cut	1
لِيَقْطَعَ	Verb		to cut	1
لْيَقْطَعْ	Verb		to cut	1
وَتَقْطَعُونَ	Verb		to cut	1
وَقَطَعْنَا	Verb		to cut	1
وَيَقْطَعَ	Verb		to cut	1
يَقْطَعُونَ	Verb		to cut	1
تُقَطَّعَ	Verb		to cut, to divide	1
فَقَطَّعَ	Verb		to cut, to divide	1
فَلَأُقَطِّعَنَّ	Verb		to cut, to divide	1
قَطَّعْنَ	Verb		to cut, to divide	1
وَتُقَطِّعُوا	Verb		to cut, to divide	1
وَقَطَّعْنَ	Verb		to cut, to divide	1
فَاقْعُدُوا	Verb		to sit	1
لَأَقْعُدَنَّ	Verb		to sit	1
وَاقْعُدُوا	Verb		to sit	1
وَقَعَدَ	Verb		to sit	1
وَقَعَدُوا	Verb		to sit	1
تَمْنَعُهُمْ	Verb		to prevent	1
مَنَعَنَا	Verb		to prevent	1
مَنَعَهُمْ	Verb		to prevent	1
مُنِعَ	Verb		to prevent	1
وَنَمْنَعْكُمْ	Verb		to prevent	1
وَيَمْنَعُونَ	Verb		to prevent	1
أَوْرَثْنَا	Verb		to make inherit	1
أُورِثُوا	Verb		to make inherit	1
نُورِثُ	Verb		to make inherit	1
وَأَوْرَثَكُمْ	Verb		to make inherit	1
وَأَوْرَثَنَا	Verb		to make inherit	1
يُورِثُهَا	Verb		to make inherit	1
تَقَعَ	Verb		to fall, to occur, to fulfill	1
فَوَقَعَ	Verb		to fall, to occur, to fulfill	1
وَوَقَعَ	Verb		to fall, to occur, to fulfill	1
بَدَتِ	Verb		to become apparent	1
بَدَتْ	Verb		to become apparent	1
فَبَدَتْ	Verb		to become apparent	1
أَتَبْنُونَ	Verb		to construct, to build	1
بَنَوْا	Verb		to construct, to build	1
وَبَنَيْنَا	Verb		to construct, to build	1
أَذْهَبَ	Verb		to remove, to take away	1
أَذْهَبْتُمْ	Verb		to remove, to take away	1
لِيُذْهِبَ	Verb		to remove, to take away	1
وَيُذْهِبَ	Verb		to remove, to take away	1
وَيُذْهِبْ	Verb		to remove, to take away	1
يُذْهِبَنَّ	Verb		to remove, to take away	1
يُذْهِبْنَ	Verb		to remove, to take away	1
سَخِرَ	Verb		to ridicule, to mock	1
فَيَسْخَرُونَ	Verb		to ridicule, to mock	1
نَسْخَرُ	Verb		to ridicule, to mock	1
يَسْخَرْ	Verb		to ridicule, to mock	1
فَطُبِعَ	Verb		to seal	1
نَطْبَعُ	Verb		to seal	1
وَطَبَعَ	Verb		to seal	1
وَطُبِعَ	Verb		to seal	1
وَنَطْبَعُ	Verb		to seal	1
أَعْجَبَ	Verb		to please, to impress	1
أَعْجَبَكَ	Verb		to please, to impress	1
أَعْجَبَكُمْ	Verb		to please, to impress	1
يُعْجِبُ	Verb		to please, to impress	1
تُعْرَضُونَ	Verb		to display, to present, to expose, to turn away	1
عَرَضَهُمْ	Verb		to display, to present, to expose, to turn away	1
عَرَضْنَا	Verb		to display, to present, to expose, to turn away	1
عُرِضَ	Verb		to display, to present, to expose, to turn away	1
وَعَرَضْنَا	Verb		to display, to present, to expose, to turn away	1
وَعُرِضُوا	Verb		to display, to present, to expose, to turn away	1
تَقْرَبُونِ	Verb		to approach, to go near	1
يَقْرَبُوا	Verb		to approach, to go near	1
تَكْذِبُونَ	Verb		to deny, to lie	1
فَكَذَبَتْ	Verb		to deny, to lie	1
كَذَبَ	Verb		to deny, to lie	1
كُذِبُوا	Verb		to deny, to lie	1
تَلْبِسُونَ	Verb		to obscure, to confuse, to mix, to wear	1
وَلَلَبَسْنَا	Verb		to obscure, to confuse, to mix, to wear	1
وَلِيَلْبِسُوا	Verb		to obscure, to confuse, to mix, to wear	1
وَيَلْبَسُونَ	Verb		to obscure, to confuse, to mix, to wear	1
يَلْبَسُونَ	Verb		to obscure, to confuse, to mix, to wear	1
يَلْبِسَكُمْ	Verb		to obscure, to confuse, to mix, to wear	1
يَلْبِسُونَ	Verb		to obscure, to confuse, to mix, to wear	1
تَمَتَّعَ	Verb		to enjoy	1
وَتَمَتَّعُوا	Verb		to enjoy	1
وَلِيَتَمَتَّعُوا	Verb		to enjoy	1
وَيَتَمَتَّعُوا	Verb		to enjoy	1
يَتَمَتَّعُونَ	Verb		to enjoy	1
أَنَبْنَا	Verb		to turn	1
وَأَنَابَ	Verb		to turn	1
تَنَالُهُ	Verb		to reach	1
تَنَالُوا	Verb		to reach	1
يَنَالُهُ	Verb		to reach	1
يَنَالُهُمُ	Verb		to reach	1
يَنَالُونَ	Verb		to reach	1
هُدْنَا	Verb		to be Jewish	1
وَصَّاكُمُ	Verb		to enjoin	1
وَصَّىٰ	Verb		to enjoin	1
وَوَصَّىٰ	Verb		to enjoin	1
وَنُيَسِّرُكَ	Verb		to make easy	1
وَيَسِّرْ	Verb		to make easy	1
يَسَّرَهُ	Verb		to make easy	1
تَبْخَلُوا	Verb		to be stingy, to withhold	1
يَبْخَلُ	Verb		to be stingy, to withhold	1
ثَبَّتْنَاكَ	Verb		to make firm	1
فَثَبِّتُوا	Verb		to make firm	1
لِنُثَبِّتَ	Verb		to make firm	1
لِيُثَبِّتَ	Verb		to make firm	1
نُثَبِّتُ	Verb		to make firm	1
يُثَبِّتُ	Verb		to make firm	1
اجْتَبَاكُمْ	Verb		to choose	1
اجْتَبَيْتَهَا	Verb		to choose	1
فَاجْتَبَاهُ	Verb		to choose	1
وَاجْتَبَيْنَا	Verb		to choose	1
وَاجْتَبَيْنَاهُمْ	Verb		to choose	1
يَجْتَبِيكَ	Verb		to choose	1
أَحْصَاهَا	Verb		to count, to calculate, to enumerate	1
أَحْصَاهُ	Verb		to count, to calculate, to enumerate	1
أَحْصَاهُمْ	Verb		to count, to calculate, to enumerate	1
تُحْصُوهُ	Verb		to count, to calculate, to enumerate	1
وَأَحْصَىٰ	Verb		to count, to calculate, to enumerate	1
وَأَحْصُوا	Verb		to count, to calculate, to enumerate	1
يَحِيقُ	Verb		to surround, to encompass, to envelope	1
تُصَدِّقُونَ	Verb		to accept truth, to admit, to confirm, to believe	1
صَدَّقْتَ	Verb		to accept truth, to admit, to confirm, to believe	1
وَصَدَّقَتْ	Verb		to accept truth, to admit, to confirm, to believe	1
يُصَدِّقُنِي	Verb		to accept truth, to admit, to confirm, to believe	1
يُصَدِّقُونَ	Verb		to accept truth, to admit, to confirm, to believe	1
صَرَّفْنَاهُ	Verb		to explain	1
أَضَاعُوا	Verb		to let go waste, to neglect	1
أُضِيعُ	Verb		to let go waste, to neglect	1
يُضِيعُ	Verb		to let go waste, to neglect	1
طَلَّقَكُنَّ	Verb		to divorce	1
فَطَلِّقُوهُنَّ	Verb		to divorce	1
وَظَهَرَ	Verb		to appear, to become manifest	1
يَظْهَرُونَ	Verb		to appear, to become manifest	1
يَظْهَرُوهُ	Verb		to appear, to become manifest	1
وَأَعُوذُ	Verb		to seek refuge	1
يَعُوذُونَ	Verb		to seek refuge	1
فَفَسَقَ	Verb		to disobey defiantly	1
فَفَسَقُوا	Verb		to disobey defiantly	1
فَطَرَكُمْ	Verb		to create	1
فَطَرَنَا	Verb		to create	1
فَطَرَهُنَّ	Verb		to create	1
تَقَبَّلْ	Verb		to accept	1
فَتَقَبَّلَهَا	Verb		to accept	1
فَتَقَبَّلْ	Verb		to accept	1
فَتُقُبِّلَ	Verb		to accept	1
نَتَقَبَّلُ	Verb		to accept	1
وَتَقَبَّلْ	Verb		to accept	1
يَتَقَبَّلُ	Verb		to accept	1
يُتَقَبَّلْ	Verb		to accept	1
فَاسْتَقِمْ	Verb		to be upright, to be straight, to stand firm	1
فَاسْتَقِيمَا	Verb		to be upright, to be straight, to stand firm	1
وَاسْتَقِمْ	Verb		to be upright, to be straight, to stand firm	1
يَسْتَقِيمَ	Verb		to be upright, to be straight, to stand firm	1
أَتُمِدُّونَنِ	Verb		to reinforce, to extend, to provide, to aid	1
نُمِدُّ	Verb		to reinforce, to extend, to provide, to aid	1
نُمِدُّهُمْ	Verb		to reinforce, to extend, to provide, to aid	1
وَأَمْدَدْنَاكُمْ	Verb		to reinforce, to extend, to provide, to aid	1
وَأَمْدَدْنَاهُمْ	Verb		to reinforce, to extend, to provide, to aid	1
وَيُمْدِدْكُمْ	Verb		to reinforce, to extend, to provide, to aid	1
يُمِدَّكُمْ	Verb		to reinforce, to extend, to provide, to aid	1
يُمْدِدْكُمْ	Verb		to reinforce, to extend, to provide, to aid	1
تَمُرُّ	Verb		to pass, to continue	1
فَمَرَّتْ	Verb		to pass, to continue	1
لَتَمُرُّونَ	Verb		to pass, to continue	1
مَرُّوا	Verb		to pass, to continue	1
فَانْبِذْ	Verb		to throw, to cast	1
فَنَبَذُوهُ	Verb		to throw, to cast	1
فَنَبَذْتُهَا	Verb		to throw, to cast	1
فَنَبَذْنَاهُ	Verb		to throw, to cast	1
لَنُبِذَ	Verb		to throw, to cast	1
لَيُنْبَذَنَّ	Verb		to throw, to cast	1
نَبَذَ	Verb		to throw, to cast	1
نَبَذَهُ	Verb		to throw, to cast	1
تَنْزِعُ	Verb		to take way, to remove, to withdraw	1
لَنَنْزِعَنَّ	Verb		to take way, to remove, to withdraw	1
نَزَعْنَاهَا	Verb		to take way, to remove, to withdraw	1
وَتَنْزِعُ	Verb		to take way, to remove, to withdraw	1
يَنْزِعُ	Verb		to take way, to remove, to withdraw	1
تَصِلُ	Verb		to join, to reach	1
تُولِجُ	Verb		to cause enter	1
وَتُولِجُ	Verb		to cause enter	1
تُؤَاخِذْنَا	Verb		to call to account, to punish	1
تُؤَاخِذْنِي	Verb		to call to account, to punish	1
يُؤَاخِذُهُمْ	Verb		to call to account, to punish	1
تُؤْوِيهِ	Verb		to give shelter	1
فَآوَاكُمْ	Verb		to give shelter	1
فَآوَىٰ	Verb		to give shelter	1
وَآوَيْنَاهُمَا	Verb		to give shelter	1
وَتُؤْوِي	Verb		to give shelter	1
أَيَّدَكَ	Verb		to support, to strengthen	1
أَيَّدْتُكَ	Verb		to support, to strengthen	1
فَأَيَّدْنَا	Verb		to support, to strengthen	1
وَأَيَّدَكُمْ	Verb		to support, to strengthen	1
وَأَيَّدَهُ	Verb		to support, to strengthen	1
وَأَيَّدَهُمْ	Verb		to support, to strengthen	1
يُؤَيِّدُ	Verb		to support, to strengthen	1
وَتَبَارَكَ	Verb		to be blessed	1
تَبِعَنِي	Verb		to follow	1
تَبِعُوا	Verb		to follow	1
تَتْبَعُهَا	Verb		to follow	1
يَتْبَعُهَا	Verb		to follow	1
تَجْتَنِبُوا	Verb		to avoid	1
فَاجْتَنِبُوا	Verb		to avoid	1
فَاجْتَنِبُوهُ	Verb		to avoid	1
فَيَسْتَحْيِي	Verb		to let live, to be shy, to be ashamed	1
وَاسْتَحْيُوا	Verb		to let live, to be shy, to be ashamed	1
وَنَسْتَحْيِي	Verb		to let live, to be shy, to be ashamed	1
خَاضُوا	Verb		to engage in idle talk, to converse vainly	1
وَخُضْتُمْ	Verb		to engage in idle talk, to converse vainly	1
يَخُوضُونَ	Verb		to engage in idle talk, to converse vainly	1
تَرْكَبُونَ	Verb		to ride, to embark	1
رَكِبَا	Verb		to ride, to embark	1
رَكِبُوا	Verb		to ride, to embark	1
لَتَرْكَبُنَّ	Verb		to ride, to embark	1
لِتَرْكَبُوا	Verb		to ride, to embark	1
لِتَرْكَبُوهَا	Verb		to ride, to embark	1
يَرْكَبُونَ	Verb		to ride, to embark	1
تَرْمِي	Verb		to throw, to accuse	1
تَرْمِيهِمْ	Verb		to throw, to accuse	1
رَمَىٰ	Verb		to throw, to accuse	1
يَرْمِ	Verb		to throw, to accuse	1
ارْتَابُوا	Verb		to doubt	1
تَرْتَابُوا	Verb		to doubt	1
لَارْتَابَ	Verb		to doubt	1
وَارْتَابَتْ	Verb		to doubt	1
وَارْتَبْتُمْ	Verb		to doubt	1
يَرْتَابَ	Verb		to doubt	1
يَرْتَابُوا	Verb		to doubt	1
تَسَاءَلُونَ	Verb		to question, to ask, to inquire	1
لِيَتَسَاءَلُوا	Verb		to question, to ask, to inquire	1
نُسَارِعُ	Verb		to hasten	1
وَسَارِعُوا	Verb		to hasten	1
وَيُسَارِعُونَ	Verb		to hasten	1
يُضَاعِفُ	Verb		to double, to multiply	1
يُضَاعِفْهَا	Verb		to double, to multiply	1
يُضَاعِفْهُ	Verb		to double, to multiply	1
انْطَلَقْتُمْ	Verb		to set out, to proceeed, to go forth	1
فَانْطَلَقُوا	Verb		to set out, to proceeed, to go forth	1
وَانْطَلَقَ	Verb		to set out, to proceeed, to go forth	1
يَنْطَلِقُ	Verb		to set out, to proceeed, to go forth	1
اطْمَأَنَّ	Verb		to be satisfied, to be secure, to be content	1
اطْمَأْنَنْتُمْ	Verb		to be satisfied, to be secure, to be content	1
تَطْمَئِنُّ	Verb		to be satisfied, to be secure, to be content	1
لِيَطْمَئِنَّ	Verb		to be satisfied, to be secure, to be content	1
وَاطْمَأَنُّوا	Verb		to be satisfied, to be secure, to be content	1
وَتَطْمَئِنَّ	Verb		to be satisfied, to be secure, to be content	1
وَتَطْمَئِنُّ	Verb		to be satisfied, to be secure, to be content	1
تُطَهِّرُهُمْ	Verb		to purify	1
وَطَهَّرَكِ	Verb		to purify	1
وَطَهِّرْ	Verb		to purify	1
وَيُطَهِّرَكُمْ	Verb		to purify	1
يُطَهِّرَ	Verb		to purify	1
ظَلْتَ	Verb		to continue, to remain	1
فَظَلَّتْ	Verb		to continue, to remain	1
فَظَلُّوا	Verb		to continue, to remain	1
فَظَلْتُمْ	Verb		to continue, to remain	1
فَنَظَلُّ	Verb		to continue, to remain	1
فَيَظْلَلْنَ	Verb		to continue, to remain	1
لَظَلُّوا	Verb		to continue, to remain	1
تَفْرِضُوا	Verb		to specify, to ordain, to make obligatory	1
فَرَضْنَا	Verb		to specify, to ordain, to make obligatory	1
وَفَرَضْنَاهَا	Verb		to specify, to ordain, to make obligatory	1
فَرَّقْتَ	Verb		to differentiate, to make distinction	1
يُفَرِّقُونَ	Verb		to differentiate, to make distinction	1
تَقْبَلُوا	Verb		to accept	1
تُقْبَلَ	Verb		to accept	1
أَقْبَلْنَا	Verb		to approach	1
أَقْبِلْ	Verb		to approach	1
فَأَقْبَلَتِ	Verb		to approach	1
فَأَقْبَلُوا	Verb		to approach	1
وَأَقْبَلُوا	Verb		to approach	1
اقْذِفِيهِ	Verb		to cast, to throw, to hurl	1
فَاقْذِفِيهِ	Verb		to cast, to throw, to hurl	1
فَقَذَفْنَاهَا	Verb		to cast, to throw, to hurl	1
نَقْذِفُ	Verb		to cast, to throw, to hurl	1
وَيَقْذِفُونَ	Verb		to cast, to throw, to hurl	1
وَيُقْذَفُونَ	Verb		to cast, to throw, to hurl	1
يَقْذِفُ	Verb		to cast, to throw, to hurl	1
وَنَلْعَبُ	Verb		to play	1
وَيَلْعَبُوا	Verb		to play	1
أَمْلَيْتُ	Verb		to give respite	1
تُمْلَىٰ	Verb		to give respite	1
وَأَمْلَىٰ	Verb		to give respite	1
تَنْطِقُونَ	Verb		to speak	1
أَأَلِدُ	Verb		to beget, to be born	1
وَلَدْنَهُمْ	Verb		to beget, to be born	1
وُلِدَ	Verb		to beget, to be born	1
وُلِدْتُ	Verb		to beget, to be born	1
يَلِدُوا	Verb		to beget, to be born	1
يَلِدْ	Verb		to beget, to be born	1
يُولَدْ	Verb		to beget, to be born	1
بُورِكَ	Verb		to bless	1
وَبَارَكَ	Verb		to bless	1
وَبَارَكْنَا	Verb		to bless	1
ابْتَلَىٰ	Verb		to test, to try	1
ابْتُلِيَ	Verb		to test, to try	1
لِيَبْتَلِيَكُمْ	Verb		to test, to try	1
نَبْتَلِيهِ	Verb		to test, to try	1
وَابْتَلُوا	Verb		to test, to try	1
وَلِيَبْتَلِيَ	Verb		to test, to try	1
أَجَبْتُمُ	Verb		to answer, to respond	1
أُجِبْتُمْ	Verb		to answer, to respond	1
أُجِيبَتْ	Verb		to answer, to respond	1
أُجِيبُ	Verb		to answer, to respond	1
نُجِبْ	Verb		to answer, to respond	1
يُجِيبُ	Verb		to answer, to respond	1
خَسَفْنَا	Verb		to cause to swallow	1
فَخَسَفْنَا	Verb		to cause to swallow	1
لَخَسَفَ	Verb		to cause to swallow	1
نَخْسِفْ	Verb		to cause to swallow	1
وَخَسَفَ	Verb		to cause to swallow	1
تَخْتَصِمُونَ	Verb		to dispute	1
يَخِصِّمُونَ	Verb		to dispute	1
خَفَّفَ	Verb		to lighten	1
تُدَمِّرُ	Verb		to destroy	1
دَمَّرَ	Verb		to destroy	1
دَمَّرْنَاهُمْ	Verb		to destroy	1
فَدَمَّرْنَاهَا	Verb		to destroy	1
فَدَمَّرْنَاهُمْ	Verb		to destroy	1
وَدَمَّرْنَا	Verb		to destroy	1
ارْتَدُّوا	Verb		to turn back, to return	1
تَرْتَدُّوا	Verb		to turn back, to return	1
فَارْتَدَّ	Verb		to turn back, to return	1
فَارْتَدَّا	Verb		to turn back, to return	1
يَرْتَدِدْ	Verb		to turn back, to return	1
يَرْتَدُّ	Verb		to turn back, to return	1
تُرَاوِدُ	Verb		to seduce, to demand, to get permission	1
رَاوَدَتْنِي	Verb		to seduce, to demand, to get permission	1
رَاوَدُوهُ	Verb		to seduce, to demand, to get permission	1
رَاوَدْتُنَّ	Verb		to seduce, to demand, to get permission	1
سَنُرَاوِدُ	Verb		to seduce, to demand, to get permission	1
وَرَاوَدَتْهُ	Verb		to seduce, to demand, to get permission	1
يَتَزَكَّىٰ	Verb		to purify	1
تَزْدَادُ	Verb		to increase	1
وَازْدَادُوا	Verb		to increase	1
وَنَزْدَادُ	Verb		to increase	1
وَيَزْدَادَ	Verb		to increase	1
تَزَالُ	Verb		to cease	1
زَالَتْ	Verb		to cease	1
زِلْتُمْ	Verb		to cease	1
فَأَسْقَيْنَاكُمُوهُ	Verb		to give drink	1
لَأَسْقَيْنَاهُمْ	Verb		to give drink	1
وَأَسْقَيْنَاكُمْ	Verb		to give drink	1
وَنُسْقِيَهُ	Verb		to give drink	1
وَيُسْقَوْنَ	Verb		to give drink	1
يُسْقَوْنَ	Verb		to give drink	1
تُسَمَّىٰ	Verb		to name	1
سَمَّاكُمُ	Verb		to name	1
سَمَّيْتُهَا	Verb		to name	1
سَمُّوهُمْ	Verb		to name	1
لَيُسَمُّونَ	Verb		to name	1
تَشْتَهِيهِ	Verb		to desire	1
اسْتَضْعَفُونِي	Verb		to be oppressed	1
يَسْتَضْعِفُ	Verb		to be oppressed	1
يُسْتَضْعَفُونَ	Verb		to be oppressed	1
أَطْمَعُ	Verb		to hope, to desire	1
أَفَتَطْمَعُونَ	Verb		to hope, to desire	1
أَيَطْمَعُ	Verb		to hope, to desire	1
فَيَطْمَعَ	Verb		to hope, to desire	1
وَنَطْمَعُ	Verb		to hope, to desire	1
يَطْمَعُ	Verb		to hope, to desire	1
فَطَافَ	Verb		to circulate, to go around	1
وَيُطَافُ	Verb		to circulate, to go around	1
يَطُوفُ	Verb		to circulate, to go around	1
يَطُوفُونَ	Verb		to circulate, to go around	1
تَظَاهَرَا	Verb		to make apparent, to reveal	1
تُظْهِرُونَ	Verb		to make apparent, to reveal	1
وَأَظْهَرَهُ	Verb		to make apparent, to reveal	1
يُظْهِرَ	Verb		to make apparent, to reveal	1
يُظْهِرُ	Verb		to make apparent, to reveal	1
أَتَعْجَبِينَ	Verb		to wonder, to be amazed, to be astonished	1
تَعْجَبْ	Verb		to wonder, to be amazed, to be astonished	1
عَجِبُوا	Verb		to wonder, to be amazed, to be astonished	1
وَعَجِبُوا	Verb		to wonder, to be amazed, to be astonished	1
أَعْطَيْنَاكَ	Verb		to give	1
وَأَعْطَىٰ	Verb		to give	1
يُعْطُوا	Verb		to give	1
يُعْطِيكَ	Verb		to give	1
فَتَعَالَيْنَ	Verb		to come	1
أَغْوَيْنَا	Verb		to mislead, to lead astray	1
أَغْوَيْنَاهُمْ	Verb		to mislead, to lead astray	1
فَأَغْوَيْنَاكُمْ	Verb		to mislead, to lead astray	1
لَأُغْوِيَنَّهُمْ	Verb		to mislead, to lead astray	1
وَلَأُغْوِيَنَّهُمْ	Verb		to mislead, to lead astray	1
يُغْوِيَكُمْ	Verb		to mislead, to lead astray	1
فَتَفَرَّقَ	Verb		to be divided	1
يَتَفَرَّقَا	Verb		to be divided	1
يَتَفَرَّقُونَ	Verb		to be divided	1
كَبُرَتْ	Verb		to be great	1
يَكْبَرُوا	Verb		to be great	1
يَكْبُرُ	Verb		to be great	1
فَكَفَّ	Verb		to restrain, to withhold, to avert	1
كَفَفْتُ	Verb		to restrain, to withhold, to avert	1
كَفَّ	Verb		to restrain, to withhold, to avert	1
وَكَفَّ	Verb		to restrain, to withhold, to avert	1
وَيَكُفُّوا	Verb		to restrain, to withhold, to avert	1
يَكُفُّونَ	Verb		to restrain, to withhold, to avert	1
فَكِيدُونِ	Verb		to scheme, to plot, to plan	1
فَكِيدُونِي	Verb		to scheme, to plot, to plan	1
فَيَكِيدُوا	Verb		to scheme, to plot, to plan	1
كِدْنَا	Verb		to scheme, to plot, to plan	1
كِيدُونِ	Verb		to scheme, to plot, to plan	1
لَأَكِيدَنَّ	Verb		to scheme, to plot, to plan	1
وَأَكِيدُ	Verb		to scheme, to plot, to plan	1
يَكِيدُونَ	Verb		to scheme, to plot, to plan	1
انْتَظِرُوا	Verb		to wait	1
يَنْتَظِرُ	Verb		to wait	1
يَنْتَظِرُونَ	Verb		to wait	1
تَنْفِرُوا	Verb		to go forth	1
فَانْفِرُوا	Verb		to go forth	1
لِيَنْفِرُوا	Verb		to go forth	1
فَاهْبِطْ	Verb		to go down	1
يَهْبِطُ	Verb		to go down	1
لَهَمَّتْ	Verb		to determine, to plan, to plot, to desire	1
هَمَّ	Verb		to determine, to plan, to plot, to desire	1
وَهَمَّ	Verb		to determine, to plan, to plot, to desire	1
وَهَمَّتْ	Verb		to determine, to plan, to plot, to desire	1
أَهْوَىٰ	Verb		to desire	1
يَئِسُوا	Verb		to despair	1
يَئِسْنَ	Verb		to despair	1
يَيْأَسُ	Verb		to despair	1
يَيْأَسِ	Verb		to despair	1
فَاسْتَبْشِرُوا	Verb		to rejoice	1
وَيَسْتَبْشِرُونَ	Verb		to rejoice	1
حَضَرُوهُ	Verb		to approach, to attend	1
يَحْضُرُونِ	Verb		to approach, to attend	1
حَفِظَ	Verb		to guard, to protect	1
وَاحْفَظُوا	Verb		to guard, to protect	1
وَحَفِظْنَاهَا	Verb		to guard, to protect	1
وَنَحْفَظُ	Verb		to guard, to protect	1
يَحْفَظُونَهُ	Verb		to guard, to protect	1
تَحْيَوْنَ	Verb		to live	1
وَيَحْيَىٰ	Proper noun Proper noun		Yahya	1
يَحْيَىٰ	Proper noun Proper noun		Yahya	2
أَدُلُّكَ	Verb		to indicate, to show, to direct	1
دَلَّهُمْ	Verb		to indicate, to show, to direct	1
فَدَلَّاهُمَا	Verb		to indicate, to show, to direct	1
نَدُلُّكُمْ	Verb		to indicate, to show, to direct	1
دَامُوا	Verb		to be as long as	1
دُمْتَ	Verb		to be as long as	1
دُمْتُمْ	Verb		to be as long as	1
سُقْنَاهُ	Verb		to drive	1
فَسُقْنَاهُ	Verb		to drive	1
نَسُوقُ	Verb		to drive	1
وَنَسُوقُ	Verb		to drive	1
يُسَاقُونَ	Verb		to drive	1
تُشَاقُّونَ	Verb		to oppose	1
وَشَاقُّوا	Verb		to oppose	1
أَشْهَدْتُهُمْ	Verb		to make witness	1
أُشْهِدُ	Verb		to make witness	1
فَأَشْهِدُوا	Verb		to make witness	1
وَأَشْهَدَهُمْ	Verb		to make witness	1
وَيُشْهِدُ	Verb		to make witness	1
فَضَحِكَتْ	Verb		to laugh	1
فَلْيَضْحَكُوا	Verb		to laugh	1
وَتَضْحَكُونَ	Verb		to laugh	1
أَضْطَرُّهُ	Verb		to force, to compell	1
اضْطُرِرْتُمْ	Verb		to force, to compell	1
نَضْطَرُّهُمْ	Verb		to force, to compell	1
وَيَضِيقُ	Verb		to straiten	1
أَطَّلَعَ	Verb		to look	1
أَطَّلِعُ	Verb		to look	1
اطَّلَعْتَ	Verb		to look	1
فَأَطَّلِعَ	Verb		to look	1
فَاطَّلَعَ	Verb		to look	1
نَعُدُّ	Verb		to count	1
نَعُدُّهُمْ	Verb		to count	1
وَعَدَّهُمْ	Verb		to count	1
اعْتَزَلَهُمْ	Verb		to withdraw, to leave, to keep away	1
اعْتَزَلْتُمُوهُمْ	Verb		to withdraw, to leave, to keep away	1
فَاعْتَزِلُوا	Verb		to withdraw, to leave, to keep away	1
فَاعْتَزِلُونِ	Verb		to withdraw, to leave, to keep away	1
وَأَعْتَزِلُكُمْ	Verb		to withdraw, to leave, to keep away	1
عَمُوا	Verb		to be blind	1
عَمِيَ	Verb		to be blind	1
فَعَمُوا	Verb		to be blind	1
فَعَمِيَتْ	Verb		to be blind	1
وَأَعْمَىٰ	Verb		to be blind	1
افْتَدَتْ	Verb		to offer ransom	1
افْتَدَىٰ	Verb		to offer ransom	1
لَافْتَدَتْ	Verb		to offer ransom	1
لِيَفْتَدُوا	Verb		to offer ransom	1
يَفْتَدِي	Verb		to offer ransom	1
الْتَقَتَا	Verb		to meet	1
الْتَقَيْتُمْ	Verb		to meet	1
فَالْتَقَى	Verb		to meet	1
يَلْتَقِيَانِ	Verb		to meet	1
أُمْطِرَتْ	Verb		to shower, to send rain	1
فَأَمْطِرْ	Verb		to shower, to send rain	1
تَنَازَعُوا	Verb		to dispute, to disagree	1
تَنَازَعْتُمْ	Verb		to dispute, to disagree	1
فَتَنَازَعُوا	Verb		to dispute, to disagree	1
وَتَنَازَعْتُمْ	Verb		to dispute, to disagree	1
وَلَتَنَازَعْتُمْ	Verb		to dispute, to disagree	1
تَتَنَزَّلُ	Verb		to descend, to bring down	1
تَنَزَّلَتْ	Verb		to descend, to bring down	1
نَتَنَزَّلُ	Verb		to descend, to bring down	1
يَتَنَزَّلُ	Verb		to descend, to bring down	1
أَنْسَانِيهُ	Verb		to make forget	1
أَنْسَوْكُمْ	Verb		to make forget	1
فَأَنْسَاهُ	Verb		to make forget	1
نُنْسِهَا	Verb		to make forget	1
يُنْسِيَنَّكَ	Verb		to make forget	1
انْتَصَرَ	Verb		to defend, to help	1
تَنْتَصِرَانِ	Verb		to defend, to help	1
فَانْتَصِرْ	Verb		to defend, to help	1
لَانْتَصَرَ	Verb		to defend, to help	1
وَانْتَصَرُوا	Verb		to defend, to help	1
انْقُصْ	Verb		to decrease, to reduce, to lessen	1
تَنْقُصُ	Verb		to decrease, to reduce, to lessen	1
تَنْقُصُوا	Verb		to decrease, to reduce, to lessen	1
يَنْقُصُوكُمْ	Verb		to decrease, to reduce, to lessen	1
يُنْقَصُ	Verb		to decrease, to reduce, to lessen	1
تَسْتَأْخِرُونَ	Verb		to delay, to postpone	1
بَلَّغْتَ	Verb		to convey	1
وَأُبَلِّغُكُمْ	Verb		to convey	1
تَبُوءَ	Verb		to incur, to turn back	1
فَبَاءُوا	Verb		to incur, to turn back	1
تُبَوِّئُ	Verb		to settle	1
وَبَوَّأَكُمْ	Verb		to settle	1
بَايَعْتُمْ	Verb		to pledge allegiance	1
فَبَايِعْهُنَّ	Verb		to pledge allegiance	1
يُبَايِعُونَ	Verb		to pledge allegiance	1
يُبَايِعْنَكَ	Verb		to pledge allegiance	1
تَثْقَفَنَّهُمْ	Verb		to find, to gain dominance	1
يَثْقَفُوكُمْ	Verb		to find, to gain dominance	1
فَأَجِرْهُ	Verb		to protect	1
وَيُجِرْكُمْ	Verb		to protect	1
يُجَارُ	Verb		to protect	1
يُجِيرَنِي	Verb		to protect	1
تَخْفَىٰ	Verb		to hide	1
أَدْرَكَهُ	Verb		to overtake, to grasp	1
تُدْرِكَ	Verb		to overtake, to grasp	1
تُدْرِكُهُ	Verb		to overtake, to grasp	1
يُدْرِكُ	Verb		to overtake, to grasp	1
يُدْرِكْكُمُ	Verb		to overtake, to grasp	1
يُدْرِكْهُ	Verb		to overtake, to grasp	1
ذَرَأْنَا	Verb		to create, to produce, to multiply	1
يَذْرَؤُكُمْ	Verb		to create, to produce, to multiply	1
زَاغَ	Verb		to deviate, to turn away, to swerve	1
زَاغَتِ	Verb		to deviate, to turn away, to swerve	1
زَاغَتْ	Verb		to deviate, to turn away, to swerve	1
زَاغُوا	Verb		to deviate, to turn away, to swerve	1
أَسْرَفَ	Verb		to be extravagant, to exceed, to transgress	1
أَسْرَفُوا	Verb		to be extravagant, to exceed, to transgress	1
يُسْرِفُوا	Verb		to be extravagant, to exceed, to transgress	1
يُسْرِفْ	Verb		to be extravagant, to exceed, to transgress	1
أَسْرَىٰ	Noun Noun		captives	1
سَلَّمَ	Verb		to submit, to greet, to pay	1
سَلَّمْتُمْ	Verb		to submit, to greet, to pay	1
فَسَلِّمُوا	Verb		to submit, to greet, to pay	1
وَتُسَلِّمُوا	Verb		to submit, to greet, to pay	1
وَسَلِّمُوا	Verb		to submit, to greet, to pay	1
وَيُسَلِّمُوا	Verb		to submit, to greet, to pay	1
اشْدُدْ	Verb		to strengthen	1
سَنَشُدُّ	Verb		to strengthen	1
فَشُدُّوا	Verb		to strengthen	1
وَاشْدُدْ	Verb		to strengthen	1
تَصَدَّقَ	Verb		to give charity	1
تَصَدَّقُوا	Verb		to give charity	1
فَأَصَّدَّقَ	Verb		to give charity	1
لَنَصَّدَّقَنَّ	Verb		to give charity	1
وَتَصَدَّقْ	Verb		to give charity	1
يَصَّدَّقُوا	Verb		to give charity	1
فَاصْفَحِ	Verb		to overlook	1
فَاصْفَحْ	Verb		to overlook	1
وَلْيَصْفَحُوا	Verb		to overlook	1
تُظَاهِرُونَ	Verb		to support, to back	1
ظَاهَرُوهُمْ	Verb		to support, to back	1
وَظَاهَرُوا	Verb		to support, to back	1
يُظَاهِرُوا	Verb		to support, to back	1
عَاقَبَ	Verb		to retaliate	1
عَاقَبْتُمْ	Verb		to retaliate	1
عُوقِبَ	Verb		to retaliate	1
عُوقِبْتُمْ	Verb		to retaliate	1
فَعَاقَبْتُمْ	Verb		to retaliate	1
فَعَاقِبُوا	Verb		to retaliate	1
أَعْهَدْ	Verb		to make a covenant, to promise	1
عَهِدْنَا	Verb		to make a covenant, to promise	1
وَعَهِدْنَا	Verb		to make a covenant, to promise	1
غَضِبُوا	Verb		to be angry	1
تَسْتَفْتِ	Verb		to seek ruling, to inquire, to ask	1
تَسْتَفْتِيَانِ	Verb		to seek ruling, to inquire, to ask	1
وَيَسْتَفْتُونَكَ	Verb		to seek ruling, to inquire, to ask	1
يَسْتَفْتُونَكَ	Verb		to seek ruling, to inquire, to ask	1
فَتُفَجِّرَ	Verb		to cause gush	1
فُجِّرَتْ	Verb		to cause gush	1
يُفَجِّرُونَهَا	Verb		to cause gush	1
فَرَّتْ	Verb		to flee	1
فَفَرَرْتُ	Verb		to flee	1
فَفِرُّوا	Verb		to flee	1
يَفِرُّ	Verb		to flee	1
تُقْرِضُوا	Verb		to lend, to loan	1
وَأَقْرَضُوا	Verb		to lend, to loan	1
وَأَقْرَضْتُمُ	Verb		to lend, to loan	1
وَأَقْرِضُوا	Verb		to lend, to loan	1
تُقَلَّبُ	Verb		to turn, to alternate	1
وَقَلَّبُوا	Verb		to turn, to alternate	1
وَنُقَلِّبُ	Verb		to turn, to alternate	1
وَنُقَلِّبُهُمْ	Verb		to turn, to alternate	1
لَتُلَقَّى	Verb		to grant, to receive	1
وَلَقَّاهُمْ	Verb		to grant, to receive	1
وَيُلَقَّوْنَ	Verb		to grant, to receive	1
اسْتَمْتَعْتُمْ	Verb		to profit, to benifit, to enjoy	1
فَاسْتَمْتَعُوا	Verb		to profit, to benifit, to enjoy	1
فَاسْتَمْتَعْتُمْ	Verb		to profit, to benifit, to enjoy	1
وَاسْتَمْتَعْتُمْ	Verb		to profit, to benifit, to enjoy	1
مُلِئَتْ	Verb		to fill	1
وَلَمُلِئْتَ	Verb		to fill	1
تَتَمَنَّوْا	Verb		to wish	1
تَمَنَّوْنَ	Verb		to wish	1
يَتَمَنَّوْنَهُ	Verb		to wish	1
يَتَمَنَّوْهُ	Verb		to wish	1
نَقَضَتْ	Verb		to break	1
انْتَقَمْنَا	Verb		to take retribution	1
فَيَنْتَقِمُ	Verb		to take retribution	1
نَكَثَ	Verb		to break (oath)	1
يَنْكُثُ	Verb		to break (oath)	1
وَسِعْتَ	Verb		to encompass, to extend	1
آثَرَكَ	Verb		to prefer	1
تُؤْثِرُونَ	Verb		to prefer	1
نُؤْثِرَكَ	Verb		to prefer	1
وَآثَرَ	Verb		to prefer	1
وَيُؤْثِرُونَ	Verb		to prefer	1
أَدُّوا	Verb		to discharge, to deliver	1
تُؤَدُّوا	Verb		to discharge, to deliver	1
فَلْيُؤَدِّ	Verb		to discharge, to deliver	1
أَلَّفَ	Verb		to join, to reconcile	1
أَلَّفْتَ	Verb		to join, to reconcile	1
فَأَلَّفَ	Verb		to join, to reconcile	1
وَأَلَّفَ	Verb		to join, to reconcile	1
يُؤَلِّفُ	Verb		to join, to reconcile	1
آنَسَ	Verb		to perceive	1
آنَسْتُمْ	Verb		to perceive	1
آوِي	Verb		to seek shelter	1
أَوَى	Verb		to seek shelter	1
أَوَيْنَا	Verb		to seek shelter	1
سَآوِي	Verb		to seek shelter	1
فَأْوُوا	Verb		to seek shelter	1
بَثَّ	Verb		to disperse	1
يَبُثُّ	Verb		to disperse	1
يَبْخَسْ	Verb		to diminish, to deprive	1
يُبْخَسُونَ	Verb		to diminish, to deprive	1
تَبَرَّءُوا	Verb		to disown	1
تَبَرَّأْنَا	Verb		to disown	1
فَنَتَبَرَّأَ	Verb		to disown	1
لَبَرَزَ	Verb		to come forth, to go out	1
نَبْطِشُ	Verb		to seize	1
يَبْطِشَ	Verb		to seize	1
يَبْطِشُونَ	Verb		to seize	1
بَكَتْ	Verb		to weep	1
تَبْكُونَ	Verb		to weep	1
وَلْيَبْكُوا	Verb		to weep	1
أَبْلَغُوا	Verb		to convey	1
أَبْلِغْهُ	Verb		to convey	1
تُثِيرُ	Verb		to raise, to plough	1
فَأَثَرْنَ	Verb		to raise, to plough	1
وَأَثَارُوا	Verb		to raise, to plough	1
أَجْرَمْنَا	Verb		to commit crime	1
تُجْرِمُونَ	Verb		to commit crime	1
اجْهَرُوا	Verb		to speak loudly	1
جَهَرَ	Verb		to speak loudly	1
أُحْصِنَّ	Verb		to guard, to protect	1
تُحْصِنُونَ	Verb		to guard, to protect	1
لِتُحْصِنَكُمْ	Verb		to guard, to protect	1
تُحَمِّلْنَا	Verb		to place, to entrust	1
حُمِّلَ	Verb		to place, to entrust	1
حُمِّلُوا	Verb		to place, to entrust	1
حُمِّلْتُمْ	Verb		to place, to entrust	1
حُمِّلْنَا	Verb		to place, to entrust	1
خَتَمَ	Verb		to seal	1
نَخْتِمُ	Verb		to seal	1
يَخْتِمْ	Verb		to seal	1
اخْلُفْنِي	Verb		to succeed, to come after	1
خَلَفْتُمُونِي	Verb		to succeed, to come after	1
يَخْلُفُونَ	Verb		to succeed, to come after	1
اسْتَخْلَفَ	Verb		to grant succession	1
لَيَسْتَخْلِفَنَّهُمْ	Verb		to grant succession	1
وَيَسْتَخْلِفَكُمْ	Verb		to grant succession	1
وَيَسْتَخْلِفُ	Verb		to grant succession	1
وَيَسْتَخْلِفْ	Verb		to grant succession	1
أَخُنْهُ	Verb		to betray	1
تَخُونُوا	Verb		to betray	1
خَانُوا	Verb		to betray	1
فَخَانَتَاهُمَا	Verb		to betray	1
وَتَخُونُوا	Verb		to betray	1
دَرَسْتَ	Verb		to study, to learn	1
وَدَرَسُوا	Verb		to study, to learn	1
يَدْرُسُونَهَا	Verb		to study, to learn	1
ادْفَعُوا	Verb		to defend, to deliver, to repel	1
دَفَعْتُمْ	Verb		to defend, to deliver, to repel	1
فَادْفَعُوا	Verb		to defend, to deliver, to repel	1
أَذْبَحُكَ	Verb		to slaughter, to sacrifice	1
تَذْبَحُوا	Verb		to slaughter, to sacrifice	1
ذُبِحَ	Verb		to slaughter, to sacrifice	1
فَذَبَحُوهَا	Verb		to slaughter, to sacrifice	1
لَأَذْبَحَنَّهُ	Verb		to slaughter, to sacrifice	1
تَرْجُمُونِ	Verb		to stone	1
لَأَرْجُمَنَّكَ	Verb		to stone	1
لَرَجَمْنَاكَ	Verb		to stone	1
لَنَرْجُمَنَّكُمْ	Verb		to stone	1
يَرْجُمُوكُمْ	Verb		to stone	1
أَرْضَعَتْ	Verb		to nurse, to suckle	1
أَرْضَعْنَ	Verb		to nurse, to suckle	1
أَرْضَعْنَكُمْ	Verb		to nurse, to suckle	1
أَرْضِعِيهِ	Verb		to nurse, to suckle	1
فَسَتُرْضِعُ	Verb		to nurse, to suckle	1
يَرْكَعُونَ	Verb		to bow	1
وَتَرْهَقُهُمْ	Verb		to cover	1
يَرْهَقُ	Verb		to cover	1
زَوَّجْنَاكَهَا	Verb		to marry, to be paired	1
زُوِّجَتْ	Verb		to marry, to be paired	1
يُزَوِّجُهُمْ	Verb		to marry, to be paired	1
فَاسْتَبَقُوا	Verb		to race	1
نَسْتَبِقُ	Verb		to race	1
وَاسْتَبَقَا	Verb		to race	1
أَسْكَنْتُ	Verb		to make dwell, to settle, to lodge	1
أَسْكِنُوهُنَّ	Verb		to make dwell, to settle, to lodge	1
فَأَسْكَنَّاهُ	Verb		to make dwell, to settle, to lodge	1
وَلَنُسْكِنَنَّكُمُ	Verb		to make dwell, to settle, to lodge	1
يُسْكِنِ	Verb		to make dwell, to settle, to lodge	1
أَسَأْتُمْ	Verb		to do evil	1
نُسَيِّرُ	Verb		to move	1
وَسُيِّرَتِ	Verb		to move	1
يُسَيِّرُكُمْ	Verb		to move	1
اشْرَحْ	Verb		to expand, to open	1
نَشْرَحْ	Verb		to expand, to open	1
يَشْرَحْ	Verb		to expand, to open	1
فَيَشْفَعُوا	Verb		to intercede	1
يَشْفَعُ	Verb		to intercede	1
يَشْفَعُونَ	Verb		to intercede	1
انْشَقَّتِ	Verb		to split	1
انْشَقَّتْ	Verb		to split	1
وَانْشَقَّ	Verb		to split	1
وَانْشَقَّتِ	Verb		to split	1
وَتَنْشَقُّ	Verb		to split	1
طَعِمُوا	Verb		to eat, to taste, to feed	1
طَعِمْتُمْ	Verb		to eat, to taste, to feed	1
يَطْعَمُهَا	Verb		to eat, to taste, to feed	1
يَطْعَمُهُ	Verb		to eat, to taste, to feed	1
يَطْعَمْهُ	Verb		to eat, to taste, to feed	1
اطْمِسْ	Verb		to blind, to destory, to obliterate	1
طُمِسَتْ	Verb		to blind, to destory, to obliterate	1
فَطَمَسْنَا	Verb		to blind, to destory, to obliterate	1
لَطَمَسْنَا	Verb		to blind, to destory, to obliterate	1
نَطْمِسَ	Verb		to blind, to destory, to obliterate	1
تَطَهَّرْنَ	Verb		to cleanse, to purify	1
فَاطَّهَّرُوا	Verb		to cleanse, to purify	1
يَتَطَهَّرُوا	Verb		to cleanse, to purify	1
عَتَتْ	Verb		to be insolent, to exceed, to rebell	1
عَتَوْا	Verb		to be insolent, to exceed, to rebell	1
فَعَتَوْا	Verb		to be insolent, to exceed, to rebell	1
أَعَجِلْتُمْ	Verb		to hasten	1
لِتَعْجَلَ	Verb		to hasten	1
وَعَجِلْتُ	Verb		to hasten	1
عَجَّلْنَا	Verb		to hasten	1
عَجِّلْ	Verb		to hasten	1
فَعَجَّلَ	Verb		to hasten	1
لَعَجَّلَ	Verb		to hasten	1
يُعَجِّلُ	Verb		to hasten	1
فَيَعْتَذِرُونَ	Verb		to make excuse	1
يَعْتَذِرُونَ	Verb		to make excuse	1
وَاعْتَصِمُوا	Verb		to hold fast	1
يَعْتَصِمْ	Verb		to hold fast	1
فَعَقَرَ	Verb		to hamstrung	1
فَعَقَرُوا	Verb		to hamstrung	1
نُعَمِّرْكُمْ	Verb		to grant life	1
نُعَمِّرْهُ	Verb		to grant life	1
يُعَمَّرَ	Verb		to grant life	1
غَلَّ	Verb		to defraud, to chain, to shackle	1
غُلَّتْ	Verb		to defraud, to chain, to shackle	1
فَغُلُّوهُ	Verb		to defraud, to chain, to shackle	1
يَغُلَّ	Verb		to defraud, to chain, to shackle	1
يَغْلُلْ	Verb		to defraud, to chain, to shackle	1
أَفْتِنَا	Verb		to give ruling, to explain, to advise	1
فَرَّطْتُ	Verb		to neglect, to fail	1
فَرَّطْتُمْ	Verb		to neglect, to fail	1
يُفَرِّطُونَ	Verb		to neglect, to fail	1
فَافْرُقْ	Verb		to divide	1
فَرَقْنَا	Verb		to divide	1
فَرَقْنَاهُ	Verb		to divide	1
يَفْرَقُونَ	Verb		to divide	1
يُفْرَقُ	Verb		to divide	1
فَصَلَ	Verb		to set out, to depart, to judge	1
فَصَلَتِ	Verb		to set out, to depart, to judge	1
فَقَبَضْتُ	Verb		to withhold, to withdraw, to close	1
قَبَضْنَاهُ	Verb		to withhold, to withdraw, to close	1
وَيَقْبِضُونَ	Verb		to withhold, to withdraw, to close	1
وَيَقْبِضْنَ	Verb		to withhold, to withdraw, to close	1
يَقْبِضُ	Verb		to withhold, to withdraw, to close	1
تُقَرِّبُكُمْ	Verb		to bring close	1
فَقَرَّبَهُ	Verb		to bring close	1
قَرَّبَا	Verb		to bring close	1
لِيُقَرِّبُونَا	Verb		to bring close	1
وَقَرَّبْنَاهُ	Verb		to bring close	1
اقْتَرَبَتِ	Verb		to approach, to go near	1
وَاقْتَرَبَ	Verb		to approach, to go near	1
وَاقْتَرِبْ	Verb		to approach, to go near	1
وَقَرِّي	Verb		to cool, to comfort	1
وَقَرْنَ	Verb		to cool, to comfort	1
وَتَقَطَّعَتْ	Verb		to cut, to severe	1
أَكْرَهْتَنَا	Verb		to compel, to force	1
أُكْرِهَ	Verb		to compel, to force	1
يُكْرِهْهُنَّ	Verb		to compel, to force	1
اكْتَسَبَ	Verb		to earn	1
اكْتَسَبَتْ	Verb		to earn	1
تَمْتَرُنَّ	Verb		to dispute, to doubt	1
أَنْصَحَ	Verb		to advise	1
نَصَحُوا	Verb		to advise	1
وَأَنْصَحُ	Verb		to advise	1
تَهْجُرُونَ	Verb		to avoid	1
فَاهْجُرْ	Verb		to avoid	1
وَاهْجُرُوهُنَّ	Verb		to avoid	1
وَاهْجُرْنِي	Verb		to avoid	1
وَاهْجُرْهُمْ	Verb		to avoid	1
لِيَهْلِكَ	Verb		to die, to be destroyed	1
تُوصُونَ	Verb		to make, to instruct, to enjoin	1
وَأَوْصَانِي	Verb		to make, to instruct, to enjoin	1
يُوصَىٰ	Verb		to make, to instruct, to enjoin	1
يُوصِي	Verb		to make, to instruct, to enjoin	1
يُوصِيكُمُ	Verb		to make, to instruct, to enjoin	1
أَتَوَاصَوْا	Verb		to enjoin, to transmit	1
أَوْقَدُوا	Verb		to kindle, to heat, to ignite, to light	1
تُوقِدُونَ	Verb		to kindle, to heat, to ignite, to light	1
فَأَوْقِدْ	Verb		to kindle, to heat, to ignite, to light	1
يُوقَدُ	Verb		to kindle, to heat, to ignite, to light	1
يُوقِدُونَ	Verb		to kindle, to heat, to ignite, to light	1
وَهَنَ	Verb		to weaken	1
وَهَنُوا	Verb		to weaken	1
آسَىٰ	Verb		to grieve	1
سَيُبْطِلُهُ	Verb		to make vain, to nullify	1
وَيُبْطِلَ	Verb		to make vain, to nullify	1
تَبَوَّءُوا	Verb		to settle	1
تَبَوَّآ	Verb		to settle	1
نَتَبَوَّأُ	Verb		to settle	1
يَتَبَوَّأُ	Verb		to settle	1
بَيَّتَ	Verb		to plan by night	1
لَنُبَيِّتَنَّهُ	Verb		to plan by night	1
فَتَمَّ	Verb		to be fulfilled, to be completed	1
أَجْمَعُوا	Verb		to resolve, to agree, to put together	1
وَأَجْمَعُوا	Verb		to resolve, to agree, to put together	1
جَاوَزَا	Verb		to cross, to pass beyond	1
جَاوَزَهُ	Verb		to cross, to pass beyond	1
فَاسْتَحَبُّوا	Verb		to prefer	1
يَسْتَحِبُّونَ	Verb		to prefer	1
وَسَيُحْبِطُ	Verb		to make worthless	1
يُحَرِّفُونَهُ	Verb		to distort	1
حَافِظُوا	Verb		to guard	1
لِيُحِقَّ	Verb		to justify, to establish	1
يُحِقَّ	Verb		to justify, to establish	1
وَحُلُّوا	Verb		to adorn	1
حَيَّوْكَ	Verb		to greet	1
حُيِّيتُمْ	Verb		to greet	1
فَحَيُّوا	Verb		to greet	1
يُحَيِّكَ	Verb		to greet	1
اسْتَخْرَجَهَا	Verb		to bring out	1
وَتَسْتَخْرِجُوا	Verb		to bring out	1
وَتَسْتَخْرِجُونَ	Verb		to bring out	1
وَيَسْتَخْرِجَا	Verb		to bring out	1
أَخَرَقْتَهَا	Verb		to falsely attribute, to tear	1
تَخْرِقَ	Verb		to falsely attribute, to tear	1
خَرَقَهَا	Verb		to falsely attribute, to tear	1
وَخَرَقُوا	Verb		to falsely attribute, to tear	1
وَنُخَوِّفُهُمْ	Verb		to frighten, to threaten	1
وَيُخَوِّفُونَكَ	Verb		to frighten, to threaten	1
وَخَابَ	Verb		to fail	1
اخْتَرْتُكَ	Verb		to choose	1
اخْتَرْنَاهُمْ	Verb		to choose	1
وَاخْتَارَ	Verb		to choose	1
وَيَخْتَارُ	Verb		to choose	1
لِيَدَّبَّرُوا	Verb		to ponder	1
فَادْرَءُوا	Verb		to avert, to repel, to prevent	1
وَيَدْرَأُ	Verb		to avert, to repel, to prevent	1
لِيَرْبُوَ	Verb		to increase, to swell	1
يَرْبُو	Verb		to increase, to swell	1
فَارْغَبْ	Verb		to desire, to prefer	1
وَتَرْغَبُونَ	Verb		to desire, to prefer	1
يَرْغَبُ	Verb		to desire, to prefer	1
يَرْغَبُوا	Verb		to desire, to prefer	1
فَارْتَقِبْهُمْ	Verb		to watch	1
وَارْتَقِبُوا	Verb		to watch	1
أُزْلِفَتْ	Verb		to bring near	1
وَأَزْلَفْنَا	Verb		to bring near	1
يَسْرِقْ	Verb		to steal	1
يَسْرِقْنَ	Verb		to steal	1
سَوَّلَ	Verb		to entice, to suggest	1
يَسُومُهُمْ	Verb		to afflict	1
تَشَابَهَتْ	Verb		to look alike, to seem alike	1
فَتَشَابَهَ	Verb		to look alike, to seem alike	1
شَرَوْا	Verb		to sell	1
وَشَرَوْهُ	Verb		to sell	1
يَشْرُونَ	Verb		to sell	1
يَشْرِي	Verb		to sell	1
شَقُوا	Verb		to suffer, to be wretched, to be distressed	1
فَتَشْقَىٰ	Verb		to suffer, to be wretched, to be distressed	1
لِتَشْقَىٰ	Verb		to suffer, to be wretched, to be distressed	1
يَشْقَىٰ	Verb		to suffer, to be wretched, to be distressed	1
صَبَبْنَا	Verb		to pour	1
صُبُّوا	Verb		to pour	1
فَصَبَّ	Verb		to pour	1
يُصَبُّ	Verb		to pour	1
وَصَدَفَ	Verb		to turn away	1
وَأَصَرُّوا	Verb		to persist	1
يُصِرُّ	Verb		to persist	1
يُصِرُّوا	Verb		to persist	1
يُصِرُّونَ	Verb		to persist	1
لَأُصَلِّبَنَّكُمْ	Verb		to crucify	1
يُصَلَّبُوا	Verb		to crucify	1
سَأُصْلِيهِ	Verb		to burn	1
نُصْلِيهِ	Verb		to burn	1
نُصْلِيهِمْ	Verb		to burn	1
وَنُصْلِهِ	Verb		to burn	1
صَوَّرْنَاكُمْ	Verb		to form, to fashion, to shape	1
يُصَوِّرُكُمْ	Verb		to form, to fashion, to shape	1
يَسْتَعْتِبُوا	Verb		to ask for favor	1
لِيُعْجِزَهُ	Verb		to escape	1
نُعْجِزَ	Verb		to escape	1
نُعْجِزَهُ	Verb		to escape	1
يُعْجِزُونَ	Verb		to escape	1
تَعْزِمُوا	Verb		to resolve, to decide, to determine	1
عَزَمَ	Verb		to resolve, to decide, to determine	1
عَزَمُوا	Verb		to resolve, to decide, to determine	1
عَزَمْتَ	Verb		to resolve, to decide, to determine	1
عَمَرُوهَا	Verb		to maintain, to build on	1
وَعَمَرُوهَا	Verb		to maintain, to build on	1
يَعْمُرُ	Verb		to maintain, to build on	1
يَعْمُرُوا	Verb		to maintain, to build on	1
نَسْتَعِينُ	Verb		to seek help	1
وَاسْتَعِينُوا	Verb		to seek help	1
أُغْشِيَتْ	Verb		to cover	1
فَأَغْشَيْنَاهُمْ	Verb		to cover	1
وَاغْضُضْ	Verb		to lower	1
يَغُضُّونَ	Verb		to lower	1
وَاسْتَغْنَى	Verb		to be self-sufficient	1
وَاسْتَغْنَىٰ	Verb		to be self-sufficient	1
تَسْتَغِيثُونَ	Verb		to seek help	1
فَاسْتَغَاثَهُ	Verb		to seek help	1
يَسْتَغِيثَانِ	Verb		to seek help	1
يَسْتَغِيثُوا	Verb		to seek help	1
فَلَيُغَيِّرُنَّ	Verb		to change	1
يُغَيِّرُ	Verb		to change	1
تَفْشَلَا	Verb		to lose courage	1
فَتَفْشَلُوا	Verb		to lose courage	1
فَشِلْتُمْ	Verb		to lose courage	1
لَفَشِلْتُمْ	Verb		to lose courage	1
سَنُقَتِّلُ	Verb		to kill	1
وَقُتِّلُوا	Verb		to kill	1
يُقَتَّلُوا	Verb		to kill	1
يُقَتِّلُونَ	Verb		to kill	1
اقْتَتَلَ	Verb		to fight	1
يَقْتَتِلَانِ	Verb		to fight	1
وَقَدَّتْ	Verb		to tear	1
تَسْتَقْدِمُونَ	Verb		to advance, to precede	1
أَأَقْرَرْتُمْ	Verb		to ratify, to affirm	1
أَقْرَرْتُمْ	Verb		to ratify, to affirm	1
أَقْرَرْنَا	Verb		to ratify, to affirm	1
وَنُقِرُّ	Verb		to ratify, to affirm	1
اقْتَرَفْتُمُوهَا	Verb		to commit, to acquire, to earn	1
وَلِيَقْتَرِفُوا	Verb		to commit, to acquire, to earn	1
يَقْتَرِفُونَ	Verb		to commit, to acquire, to earn	1
يَقْتَرِفْ	Verb		to commit, to acquire, to earn	1
قَفَّيْنَا	Verb		to send, to follow	1
قَنَطُوا	Verb		to despair	1
يَقْنَطُ	Verb		to despair	1
فَكَبِّرْ	Verb		to magnify	1
لِتُكَبِّرُوا	Verb		to magnify	1
وَكَبِّرْهُ	Verb		to magnify	1
وَلِتُكَبِّرُوا	Verb		to magnify	1
أَكْرَمَنِ	Verb		to honor, to make comfortable, to be generous	1
أَكْرِمِي	Verb		to honor, to make comfortable, to be generous	1
تُكْرِمُونَ	Verb		to honor, to make comfortable, to be generous	1
فَأَكْرَمَهُ	Verb		to honor, to make comfortable, to be generous	1
تَكَلَّمُ	Verb		to speak	1
نَتَكَلَّمَ	Verb		to speak	1
يَتَكَلَّمُ	Verb		to speak	1
يَتَكَلَّمُونَ	Verb		to speak	1
أَلْحَقْتُمْ	Verb		to join	1
أَلْحَقْنَا	Verb		to join	1
تَلَقَّوْنَهُ	Verb		to cast, to throw, to offer	1
فَتَلَقَّىٰ	Verb		to cast, to throw, to offer	1
وَتَتَلَقَّاهُمُ	Verb		to cast, to throw, to offer	1
يَتَلَقَّى	Verb		to cast, to throw, to offer	1
فَلَمَسُوهُ	Verb		to touch, to have contact	1
لَمَسْنَا	Verb		to touch, to have contact	1
أَلْهَاكُمُ	Verb		to distract, to divert	1
تُلْهِكُمْ	Verb		to distract, to divert	1
تُلْهِيهِمْ	Verb		to distract, to divert	1
وَيُلْهِهِمُ	Verb		to distract, to divert	1
أَفَتُمَارُونَهُ	Verb		to dispute, to doubt	1
تَتَمَارَىٰ	Verb		to dispute, to doubt	1
فَتَمَارَوْا	Verb		to dispute, to doubt	1
يُمَارُونَ	Verb		to dispute, to doubt	1
أَمْضِيَ	Verb		to go on, to continue, to pass	1
مَضَتْ	Verb		to go on, to continue, to pass	1
وَامْضُوا	Verb		to go on, to continue, to pass	1
وَمَضَىٰ	Verb		to go on, to continue, to pass	1
فَمَكَثَ	Verb		to stay, to remain	1
فَيَمْكُثُ	Verb		to stay, to remain	1
أَنْبَأَكَ	Verb		to inform	1
أَنْبَأَهُمْ	Verb		to inform	1
أَنْبِئُونِي	Verb		to inform	1
أَنْبِئْهُمْ	Verb		to inform	1
تَتَنَاجَوْا	Verb		to hold secret counsel	1
تَنَاجَيْتُمْ	Verb		to hold secret counsel	1
وَتَنَاجَوْا	Verb		to hold secret counsel	1
وَيَتَنَاجَوْنَ	Verb		to hold secret counsel	1
تَنْحِتُونَ	Verb		to carve	1
يَنْحِتُونَ	Verb		to carve	1
نَذَرْتُمْ	Verb		to vow, to worn	1
يُنْذَرُونَ	Verb		to vow, to worn	1
نَزَغَ	Verb		to cause discord	1
يَنْزَغُ	Verb		to cause discord	1
تَنْفَدَ	Verb		to be exhausted	1
لَنَفِدَ	Verb		to be exhausted	1
نَفِدَتْ	Verb		to be exhausted	1
يَنْفَدُ	Verb		to be exhausted	1
تُنْقِذُ	Verb		to save	1
فَأَنْقَذَكُمْ	Verb		to save	1
يُنْقَذُونَ	Verb		to save	1
يُنْقِذُونِ	Verb		to save	1
تَنْقِمُ	Verb		to resent, to take revenge	1
تَنْقِمُونَ	Verb		to resent, to take revenge	1
فَأُوَارِيَ	Verb		to hide, to conceal, to cover	1
وُورِيَ	Verb		to hide, to conceal, to cover	1
تُوَاعِدُوهُنَّ	Verb		to appoint	1
وَاعَدْنَا	Verb		to appoint	1
وَوَاعَدْنَا	Verb		to appoint	1
وَوَاعَدْنَاكُمْ	Verb		to appoint	1
يَتَأَخَّرَ	Verb		to delay, to stay behind	1
أَذَّنَ	Verb		to announce, to proclaim	1
فَأَذَّنَ	Verb		to announce, to proclaim	1
وَأَذِّنْ	Verb		to announce, to proclaim	1
يَأْلَمُونَ	Verb		to suffer	1
يُبْدِلَنَا	Verb		to substitute	1
يُبْدِلَهُ	Verb		to substitute	1
يُبْدِلَهُمَا	Verb		to substitute	1
يَتَبَدَّلِ	Verb		to exchange	1
أَتَسْتَبْدِلُونَ	Verb		to replace	1
وَيَسْتَبْدِلْ	Verb		to replace	1
يَسْتَبْدِلْ	Verb		to replace	1
أَبْرَحَ	Verb		to leave, to cease	1
أَبْرَحُ	Verb		to leave, to cease	1
نَبْرَحَ	Verb		to leave, to cease	1
بَصُرْتُ	Verb		to perceive, to watch	1
فَبَصُرَتْ	Verb		to perceive, to watch	1
يَبْصُرُوا	Verb		to perceive, to watch	1
أَبْقَىٰ	Verb		to remain	1
بَقِيَ	Verb		to remain	1
وَيَبْقَىٰ	Verb		to remain	1
ابْيَضَّتْ	Verb		to become white	1
تَبْيَضُّ	Verb		to become white	1
وَابْيَضَّتْ	Verb		to become white	1
أُتْرِفُوا	Verb		to give luxury	1
أُتْرِفْتُمْ	Verb		to give luxury	1
وَأَتْرَفْنَاهُمْ	Verb		to give luxury	1
فَأَثَابَكُمْ	Verb		to reward	1
فَأَثَابَهُمُ	Verb		to reward	1
وَأَثَابَهُمْ	Verb		to reward	1
تَجْأَرُونَ	Verb		to cry for help	1
أَتُحَدِّثُونَهُمْ	Verb		to report, to narate	1
تُحَدِّثُ	Verb		to report, to narate	1
فَحَدِّثْ	Verb		to report, to narate	1
أُحْدِثَ	Verb		to cause, to bring about	1
حَرَصْتُمْ	Verb		to desire	1
لَنُحَرِّقَنَّهُ	Verb		to burn	1
فَحَاسَبْنَاهَا	Verb		to take to account	1
يُحَاسَبُ	Verb		to take to account	1
يُحَاسِبْكُمْ	Verb		to take to account	1
يَحْتَسِبُ	Verb		to take into account, to expect, to think	1
يَحْتَسِبُوا	Verb		to take into account, to expect, to think	1
يَحْتَسِبُونَ	Verb		to take into account, to expect, to think	1
تَحْسُدُونَنَا	Verb		to envy	1
حَسَدَ	Verb		to envy	1
يَحْسُدُونَ	Verb		to envy	1
أَحَسَّ	Verb		to perceive	1
أَحَسُّوا	Verb		to perceive	1
تُحِسُّ	Verb		to perceive	1
حَسُنَتْ	Verb		to be the best, to be good	1
وَحَسُنَ	Verb		to be the best, to be good	1
وَحَسُنَتْ	Verb		to be the best, to be good	1
أَحْضَرَتْ	Verb		to bring	1
لَنُحْضِرَنَّهُمْ	Verb		to bring	1
وَأُحْضِرَتِ	Verb		to bring	1
احْتَمَلَ	Verb		to carry, to bear	1
احْتَمَلُوا	Verb		to carry, to bear	1
فَاحْتَمَلَ	Verb		to carry, to bear	1
وَحَالَ	Verb		to come	1
وَحِيلَ	Verb		to come	1
يَحُولُ	Verb		to come	1
خَاطَبَهُمُ	Verb		to address	1
خَطِفَ	Verb		to snatch	1
فَتَخْطَفُهُ	Verb		to snatch	1
يَخْطَفُ	Verb		to snatch	1
نُتَخَطَّفْ	Verb		to do away with, to sweep, to take away	1
وَيُتَخَطَّفُ	Verb		to do away with, to sweep, to take away	1
يَتَخَطَّفَكُمُ	Verb		to do away with, to sweep, to take away	1
تَسْتَخِفُّونَهَا	Verb		to take lightly, to bluff	1
فَاسْتَخَفَّ	Verb		to take lightly, to bluff	1
يَسْتَخِفَّنَّكَ	Verb		to take lightly, to bluff	1
لِيَسْتَخْفُوا	Verb		to hide	1
اخْتَلَطَ	Verb		to join, to absorb, to mingle	1
خَوَّلَهُ	Verb		to bestow	1
خَوَّلْنَاكُمْ	Verb		to bestow	1
خَوَّلْنَاهُ	Verb		to bestow	1
ادَّارَكَ	Verb		to overtake, to arrest	1
ادَّارَكُوا	Verb		to overtake, to arrest	1
تَدَارَكَهُ	Verb		to overtake, to arrest	1
يَدَّعُونَ	Verb		to call, to ask	1
وَيُذَبِّحُونَ	Verb		to slaughter	1
رَبَطْنَا	Verb		to strengthen, to make firm	1
وَرَبَطْنَا	Verb		to strengthen, to make firm	1
وَلِيَرْبِطَ	Verb		to strengthen, to make firm	1
تُرْجِي	Verb		to defer, to postpone	1
أَرْدَاكُمْ	Verb		to ruin	1
لَتُرْدِينِ	Verb		to ruin	1
لِيُرْدُوهُمْ	Verb		to ruin	1
لِيُرْضُوكُمْ	Verb		to please, to satisfy	1
يُرْضُونَكُمْ	Verb		to please, to satisfy	1
يُرْضُوهُ	Verb		to please, to satisfy	1
تَرْقُبْ	Verb		to respect	1
يَرْقُبُوا	Verb		to respect	1
يَرْقُبُونَ	Verb		to respect	1
ارْكُضْ	Verb		to flee, to strike	1
تَرْكُضُوا	Verb		to flee, to strike	1
يَرْكُضُونَ	Verb		to flee, to strike	1
يَرْهَبُونَ	Verb		to fear	1
تُرْهِقْنِي	Verb		to be hard on, to overburden, to cover	1
سَأُرْهِقُهُ	Verb		to be hard on, to overburden, to cover	1
يُرْهِقَهُمَا	Verb		to be hard on, to overburden, to cover	1
زُلْزِلَتِ	Verb		to shake	1
وَزَهَقَ	Verb		to depart, to perish	1
تَزُولَا	Verb		to cease	1
زَالَتَا	Verb		to cease	1
لِتَزُولَ	Verb		to cease	1
تَسْأَمُوا	Verb		to tire	1
يَسْأَمُ	Verb		to tire	1
يَسْأَمُونَ	Verb		to tire	1
لَيَسْجُنُنَّهُ	Verb		to imprison	1
لَيُسْجَنَنَّ	Verb		to imprison	1
يُسْجَنَ	Verb		to imprison	1
تُسْحَرُونَ	Verb		to bewitch, to delude	1
سَحَرُوا	Verb		to bewitch, to delude	1
لِتَسْحَرَنَا	Verb		to bewitch, to delude	1
سَرِّحُوهُنَّ	Verb		to release	1
وَأُسَرِّحْكُنَّ	Verb		to release	1
وَسَرِّحُوهُنَّ	Verb		to release	1
تَسْقُطُ	Verb		to fall, to regret	1
سَقَطُوا	Verb		to fall, to regret	1
سُقِطَ	Verb		to fall, to regret	1
تُسْقِطَ	Verb		to cause toll, to cause to fall	1
فَأَسْقِطْ	Verb		to cause toll, to cause to fall	1
نُسْقِطْ	Verb		to cause toll, to cause to fall	1
يَشَّقَّقُ	Verb		to split	1
تُضَارَّ	Verb		to suffer, to be harmed	1
تُضَارُّوهُنَّ	Verb		to suffer, to be harmed	1
يُضَارَّ	Verb		to suffer, to be harmed	1
يَضَّرَّعُونَ	Verb		to humble	1
أَضَاءَ	Verb		to light, to flash, to glow	1
أَضَاءَتْ	Verb		to light, to flash, to glow	1
يُضِيءُ	Verb		to light, to flash, to glow	1
تَطْرُدِ	Verb		to send away, to drive away	1
طَرَدْتُهُمْ	Verb		to send away, to drive away	1
فَتَطْرُدَهُمْ	Verb		to send away, to drive away	1
أَطْفَأَهَا	Verb		to extinguish, to put out	1
لِيُطْفِئُوا	Verb		to extinguish, to put out	1
يُطْفِئُوا	Verb		to extinguish, to put out	1
فَطَفِقَ	Verb		to begin	1
أَفَطَالَ	Verb		to prolong, to grow long	1
طَالَ	Verb		to prolong, to grow long	1
فَطَالَ	Verb		to prolong, to grow long	1
طَابَ	Verb		to seem suitable, to remit, to do well	1
طِبْتُمْ	Verb		to seem suitable, to remit, to do well	1
طِبْنَ	Verb		to seem suitable, to remit, to do well	1
اطَّيَّرْنَا	Verb		to ascribe an evil omen	1
تَطَيَّرْنَا	Verb		to ascribe an evil omen	1
يَطَّيَّرُوا	Verb		to ascribe an evil omen	1
تَعْدُ	Verb		to transgress, to pass beyond	1
تَعْدُوا	Verb		to transgress, to pass beyond	1
يَعْدُونَ	Verb		to transgress, to pass beyond	1
وَيَتَعَدَّ	Verb		to transgress	1
اعْتَرَفُوا	Verb		to acknowledge, to confess	1
فَاعْتَرَفُوا	Verb		to acknowledge, to confess	1
فَاعْتَرَفْنَا	Verb		to acknowledge, to confess	1
وَتُعَزِّرُوهُ	Verb		to honour, to assist	1
وَعَزَّرُوهُ	Verb		to honour, to assist	1
وَعَزَّرْتُمُوهُمْ	Verb		to honour, to assist	1
يَعْصِمُكَ	Verb		to save, to protect	1
يَعْصِمُكُمْ	Verb		to save, to protect	1
يَعْصِمُنِي	Verb		to save, to protect	1
فَلْيَسْتَعْفِفْ	Verb		to refrain, to be chaste	1
وَلْيَسْتَعْفِفِ	Verb		to refrain, to be chaste	1
يَسْتَعْفِفْنَ	Verb		to refrain, to be chaste	1
لَعَنِتُّمْ	Verb		to suffer, to be distressed	1
اغْدُوا	Verb		to leave early	1
غَدَوْتَ	Verb		to leave early	1
وَغَدَوْا	Verb		to leave early	1
غَشَّىٰ	Verb		to cover	1
فَغَشَّاهَا	Verb		to cover	1
يُغَشِّيكُمُ	Verb		to cover	1
غَوَىٰ	Verb		to err, to go astray	1
غَوَيْنَا	Verb		to err, to go astray	1
فَغَوَىٰ	Verb		to err, to go astray	1
لِيَغِيظَ	Verb		to anger, to enrage	1
تَسْتَفْتِحُوا	Verb		to seek victory	1
وَاسْتَفْتَحُوا	Verb		to seek victory	1
يَسْتَفْتِحُونَ	Verb		to seek victory	1
أُفْرِغْ	Verb		to pour	1
لَيَسْتَفِزُّونَكَ	Verb		to incite, to scare, to drive out	1
وَاسْتَفْزِزْ	Verb		to incite, to scare, to drive out	1
يَسْتَفِزَّهُمْ	Verb		to incite, to scare, to drive out	1
فَزِعُوا	Verb		to be terrified, to be afraid	1
لَفَسَدَتَا	Verb		to be corrupted, to be ruined	1
انْفَضُّوا	Verb		to rush, to disperse	1
لَانْفَضُّوا	Verb		to rush, to disperse	1
يَنْفَضُّوا	Verb		to rush, to disperse	1
تَفُورُ	Verb		to overflow, to gush forth, to boil up	1
فَأَفُوزَ	Verb		to be successful, to attain	1
فَاءُوا	Verb		to return	1
تُقْسِطُوا	Verb		to be just	1
وَأَقْسِطُوا	Verb		to be just	1
وَتُقْسِطُوا	Verb		to be just	1
فَقَسَتْ	Verb		to harden	1
كُبِتَ	Verb		to be disgraced	1
كُبِتُوا	Verb		to be disgraced	1
يَكْبِتَهُمْ	Verb		to be disgraced	1
اسْتَكْثَرْتُمْ	Verb		to multiply, to acquire more	1
تَسْتَكْثِرُ	Verb		to multiply, to acquire more	1
لَاسْتَكْثَرْتُ	Verb		to multiply, to acquire more	1
فَكَسَوْنَا	Verb		to clothe, to cover	1
نَكْسُوهَا	Verb		to clothe, to cover	1
وَاكْسُوهُمْ	Verb		to clothe, to cover	1
يَكْفُلُ	Verb		to take charge, to nurse, to rear	1
يَكْفُلُهُ	Verb		to take charge, to nurse, to rear	1
يَكْفُلُونَهُ	Verb		to take charge, to nurse, to rear	1
كَنَزْتُمْ	Verb		to hoard	1
أَكْنَنْتُمْ	Verb		to conceal	1
كُوِّرَتْ	Verb		to wrap	1
وَيُكَوِّرُ	Verb		to wrap	1
يُكَوِّرُ	Verb		to wrap	1
أَلْزَمْنَاهُ	Verb		to compel, to make adhere	1
أَنُلْزِمُكُمُوهَا	Verb		to compel, to make adhere	1
وَأَلْزَمَهُمْ	Verb		to compel, to make adhere	1
أَلْفَوْا	Verb		to find	1
أَلْفَيْنَا	Verb		to find	1
وَأَلْفَيَا	Verb		to find	1
تَلْقَفْ	Verb		to swallow	1
تَلْمِزُوا	Verb		to criticize, to insult	1
يَلْمِزُكَ	Verb		to criticize, to insult	1
يَلْمِزُونَ	Verb		to criticize, to insult	1
تَلُومُونِي	Verb		to blame	1
لُمْتُنَّنِي	Verb		to blame	1
وَلُومُوا	Verb		to blame	1
تَلْوُوا	Verb		to distort	1
تَلْوُونَ	Verb		to distort	1
يَلْوُونَ	Verb		to distort	1
فَمَحَوْنَا	Verb		to eliminate, to erase	1
وَيَمْحُ	Verb		to eliminate, to erase	1
يَمْحُو	Verb		to eliminate, to erase	1
فَاسْتَمْسِكْ	Verb		to grasp, to hold fast	1
فَلْيُمْلِلْ	Verb		to dictate	1
وَلْيُمْلِلِ	Verb		to dictate	1
يُمِلَّ	Verb		to dictate	1
تَمَنَّوْا	Verb		to wish	1
تُمْنَىٰ	Verb		to emit	1
تُمْنُونَ	Verb		to emit	1
يُمْنَىٰ	Verb		to emit	1
فَيَمِيلُونَ	Verb		to deviate, to assult, to incline	1
وَيَنْأَوْنَ	Verb		to distance, to become remote, to keep away	1
لَنَنْسِفَنَّهُ	Verb		to scatter, to blow away, to blast	1
نُسِفَتْ	Verb		to scatter, to blow away, to blast	1
يَنْسِفُهَا	Verb		to scatter, to blow away, to blast	1
نُشِرَتْ	Verb		to spread, to lay open	1
وَيَنْشُرُ	Verb		to spread, to lay open	1
يَنْشُرْ	Verb		to spread, to lay open	1
أَنْشَرَهُ	Verb		to raise, to revive, to resurrect	1
فَأَنْشَرْنَا	Verb		to raise, to revive, to resurrect	1
يُنْشِرُونَ	Verb		to raise, to revive, to resurrect	1
تَنْتَشِرُونَ	Verb		to disperse	1
تَنْفُذُوا	Verb		to pass	1
تَنْفُذُونَ	Verb		to pass	1
فَانْفُذُوا	Verb		to pass	1
أُنْكِحَكَ	Verb		to marry	1
تُنْكِحُوا	Verb		to marry	1
وَأَنْكِحُوا	Verb		to marry	1
تُنْكِرُونَ	Verb		to deny	1
يُنْكِرُ	Verb		to deny	1
يُنْكِرُونَهَا	Verb		to deny	1
اسْتَنْكَفُوا	Verb		to disdain	1
يَسْتَنْكِفَ	Verb		to disdain	1
يَسْتَنْكِفْ	Verb		to disdain	1
وَأَوْجَسَ	Verb		to feel, to sense	1
تَوْجَلْ	Verb		to feel fear, to be afraid	1
وَزَنُوهُمْ	Verb		to weigh	1
تَطَئُوهَا	Verb		to step, to trod, to trample	1
تَطَئُوهُمْ	Verb		to step, to trod, to trample	1
يَطَئُونَ	Verb		to step, to trod, to trample	1
وَقِفُوهُمْ	Verb		to make stand	1
يَلِجَ	Verb		to penetrate, to pass	1
تَيَمَّمُوا	Verb		to aim, to do tayammum	1
اسْتَأْجَرْتَ	Verb		to hire	1
اسْتَأْجِرْهُ	Verb		to hire	1
أَجَّلْتَ	Verb		to appoint	1
أُجِّلَتْ	Verb		to appoint	1
آذَنَّاكَ	Verb		to announce	1
آذَنْتُكُمْ	Verb		to announce	1
وَأْتَمِرُوا	Verb		to consult	1
يَأْتَمِرُونَ	Verb		to consult	1
أُبَرِّئُ	Verb		to absolve, to clear	1
فَبَرَّأَهُ	Verb		to absolve, to clear	1
وَأُبْرِئُ	Verb		to heal, to cure	1
وَتُبْرِئُ	Verb		to heal, to cure	1
تَبَرُّوا	Verb		to be good, to be kind	1
تَبَرُّوهُمْ	Verb		to be good, to be kind	1
أُبْسِلُوا	Verb		to give up to destruction	1
تُبْسَلَ	Verb		to give up to destruction	1
بُعْثِرَ	Verb		to overturn, to scatter	1
بُعْثِرَتْ	Verb		to overturn, to scatter	1
بَعُدَتْ	Verb		to become distant, to take away	1
بَعِدَتْ	Verb		to become distant, to take away	1
لَتُبْلَوُنَّ	Verb		to test	1
وَلِيُبْلِيَ	Verb		to test	1
فَبُهِتَ	Verb		to be bewildered, to be dumbfounded	1
فَتَبْهَتُهُمْ	Verb		to be bewildered, to be dumbfounded	1
تَبُورَ	Verb		to perish	1
يَبُورُ	Verb		to perish	1
تَبَّتْ	Verb		to perish	1
وَتَبَّ	Verb		to perish	1
تَبَّرْنَا	Verb		to destory	1
وَلِيُتَبِّرُوا	Verb		to destory	1
لِيُثْبِتُوكَ	Verb		to restrain, to confirm	1
وَيُثْبِتُ	Verb		to restrain, to confirm	1
أَثْخَنْتُمُوهُمْ	Verb		to battle, to subdue	1
يُثْخِنَ	Verb		to battle, to subdue	1
فَاجْلِدُوا	Verb		to flog	1
فَاجْلِدُوهُمْ	Verb		to flog	1
جَلَّاهَا	Verb		to reveal	1
يُجَلِّيهَا	Verb		to reveal	1
اجْتَمَعَتِ	Verb		to gather	1
اجْتَمَعُوا	Verb		to gather	1
جَنَحُوا	Verb		to incline	1
فَاجْنَحْ	Verb		to incline	1
تُحْبَرُونَ	Verb		to delight	1
يُحْبَرُونَ	Verb		to delight	1
تَحْبِسُونَهُمَا	Verb		to detain	1
يَحْبِسُهُ	Verb		to detain	1
حَادَّ	Verb		to oppose	1
يُحَادِدِ	Verb		to oppose	1
حَارَبَ	Verb		to wage war	1
يُحَارِبُونَ	Verb		to wage war	1
حَرِّضِ	Verb		to urge, to encourage	1
وَحَرِّضِ	Verb		to urge, to encourage	1
حَصِرَتْ	Verb		to restrain, to besiege	1
وَاحْصُرُوهُمْ	Verb		to restrain, to besiege	1
أُحْصِرُوا	Verb		to hold back, to wrap up	1
أُحْصِرْتُمْ	Verb		to hold back, to wrap up	1
اسْتَحَقَّ	Verb		to be guilty, to have right	1
اسْتَحَقَّا	Verb		to be guilty, to have right	1
يُحَكِّمُوكَ	Verb		to make judge	1
يُحَكِّمُونَكَ	Verb		to make judge	1
أُحْكِمَتْ	Verb		to perfect, to establish	1
يُحْكِمُ	Verb		to perfect, to establish	1
اسْتَحْوَذَ	Verb		to overcome, to have advantage	1
نَسْتَحْوِذْ	Verb		to overcome, to have advantage	1
فَتُخْبِتَ	Verb		to be humble	1
وَأَخْبَتُوا	Verb		to be humble	1
يَخْدَعُوكَ	Verb		to deceive	1
يَخْدَعُونَ	Verb		to deceive	1
تُخْسِرُوا	Verb		to give less, to make deficient	1
يُخْسِرُونَ	Verb		to give less, to make deficient	1
تَخْشَعَ	Verb		to become humble	1
وَخَشَعَتِ	Verb		to become humble	1
أَخْطَأْتُمْ	Verb		to err, to make mistake	1
أَخْطَأْنَا	Verb		to err, to make mistake	1
تَخْلُدُونَ	Verb		to live forever	1
وَيَخْلُدْ	Verb		to live forever	1
أَخْلَدَ	Verb		to adhere	1
أَخْلَدَهُ	Verb		to adhere	1
أَخْلَصْنَاهُمْ	Verb		to choose, to be sincere	1
وَأَخْلَصُوا	Verb		to choose, to be sincere	1
أُخَالِفَكُمْ	Verb		to oppose, to differ	1
يُخَالِفُونَ	Verb		to oppose, to differ	1
تَخَيَّرُونَ	Verb		to select, to choose	1
يَتَخَيَّرُونَ	Verb		to select, to choose	1
يَدُعُّ	Verb		to thrust, to repulse	1
يُدَعُّونَ	Verb		to thrust, to repulse	1
دُكَّتِ	Verb		to crush, to level	1
فَدُكَّتَا	Verb		to crush, to level	1
فَأَدْلَىٰ	Verb		to present, to let down	1
وَتُدْلُوا	Verb		to present, to let down	1
دَنَا	Verb		to approach, to draw	1
يُدْنِينَ	Verb		to approach, to draw	1
تُدْهِنُ	Verb		to compromise	1
فَيُدْهِنُونَ	Verb		to compromise	1
وَذَلَّلْنَاهَا	Verb		to tame	1
وَذُلِّلَتْ	Verb		to tame	1
تَرَاءَتِ	Verb		to come in sight	1
تَرَاءَى	Verb		to come in sight	1
رَبَّيَانِي	Verb		to bring up	1
نُرَبِّكَ	Verb		to bring up	1
أَرْبَىٰ	Verb		to increase, to make numerous	1
وَيُرْبِي	Verb		to increase, to make numerous	1
وَرَتَّلْنَاهُ	Verb		to recite	1
وَرَتِّلِ	Verb		to recite	1
تَرَاضَوْا	Verb		to agree	1
تَرَاضَيْتُمْ	Verb		to agree	1
رَعَوْهَا	Verb		to pasture, to observe	1
وَارْعَوْا	Verb		to pasture, to observe	1
رَاعِنَا	Verb		to observe	1
وَرَاعِنَا	Verb		to observe	1
أَرْكَسَهُمْ	Verb		to cast back, to plunge	1
أُرْكِسُوا	Verb		to cast back, to plunge	1
تَرْكَنُ	Verb		to incline	1
تَرْكَنُوا	Verb		to incline	1
تَزْرَعُونَ	Verb		to plant, to sow	1
تَزْرَعُونَهُ	Verb		to plant, to sow	1
زَلَلْتُمْ	Verb		to slip	1
فَتَزِلَّ	Verb		to slip	1
يَزْنُونَ	Verb		to commit adultery	1
يَزْنِينَ	Verb		to commit adultery	1
تَسُبُّوا	Verb		to insult	1
فَيَسُبُّوا	Verb		to insult	1
سَخِطَ	Verb		to anger, to enrage	1
يَسْخَطُونَ	Verb		to anger, to enrage	1
تَسْفِكُونَ	Verb		to shed	1
وَيَسْفِكُ	Verb		to shed	1
اسْتَسْقَاهُ	Verb		to ask for water	1
اسْتَسْقَىٰ	Verb		to ask for water	1
انْسَلَخَ	Verb		to pass, to detach	1
فَانْسَلَخَ	Verb		to pass, to detach	1
لَسَلَّطَهُمْ	Verb		to give power	1
يُسَلِّطُ	Verb		to give power	1
أَسْلَفَتْ	Verb		to do before, to send before	1
أَسْلَفْتُمْ	Verb		to do before, to send before	1
اسْوَدَّتْ	Verb		to become black	1
وَتَسْوَدُّ	Verb		to become black	1
شَرَعَ	Verb		to ordain	1
شَرَعُوا	Verb		to ordain	1
يُشْعِرَنَّ	Verb		to perceive, to be aware	1
يُشْعِرُكُمْ	Verb		to perceive, to be aware	1
أَأَشْفَقْتُمْ	Verb		to fear, to be afraid	1
وَأَشْفَقْنَ	Verb		to fear, to be afraid	1
وَيَشْفِ	Verb		to heal, to cure	1
يَشْفِينِ	Verb		to heal, to cure	1
أَشُقَّ	Verb		to make difficult, to cleave	1
شَقَقْنَا	Verb		to make difficult, to cleave	1
فَاسْتَشْهِدُوا	Verb		to call to witness	1
وَاسْتَشْهِدُوا	Verb		to call to witness	1
تُصَاحِبْنِي	Verb		to keep company	1
وَصَاحِبْهُمَا	Verb		to keep company	1
فَصَعِقَ	Verb		to faint, to fall dead	1
يُصْعَقُونَ	Verb		to faint, to fall dead	1
صَغَتْ	Verb		to incline	1
وَلِتَصْغَىٰ	Verb		to incline	1
أَفَأَصْفَاكُمْ	Verb		to choose	1
وَأَصْفَاكُمْ	Verb		to choose	1
صَلَبُوهُ	Verb		to crucify	1
فَيُصْلَبُ	Verb		to crucify	1
تَصُومُوا	Verb		to fast	1
فَلْيَصُمْهُ	Verb		to fast	1
ضَعُفَ	Verb		to weaken	1
ضَعُفُوا	Verb		to weaken	1
تَطْلُعُ	Verb		to rise	1
طَلَعَتْ	Verb		to rise	1
لِيُطَاعَ	Verb		to obey	1
يُطَاعُ	Verb		to obey	1
وَلْيَطَّوَّفُوا	Verb		to walk, to circumambulate	1
يَطَّوَّفَ	Verb		to walk, to circumambulate	1
تَظَاهَرَا	Verb Verb		to make apparent, to reveal	1
تَظَاهَرُونَ	Verb		to support	1
عَرَّفَ	Verb		to make known	1
عَرَّفَهَا	Verb		to make known	1
لِتَعَارَفُوا	Verb		to know, to recognize	1
يَتَعَارَفُونَ	Verb		to know, to recognize	1
أَعْصِرُ	Verb		to press	1
يَعْصِرُونَ	Verb		to press	1
عَضُّوا	Verb		to bite	1
يَعَضُّ	Verb		to bite	1
فَيَتَعَلَّمُونَ	Verb		to learn	1
وَيَتَعَلَّمُونَ	Verb		to learn	1
فَأَعِينُونِي	Verb		to help	1
وَأَعَانَهُ	Verb		to help	1
تَعَاوَنُوا	Verb		to help	1
وَتَعَاوَنُوا	Verb		to help	1
أَفَعَيِينَا	Verb		to tire	1
يَعْيَ	Verb		to tire	1
نُغَادِرْ	Verb		to leave behind	1
يُغَادِرُ	Verb		to leave behind	1
تَغْرُبُ	Verb		to set	1
غَرَبَتْ	Verb		to set	1
فَأَغْرَيْنَا	Verb		to overpower, to arouse	1
لَنُغْرِيَنَّكَ	Verb		to overpower, to arouse	1
وَاسْتَغْشَوْا	Verb		to cover	1
يَسْتَغْشُونَ	Verb		to cover	1
تَغِيضُ	Verb		to subside, to fall short	1
وَغِيضَ	Verb		to subside, to fall short	1
تَفْجُرَ	Verb		to give lie	1
لِيَفْجُرَ	Verb		to give lie	1
سَنَفْرُغُ	Verb		to finish	1
فَرَغْتَ	Verb		to finish	1
فَافْسَحُوا	Verb		to make room	1
يَفْسَحِ	Verb		to make room	1
تَفْقِدُونَ	Verb		to miss	1
نَفْقِدُ	Verb		to miss	1
وَقَدِمْنَا	Verb		to precede, to proceed	1
يَقْدُمُ	Verb		to precede, to proceed	1
تَقَدَّمَ	Verb		to precede, to proceed	1
يَتَقَدَّمَ	Verb		to precede, to proceed	1
اقْنُتِي	Verb		to be obedient	1
يَقْنُتْ	Verb		to be obedient	1
تَقَوَّلَ	Verb		to fabricate, to make up	1
تَقَوَّلَهُ	Verb		to fabricate, to make up	1
نُقَيِّضْ	Verb		to appoint, to destine	1
وَقَيَّضْنَا	Verb		to appoint, to destine	1
تَتَكَبَّرَ	Verb		to be arrogant	1
يَتَكَبَّرُونَ	Verb		to be arrogant	1
كَثُرَ	Verb		to be many, to be numerous	1
كَثُرَتْ	Verb		to be many, to be numerous	1
فَأَكْثَرُوا	Verb		to be many, to be frequent	1
فَأَكْثَرْتَ	Verb		to be many, to be frequent	1
كَرَّمْتَ	Verb		to honor	1
كَرَّمْنَا	Verb		to honor	1
أَكْمَلْتُ	Verb		to perfect, to complete	1
وَلِتُكْمِلُوا	Verb		to perfect, to complete	1
كَالُوهُمْ	Verb		to measure	1
كِلْتُمْ	Verb		to measure	1
اكْتَالُوا	Verb		to measure	1
نَكْتَلْ	Verb		to measure	1
لَجُّوا	Verb		to persist	1
لَلَجُّوا	Verb		to persist	1
فَالْتَقَطَهُ	Verb		to pick	1
يَلْتَقِطْهُ	Verb		to pick	1
تَلِينُ	Verb		to deal gently, to relax	1
لِنْتَ	Verb		to deal gently, to relax	1
وَيَمْحَقَ	Verb		to destroy	1
يَمْحَقُ	Verb		to destroy	1
امْتَحَنَ	Verb		to test, to examine	1
فَامْتَحِنُوهُنَّ	Verb		to test, to examine	1
مُزِّقْتُمْ	Verb		to disintegrate, to disperse	1
وَمَزَّقْنَاهُمْ	Verb		to disintegrate, to disperse	1
وَلَأُمَنِّيَنَّهُمْ	Verb		to arouse desire	1
وَيُمَنِّيهِمْ	Verb		to arouse desire	1
فَمَهِّلِ	Verb		to give respite	1
وَمَهِّلْهُمْ	Verb		to give respite	1
لِيَمِيزَ	Verb		to sepearte, to distinguish, to stand apart	1
يَمِيزَ	Verb		to sepearte, to distinguish, to stand apart	1
انْتَبَذَتْ	Verb		to withdraw	1
فَانْتَبَذَتْ	Verb		to withdraw	1
نَجَا	Verb		to save, to escape	1
نَجَوْتَ	Verb		to save, to escape	1
يُنْزَفُونَ	Verb		to be intoxicated	1
يُنْزِفُونَ	Verb		to be intoxicated	1
فَيَنْسَخُ	Verb		to abolish, to abrogate	1
نَنْسَخْ	Verb		to abolish, to abrogate	1
انْشُزُوا	Verb		to rise	1
فَانْشُزُوا	Verb		to rise	1
فَانْصَبْ	Verb		to be fixed, to labour	1
نُصِبَتْ	Verb		to be fixed, to labour	1
أَنْصِتُوا	Verb		to listen, to play attention	1
وَأَنْصِتُوا	Verb		to listen, to play attention	1
اسْتَنْصَرَهُ	Verb		to seek help	1
اسْتَنْصَرُوكُمْ	Verb		to seek help	1
أَنْطَقَ	Verb		to make speak	1
أَنْطَقَنَا	Verb		to make speak	1
تَنْكِصُونَ	Verb		to turn	1
نَكَصَ	Verb		to turn	1
تَنْهَرْ	Verb		to repel	1
تَنْهَرْهُمَا	Verb		to repel	1
سَيُهْزَمُ	Verb		to defeat	1
فَهَزَمُوهُمْ	Verb		to defeat	1
أَهَانَنِ	Verb		to humiliate	1
يُهِنِ	Verb		to humiliate	1
وَهَيِّئْ	Verb		to facilitate	1
وَيُهَيِّئْ	Verb		to facilitate	1
وَجَّهْتُ	Verb		to direct, to turn	1
يُوَجِّهْهُ	Verb		to direct, to turn	1
وَرَدَ	Verb		to come	1
وَرَدُوهَا	Verb		to come	1
تَوَارَتْ	Verb		to hide	1
يَتَوَارَىٰ	Verb		to hide	1
فَأَوْعَىٰ	Verb		to hoard, to keep	1
يُوعُونَ	Verb		to hoard, to keep	1
وَكَّلْنَا	Verb		to entrust, to put in charge	1
وُكِّلَ	Verb		to entrust, to put in charge	1
اسْتَيْأَسَ	Verb		to despair, to give up hope	1
اسْتَيْأَسُوا	Verb		to despair, to give up hope	1
لِيَسْتَيْقِنَ	Verb		to be convinced, to be certain	1
وَاسْتَيْقَنَتْهَا	Verb		to be convinced, to be certain	1
أَبَقَ	Verb		to run away, to flee	1
يُؤْثَرُ	Verb		to transmit, to be related	1
تَأْجُرَنِي	Verb		to work for recompense	1
فَآزَرَهُ	Verb		to strengthen	1
تَؤُزُّهُمْ	Verb		to incite	1
أَزِفَتِ	Verb		to approach	1
وَتَأْسِرُونَ	Verb		to take captive	1
آسَفُونَا	Verb		to anger	1
أَلَتْنَاهُمْ	Verb		to deprive	1
يَأْلُونَكُمْ	Verb		to spare	1
يُؤْلُونَ	Verb		to swear, to vow	1
يَأْتَلِ	Verb		to swear	1
اؤْتُمِنَ	Verb		to be entrusted	1
تَسْتَأْنِسُوا	Verb		to ask permission	1
يَأْنِ	Verb		to come (time)	1
أَوِّبِي	Verb		to repeat	1
يَئُودُهُ	Verb		to tire	1
فَلَيُبَتِّكُنَّ	Verb		to cut off	1
وَتَبَتَّلْ	Verb		to devote	1
فَانْبَجَسَتْ	Verb		to gush, to flow	1
يَبْحَثُ	Verb		to search, to scratch	1
ابْتَدَعُوهَا	Verb		to innovate	1
تُبَذِّرْ	Verb		to squander, to waste	1
نَبْرَأَهَا	Verb		to bring into existence	1
تَبَرَّجْنَ	Verb		to display	1
بَرِقَ	Verb		to be dazzled, to be frightened	1
أَبْرَمُوا	Verb		to determine, to conclude	1
وَبَسَرَ	Verb		to scowl, to frown	1
وَبُسَّتِ	Verb		to crumble, to crush	1
فَتَبَسَّمَ	Verb		to smile	1
وَأَبْشِرُوا	Verb		to receive glad tidings	1
يُبَصَّرُونَهُمْ	Verb		to be made to see	1
لَيُبَطِّئَنَّ	Verb		to lag behind	1
بَطِرَتْ	Verb		to take lightly	1
وَبَطَلَ	Verb		to become futile	1
انْبَعَثَ	Verb		to send forth	1
بَاعِدْ	Verb		to lengthen	1
تُبْقِي	Verb		to spare, to remain	1
وَأَبْكَىٰ	Verb		to make weep	1
يُبْلِسُ	Verb		to despair	1
ابْلَعِي	Verb		to swallow	1
نَبْتَهِلْ	Verb		to pray humbly	1
يَبِيتُونَ	Verb		to spend the night	1
تَبِيدَ	Verb		to be perished	1
تَبَايَعْتُمْ	Verb		to make commercial transaction	1
يُبِينُ	Verb		to explain	1
وَلِتَسْتَبِينَ	Verb		to make clear	1
أَتْقَنَ	Verb		to perfect	1
وَتَلَّهُ	Verb		to put down	1
يَتِيهُونَ	Verb		to wander	1
فَاثْبُتُوا	Verb		to be firm	1
فَثَبَّطَهُمْ	Verb		to make lag behind	1
أَثْقَلَتْ	Verb		to be heavy	1
اثَّاقَلْتُمْ	Verb		to be heavy	1
يَثْنُونَ	Verb		to fold up	1
يَسْتَثْنُونَ	Verb		to except	1
ثُوِّبَ	Verb		to reward	1
يُجْبَىٰ	Verb		to bring, to gather	1
اجْتُثَّتْ	Verb		to uproot	1
جَرَحْتُمْ	Verb		to commit	1
اجْتَرَحُوا	Verb		to commit	1
يَجُرُّهُ	Verb		to drag	1
يَتَجَرَّعُهُ	Verb		to sip	1
أَجَزِعْنَا	Verb		to show intolerance, to be perturbed	1
نُجَازِي	Verb		to recompense	1
تَجَسَّسُوا	Verb		to spy	1
تَتَجَافَىٰ	Verb		to forsake	1
وَأَجْلِبْ	Verb		to raise	1
يَجْمَحُونَ	Verb		to run wild	1
وَاجْنُبْنِي	Verb		to keep away	1
وَسَيُجَنَّبُهَا	Verb		to remove from	1
وَيَتَجَنَّبُهَا	Verb		to avoid	1
جَنَّ	Verb		to cover	1
جَابُوا	Verb		to carve	1
يُجَاوِرُونَكَ	Verb		to be neighbours	1
اسْتَجَارَكَ	Verb		to seek protection	1
وَنَتَجَاوَزُ	Verb		to overlook	1
فَجَاسُوا	Verb		to enter	1
تَجُوعَ	Verb		to be hungry	1
حَبَّبَ	Verb		to endear	1
حَجَّ	Verb		to perform pilgrimage, to argue	1
يَتَحَاجُّونَ	Verb		to dispute	1
تَحْرُثُونَ	Verb		to sow	1
فَاحْتَرَقَتْ	Verb		to burn	1
تُحَرِّكْ	Verb		to move	1
تَحَرَّوْا	Verb		to seek	1
يَسْتَحْسِرُونَ	Verb		to tire	1
تَحُسُّونَهُمْ	Verb		to inquire, to kill	1
فَتَحَسَّسُوا	Verb		to inquire	1
حَصْحَصَ	Verb		to become manifest	1
حَصَدْتُمْ	Verb		to reap	1
وَحُصِّلَ	Verb		to make apparent	1
تَحَاضُّونَ	Verb		to feel the urge	1
يَحْطِمَنَّكُمْ	Verb		to crush	1
اسْتُحْفِظُوا	Verb		to be entrusted	1
وَحَفَفْنَاهُمَا	Verb		to border	1
فَيُحْفِكُمْ	Verb		to press	1
يَتَحَاكَمُوا	Verb		to judge	1
تَحْلِقُوا	Verb		to shave	1
يُحْمَدُوا	Verb		to praise	1
يُحْمَىٰ	Verb		to heat	1
تَحْنَثْ	Verb		to break oath	1
لَأَحْتَنِكَنَّ	Verb		to destroy	1
يَحُورَ	Verb		to return	1
تَحِيدُ	Verb		to avoid	1
يَحِضْنَ	Verb		to menstruate	1
يَحِيفَ	Verb		to be unjust	1
خَبُثَ	Verb		to be bad	1
يَتَخَبَّطُهُ	Verb		to confound	1
خَبَتْ	Verb		to subside	1
يَخْذُلْكُمْ	Verb		to forsake	1
يُخْرِبُونَ	Verb		to destroy	1
وَنَخْزَىٰ	Verb		to be disgraced	1
اخْسَئُوا	Verb		to be despised	1
تَخْضَعْنَ	Verb		to be soft	1
تَخُطُّهُ	Verb		to write	1
تُخَافِتْ	Verb		to be silent	1
خَلَصُوا	Verb		to seclude	1
أَسْتَخْلِصْهُ	Verb		to select	1
خَلَطُوا	Verb		to mix	1
تُخَالِطُوهُمْ	Verb		to associate	1
فَاخْلَعْ	Verb		to remove	1
خُلِّفُوا	Verb		to leave behind	1
يَتَخَلَّفُوا	Verb		to remain behind	1
فَخَلُّوا	Verb		to leave	1
وَتَخَلَّتْ	Verb		to become empty	1
يُخَيَّلُ	Verb		to seem	1
دَحَاهَا	Verb		to spread	1
فَادَّارَأْتُمْ	Verb		to dispute	1
يَدُسُّهُ	Verb		to bury	1
دَسَّاهَا	Verb		to bury	1
يُدَافِعُ	Verb		to defend	1
فَتَدَلَّىٰ	Verb		to come down	1
فَدَمْدَمَ	Verb		to destroy	1
فَيَدْمَغُهُ	Verb		to break	1
تَدُورُ	Verb		to revolve	1
تُدِيرُونَهَا	Verb		to carry out	1
نُدَاوِلُهَا	Verb		to alternate	1
يَدِينُونَ	Verb		to acknowledge	1
تَدَايَنْتُمْ	Verb		to contract	1
تَدَّخِرُونَ	Verb		to store	1
تَذْرُوهُ	Verb		to scatter	1
وَادَّكَرَ	Verb		to remember	1
ذَكَّيْتُمْ	Verb		to slaughter	1
نَذِلَّ	Verb		to humiliate	1
وَتُذِلُّ	Verb		to humiliate	1
تَذْهَلُ	Verb		to forget	1
تَذُودَانِ	Verb		to keep back	1
أَذَاعُوا	Verb		to spread	1
رَبِحَتْ	Verb		to profit	1
وَرَابِطُوا	Verb		to be constant	1
يَرْتَعْ	Verb		to enjoy	1
رُجَّتِ	Verb		to shake	1
يَتَرَاجَعَا	Verb		to return	1
يَتَرَدَّدُونَ	Verb		to waver	1
رَدِفَ	Verb		to be close behind	1
فَتَرْدَىٰ	Verb		to perish	1
تَرَدَّىٰ	Verb		to fall	1
أَرْسَاهَا	Verb		to make	1
يَرْشُدُونَ	Verb		to be led aright	1
يُرْضِعْنَ	Verb		to suckle	1
تَسْتَرْضِعُوا	Verb		to suckle	1
تَرْقَىٰ	Verb		to ascend	1
فَلْيَرْتَقُوا	Verb		to ascend	1
رَكَّبَكَ	Verb		to assemble	1
فَيَرْكُمَهُ	Verb		to heap	1
تُرْهِبُونَ	Verb		to terrify	1
وَاسْتَرْهَبُوهُمْ	Verb		to terrify	1
تُرِيحُونَ	Verb		to bring	1
رَانَ	Verb		to cover	1
وَازْدُجِرَ	Verb		to repell	1
زُحْزِحَ	Verb		to draw away	1
تَزْدَرِي	Verb		to look down	1
يَزِفُّونَ	Verb		to hasten	1
زَكَىٰ	Verb		to purify	1
لَيُزْلِقُونَكَ	Verb		to make slip	1
فَأَزَلَّهُمَا	Verb		to make slip	1
اسْتَزَلَّهُمُ	Verb		to make slip	1
وَتَزَوَّدُوا	Verb		to take provision	1
زُرْتُمُ	Verb		to visit	1
تَزَاوَرُ	Verb		to incline away	1
فَزَيَّلْنَا	Verb		to seperate	1
تَزَيَّلُوا	Verb		to be apart	1
وَازَّيَّنَتْ	Verb		to beautify	1
يَسْبِتُونَ	Verb		to have Sabbath	1
وَأَسْبَغَ	Verb		to bestow	1
سَابِقُوا	Verb		to race	1
تَسْتَتِرُونَ	Verb		to cover	1
يُسْجَرُونَ	Verb		to burn	1
سُجِّرَتْ	Verb		to overflow	1
سَجَىٰ	Verb		to cover with darkness	1
فَيُسْحِتَكُمْ	Verb		to destroy	1
يَسْتَسْخِرُونَ	Verb		to mock	1
أَسْخَطَ	Verb		to anger	1
تَسْرَحُونَ	Verb		to take out	1
تَسُرُّ	Verb		to please	1
اسْتَرَقَ	Verb		to steal	1
يَسْرِ	Verb		to pass, to set out	1
سُطِحَتْ	Verb		to spread out	1
يَسْطُرُونَ	Verb		to write	1
يَسْطُونَ	Verb		to attack	1
سُعِدُوا	Verb		to be glad	1
سُعِّرَتْ	Verb		to set ablaze	1
أَسْفَرَ	Verb		to brighten	1
لَنَسْفَعًا	Verb		to drag	1
سَفِهَ	Verb		to fool	1
تُسَاقِطْ	Verb		to drop	1
سَكَتَ	Verb		to calm	1
سُكِّرَتْ	Verb		to dazzle	1
يَسْلُبْهُمُ	Verb		to snatch away	1
نَسْلَخُ	Verb		to withdraw	1
سَلَقُوكُمْ	Verb		to smite	1
يَتَسَلَّلُونَ	Verb		to slip away	1
يَسَّمَّعُونَ	Verb		to listen	1
يُسْمِنُ	Verb		to nourish	1
يَتَسَنَّهْ	Verb		to change with time	1
فَسَاهَمَ	Verb		to draw	1
تَسَوَّرُوا	Verb		to climb over	1
يُسِيغُهُ	Verb		to swallow	1
تُسِيمُونَ	Verb		to pasture	1
تُسَوَّىٰ	Verb		to level	1
سَاوَىٰ	Verb		to level	1
فَسِيحُوا	Verb		to move about	1
فَسَالَتْ	Verb		to flow	1
وَأَسَلْنَا	Verb		to cause flow	1
شُبِّهَ	Verb		to make appear	1
شَجَرَ	Verb		to arise	1
تَشْخَصُ	Verb		to stare	1
اشْتَدَّتْ	Verb		to blow furiously	1
وَأُشْرِبُوا	Verb		to make drink	1
فَشَرِّدْ	Verb		to disperse	1
وَأَشْرَقَتِ	Verb		to shine	1
وَشَارِكْهُمْ	Verb		to be a partner	1
تُشْطِطْ	Verb		to be unjust	1
وَاشْتَعَلَ	Verb		to flare	1
شَغَفَهَا	Verb		to impassion	1
شَغَلَتْنَا	Verb		to keep busy	1
أَشْكُو	Verb		to complain	1
وَتَشْتَكِي	Verb		to complain	1
تُشْمِتْ	Verb		to rejoice	1
اشْمَأَزَّتْ	Verb		to shrink with aversion	1
وَشَاوِرْهُمْ	Verb		to consult	1
فَأَشَارَتْ	Verb		to point	1
يَشْوِي	Verb		to scald	1
تَشِيعَ	Verb		to spread	1
صَبَّحَهُمْ	Verb		to seize in the morning	1
وَصَابِرُوا	Verb		to be patient	1
أَصْبُ	Verb		to incline	1
يُصْحَبُونَ	Verb		to protect	1
وَصُدُّوا	Verb		to hinder	1
يَصْدُرُ	Verb		to proceed	1
يُصْدِرَ	Verb		to take away	1
فَاصْدَعْ	Verb		to proclaim	1
يُصَدَّعُونَ	Verb		to have headache	1
يَصَّدَّعُونَ	Verb		to be divided	1
تَصَدَّىٰ	Verb		to give attention	1
يَصْطَرِخُونَ	Verb		to cry	1
يَسْتَصْرِخُهُ	Verb		to cry for help	1
انْصَرَفُوا	Verb		to turn away	1
لَيَصْرِمُنَّهَا	Verb		to pluck	1
يَصْعَدُ	Verb		to ascend	1
تُصْعِدُونَ	Verb		to run uphill	1
يَصَّعَّدُ	Verb		to climb	1
تُصَعِّرْ	Verb		to turn	1
فَصَكَّتْ	Verb		to strike	1
صَلُّوهُ	Verb		to burn	1
فَأَصَمَّهُمْ	Verb		to make deaf	1
وَاصْطَنَعْتُكَ	Verb		to choose	1
يُصْهَرُ	Verb		to melt	1
فَصُرْهُنَّ	Verb		to incline	1
فَاصْطَادُوا	Verb		to hunt	1
تَصِيرُ	Verb		to reach	1
أَضْحَكَ	Verb		to make laugh	1
تَضْحَىٰ	Verb		to expose	1
تَضَرَّعُوا	Verb		to humble	1
يُضَاهِئُونَ	Verb		to imitate	1
يُضَيِّفُوهُمَا	Verb		to offer hospitality	1
لِتُضَيِّقُوا	Verb		to distress	1
طَحَاهَا	Verb		to spread	1
اطْرَحُوهُ	Verb		to cast	1
اسْتَطْعَمَا	Verb		to ask for food	1
وَطَعَنُوا	Verb		to defame	1
أَطْغَيْتُهُ	Verb		to make transgress	1
يَطْلُبُهُ	Verb		to seek	1
لِيُطْلِعَكُمْ	Verb		to inform	1
يَطْهُرْنَ	Verb		to purify	1
فَطَوَّعَتْ	Verb		to prompt	1
سَيُطَوَّقُونَ	Verb		to encircle the neck	1
يُطِيقُونَهُ	Verb		to afford	1
فَتَطَاوَلَ	Verb		to prolong	1
نَطْوِي	Verb		to fold	1
يَطِيرُ	Verb		to fly	1
أَظْفَرَكُمْ	Verb		to give victory	1
أَظْلَمَ	Verb		to darken	1
تَظْمَأُ	Verb		to suffer from thirst	1
يَعْبَأُ	Verb		to care	1
تَعْبَثُونَ	Verb		to be amused	1
عَبَّدْتَ	Verb		to enslave	1
تَعْبُرُونَ	Verb		to interpret	1
فَاعْتَبِرُوا	Verb		to learn a lesson	1
فَاعْتِلُوهُ	Verb		to drag	1
عُثِرَ	Verb		to discover	1
أَعْثَرْنَا	Verb		to make known	1
أَعَجَزْتُ	Verb		to be unable	1
أَعْجَلَكَ	Verb		to make hasten	1
تَعَجَّلَ	Verb		to hurry	1
وَعَدَّدَهُ	Verb		to count	1
تَعْتَدُّونَهَا	Verb		to count	1
عَادَيْتُمْ	Verb		to be enemies	1
عَرَّضْتُمْ	Verb		to hint	1
اعْتَرَاكَ	Verb		to seize	1
تَعْرَىٰ	Verb		to unclothe	1
وَعَزَّنِي	Verb		to overpower	1
فَعَزَّزْنَا	Verb		to strengthen	1
وَتُعِزُّ	Verb		to honor	1
عَزَلْتَ	Verb		to set aside	1
تَعَاسَرْتُمْ	Verb		to disagree	1
عَسْعَسَ	Verb		to depart	1
وَعَاشِرُوهُنَّ	Verb		to live	1
يَعْشُ	Verb		to turn away	1
فَاسْتَعْصَمَ	Verb		to save	1
عُطِّلَتْ	Verb		to leave untended	1
فَتَعَاطَىٰ	Verb		to take	1
وَيُعْظِمْ	Verb		to make great	1
فَأَعْقَبَهُمْ	Verb		to penalize	1
عَقَدَتْ	Verb		to pledge	1
عَقَّدْتُمُ	Verb		to contract	1
يَعْكُفُونَ	Verb		to devote	1
اسْتَعْلَىٰ	Verb		to overcome	1
تَعَمَّدَتْ	Verb		to intend	1
اعْتَمَرَ	Verb		to perform Umrah	1
وَاسْتَعْمَرَكُمْ	Verb		to settle	1
فَعُمِّيَتْ	Verb		to obscure	1
لَأَعْنَتَكُمْ	Verb		to put into difficulty	1
وَعَنَتِ	Verb		to be humbled	1
أُعِيذُهَا	Verb		to seek refuge	1
تَعُولُوا	Verb		to oppress	1
أَعِيبَهَا	Verb		to cause defect	1
اغْتَرَفَ	Verb		to take	1
فَاغْسِلُوا	Verb		to wash	1
تَغْتَسِلُوا	Verb		to bathe	1
تَغَشَّاهَا	Verb		to cover	1
وَأَغْطَشَ	Verb		to darken	1
تَغْفُلُونَ	Verb		to neglect	1
أَغْفَلْنَا	Verb		to make heedless	1
فَاسْتَغْلَظَ	Verb		to become thick	1
وَغَلَّقَتِ	Verb		to close	1
يَغْلِي	Verb		to boil	1
يَتَغَامَزُونَ	Verb		to wink	1
تُغْمِضُوا	Verb		to close	1
يُغَاثُ	Verb		to be relieved	1
يُغَاثُوا	Verb		to be relieved	1
يَغُوصُونَ	Verb		to dive	1
يَغْتَبْ	Verb		to backbite	1
يَتَغَيَّرْ	Verb		to change	1
تَفْتَأُ	Verb		to cease	1
تُفَتَّحُ	Verb		to open	1
يَفْتُرُونَ	Verb		to invent	1
يُفَتَّرُ	Verb		to subside	1
فَفَتَقْنَاهُمَا	Verb		to part	1
يَتَفَجَّرُ	Verb		to gush forth	1
فَانْفَجَرَتْ	Verb		to gush forth	1
وَفَدَيْنَاهُ	Verb		to ransom	1
تُفَادُوهُمْ	Verb		to ransom	1
فُرِجَتْ	Verb		to be cleft asunder	1
فَرَشْنَاهَا	Verb		to spread	1
يَفْرُطَ	Verb		to hasten	1
فَارِقُوهُنَّ	Verb		to part	1
يَفْتَرِينَهُ	Verb		to invent	1
فُزِّعَ	Verb		to remove fear	1
تَفَسَّحُوا	Verb		to make room	1
تَفْضَحُونِ	Verb		to shame	1
يَتَفَضَّلَ	Verb		to assert superiority	1
أَفْضَىٰ	Verb		to go	1
انْفَطَرَتْ	Verb		to be cleft asunder	1
وَتَفَقَّدَ	Verb		to inspect	1
لِيَتَفَقَّهُوا	Verb		to obtain understanding	1
فَكَّرَ	Verb		to think	1
تَفَكَّهُونَ	Verb		to wonder	1
فَانْفَلَقَ	Verb		to part	1
تُفَنِّدُونِ	Verb		to weaken in mind	1
فَفَهَّمْنَاهَا	Verb		to give understanding	1
وَأُفَوِّضُ	Verb		to entrust	1
أَفَاقَ	Verb		to recover	1
يَتَفَيَّأُ	Verb		to incline	1
فَأَقْبَرَهُ	Verb		to provide a grave	1
نَقْتَبِسْ	Verb		to acquire	1
يَقْتُرُوا	Verb		to be stingy	1
اقْتَحَمَ	Verb		to attempt	1
وَنُقَدِّسُ	Verb		to sanctify	1
اقْتَدِهْ	Verb		to follow	1
سَنُقْرِئُكَ	Verb		to make recite	1
اسْتَقَرَّ	Verb		to remain	1
تَقْرِضُهُمْ	Verb		to pass	1
وَقَاسَمَهُمَا	Verb		to swear	1
تَقَاسَمُوا	Verb		to distribute	1
تَسْتَقْسِمُوا	Verb		to seek division	1
تَقْشَعِرُّ	Verb		to shiver	1
وَاقْصِدْ	Verb		to be moderate	1
تَقْصُرُوا	Verb		to shorten	1
يُقْصِرُونَ	Verb		to cease	1
قَصَمْنَا	Verb		to shatter	1
يَنْقَضَّ	Verb		to collapse	1
تَقْفُ	Verb		to pursue	1
تُقْلَبُونَ	Verb		to return	1
تَتَقَلَّبُ	Verb		to turn around	1
أَقْلِعِي	Verb		to withhold	1
قَلَّ	Verb		to be little	1
وَيُقَلِّلُكُمْ	Verb		to make few	1
أَقَلَّتْ	Verb		to carry	1
قَلَىٰ	Verb		to be displeased	1
تَقْهَرْ	Verb		to oppress	1
فَكُبَّتْ	Verb		to cast	1
أَكْبَرْنَهُ	Verb		to admire greatly	1
فَكُبْكِبُوا	Verb		to overturn	1
فَكَاتِبُوهُمْ	Verb		to give writing	1
اكْتَتَبَهَا	Verb		to write	1
فَكَثَّرَكُمْ	Verb		to increase	1
انْكَدَرَتْ	Verb		to fall and lose luster	1
وَأَكْدَىٰ	Verb		to withhold	1
وَكَرَّهَ	Verb		to make hateful	1
كُشِطَتْ	Verb		to strip away	1
أَكْفَرَهُ	Verb		to be ngrateful, to deny	1
وَكَفَّلَهَا	Verb		to put in care	1
أَكْفِلْنِيهَا	Verb		to entrust	1
يَكْلَؤُكُمْ	Verb		to protect	1
فَتُكْوَىٰ	Verb		to brand	1
وَتَلَذُّ	Verb		to delight	1
وَلْيَتَلَطَّفْ	Verb		to be cautious	1
تَلَظَّىٰ	Verb		to blaze	1
وَالْغَوْا	Verb		to make noise	1
لِتَلْفِتَنَا	Verb		to turn away	1
تَلْفَحُ	Verb		to burn	1
يَلْفِظُ	Verb		to utter	1
وَالْتَفَّتِ	Verb		to wind	1
فَالْتَقَمَهُ	Verb		to swallow	1
فَالْتَمِسُوا	Verb		to seek	1
فَأَلْهَمَهَا	Verb		to inspire	1
تَلَهَّىٰ	Verb		to distract, to divert	1
وَلَاتَ	Verb		to not be	1
يَتَلَاوَمُونَ	Verb		to blame	1
لَوَّوْا	Verb		to turn aside	1
يَلِتْكُمْ	Verb		to deprive	1
وَأَلَنَّا	Verb		to make pliable	1
فَتَمَثَّلَ	Verb		to assume a likeness	1
تَمْرَحُونَ	Verb		to be insolent	1
مَرَدُوا	Verb		to persist	1
مَرِضْتُ	Verb		to be ill	1
تُمَارِ	Verb		to argue	1
لَمَسَخْنَاهُمْ	Verb		to transform	1
يُمَسِّكُونَ	Verb		to hold fast	1
تُمْسُونَ	Verb		to reach evening	1
يَتَمَطَّىٰ	Verb		to swagger	1
فَأَمْكَنَ	Verb		to give power	1
امْتَلَأْتِ	Verb		to fill	1
يَمْهَدُونَ	Verb		to prepare	1
وَمَهَّدْتُ	Verb		to spread	1
أَمْهِلْهُمْ	Verb		to give respite	1
يَمُوجُ	Verb		to surge	1
وَنَمِيرُ	Verb		to get provision	1
تَمَيَّزُ	Verb		to burst	1
وَامْتَازُوا	Verb		to stand apart	1
وَيَسْتَنْبِئُونَكَ	Verb		to ask to inform	1
تَنْبُتُ	Verb		to produce	1
تَنَابَزُوا	Verb		to call	1
يَسْتَنْبِطُونَهُ	Verb		to draw correct conclusion	1
نَتَقْنَا	Verb		to raise	1
انْتَثَرَتْ	Verb		to scatter	1
نَاجَيْتُمُ	Verb		to consult privately	1
وَانْحَرْ	Verb		to sacrifice	1
فَتَنَادَوْا	Verb		to call	1
يُنَازِعُنَّكَ	Verb		to dispute	1
نَسْتَنْسِخُ	Verb		to transcribe	1
يُنَشَّأُ	Verb		to bring up	1
نُنْشِزُهَا	Verb		to raise	1
تَنَاصَرُونَ	Verb		to help	1
نَضِجَتْ	Verb		to roast	1
يَنْعِقُ	Verb		to shout	1
وَنَعَّمَهُ	Verb		to favor	1
فَسَيُنْغِضُونَ	Verb		to shake	1
تَنَفَّسَ	Verb		to breathe	1
فَلْيَتَنَافَسِ	Verb		to aspire	1
نَفَشَتْ	Verb		to pasture	1
يُنْفَوْا	Verb		to exile	1
فَنَقَّبُوا	Verb		to explore	1
يَسْتَنْقِذُوهُ	Verb		to take back	1
نُقِرَ	Verb		to blow	1
أَنْقَضَ	Verb		to weigh	1
يَسْتَنْكِحَهَا	Verb		to marry	1
نَكِرَهُمْ	Verb		to feel unfamiliar	1
نَكِّرُوا	Verb		to disguise	1
نُكِسُوا	Verb		to turn	1
نُنَكِّسْهُ	Verb		to reverse	1
يَتَنَاهَوْنَ	Verb		to forbid	1
لَتَنُوءُ	Verb		to burden	1
فَتَهَجَّدْ	Verb		to arise from sleep for prayer	1
يَهْجَعُونَ	Verb		to sleep	1
لَهُدِّمَتْ	Verb		to demolish	1
وَهُزِّي	Verb		to shake	1
وَأَهُشُّ	Verb		to bring down leaves	1
أَهَمَّتْهُمْ	Verb		to worry	1
فَانْهَارَ	Verb		to collapse	1
اسْتَهْوَتْهُ	Verb		to entice	1
هَيْتَ	Verb		to Come on	1
يَهِيمُونَ	Verb		to roam	1
يُوبِقْهُنَّ	Verb		to destroy	1
يَتِرَكُمْ	Verb		to deprive	1
وَاثَقَكُمْ	Verb		to bound	1
يُوثِقُ	Verb		to bind	1
وَجَبَتْ	Verb		to be down	1
أَوْجَفْتُمْ	Verb		to make expedition	1
تَوَجَّهَ	Verb		to turn	1
وَدَعْ	Verb		to disregard	1
وَدَّعَكَ	Verb		to forsake	1
فَأَوْرَدَهُمُ	Verb		to lead	1
تُورُونَ	Verb		to ignite	1
فَوَسَطْنَ	Verb		to penetrate the center	1
وَسَقَ	Verb		to envelops	1
اتَّسَقَ	Verb		to be full	1
سَنَسِمُهُ	Verb		to brand	1
وَصَّلْنَا	Verb		to convey	1
يُوصِينَ	Verb		to make	1
وَلَأَوْضَعُوا	Verb		to be active	1
لِيُوَاطِئُوا	Verb		to adjust	1
تُوعِدُونَ	Verb		to threaten	1
تَوَاعَدْتُمْ	Verb		to make an appointment	1
وَتَعِيَهَا	Verb		to be conscious	1
يُوفِضُونَ	Verb		to hasten	1
يُوَفِّقِ	Verb		to cause reconciliation	1
يَسْتَوْفُونَ	Verb		to take in full	1
وَقَبَ	Verb		to spread	1
أُقِّتَتْ	Verb		to be gathered to an appointed time	1
اسْتَوْقَدَ	Verb		to kindle	1
وَتُوَقِّرُوهُ	Verb		to respect	1
يُوقِعَ	Verb		to cause	1
أَتَوَكَّأُ	Verb		to lean	1
يَتَّكِئُونَ	Verb		to recline	1
فَوَكَزَهُ	Verb		to strike	1
يَلُونَكُمْ	Verb		to be close	1
تَنِيَا	Verb		to slacken	1
