Phrase	Grammar	Transcription	Translation	Notes
der, die, das			the	
und			and	
sein			to be	
in			in	
ein			a	
zu			to, at	
haben			to have	
ich			I	
werden			to become, get	
sie			a) she, her	
von			from, of	
nicht			not	
mit			with	
es			it	
sich			–self	
auch			also, too	
auf			on, at, in	
für			for	
an			at, on	
er			he	
so			so, thus, this way, such	
dass			that	
können			to be able to, can	
dies			this, that	
als			as, when	
ihr			a) you, her	
ja			a) yes, of course	
wie			how	
bei			by, with, at	
oder			or	
wir			we	
aber			but	
dann			then	
man			one, you	
da			there	
sein			his, its	
noch			still, yet	
nach			after, towards	
was			what	
also			so	
aus			out, out of, from	
all			all	
wenn			if, when	
nur			only	
müssen			to have to, must	
sagen			to say	
um (or um..zu)			around, at	
über			above, over, about	
machen			to do, make	
kein			no (not any of...)	
das Jahr			year	
du			you	
mein			my, mine	
schon			already	
vor			in front of, before, ago	
durch			through	
geben			to give	
mehr			more	
andere (r, s)			other	
viel			much, a lot, many	
kommen			to come	
jetzt			now	
sollen			should, ought to	
mir			me	
wollen			to want to	
ganz			whole, all the	
gehen			to go	
sehr			very	
hier			here	
doch			however, still	
bis			until, till	
groß			big, large, great	
wieder			again	
dieses Mal.			this time	
zwei			two	
gut			good	
wissen			to know	
neu			new	
sehen			to see	
lassen			to let, allow, have done	
uns			us	
weil			because	
unter			under	
denn			because	
stehen			to stand	
jede (r, s)			every	
das Beispiel			example	
die Zeit			time	
erste (r, s)			first	
ihm			him	
ihn			him	
wo			where	
lang			long	
eigentlich			actually	
damit			with it	
selbst, selber			–self	
unser			our	
oben			above, up there	
drei			three	
wenig			few	
die Frau			woman, wife, Mrs.	
der Mensch			human being	
das Deutsch			German	
das Kind			child	
etwas			something, some, a little	
der Tag			day	
nun			now	
finden			to find	
nichts, nix			nothing	
bleiben			to stay, remain	
sondern			but (on the contrary)	
klein			small, little	
zwischen			between	
alt			old	
gegen			against	
liegen			to lie	
ohne (or ohne..zu)			without	
nein, nee, nö			no	
heute			today	
weit			widely, far	
heißen			to be called	
denken			to think	
eben			just now	
erst (or erst mal)			first, only, not until	
natürlich			naturally, of course	
ob			whether	
hoch			high, tall	
beide			both	
der Mann			man	
einfach			simple, easy	
vielleicht			perhaps, maybe	
dort			there	
dabei			with it, there	
einmal			once	
ihnen			them	
welch			which	
nehmen			to take	
tun			to do	
seit			since, for	
dürfen			to be allowed, may	
glauben			to believe	
halten			to stop, hold	
nennen			to name, call	
das Land			land, country, state	
letzte (r, s)			last	
gleich			same, right away, just	
solch			such	
dazu			in addition, furthermore, to that	
mögen			to like	
die Frage			question	
gar			at all	
zeigen			to show	
führen			to lead	
möglich			possible	
sprechen			to speak	
während			during	
das Haus			house	
der Fall			case	
eigen			own	
bringen			to bring, take	
die (pl) Leute			people	
schön			beautiful, pleasant, good	
einige			a few, some	
bereits			already	
die Arbeit			work	
leben			to live	
fahren			to drive, ride, go	
meinen			to think, have an opinion	
spät			late	
etwa			about, approximately	
wer			who, whoever	
Prozent			per cent	
fragen			to ask	
gerade			just, just now	
wichtig			important	
zwar			admittedly, to be precise	
die Hand			hand	
wirklich			really, actually	
kennen			to know someone	
weitere (r, s)			additional	
genau			exact	
jung			young	
gelten			to be valid	
die Stadt			city, town	
der Herr			man, Mr.	
Teil			part	
das Problem			problem	
die Welt			world	
jedoch			however	
stellen			to place, set	
darauf, drauf			on it, to it	
bisschen			a little	
vier			four	
nie			never	
spielen			to play	
denen			whom, that	
das Recht			law	
arbeiten			to work	
brauchen			to need	
folgen			to follow	
lernen			to learn	
das Ende			the end	
kurz			short	
die Million, Mio.			million	
stark			strong	
die Schule			school	
die Woche			week	
bestehen			to exist, insist, pass (an exam)	
richtig			correct	
dich			you, yourself	
dafür			for it	
sowie			as well as, as soon as	
oft			often	
der Vater			father	
die Seite			side, page	
verschieden			different, diverse	
halt			just, simply	
das Leben			life	
allerdings			though, indeed, certainly	
verstehen			to understand	
fast			almost	
wohl			well	
dein			your	
bestimmt			special, certain	
die Mutter			mother	
setzen			to set, place, put	
überhaupt			at all, generally	
der Grund			reason, basis	
besser			better	
dir			you	
schnell			fast	
bekommen			to get, receive	
gern, gerne			(with a verb) enjoy	
das Auge			eye	
sicher			safe, secure, certain	
davon			from it, about it, thereof	
beginnen			to begin	
erzählen			to tell	
versuchen			to try, attempt	
besonders			especially	
das Wort			word	
neben			next to, beside	
schreiben			to write	
warum			why	
nächste (r, s)			next	
laufen			to run	
das Geld			money	
erklären			to explain	
die Sache			thing	
die Art			type, kind	
politisch			political	
entsprechen			to correspond	
klar			clear	
schwer			difficult, heavy	
der Bereich			area, region	
allein, alleine			alone	
kaum			hardly	
der Weg			path, way	
sitzen			to sit	
die Stunde			hour	
einzeln			individual	
deshalb			for that reason	
deren			whose	
ziehen			to pull, move	
na			well	
beziehungsweise, bzw.			or, respectively	
sogar			even, in fact	
der Name			name	
damals			then	
fünf			five	
die Geschichte			history, story	
wegen			because of	
die Gesellschaft			society, company	
scheinen			to shine, seem, appear	
darüber, drüber pron			above it, about it	
der Kopf			head	
gehören			to belong	
entstehen			to originate, develop	
bekannt			well-known	
erhalten			to receive	
das Paar			pair, couple	
leicht			light, easy	
die Möglichkeit			possibility	
treffen			to meet	
hinter			behind, in back of	
sonst			otherwise	
daran, dran			on it	
das Unternehmen			enterprise, company	
weiter			further, to continue	
suchen			to search, look for	
das Bild			picture	
das Buch			book	
legen			to lay, put	
das Wasser			water	
die Stelle			place	
vorstellen			to introduce, imagine	
die Form			form, shape	
handeln			to deal, trade	
die Mark			mark (former unit of German currency)	
die Entwicklung			development	
der Monat			month	
erreichen			to achieve, reach	
anders			differently	
schließlich			in the end, finally (not endlich)	
tragen			to carry, wear	
eher			earlier, more likely	
die Familie			family	
der Morgen			morning	
je			ever, each	
der Abend			evening	
zehn			ten	
darin, drin, drinnen			in it, inside	
rund			round	
die Aufgabe			task, assignment, job,	
frei			free	
die Universität, Uni			university	
schaffen			to manage, create	
der Sinn			sense, meaning	
früh			early	
lesen			to read	
der Staat			state	
das Ziel			destination, goal	
gegenüber			opposite	
der Freund			friend	
das Thema			subject, topic, theme	
unterschiedlich			different, variable	
daher			from there, therefore	
die Person			person	
schlecht			bad	
der Euro			euro (unit of currency)	
obwohl			although	
die Nacht			night	
verlieren			to lose	
das Ding			thing	
deutlich (another word for "klar")			clear	
allgemein			general	
der Raum			room, space	
der Blick			look, view, glance	
einzig			only, single	
darstellen			to depict, portray	
der Platz			place, room, square, space	
die Zahl			number	
gemeinsam			common, mutual	
nahe, nah			near, close	
das System			system	
die Uhr			clock, watch, o’clock	
dessen			whose	
die (pl) Eltern			parents	
erkennen			to recognize, admit	
entwickeln			to develop	
früher			in former times, back then, in the past	
die Straße			street	
reden			to talk	
voll			full	
aussehen			to appear, look	
erscheinen			to appear	
mehrere			several	
die Minute			minute	
zunächst			first, at first, for now	
die Gruppe			group	
der Wert			value	
irgendwie			somehow	
die Sprache			language	
bilden			to form, educate	
dadurch			through it, as a result	
direkt			direct, straight	
international			international	
sozial			social	
anfangen			to begin	
beste (r, s)			best	
bisher			until now	
erwarten			to expect	
der Anfang			beginning	
nämlich			you see, namely	
jene (r, s)			that, those	
wohnen			to live	
rot			red	
offen			open	
der Ort			place, town, location	
naja			oh well	
der Moment			moment	
betreffen			to affect, concern	
meiste			most	
warten			to wait	
die Folge			result, consequence	
ab			from	
besondere (r, s)			special	
gewiss			certain	
das Interesse			interest	
manchmal			sometimes	
die Milliarde, Mrd.			billion	
die Rolle			roll	
jemand			someone	
vergehen			to pass (time)	
öffentlich			public	
die Tür			door	
der Schüler			pupil, student (USA)	
die Bedeutung			meaning, significance	
der Text			text	
ach			oh	
das Ergebnis			result	
helfen			to help	
der Krieg			war	
sechs			six	
niemand			no one, nobody	
gewinnen			to win, gain	
halb			half	
schließen			to close	
die Weise			way, manner	
die Regierung			rule, government	
wahrscheinlich			probable	
europäisch			European	
das Stück			piece	
die Wohnung			apartment, flat	
fühlen			to feel	
das Gespräch			conversation	
bieten			to offer	
interessieren			to interest	
wesentlich			essential, fundamental (another word for grundsaetlich)	
erinnern			to remind	
der Meter			meter	
her			from sth, as far as...is concerned	
der Punkt			dot, point, period	
die Situation			situation	
ähnlich			similar	
ergeben			to result in,	
dagegen			against it, on the other hand	
häufig			frequent	
der Lehrer			teacher	
anbieten			to offer	
ebenso			just as, as much as, as well	
studieren			to study	
danach			after it, afterwards	
der Preis			price, prize	
die Abbildung, Abb.			illustration, picture, image	
der Begriff			concept, idea, term	
die Funktion			function	
verbinden			to connect, link	
ziemlich			quite, fairly	
ansehen			to look at, watch	
der Boden			ground, floor, bottom	
fehlen			to lack, be missing, be absent	
das Jahrhundert			century	
der Sohn			son	
das Werk			work	
bedeuten			to mean	
schwarz			black	
vergleichen			to compare	
außerdem			besides, in addition	
inzwischen			in the meantime, meanwhile	
sofort			immediately	
steigen			to climb, increase	
die Stimme			voice, vote	
acht			eight	
plötzlich			suddenly	
der Rahmen			frame, framework	
die Richtung			direction	
völlig			complete	
nutzen			to use	
das Programm			program, channel, schedule	
die Angst			fear, anxiety	
gering			low, small, minor	
die Information			information	
die Kunst			art	
die Musik			music	
schauen			to look	
schwierig			difficult	
die Politik			politics	
verlassen			to leave (specifically, to leave behind)	
manche (r, s)			some, many	
bald			soon	
einsetzen			put in, insert	
der Beruf			occupation, job, profession	
praktisch			practical	
ändern			to change	
genug			enough	
persönlich			personal	
wachsen			to grow	
ausgehen			to go out, assume	
die Regel			rule	
der Schritt			step	
–jährig			years (old)	
der Absatz, Abs.			sales, paragraph, heel	
geschehen			to happen, occur	
der Gott			god	
das Auto			automobile, car	
beschreiben			to describe	
die Beziehung			relation, relationship	
die Erfahrung			experience	
der Tisch			table	
annehmen			to accept, assume	
endlich			finally, at last	
kriegen			to get, receive	
die Zukunft			future	
planen			to plan	
das Spiel			game	
wirken			to have an effect, to work	
das Gefühl			feeling	
das Licht			light	
modern			modern	
der Präsident			president	
tief			deep	
bezeichnen			to call, name (point out the name of)	
der Markt			market	
die Bank			a) bank	
innerhalb			within	
insbesondere			especially	
die Partei			(political) party	
tatsächlich			real, actual	
die Tochter			daughter	
befinden (sich) (not sein. reflexive verb)			to be (not sein. reflexive verb)	
passieren			to take place, happen	
das Verhältnis			relationship	
zusätzlich			additional	
die Kirche			church	
aufgrund			on the basis of, because of	
hin			there	
amerikanisch			American	
ebenfalls			likewise, also, too	
der Film			film, movie	
nachdem			after	
rufen			to call	
wirtschaftlich			economic, financial	
aufnehmen			to record, include	
der Gedanke			thought	
gestern			yesterday	
interessant			interesting	
zunehmen			to increase, to gain	
bestimmen			to decide, determine	
der Doktor, Dr.			doctor	
fordern			to demand, claim	
gefallen			to please, to like	
das Mädchen			girl	
öffnen			to open	
schlagen			to hit, beat	
trotz			in spite of, despite	
bevor			before	
die Entscheidung			decision	
der Prozess			trial, process	
relativ			relative	
treten			to step, to kick,	
der Betrieb			business, operation (another word for Geschäft, Firma, Unternehm, etc)	
bitte			please	
gleichzeitig			simultaneous, at the same time	
übernehmen			to take over	
verändern			to change	
der Zusammenhang			connection, context	
das Gesetz			law	
zusammen			together	
der Arm			arm	
die Firma			firm, company	
grün			green	
jedenfalls			in any case, anyway,	
die Kraft			strength, power	
lachen			to laugh	
der September			September	
der Student			student	
verwenden			to use (to make use of - not Benutzen)	
weiß			white	
wählen			to choose, elect, vote	
das Zuhause			home (another word for Heim)	
die Chance			chance	
wobei			where, which, whereas	
erfolgen			to take place, occur (to follow)	
gesamt			whole, entire (another word for ganz)	
sieben			seven	
speziell			special, specific (not besonders)	
die Zeitung			newspaper	
bloß			only, simply, just (another way to say einfach)	
enthalten			to contain	
betrachten			to look at, consider	
entscheiden			to decide	
der Erfolg			success	
gelingen			to succeed (to manage to succeed regarding something)	
die Grenze			border,	
jeweils			each, each time	
kaufen			to buy	
der Satz			sentence	
wann			when	
das Angebot			offer	
darum			around it, therefore, that's why,	
entscheidend			decisive, crucial	
erfahren			to experience, find out	
das Internet			internet	
pro			per	
unten			down	
eng			narrow, close	
insgesamt			in all, altogether	
die Kultur			culture	
technisch			technical	
vergessen			to forget	
die Lage			situation, location	
die Leistung			performance (another word for Vorstellung)	
das Mitglied			member	
stattfinden			to take place, occur (another word for geschehen, passieren, etc.)	
vorher			earlier, beforehand	
beispielsweise			for example	
bewegen			to move	
feststellen			to establish, detect (to know with certainty)	
langsam			slow	
das Projekt			project	
verschwinden			to disappear	
dienen			to serve	
trinken			to drink	
das Zimmer			room	
der Chef			head, leader, boss	
meist			mostly	
ständig			constant	
der Zug			train	
der Arzt			physician, doctor	
auftreten			to appear, occur	
der Fuß			foot	
der Körper			body	
notwendig			necessary	
die Klasse			class, grade	
die Lösung			solution	
rein			pure, clear, clean	
sowohl			both...and	
stimmen			to be correct, vote, tune	
trotzdem			nevertheless, anyway, however	
verhalten (sich)			to behave, react (how one handles oneself)	
zudem			furthermore, besides, in addition	
berichten			to report	
englisch			English	
die Höhe			height, altitude	
der Junge			boy	
rechnen			to calculate, do arithmetic	
wissenschaftlich			scientific, scholarly	
beobachten			to observe, watch	
das Fenster			window	
die Luft			air	
die Meinung			opinion	
erleben			to experience	
falsch			false, wrong	
fremd			foreign, strange	
holen			to get, fetch	
die Idee			idea	
leider			unfortunately	
das Produkt			product	
französisch			French	
mindestens			at least	
selten			rare	
das Studium			study, studies	
der Vergleich			comparison	
das Mittel			means, remedy	
das Modell			model	
normal			normal	
zumindest			at least	
die Natur			nature	
das Bett			bed	
essen			to eat	
der Kunde			customer, client	
der Mitarbeiter			employee, co-worker	
reichen			to reach, be enough	
sterben			to die	
der Tod			death	
unterscheiden			to distinguish	
wahr			TRUE	
das Geschäft			business	
leisten			to achieve (not ereichen)	
privat			private	
der Spaß			fun	
tot			dead	
die Wirtschaft			economy, commerce	
irgendwo			somewhere	
das Tier			animal	
verlangen			to request, demand (another word for fordern)	
werfen			to throw	
die Bewegung			movement, motion	
fest			firm, solid	
der Gast			guest	
die Sicherheit			security, safety	
der Einsatz			inset, deployment	
das Gebiet			region, area	
vorliegen			to be, exist (to lay in the presence of	
zählen			to count	
der Dank			gratefulness, thanks,	
das Dorf			village	
der Kollege			colleague	
wünschen			to want, wish	
die Angabe			information, statement	
bauen			to build	
der Bruder			brother	
hängen			to hang	
hoffen			to hope	
positiv			positive	
außer			except, apart from	
freuen			to be happy, to please	
teilen			to divide, share	
die Verfügung			disposal	
bezahlen			to pay	
dauern			to last, take (time)	
euch			you, yourselves	
das Fach			compartment, subject	
das Herz			heart	
der Kontakt			contact	
die Menge			quantity, amount	
stecken			to put, be located	
besuchen			to visit	
der Sommer			summer	
der Unterschied			difference	
zentral			central	
der Anspruch			claim	
die Antwort			answer, reply	
bitten			to request, ask	
sorgen			to worry, take care	
statt			instead of	
die Verbindung			connection, link	
die Vorstellung			idea, introduction, performance	
ankommen			to arrive	
die Anwendung			application, use	
beziehen			to refer, put, get	
fertig			finished, ready	
spüren			to sense, notice	
weder...noch			neither...nor	
das Alter			age	
grundsätzlich			fundamental, basically	
die (pl) Kosten			costs, expenses	
der Patient			patient	
die Polizei			police	
das Theater			theatre	
zuerst			first	
die Ausbildung			training, development, apprenticeship	
breit			wide, broad	
erhöhen			to raise, increase	
hart			hard	
vorhanden			available, existing	
die Gefahr			danger	
das Gerät			tool, piece of equipment, appliance, device	
innere (r, s)			internal	
der Kilometer			kilometre	
unbedingt			absolutely	
die Hilfe			help	
melden			to report, register	
der Computer			computer	
der Dollar			dollar	
hinaus			out, beyond (also: straight out)	
künftig			future (as adjective)	
das Verfahren			method, process, technique	
der Vertrag			contract	
vorkommen			to happen, occur, seem (to have come to be)	
zuletzt			last, in the end	
aha			aha, I see	
besitzen			to own, have	
betonen			to stress, underline, highlight, emphasize	
dennoch			nevertheless	
erfüllen			to grant, fulfil	
historisch			historical	
knapp			scarce, slim, almost,	
lieber			rather	
die Maßnahme			measure (the precaution)	
die Mitte			middle	
der Oktober			October	
die Ordnung			order, tidiness	
sodass			so that	
der Stoff			material, substance, fabric	
zugleich			both, at the same time	
der Beginn			beginning	
das Glück			luck, fortune	
das Wochenende			weekend	
der Professor			professor	
die Reihe			row, line	
der Westen, West			west	
beteiligen			to participate, take part in,	
die Bevölkerung			population, people	
indem			while, by	
das Institut			institute	
merken			to notice, remember	
nochmal			again	
der Osten, Ost			east	
passen			to fit	
die Schwester			sister	
aktuell			current	
danke			thanks	
derzeit			at the moment,currently	
eignen (sich)			to be suitable	
die Erde			earth, ground, soil	
richten			to direct, repair, follow,comply	
umfassen			to include, consist of	
die Ebene			plane, level	
irgendetwas, irgendwas			something, anything	
die Reise			journey, trip	
schlafen			to sleep	
übrig			remaining, left	
unterstützen			to support	
zuvor			before	
die Einheit			unity, unit	
das Haar			hair	
lächeln			to smile	
der Montag			Monday	
die Nähe			vicinity, proximity	
das Prinzip			principle	
schlimm			bad, serious	
teilweise			partly	
der Vorteil			advantage	
beschäftigen			to employ, be busy, deal with (busy oneself with)	
daraus			from it. out of it, consequential,	
lösen			to solve, loosen	
die Struktur			structure	
antworten			to answer	
der Autor			author	
die Bedingung			condition, stipulation	
lieb			dear, kind	
miteinander			with each other, together	
das Risiko			risk	
trennen			to separate	
die Wahl			choice, election	
die Wirkung			effect (not ergebnis)	
der Brief			letter	
einstellen			to adjust, employ, stop	
die Größe			size, height	
lieben			to love	
die (pl) Medien			media	
der Sonntag			Sunday	
dunkel			dark	
durchaus			absolutely (not unbedingt, absolut, sicher, or definitiv), quite	
durchführen			to carry out, hold	
genügen			to be sufficient, enough	
laut			according to	
die Macht			power, strength	
meistens			mostly, usually	
offenbar			obvious	
rechte (r, s)			right	
die Untersuchung			examination, investigation	
die Veränderung			change	
aufbauen			to build up	
bestätigen			to confirm, endorse	
die (pl) Daten			data	
deswegen			therefore, that’s why (not deshalb)	
der Einfluss			influence	
die Methode			method	
die Organisation			organization	
überall			everywhere	
untersuchen			to examine	
zahlreich			numerous	
andererseits			on the other hand	
erfolgreich			successful	
konkret			concrete, precise,	
die Liebe			love	
die Rede			speech, talk, monologue	
der Sport			sport	
verkaufen			to sell	
weltweit			world-wide	
der Augenblick			moment	
blicken			to look (another word for schauen, or kucken)	
die Diskussion			discussion, debate	
drücken			to press, push	
eingehen			to deal with, give attention, to be responsive to something	
erlauben			to allow, permit (another word for duerfen)	
die Forderung			demand, claim	
geboren			born	
der Kreis			circle, district,	
menschlich			human	
regelmäßig			regular	
die Technik			technology, technique	
der Versuch			attempt, experiment	
aktiv			active	
ausreichen			to be sufficient (another word for genugen), enough	
schweigen			to remain silent	
behandeln			to treat	
die Krankheit			illness, disease	
die Schwierigkeit			difficulty	
staatlich			state, government, national	
die Tätigkeit			activity	
treiben			to drive, pursue	
überzeugen			to convince	
die Voraussetzung			condition, requirement (another word for Bedingung)	
benutzen			to use	
drohen			to threaten, lurk, impend	
ehemalig			former	
kalt			cold	
der Kampf			fight, struggle	
längst			long since, a long time ago, already	
die Region			region	
stets			always	
versprechen			to promise	
zwölf			twelve	
der Eindruck			impression	
entdecken			to discover	
jeweilig			particular, respective	
klingen			to sound	
reagieren			to react	
die Reaktion			reaction	
der Beitrag			contribution	
darunter			under it, beneath, among	
erforderlich			required, necessary (not nötig)	
heutig			present-day, today’s	
das Konzept			draft, plan, concept	
kosten			to cost	
kulturell			cultural	
lediglich			merely, only	
die Linie			line	
der Mund			mouth	
Schweizer			Swiss	
unabhängig			independent	
verdienen			to earn, deserve	
der Wunsch			wish	
der Artikel			article	
drehen			to turn	
ruhig			quiet, calm	
somit			consequently, therefore	
unmittelbar			immediate, direct	
bewusst			conscious, being aware	
finanziell			financial	
der Gegensatz			opposite, contrast, unlike	
das Kapitel			chapter	
klassisch			classical	
die Literatur			literature	
der Rücken			back	
weiterhin			still, furthermore	
die Zelle			cell	
die Aussage			statement	
Berliner			(of) Berlin	
der Bürger			citizen	
heiß			hot	
der Himmel			sky, heaven	
immerhin			after all	
der Inhalt			contents, plot	
überraschen			to surprise	
die Wand			wall	
betreiben			operate, run,	
die Bibliothek			library	
echt			genuine, real	
die Farbe			color	
fliegen			to fly	
heben			to lift, raise	
der, die Jugendliche			adolescent	
das Maß			measure	
neun			nine	
stoßen			bump, push	
teuer			expensive	
vertreten			to represent	
der Ansatz			approach, attempt (not versuch or Verfahren)	
der Aspekt			aspect	
das Bein			leg	
die Erinnerung			memory	
ermöglichen			to enable (not dürfen or erlauben)	
genauso			just as	
herstellen			to produce (another word for "produtzieren)	
hundert			hundred	
irgendein			some, any	
die Kenntnis			knowledge	
der Kurs			course, exchange rate	
leiden			to suffer	
das Papier			paper	
schicken			to send	
die Sekunde			second	
die Sonne			sun	
der Umstand			circumstance (not Bedingung)	
vorne, vorn			at the front	
wechseln			to change	
weg			gone, vanished	
die Wissenschaft			science	
der Garten			garden	
die Küche			kitchen, cuisine	
liefern			to deliver, supply	
nötig			necessary	
toll			great, terrific	
die Wirklichkeit			reality	
zahlen			to pay	
benötigen			to require	
der Druck			pressure, printing	
das Essen			food, meal	
die Grundlage			basis	
stammen			to come (from), descend	
verhindern			to prevent	
zurzeit			at the moment, currently	
der Zustand			condition, state	
abschließen			to lock, conclude	
erneut			again, renewed	
die Hälfte			half	
das Meer			sea, ocean	
reisen			to travel	
singen			to sing	
überlegen			to consider, think about	
wenigstens			at least	
der Dienst			service, duty	
erwähnen			to mention	
der Gegenstand			object	
greifen			to take hold of, reach	
mittlerweile			in the meantime, since then,meanwhile	
der Plan			plan	
täglich			daily	
üblich			usual,common	
verzichten			to do without, resign	
der Zeitpunkt			moment, (point in) time, date	
zirka, ca.			approximately, about	
absolut			absolute	
aufgeben			to give up	
der Auftrag			instructions, order, job	
der Baum			tree	
betragen			to amount, average	
entweder			either	
die Freude			joy	
die Gemeinde			community, municipality	
gesellschaftlich			social	
der Hinweis			hint	
individuell			individual	
irgendwelche (r, s)			some, any	
kochen			to cook	
leer			empty	
national			national	
das Netz			net, network	
der November			November	
die Position			position	
der Schluss			end, conclusion	
ungefähr			approximately	
wiederum			again	
begründen			to justify	
blau			blue	
die Bundesrepublik			Federal Republic	
einrichten			to furnish	
festhalten			to hold on to, detain (to hold securely)	
geraten			to get into	
das Glas			glass	
die Haut			skin	
die Praxis			practice, doctor’s office	
rasch			quick (not bald)	
sicherlich			certainly	
soweit			as far as	
verfügen			to have sth at one’s disposal, be in charge	
der Wald			forest, woods	
zwanzig			twenty	
der Ausdruck			term, expression	
der Dienstag			Tuesday	
draußen			outside	
der Finger			finger	
die Freundin			friend	
der Roman			novel	
russisch			Russian	
schützen			to protect	
die Sicht			view, visibility	
die Theorie			theory	
die Umwelt			environment	
vielmehr			rather	
vorbereiten			to prepare	
wiederholen			to repeat	
der Haushalt			household, budget	
der Hund			dog	
die Maschine			machine	
die Nummer			number	
der Politiker			politician	
stören			to disturb, bother	
das Team			team	
der Titel			title	
verantwortlich			responsible	
der Verein			association, club	
zuständig			appropriate, responsible (not vorantwortlich)	
bislang			up to now (not soweit, der Zeit, bisherig, or zurzeit)	
erheblich			considerable	
ernst			serious	
feiern			to celebrate	
das Fernsehen			television	
irgendwann			sometime	
okay			okay	
die Schulter			shoulder	
die Unterstützung			support	
vermitteln			to arrange, find sth for sb	
das Zeichen			sign	
berücksichtigen			to consider (another word for betrachten, but more concerned with carrying)	
das Material			material	
die Produktion			production	
der Rest			rest, remains	
die Ruhe			silence, peace	
der Schaden			damage	
der Soldat			soldier	
die Sorge			worry	
die Tatsache			fact	
typisch			typical	
die Umgebung			surroundings	
das Volk			people	
der Wagen			car, carriage	
der Wind			wind	
der Zweck			purpose	
der Angriff			attack	
der Antrag			application	
ausschließen			to exclude, rule out	
diskutieren			to discuss	
funktionieren			to function, work	
der, das Grad			degree	
gründen			to establish, found	
herrschen			to rule	
der Job			job	
der Mittwoch			Wednesday	
die Öffentlichkeit			public	
schieben			to push/nudge (not bewegen or stoessen)	
der Schutz			protection	
übrigens			by the way	
zufrieden			satisfied	
der Anteil			share, portion	
behaupten			to claim	
der, die Beschäftigte			employee (not Mitarbeiter, Angesteller, or Arbeitnehmer)	
der Besuch			visit	
die Energie			energy	
erheben			to raise	
die Erklärung			explanation	
der Gang			corridor, aisle, course	
krank			sick, ill	
der Lauf			course, running	
der Unterricht			instruction, classes (not Vorlesung or Klasse)	
verfolgen			to pursue	
warm			warm	
das Zentrum			centre	
zurückkommen			to return	
zwingen			to force	
ablehnen			to refuse, reject, turn down	
das Amt			office, department, function	
der Anschlag			attack (another word for der Angriff)	
anwenden			to apply, employ	
auftauchen			to surface, appear	
das Ausland			foreign countries	
außerhalb			outside	
beeinflussen			to influence	
die Behandlung			treatment (another way to say Verhandlung)	
dick			thick, fat	
einfallen			to occur, remind, collapse	
die Einrichtung			institution, furnishings	
existieren			to exist	
das Feld			field	
fördern			to promote, support	
die Hochschule			college, university (not Universität - the level after A levels in Germany, often for technical schools and such)	
das Hotel			hotel	
das Publikum			public, audience	
schwach			weak	
die Studie			study	
der, die Vorsitzende			chair person	
die Analyse			analysis	
ansprechen			to address, speak	
beachten			to pay attention, observe	
empfinden			to feel (not sich fuellen)	
entfernen			to remove, leave	
linke (r, s)			left	
niedrig			low, base	
schneiden			to cut	
sichern			to secure, safeguard	
die Spur			track, lane (not Linie or Gleis)	
traditionell			traditional	
wenden			to turn	
angesichts			in view of (given) (on account of)	
bereit			ready	
der Berg			hill, mountain	
die Erkenntnis			realization, discovery	
der Faktor			factor	
fassen			to grasp, hold	
der Fehler			mistake, error	
die Freiheit			freedom	
die Freizeit			spare time	
die Gegend			area, region (not der Bereich or das Gebiet)	
gesetzlich			legal (nicht legal)	
informieren			to inform	
die Kritik			criticism, review	
kümmern (sich)			to take care of, be concerned	
leise			quiet, soft	
negativ			negative	
nicken			to nod	
organisieren			to organize	
der Partner			partner	
per			by way of, per	
prägen			to shape, mint	
der See			lake	
sinken			to sink	
sowieso			anyway	
der Typ			type	
vermeiden			to avoid	
ankündigen			to announce	
anschließend			subsequent, afterwards	
aufstehen			to stand up, get up	
das Ereignis			event	
die GmbH			limited liability company, Ltd	
die Kontrolle			inspection	
das Objekt			object	
das Opfer			sacrifice, victim	
österreichisch			Austrian	
der Sprecher			speaker	
verstärken			to strengthen, reinforce	
vorsehen			to plan, provide for	
der Arbeitsplatz			workplace, job	
die Aufnahme			reception, recording, snapshot	
beschränken			to restrict	
einerseits			on the one hand	
die Fähigkeit			ability, capability	
glücklich			happy, fortunate	
heraus			out	
die Karte			card, ticket, menu	
der Urlaub			vacation, holiday	
die Verantwortung			responsibility	
verletzen			to injure	
die Wahrheit			truth	
begreifen			to understand, grasp	
beruflich			professional	
einladen			to invite, load	
empfehlen			to recommend	
eröffnen			to open, start	
das Gebäude			building	
der Gesellschafter			associate, shareholder	
das Jahrzehnt			decade	
der Norden, Nord			north	
das Ohr			ear	
die Prüfung			examination, test	
die Regelung			regulation, settlement	
das Schiff			ship	
selbstverständlich			obvious (not offenbar, natuerlich, or klar)	
abhängen			to depend	
anlegen			to put on, invest	
die Ausstellung			exhibition	
bemühen (sich)			to make an effort (strive)	
beschließen			to decide (not entscheiden)	
der Bezug			reference, cover	
die Bitte			request	
die Hoffnung			hope	
konzentrieren			to concentrate	
leiten			to lead (not fuehren)	
offiziell			official	
prüfen			to examine, check	
schätzen			to estimate, value	
sozusagen			so to speak	
streng			strict	
unterhalten (sich)			to amuse oneself, chat	
verpflichten			to obligate, commit	
weitergehen			to go on	
zurückkehren			to return (not zurueckkommen)	
der Band			volume, tome	
beitragen			to contribute	
der Bericht			report	
brechen			to break	
dahin			there	
definieren			to define	
die Einstellung			attitude, employment	
fein			fine	
festlegen			to fix, lay down	
das Gericht			court, dish	
der Gewinn			profit	
komplex			complex	
der König			king	
der Mai			May	
obere (r, s)			upper	
orientieren			to orient	
schreien			to cry out, scream	
der Sieg			victory	
die Tat			deed	
der Traum			dream	
die Union			union	
der Amerikaner			American	
ausländisch			foreign	
ausschließlich			exclusive	
der Besucher			visitor	
bisherig			so far (not so weit)	
der Bund			association, alliance	
der Direktor			director	
einnehmen			to take (up, in)	
erstmals			for the first time	
die Geographie			geography	
der Hintergrund			background	
insofern			as far as that goes	
laut			loud	
präsentieren			to present	
die Qualität			quality	
der Rand			edge	
sinnvoll			sensible, meaningful	
tätig			active	
übertragen			to transfer	
ursprünglich			original (nicht original)	
die Vergangenheit			past	
der Abschnitt			portion, section	
die Aktiengesellschaft, AG			incorporated company, inc.	
anschauen			to look at, watch	
der Bauer			farmer	
bemerken			to notice	
die Ehe			marriage	
der Freitag			Friday	
füllen			to fill	
geistig			intellectual, mental	
hingegen			on the other hand (not andererseits)	
jährlich			annual	
mithilfe			with the aid	
unterwegs			on the way	
die Ursache			cause	
der Verlust			loss	
verteilen			to distribute	
vornehmen (sich)			to plan (not vorstellen or planen or planieren)	
der Winter			winter	
der Zuschauer			spectator	
abgeben			to give, hand in, submit	
abnehmen			to decrease, reduce	
die Anzahl			number	
aufweisen			to show, exhibit, contain	
böse			bad, mad	
derselbe, dieselbe, dasselbe			the same (one, ones)	
diesmal			this time	
frisch			fresh	
heiraten			to marry	
die Insel			island	
das Instrument			instrument	
der Januar			January	
messen			to measure	
nachdenken			to think about, reflect	
die Nachricht			news, message	
die Pflanze			plant	
der Samstag			Saturday	
die Störung			disturbance, interruption	
verbessern			to improve, correct	
der Vertreter			representative	
der Vorschlag			suggestion, proposal	
weitgehend			extensive	
der Zentimeter, cm			centimetre, cm	
der Abstand			distance	
die Bildung			education	
derjenige, diejenige, dasjenige			the one (who, that)	
die Eigenschaft			quality (not die Qualitaet)	
erzielen			to achieve, reach	
die Generation			generation	
hereinkommen, reinkommen			to come in	
intensiv			intensive	
der Leiter			leader	
los			rid of, going on	
nachher			afterwards	
sammeln			to collect, gather	
solange			as long as	
der Abschluss			end, conclusion	
auslösen			to set off, provoke	
außen			outside	
automatisch			automatic	
das Blatt			sheet, leaf	
der Dezember			December	
der Donnerstag			Thursday	
durchsetzen			to carry through, enforce	
ersetzen			to replace, reimburse	
formulieren			to formulate	
gefährlich			dangerous	
der Geist			mind, spirit	
heftig			heavy, violent	
das Interview			interview	
kämpfen			to fight	
militärisch			military	
das Semester			semester	
der Stand			stand, stage	
die Tradition			tradition	
vollständig			complete (or fully ready)	
vorbei			past, over	
warnen			to warn	
die Anlage			(sports) complex, investment, attachment	
die Behörde			department, authorities	
die Bühne			stage	
die Dame			lady	
drängen			to push, insist	
eindeutig			clear (not klar or offenbar)	
das Element			element	
falls			in case, if	
die Gelegenheit			opportunity	
der Hof			courtyard, yard	
die Kommunikation			communication	
die Mama			mamma	
das Museum			museum	
die Nutzung			use	
offensichtlich			obvious (not offenbar or natuerlich)	
scharf			sharp	
theoretisch			theoretical	
verbringen			to spend (time)	
wieso			why (not warum)	
ausmachen			to put out, agree	
die Basis			basis	
berühmt			famous	
binden			to tie, bind	
die Ecke			corner	
eins			one	
erfassen			to grasp/to cover/bring together in summary (not greifen)	
gestalten			to shape, design	
hallo			hello	
der Herbst			autumn	
hinweisen			to point to, refer  (to clue into)	
der Jude			Jew	
das Kriterium			criterion	
regeln			to control, put in order (through regulation or rules)	
der Terror			terror	
das Verständnis			understanding	
zulassen			to allow, admit (to allow to come in or be added)	
die Zusammenarbeit			cooperation	
am			the (+ superlative)	
anrufen			to call	
die Ansicht			opinion, view	
anziehen			to attract, put on, dress	
auseinander			apart	
die Auseinandersetzung			argument, quarrel	
die Bahn			train, railway, way	
beenden			to end	
der Bürgermeister			mayor	
die Definition			definition	
das Flugzeug			aeroplane	
das Foto			photograph	
hell			light, bright	
hinten			at the back	
die Masse			mass, crowd	
die Nation			nation	
die Phase			phase	
reduzieren			to reduce, decrease	
scheitern			to fail, break down (to go shitty)	
der Stein			rock, stone	
still			still, quiet	
teilnehmen			to take part	
der Ton			sound, tone, clay	
die Veranstaltung			event	
die Änderung			change	
angehen			to concern, go on	
aufhören			to stop	
die Ausnahme			exception	
äußern			to express, voice	
der Bau			construction, building	
britisch			British	
einführen			to introduce, import	
elf			eleven	
froh			happy	
das Hobby			hobby	
der Kaffee			coffee	
der Konflikt			conflict	
kritisch			critical	
die Leitung			management, leadership, pipe (not die Fuehrung)	
die Lust			desire	
die Mehrheit			majority	
der Nachmittag			afternoon	
pflegen			to care, cultivate	
die Rechnung			bill, calculation	
das Schloss			castle, lock	
versichern			to insure, assert	
die Aktivität			activity	
begleiten			to accompany	
begrenzen			to limit, restrict	
besetzen			to occupy, fill	
das BGB (Bürgerliches Gesetzbuch)			civil code	
das Dach			roof	
das Fest			festival, celebration	
der Franken, fr.			(Swiss) franc	
gelangen			to reach (not erreichen, reichen, or leisten)	
italienisch			Italian	
der Kandidat			candidate	
die Landschaft			landscape, countryside	
links			on, to the left	
die Mannschaft			crew, team	
die Mauer			wall	
rechts			on, to the right	
reich			rich, abundant	
reißen			to tear	
riesig			enormous	
die Runde			round	
der Stern			star	
verweisen			to refer (not sich beziehen)	
akzeptieren			to accept	
bestellen			to order, reserve	
dicht			thick, dense	
dreißig			thirty	
erweisen			to prove (similar to beweisen)	
erweitern			to widen, expand	
der Experte			expert	
fürchten			to fear	
die Gestalt			shape, form, figure	
günstig			favourable, good (also cheap)	
hauptsächlich			main	
der Laden			shop	
der Meister			master	
möglicherweise			possibly	
produzieren			to produce	
springen			to jump	
starten			to start	
die Stellung			position, standing	
überprüfen			to check	
der Zugang			access	
ansonsten			otherwise	
aufstellen			to put up, draw up	
die Branche			sector, line of business	
ermitteln			to find out, investigate	
die Figur			figure	
der Frieden			peace	
gegenwärtig			present	
die Industrie			industry	
kritisieren			to criticize	
mittlere (r, s)			middle, average	
nett			nice	
niemals			never	
der Umgang			dealings, contact	
der Vorgang			occurrence	
das Wachstum			growth	
zeitlich			in time	
zerstören			to destroy	
ablaufen			to run out, expire	
berechnen			to calculate, charge	
das Büro			office	
die Darstellung			presentation, description	
eintreten			to enter, join, occur	
ergänzen			to add, complete	
erwerben			to acquire, purchase	
der Fußball			soccer, football	
die Gewalt			violence, force	
die Institution			institution	
die Katze			cat	
der Konzern			(business) group	
das Lager			camp, storeroom	
die Lehre			apprenticeship, lesson, doctrine (not das Praktikum)	
online			online	
das Pferd			horse	
der Rat			advice	
der Schatten			shadow, shade	
spezifisch			specific (not bestimmt)	
die Spitze			point, top, peak	
die Strecke			distance, route (not der Abstand)	
die Szene			scene	
üben			to practise	
die Weltmeisterschaft, WM			world championship	
zurückgehen			to go back, decrease	
anschließen			to join, chain to, connect	
ausdrücken			to express	
das Blut			blood	
die Dauer			length (of time)	
elektrisch			electric	
entlang			along	
etc.			etc.	
das Feuer			fire	
freilich			of course (not natuerlich or offenbar)	
gemäß			in accordance with	
gesund			healthy	
grau			grey	
das Gymnasium			secondary school	
der Juli			July	
die Konsequenz			consequence (not das Ergebnis)	
die Nase			nose	
schießen			to shoot	
streichen			to paint, cancel	
der Stuhl			chair	
der Süden, Süd			south	
das Tor			gate, goal	
der Verband			association, bandage	
westlich			westerly	
die Aktie			share	
die Aktion			action, campaign	
der Anlass			occasion, cause	
die Ausgabe			distribution, edition, expenses	
der Ausländer			foreigner	
bedürfen			to require (not benoetigen)	
behalten			to keep	
belegen			to register, prove, cover	
das Bundesland			state, province	
chemisch			chemical	
der Club			club (not der Verein)	
egal			(it’s all) the same / whatever	
extrem			extreme	
der Fluss			river	
freundlich			friendly	
die Führung			management, command, leadership	
die Geschwindigkeit			speed	
das Gut			estate, good(s)	
herauskommen, rauskommen			to come out	
hören			to hear	
lauten			to be (answer)	
letztlich			in the end (not schließlich or endlich)	
die Medizin			medicine	
der Nachbar			neighbour	
die Software			software	
die Stufe			step, level	
stürzen			to fall, stumble	
das Telefon			telephone	
der Terrorismus			terrorism	
total			total, complete	
der Trainer			coach	
umgehen			to treat, handle (not handeln, behandeln, verhandeln, etc.)	
verlaufen			to proceed, get lost	
vermuten			to assume, suspect	
zukommen			to come towards, be in store	
der Zweifel			doubt	
absehen			to foresee, be in sight	
die Anforderung			request, demand, standard (not die Nachfrage)	
auffallen			to stand out, notice	
das Bad			bath, bathroom, spa	
die Belastung			load, strain	
beweisen			to prove	
der Bus			bus	
der Effekt			effect (not das Ergebnis or die Wirkung)	
die Messe			(trade) fair, mass	
ohnehin			anyway	
stolz			proud	
überleben			to survive	
der Umfang			circumference, size, extent	
unbekannt			unknown	
die Vorschrift			instruction, regulation	
äußerst			extremely (nicht extrem)	
ausüben			to practise, exercise, exert	
betreten			to enter, walk into, onto	
einst			once, at one time, one day	
elektronisch			electronic	
endgültig			final	
erzeugen			to produce, generate (not produzieren)	
das Fahrrad			bicycle	
die Kommission			commission, committee	
das Krankenhaus			hospital	
künstlerisch			artistic	
landen			to land	
der Mangel			lack, shortage, defect	
realisieren			to realize, bring about	
retten			to save, rescue	
der Richter			judge	
sichtbar			visible	
sobald			as soon as	
tausend			thousand	
der Terrorist			terrorist	
das Urteil			sentence, judgement	
verbergen			to hide, conceal (not verstecken)	
verbreiten			to spread	
Wiener			Viennese	
abhängig			dependent	
allzu			all too	
der Anbieter			supplier	
begegnen			to meet, come across	
biologisch			biological	
brennen			to burn	
die Decke			ceiling, blanket	
doppelt			double	
erfordern			to require, demand (not benoetigen)	
erschrecken			to frighten, be startled	
der Fisch			fish	
das Fleisch			meat, flesh	
fünfzig			fifty	
jüdisch			Jewish	
die Jugend			youth	
der Juni			June	
packen			to pack, grab	
sämtlich			all (not alle)	
schenken			to give (as a present)	
der Schmerz			pain, grief	
die Schuld			guilt	
schütteln			to shake	
selbstständig			independent, self-employed	
senken			to sink, lower, decrease	
die Stimmung			mood, atmosphere	
die Tasche			pocket, bag	
umgekehrt			reversed, contrary, the other way around	
der Wein			wine	
die Welle			wave	
der Wettbewerb			competition (not die Konkurrenz instead, the actual competitive event)	
das Wetter			weather	
zurückziehen			to withdraw	
die Alternative			alternative	
anerkennen			to recognize, accept	
arbeitslos			unemployed	
die Auswirkung			effect	
das Bedürfnis			need (perhaps anticipation/longing for)	
beurteilen			to assess, judge	
erleichtern			to relieve, make easier	
genießen			to enjoy, relish	
die Haltung			posture, attitude	
der Leser			reader	
mächtig			powerful	
ökonomisch			economic (not wirtschaftlich)	
rechtlich			legal (not gesetzlich)	
religiös			religious	
schriftlich			written	
die Tante			aunt	
die Temperatur			temperature	
unterrichten			to teach (not Lehren)	
vermutlich			probably (not wahrscheinlich)	
die Waffe			weapon	
wahrnehmen			to perceive, detect	
die Ware			goods	
zweimal			twice	
die Ahnung			suspicion, idea	
angeblich			alleged	
anhand			on the basis of, with the aid of	
belasten			to load, burden	
billig			cheap	
die Brust			breast, chest	
damalig			at that time	
daneben			beside it, next to it	
die Einführung			introduction	
die Fahrt			drive, trip	
fließen			to flow	
die Förderung			support, sponsorship (not Unterstützung)	
geographisch			geographic	
das Kleid			dress	
die Koalition			coalition	
kontrollieren			to check, control	
kräftig			strong (nicht stark)	
die Länge			length	
das Loch			hole	
der Manager			manager	
nachweisen			to prove (nicht beweisen)	
die Quelle			source, spring	
der Regen			rain	
die Religion			religion	
der Spieler			player	
der Strom			stream, current, electricity	
die Summe			sum	
der Termin			appointment, date	
der Test			test	
der Tourist			tourist	
der Umsatz			turnover, sales	
unterbrechen			to interrupt	
vertrauen			to trust	
verursachen			to cause	
die Verwendung			use	
vorschlagen			to suggest/propose (not empfehlen)	
der Vorwurf			reproach, accusation	
wild			wild	
der Wissenschaftler			scholar, scientist	
woher			from where, how	
zurück			back	
der April			April	
aussprechen			to pronounce, express	
bedienen			to serve, operate	
beherrschen			to control, have mastered	
das Bier			beer	
die Bundesregierung			federal government	
bunt			colourful	
dringend			urgent	
einschränken			to restrict, reduce	
freiwillig			voluntary	
heilig			holy	
ideal			ideal	
das Konzert			concert	
die Krise			crisis	
die Landwirtschaft			agriculture	
das Leid			sorrow, grief	
leuchten			to shine, glow	
das Lied			song	
der März			March	
das Merkmal			feature	
mitnehmen			to take (along)	
mittels			by means of	
mitten			in the middle	
das Parlament			parliament	
die Pause			pause, break	
die Perspektive			perspective, prospects	
das Phänomen			phenomenon	
die Realität			reality	
regional			regional	
rücken			to move (not sich bewegen)	
die Suche			search	
töten			to kill	
überwiegend			predominant	
unmöglich			impossible	
verabschieden			to say goodbye, pass	
verbieten			to forbid, prohibit	
vorlegen			to present, provide, produce	
der Weltkrieg			world war	
zusammenfassen			to summarize	
angenehm			pleasant/convenient	
der Arbeitgeber			employer	
der Aufbau			construction, structure	
der August			August	
ausrichten			to tell, align, line up (inform)	
bedeutend			important, significant, eminent	
bedingen			to cause (not verursachen)	
die Bestimmung			regulation, purpose, fate	
die Botschaft			message	
das Brot			bread	
christlich			Christian	
davor			before it	
drüben			over there	
eventuell			possible (not moeglich)	
die Flasche			bottle	
die Formel			formula	
der Fortschritt			progress	
fortsetzen			to continue (not weiterhin)	
der Geburtstag			birthday	
die Gegenwart			present	
die Hauptstadt			capital city	
integrieren			to integrate	
klappen			to fold, go as planned, work out	
körperlich			physical	
medizinisch			medical	
die Mühe			effort, trouble	
die Nachfrage			demand	
die Pflicht			duty	
räumlich			three-dimensional, spatial	
starren			to stare	
der Studiengang			course of study	
der Teilnehmer			participant	
waschen			to wash	
der Wille			will	
angemessen			appropriate	
anhalten			to stop, last (to hold on or to hold)	
aufmerksam			attentive	
ausbilden			to train, instruct, educate	
beantworten			to answer	
die Debatte			debate	
dünn			thin	
einkaufen			to shop	
erläutern			to explain (to layout the data that shows. Not erzaehlen or erklaeren)	
die Fremdsprache			foreign language	
der Gegner			opponent, competitor, enemy	
global			global	
gucken, kucken			to look	
die Hinsicht			respect (in that respect...)	
der Käufer			buyer	
keineswegs			by no means, not at all	
das Kilogramm, kg			kilogram	
mitbringen			to bring	
sonstig			other (not andere)	
sprachlich			linguistic	
unternehmen			to do, go on, take steps	
verraten			to tell a secret, give away, betray	
verstecken			to hide	
die Verwaltung			administration	
vorsichtig			cautious	
die Weile			while	
zeichnen			to draw	
die Adresse			address	
anstreben			to aim at, strive	
auflösen			to disolve	
ausführen			to carry out	
beruhigen			to calm	
der Betrag[			amount (nicht die Menge)	
derartig			such, like that	
ehrlich			honest	
entfernt			distant	
fügen			to add, submit (as when submitting to something greater)	
gelb			yellow	
der Hals			neck, throat	
die Heimat			home, homeland	
hinauf			up, upwards	
hingehen			to go (there)	
der Kauf			purchase	
das Kino			cinema, movie theatre	
die Konkurrenz			competition	
die Mathematik			mathematics	
mitteilen			to inform (nicht informieren)	
die Schicht			layer, class	
schmal			narrow, slender	
der Schwerpunkt			main emphasis, center of gravity	
schwimmen			to swim	
der Streit			argument, fight (nicht die Auseinandersetzung)	
vereinbaren			to agree	
die Verhandlung			negotiation	
weich			soft	
wohin			where	
der Ablauf			expiry, action (the going out)	
arabisch			Arabian, Arabic	
der Arbeitnehmer			employee	
begeistern			to inspire, be enthusiastic	
betreuen			to look after, take care	
deuten			to indicate, interpret	
das Drittel			third	
empirisch			empirical	
enden			to end	
der, die Erwachsene			adult, grown-up	
ewig			eternal	
der Fahrer			driver	
das Gegenteil			opposite	
die Gemeinschaft			community	
die Gewerkschaft			trade union	
der Handel			trade	
höchstens			at most	
der Kanzler			chancellor	
malen			to paint	
das Management			management	
der Millimeter, mm			millimetre	
der Minister			minister	
der Nachteil			disadvantage	
die Platte			disk, record, plate	
probieren			to try	
seitdem			since then	
der Sitz			seat, headquarters	
spanisch			Spanish	
sparen			to save	
der Start			start, take-off, launch	
steuern			to steer, control	
die Tabelle			table, chart	
der Tourismus			tourism	
traurig			sad	
trocken			dry	
übersetzen			to translate	
umsetzen			to move, to put (into practice)	
unheimlich			eerie, scary, incredible	
der Verdacht			suspicion	
vielfältig			diverse, varied (not unterschiedlich)	
der Vogel			bird	
wagen			to dare, risk	
weinen			to cry, weep	
weshalb			why (not warum)	
der Widerstand			resistance, opposition	
wunderbar			wonderful	
anzeigen			to report, sue, indicate	
arm			poor	
auffordern			to ask, request	
auswählen			to choose, select	
der, die Beamte			official, civil servant	
begrüßen			to greet	
der Bundestag			Lower House (of Parliament)	
eintragen			to enter, record, register	
entsprechend			in accordance, accordingly	
enttäuschen			to disappoint	
gegenseitig			mutual, each other	
gewaltig			enormous, tremendous, powerful	
grundlegend			basic, fundamental	
die Investition			investment	
normalerweise			normally	
die Planung			planning, plan	
der Polizist			policeman	
der Schriftsteller			writer	
sportlich			athletic	
die Stärke			strength	
die Steuer			tax	
stützen			to support, base on	
die Therapie			therapy	
träumen			to dream	
türkisch			Turkish	
die Überlegung			thought, thinking	
umdrehen			to turn over, turn round	
verheiratet			married	
der Verkehr			traffic	
die Verletzung			injury	
veröffentlichen			to publish	
voraussetzen			presuppose, take for granted (to be expect without 2nd thought)	
zugeben			to admit	
der, die Abgeordnete			member of parliament, congress	
achten			to respect, pay attention	
der Anschluss			connection (not die Verbindung)	
ansetzen			to position, estimate, fix	
die Armee			army	
die Atmosphäre			atmosphere	
die Auswahl			choice, selection	
befürchten			to fear	
die Beschreibung			description	
das Bewusstsein			consciousness	
das Boot			boat	
die Einnahme			income, receipts, revenue	
die Erkrankung			illness, disease	
euer			your	
die Fläche			area, surface	
der Flughafen			airport	
das Gehirn			brain	
die Gesundheit			health	
katholisch			Catholic	
langfristig			long-term	
ordentlich			neat, proper, orderly	
der Park			park	
der PC			computer	
die Physik			physics	
die Post			mail, post office	
die Saison			season	
die Stirn			forehead	
die Strategie			strategy	
der Wechsel			change	
zuhören			to listen	
zumal			particularly, especially	
zusammenhängen			to be connected	
der Alltag			workday, daily routine	
der Auftritt			appearance, entrance	
aufwachsen			to grow up	
äußere (r, s)			outer, external	
der Bahnhof			(railway) station	
beinahe			almost, nearly (not "fast")	
bevorzugen			to prefer	
der Bundeskanzler			federal chancellor	
die Demokratie			democracy	
demokratisch			democratic	
desto			the more	
einander			each other	
die Erwartung			expectation	
exakt			exact	
das Fahrzeug			vehicle	
die Fotografie			photography	
fünfzehn			fifteen	
der Hersteller			manufacturer, producer	
herum			around	
hinsichtlich			with regard to	
das Holz			wood	
inhaltlich			in terms of content	
kennzeichnen			to characterize, mark	
das Knie			knee	
die Kombination			combination	
künstlich			artificial	
die Liste			list	
das Niveau			level, standard	
perfekt			perfect	
der Pfarrer			pastor	
sauber			clean	
das Schicksal			fate	
die Schrift			script, handwriting	
sofern			provided that, if	
der Standort			site, location	
der Verlag			publishing company	
der Zeitraum			period of time	
zitieren			to quote	
die Abteilung			department	
Aids			Aids	
bayrisch			Bavarian	
der Beweis			proof, evidence	
dahinter			behind it	
das Detail			detail	
die Dimension			dimension	
entschuldigen			to excuse, apologize	
erledigen			to settle, take care	
der Forscher			researcher	
gefährden			to endanger	
gelegentlich			occasionally	
gewohnt			usual	
grob			coarse, rude, gross	
das HGB (Handelsgesetzbuch)			commercial code	
die Integration			integration	
die Kasse			cash register, checkout	
die Kategorie			category	
literarisch			literary	
maximal			maximum	
der Organismus			organism	
parallel			parallel	
das Radio			radio	
spätestens			at the latest	
tanzen			to dance	
der Unfall			accident	
untere (r, s)			lower	
die Verbesserung			improvement	
vergleichbar			comparable	
die Verpflichtung			commitment, obligation	
wandern			to (go on a) walk or hike, migrate	
das Abitur			school leaving exam, A levels	
anpassen			to adjust, adapt	
ausgeben			to spend	
aussetzen			to abandon	
der Bedarf			need, demand	
beeindrucken			to impress	
beraten			to advise, discuss	
die Beratung			advice, discussion, consultation	
die Beschäftigung			employment, job, activity, occupation	
die Betrachtung			contemplation, examination	
der Bundesrat			Upper House of Parliament	
enorm			enormous	
erstellen			to build, draw up, produce	
der Februar			February	
flach			flat, low, shallow	
das Frühjahr			spring	
gewähren			to grant, give	
das Gewicht			weight	
der Journalist			journalist	
klären			to clear up, clarify	
die Kompetenz			competence, authority	
kompliziert			complicated	
kurzfristig			at short notice	
das Lebensmittel			food (not das Essen)	
massiv			solid, massive, severe	
der Mittelpunkt			midpoint, centre of focus	
optimal			best possible, optimum	
speichern			to store, save	
der Spiegel			mirror	
der Strand			beach	
die Treppe			stairs	
das Vermögen			assets, fortune, ability	
das Wesen			being, creature, nature (of sth)	
zuordnen			to assign, classify	
allmählich			gradual	
die Arbeitslosigkeit			unemployment	
aufheben			to pick up, keep, lift	
befassen (sich)			to deal	
befragen			to ask, question	
die Beobachtung			observation	
der Bestandteil			component	
die Beteiligung			participation	
die Bewertung			assessment	
die Bezeichnung			name, term	
die Brücke			bridge	
die CD			CD	
engagieren			to commit (engage with heavily)	
entschließen (sich)			to decide (this version is like "creating the close")	
garantieren			to guarantee	
der Gebrauch			use	
gegebenenfalls			if necessary	
gerecht			just, fair	
der Geschäftsführer			manager	
lehren			to teach	
die Lippe			lip	
der Ministerpräsident			governor, minister president	
müde			tired	
nahezu			nearly	
der Nutzen			benefit, profit, use	
der Ruf			reputation, call	
der Russe			Russian	
das Signal			signal	
der Standard			standard	
der Star			star, starling	
steigern			to increase, raise	
strategisch			strategic	
die Substanz			substance	
die Taste			key, button	
das Teilchen			particle	
umfangreich			extensive	
die Versicherung			insurance, assurance	
versorgen			to supply, look after	
die Vorbereitung			preparation	
der Vordergrund			foreground	
der Anwalt			attorney, lawyer	
berechtigen			to entitle	
digital			digital	
das Experiment			experiment	
generell			general	
der Glauben			faith, belief	
der Grundsatz			principle	
hierher			here	
die Initiative			initiative	
die Komponente			component	
konservativ			conservative	
kühl			cool	
lokal			local	
mischen			to mix, blend,mingle	
nackt			naked, bare	
die Oberfläche			surface	
physikalisch			physical	
das Reich			empire, kingdom	
das Rennen			race	
rühren			to stir, move	
der Schlag			blow	
schrecklich			terrible	
der Schuh			shoe	
sechzig			sixty	
das Seminar			seminar	
die Sendung			broadcast, show	
spannend			exciting, thrilling	
die Spannung			suspense, tension	
die Technologie			technology	
touristisch			touristic	
die Truppe			troops, unit	
das Umfeld			milieu	
der Verbraucher			consumer	
vereinigen			to unite	
der Verkauf			sale	
vielfach			multiple	
das Viertel			quarter, district	
das Vorjahr			previous year	
wecken			to wake up	
angucken			to look	
anhören			to listen to	
anstellen			to employ, line up, get into mischief (to set it into place/make happen/do)	
aufführen			to perform	
ausgerechnet			of all people, of all times	
bedenken			to consider (not betrachten)	
beruhen			to be based	
bewirken			to cause (not verursachen)	
die Bilanz			balance sheet,conclusion	
einbringen			to bring in, contribute	
das Erlebnis			experience	
gewöhnlich			usual	
das Grundstück			plot of land	
herausstellen			to emphasize, come to light	
die Identität			identity	
investieren			to invest	
israelisch			Israeli	
die Kamera			camera	
der Kanal			canal, channel	
die Karriere			career	
komplett			complete	
der Kredit			credit	
momentan			at the moment, momentarily	
das Plus			plus	
das Quartal			quarter of the year	
das Rad			wheel	
der Rechner			computer, calculator	
rechtfertigen			to justify	
der Schlaf			sleep	
der Sender			broadcasting station	
das Tal			valley	
die Tiefe			depth	
das TV			TV	
der Verlauf			course	
verlieben (sich)			to fall in love	
vierzig			forty	
die Zigarette			cigarette	
zukünftig			future	
der Aktionär			shareholder	
antreten			to take up, start	
der Atem			breath	
die Auffassung			point of view	
aufpassen			to pay attention, take care	
aufsteigen			to get on, rise	
befreien			to free	
besprechen			to discuss	
der Bewohner			inhabitant, occupant	
braun			brown	
der Charakter			character	
einheitlich			uniform, standardized	
das Einkommen			income	
einziehen			to move in	
die Erziehung			upbringing, education	
finanzieren			to finance	
die Geburt			birth	
geradezu			absolutely, really	
gezielt			purposeful, pointed, well-aimed	
die Halle			hall	
die Herausforderung			challenge	
hinein			in, into	
hoffentlich			hopefully	
die Informationstechnologie, IT			information technology, IT	
islamisch			Islamic	
der Mittag			noon, midday	
die Niederlage			defeat	
die Norm			norm	
real			real	
die Reform			reform	
das Restaurant			restaurant	
riechen			to smell	
schade			(it’s a) pity	
der Schauspieler			actor	
der Schnee			snow	
die Schülerin			schoolgirl, student	
der Service			service	
siebzig			seventy	
die Sitzung			meeting, session	
statistisch			statistical	
der Sturm			storm	
testen			to test	
tja			well	
die Träne			tear	
die Trauer			grief	
überlassen			to leave	
unterliegen			to be defeated, be subject	
verschieben			to move, postpone	
vorgeben			to use as an excuse, to set in advance, pretend	
vorhaben			to have in mind, be planning, intend	
der Vorstand			board, chairperson	
zögern			to hesitate	
der Zufall			chance, coincidence	
zufällig			accidental, by chance	
zugrunde			(form) the basis, (go) to ruins	
die Zustimmung			approval	
ableiten			to derive, deduce	
der, die Angehörige			member, relative	
die Annahme			acceptance, assumption	
das Argument			argument	
das Arzneimittel			medicine	
aufhalten			to stop, hold up, delay	
der Außenminister			foreign minister	
ausstatten			to furnish, provide	
der Benutzer			user	
berühren			to touch	
der Bescheid			information, reply	
bezüglich			regarding	
die Blume			flower	
die Bundeswehr			Armed Forces	
demnach			therefore (not deshalb)	
die Disziplin			discipline	
dramatisch			dramatic	
einräumen			to put away, admit, concede	
empfangen			to receive, to welcome	
entlassen			to dismiss, fire	
ergreifen			to grab, seize	
erkennbar			recognizable	
erteilen			to give	
die Existenz			existence	
fern			far, distant	
die Fraktion			parliamentary party	
das Grundgesetz			basic law	
der Händler			trader, dealer, retailer	
hierbei			while doing this, on this occasion	
hierzu			with it, concerning this, about	
der Hinblick			view	
indes			meanwhile, however	
das Individuum			individual	
innen			inside	
juristisch			legal, juridical	
die Katastrophe			catastrophe	
komisch			funny, strange	
lustig			funny, enjoyable	
das Motiv			motive	
musikalisch			musical	
der Musiker			musician	
objektiv			objective	
die Opposition			opposition	
der Papa			daddy	
das Personal			staff	
regieren			to rule, govern	
der Sand			sand	
seltsam			strange, peculiar	
sorgfältig			careful	
stärken			to strengthen	
die Station			station	
stattdessen			instead	
die Tendenz			trend	
das Training			training	
trauen			to trust, dare to	
die Umsetzung			transfer, implementation	
unglaublich			incredible	
der Verkäufer			salesman	
vernünftig			sensible	
die Versorgung			supply, care	
vierzehn			fourteen	
vorwiegend			mainly	
der Wandel			change	
wehren (sich)			to defend oneself	
weisen			to point	
widmen			to dedicate	
das Wunder			miracle	
zufolge			according to	
zugehen			to approach, close	
zurückführen			to attribute, trace back	
ahnen			to suspect	
analysieren			to analyse	
die Angelegenheit			matter, affair	
aufgehen			to rise, open	
die Auskunft			information	
das Ausmaß			extent, size	
aussuchen			to choose	
ausziehen OR b) ausziehen (sich)			to move out, take off (clothes)	
die Begründung			explanation, justification	
derart			so	
durchschnittlich			average	
das Engagement			commitment	
die Entfernung			distance	
erarbeiten			to work for, out	
der Fleck			stain	
gefangen			captivated, (be a) prisoner, trapped	
griechisch			Greek	
die Handlung			action, plot	
das Immunsystem			immune system	
der Koffer			suitcase	
lohnen (sich)			to be worth it	
mathematisch			mathematical	
die Not			need, trouble	
die Persönlichkeit			personality, celebrity	
radikal			radical	
schalten			to switch, shift	
der Schlüssel			key	
der Schreibtisch			desk	
die Seele			soul, mind	
stabil			stable, sturdy	
systematisch			systematic	
der Unternehmer			employer	
die Unternehmung			undertaking, venture, activity	
verarbeiten			to use, process, assimilate	
die Vereinbarung			agreement	
verrückt			crazy	
versehen			to perform, provide	
vertraut			familiar, close	
das Video			video	
die Wahrnehmung			perception	
winzig			tiny	
wozu			what for, to what	
wundern (sich)			to surprise	
abbauen			to reduce, dismantle	
abwarten			to wait, wait out	
der, die Angestellte			employee	
aufeinander			into, onto one another	
ausfallen			to drop out, be cancelled	
die Äußerung			comment	
die Begegnung			encounter, meeting	
das Café			coffee house,cafe	
die Datei			data file	
die Dienstleistung			service	
dorthin			there	
ehe			before	
einbauen			to install, build in, fit	
einbeziehen			to include	
ernsthaft			serious	
erstaunlich			astonishing	
die Erzählung			narration, story	
die Ferne			distance	
das Gedicht			poem	
glatt			smooth, slippery	
golden			gold, golden	
die Gründung			foundation	
hübsch			pretty	
interpretieren			to interpret	
der Kanton			canton (Switzerland), province Schweiz besteht aus 26 Kantonen.	
der Keller			cellar	
das Konto			account	
neigen			to bend, to lean	
die Operation			operation	
ordnen			to arrange, sort	
die Qualifikation			qualification	
raten			to advise, guess	
die Sammlung			collection	
sanft			soft, gentle	
scheinbar			apparent	
schmecken			to taste	
städtisch			municipal	
die Tonne			ton, barrel	
der Träger			holder, responsible body	
der Trend			trend	
umso			the (more...the)	
die Variante			variant, variation	
vergeben			to award, allocate, forgive, give away	
der, die Verwandte			relative	
die Vielfalt			diversity	
die Vielzahl			multitude, variety	
wirksam			effective	
die Zahlung			payment	
zusammensetzen			to put together	
ablegen			take off, put, file	
abstimmen			to vote, coordinate	
achtzig			eighty	
akademisch			academic	
anregen			to encourage, suggest, stimulate	
der Arbeiter			worker	
ärgern			to annoy	
aufregen			to excite, upset, annoy (discourage / unsettle)	
der Aufwand			expense, effort	
die (pl) Aufwendungen			expenditure	
ausbauen			to extend, improve, expand	
ausweisen			to identify, expel	
der Bauch			belly, stomach	
bedecken			to cover	
beliebt			popular	
die Berechnung			calculation	
bereiten			to make, cause	
der Bestand			continuation, stock, supply, collection	
beugen			to bend	
das Entwicklungsland			developing nation	
der Entwurf			sketch, design, draft	
entziehen			to take away, remove	
erbringen			to raise, produce	
erfinden			to invent	
etliche			quite a few	
experimentell			experimental	
die Fachhochschule			technical college (of higher education)	
faszinieren			to fascinate	
der Fernseher			television	
die Finanzierung			financing	
gewöhnen			to get used to	
grinsen			to grin	
herkommen			to come here	
herzlich			cordial, warm	
hierfür			for this	
die Hose			trousers, pants	
der Impuls			stimulus, impulse	
das Kapital			capital	
der Kern			seed, core, nucleus, essence	
klagen			to complain	
klopfen			to knock, beat	
mangeln			to lack, be missing	
der Motor			motor, engine	
primär			primary	
der Rang			standing, status, rank	
rauchen			to smoke	
rechtzeitig			punctual, in time	
der Regisseur			director	
die Republik			republic	
rollen			to roll	
das Salz			salt	
der Schilling			shilling (former unit of Austrian currency)	
der Stil			style	
übel			foul, bad	
ungewöhnlich			unusual	
vereinen			to unite	
die Vermittlung			negotiation, placement	
versetzen			to move, transfer	
verständlich			comprehensible	
vorübergehen			to pass by	
der Wahlkampf			election campaign	
die Wolke			cloud	
der Zahn			tooth	
zustande			in existence, (to come, bring) about	
zustimmen			to agree, consent	
absolvieren			to complete, graduate	
die Anstrengung			effort	
atmen			to breathe	
die Behinderung			obstruction, handicap, disability	
bequem			comfortable	
die Berücksichtigung			consideration	
der Bord			board	
der Dichter			writer, poet	
der Eingriff			intervention, interference	
der Einwohner			inhabitant	
errichten			to build, erect	
der Fan			fan, supporter	
Frankfurter			Frankfurt	
Hamburger			Hamburg	
das Handy			mobile phone	
herausfinden			to find out	
die Hütte			hut, cabin	
die Kooperation			cooperation	
laden			to load	
lehnen			to lean	
nochmals			again	
ökologisch			ecological, organic	
qualifizieren			to qualify	
schlicht			simple, plain	
die Stasi			state security service	
das Symbol			symbol	
der Täter			culprit, perpetrator	
die Tour			tour, trip	
die Trennung			separation	
die Übertragung			transmission, broadcast	
überwinden			to overcome	
unendlich			endless, infinite	
die Verfassung			constitution	
verleihen			to rent, award	
vermögen			to be capable	
vollkommen			complete, perfect	
voneinander			from each other	
vorgehen			to go on ahead, be fast, have priority	
vorhin			a short while ago	
weiblich			feminine	
die Zeitschrift			magazine, journal	
zutreffen			to be correct, apply to	
die Absicht			intention	
abstrakt			abstract	
der Architekt			architect	
attraktiv			attractive	
aufbringen			to raise, find	
aufmachen			to open	
die Aufmerksamkeit			attention	
ausdrücklich			explicit	
auswirken (sich)			to have an effect	
bearbeiten			to work on, revise	
bedrohen			to threaten	
der Beschluss			decision, resolution	
bewerben (sich)			to apply	
bewerten			to assess, judge	
die Bibel			Bible	
die Bindung			relationship, attachment	
die Börse			stock market	
das Business			business	
decken			to cover	
differenzieren			to differentiate	
dumm			stupid	
der Ehegatte			husband	
die Einschätzung			opinion, assessment, evaluation	
einsteigen			to board, get in	
eintreffen			to arrive, come true, happen	
das Elektron			electron	
entnehmen			to take, extract, infer	
die Entstehung			origin	
erlernen			to learn	
die Erweiterung			expansion, extension	
der Feind			enemy	
die Flucht			flight, escape	
der Flüchtling			refugee	
geheim			secret	
das Geschlecht			sex, gender	
das Gewissen			conscience	
der Gläubiger			creditor, believer	
der Griff			handle, grip, grasp	
der Halt			stop, hold	
das Hemd			shirt	
hinterlassen			to leave	
indirekt			indirect	
die Infektion			infection	
intern			internal	
der Kindergarten			nursery school	
das Klima			climate	
der Kontinent			continent	
die Kündigung			termination, (notice of) dismissal	
lebendig			living, lively	
loben			to praise	
der Mantel			coat	
das Marketing			marketing	
mehrmals			repeatedly	
der Mister, Mr.			Mister, Mr.	
murmeln			to murmur, mutter	
der Mut			courage	
der Nationalsozialist, Nazi			National Socialist, Nazi	
die Nebenwirkung			side effect	
die Oper			opera	
das Orchester			orchestra	
das Paket			parcel, package	
quer			diagonally, sideways	
registrieren			to register	
relevant			relevant	
rennen			to run	
die Ressource			resource	
die Revolution			revolution	
die Richtlinie			guideline	
die Rückkehr			return	
die Scheibe			disc, slice, (glass) pane	
senden			to send, broadcast	
die Stille			peace, silence	
der Stress			stress	
subjektiv			subjective	
teils			partly	
die These			thesis	
der Transport			transportation	
der Übergang			crossing, transition	
übergehen			to pass into	
verbleiben			to remain	
verlängern			to lengthen, extend	
vermissen			to miss	
verschließen			to close, lock	
verurteilen			to condemn	
vollziehen			to carry out	
das Vorbild			model, example	
das Vorgehen			action	
vorziehen			to prefer	
der Widerspruch			contradiction, dissent	
womit			with what	
die Wüste			desert	
zucken			to twitch, shrug	
zusammenarbeiten			to cooperate	
zuwenden			to turn towards, devote oneself to	
abbrechen			to break off, stop	
der Alkohol			alcohol	
analog			analogous	
die Anerkennung			recognition	
der Aufenthalt			stay, residence	
aufkommen			to come up, arise, pay for	
die Aussicht			prospect, view	
der Ball			ball	
die Bemerkung			remark, comment	
der Besitz			property, possession	
bewahren			to keep, protect	
die Chemie			chemistry	
dementsprechend			accordingly	
die Distanz			distance	
dominieren			to dominate	
dynamisch			dynamic	
das Ei			egg	
einhalten			to observe	
einigermaßen			somewhat, quite	
einschalten			to switch on	
fangen			to catch	
die Frist			time period, deadline	
das Geschenk			gift	
die Gestaltung			design, organization	
gewährleisten			to guarantee	
das Heim			home	
heimlich			secret	
hinweg			(be) over, for (many years)	
der Höhepunkt			high point, peak	
der Horizont			horizon	
identifizieren			to identify	
indisch			Indian	
klettern			to climb	
kommunikativ			communicative	
die Konferenz			conference	
das Kreuz			cross	
kürzlich			recently	
küssen			to kiss	
locker			loose, relaxed	
mehrfach			multiple	
moralisch			moral	
Münchner			Munich	
nähern (sich)			to approach	
die Notwendigkeit			necessity	
das Organ			organ	
potenziell			potential	
die Presse			press	
prinzipiell			in principle	
problematisch			problematic	
profitieren			to profit	
quasi			almost	
die Rechtsprechung			jurisdiction	
das Regal			shelf	
der Ring			ring	
scheiden			separate, divorce	
steil			steep	
streiten			to quarrel	
südlich			southern	
überschreiten			to exceed	
die Übung			exercise, practice	
versterben			to pass away	
der Vortrag			lecture	
vorwerfen			to accuse, reproach	
winken			to wave	
worauf			on what	
die Zeile			line	
zittern			to tremble	
zurückhalten			to hold back, restrain	
akut			acute, urgent	
angreifen			to attack	
ansteigen			to rise, go up	
ausbreiten			to spread, spread out	
die Ausführung			implementation, type	
ausgeprägt			distinctive	
beklagen			to complain	
benennen			to name	
der Besitzer			owner	
blöd			stupid, dumb	
das Center			centre	
danken			to thank	
daraufhin			as a result	
dreimal			three times	
der Eingang			entrance	
einig			agreed	
erlangen			to obtain, secure (not bekommen)	
die Erscheinung			phenomenon, appearance	
erstaunen			to astonish	
erwidern			to reply	
die (pl) Ferien			holiday, vacation	
ferner			furthermore	
der Flug			flight	
die Fragestellung			problem (not Das Problem)	
die Freundschaft			friendship	
das Frühstück			breakfast	
das Gehalt			salary (not die Löhne)	
das Geheimnis			secret	
das Geräusch			sound, noise	
der Geschmack			taste	
das Gold			gold	
der Hafen			harbour	
hinausgehen			to go out, exceed	
der Hut			hat	
die Interpretation			interpretation	
jetzig			current	
die Klage			complaint, lawsuit	
die Klinik			clinic, hospital	
korrigieren			to correct, revise	
kündigen			to terminate	
die Lehrerin			teacher	
losgehen			to come off, go off, start	
die Marke			brand, stamp	
markieren			to mark	
das Medikament			medicine, drug	
die Miete			rent	
mitmachen			to join in, take part, participate	
das Öl			oil	
der Pass			pass, passport	
die Phantasie			imagination, fantasy	
die Prognose			prognosis	
das Protein			protein	
das Protokoll			minutes, record	
schildern			to describe (not beschreiben)	
der Schreck			fright, shock	
seither			since then	
die Serie			series	
der Tee			tea	
transportieren			to transport	
der Turm			tower	
die Überzeugung			conviction	
verteidigen			to defend	
verwandeln			to transform, turn into	
verweigern			to refuse	
virtuell			virtual	
vorerst			for the present	
die Vorgabe			guideline	
vorschreiben			to tell sb to do sth	
wahnsinnig			insane	
weggehen			to leave, go away	
das, die (pl) Weihnachten			Christmas	
die Wende			change (esp. the 1989–90 political change in the GDR)	
widersprechen			to contradict	
wonach			what...for, what...of	
zugänglich			accessible	
die Abhängigkeit			dependence	
abholen			to get, fetch, pick up	
absetzen			to take off, dismiss	
anbringen			to put up	
andeuten			to suggest, indicate	
der Arbeitsmarkt			labour market	
der Ärger			annoyance, trouble	
aufbrechen			to take off, break open	
aufsetzen			to put on	
ausführlich			detailed	
ausgezeichnet			excellent, perfect	
ausgleichen			even out, reconcile	
außerordentlich			extraordinary	
der Austausch			exchange	
beantragen			to apply for	
die Betreuung			care	
blind			blind	
die Bombe			bomb	
BSE			BSE, mad cow disease	
dazwischen			in between	
denkbar			conceivable	
der Dialog			dialogue	
eigenständig			independent	
einigen			to unite, agree	
einleiten			to introduce	
einschlafen			to fall asleep	
einschließlich			including	
die, das E-Mail			e-mail	
die Entschuldigung			apology, excuse	
die Erhöhung			increase	
etablieren			to establish	
feucht			damp	
flüstern			to whisper	
das Gas			gas	
geistlich			religious, spiritual	
das Gen			gene	
gleiten			to glide	
hervorragend			outstanding	
hinterher			after, afterwards	
die Hitze			heat	
intellektuell			intellectual	
jenseits			beyond	
keinerlei			no...at all	
die Kindheit			childhood	
das Klavier			piano	
konsequent			consistent	
kontinuierlich			constant, continuous	
die Konzentration			concentration	
korrekt			correct	
der Leib			body	
der Maler			painter	
materiell			financial, material	
die Menschheit			humanity	
merkwürdig			strange	
die Milch			milk	
der Mord			murder	
mündlich			oral	
nebeneinander			side by side	
pädagogisch			pedagogical	
der Pilot			pilot	
pressen			to press	
psychisch			psychological	
das Resultat			result	
der Riese			giant	
stellvertretend			on behalf	
der Stock			stick, floor	
die Strafe			punishment	
trainieren			to train, coach	
der Übersetzer			translator	
das Ufer			shore, bank	
die Umfrage			survey	
unsicher			uncertain, insecure	
anfangs			initially	
anmelden			to register, sign up	
aufzeigen			to show, point out	
aussteigen			to get off	
austauschen			to exchange, replace	
auswärtig			from out of town	
das Baby			baby	
beliebig			any, as you like	
bevorstehen			to lie ahead, be imminent	
die City			city centre	
derzeitig			current	
die Differenz			difference	
die Dunkelheit			darkness	
das Dutzend			dozen	
eingreifen			to intervene	
das Eis			ice, ice cream	
der Empfang			reception	
der Empfänger			recipient	
entspannen			to relax	
die Ernährung			food, diet	
evangelisch			protestant	
fliehen			to flee, escape	
der Franzose			Frenchman, French	
friedlich			peaceful	
furchtbar			terrible	
genetisch			genetic	
der Gesichtspunkt			point of view, according	
die Großmutter			grandmother	
die Herkunft			origin	
die Hochzeit			wedding	
der Hunger			hunger	
jederzeit			any time	
die Konjunktur			(state of the) economy	
der Konkurrent			competitor	
die Last			load, burden	
das Lebensjahr			year (of one’s life)	
das Medium			medium	
methodisch			methodical	
die Mischung			mixture	
das Muster			pattern, model	
der Nachfolger			successor	
nachhaltig			lasting, sustainable	
neugierig			curious	
die Note			note, grade	
null			zero	
der Onkel			uncle	
das Potenzial			potential	
der Protest			protest	
putzen			to clean	
reinigen			to clean	
der Reiz			stimulus, appeal	
restlich			remaining	
resultieren			to result	
der Rohstoff			raw material	
der Sachverhalt			facts	
der Schuss			shot	
sechzehn			sixteen	
selbe (r, s)			same	
die Sicherung			protection, fuse	
der Sieger			winner	
sperren			to cut off, block, close	
die Statistik			statistics	
die Strahlung			radiation	
das Taxi			taxi	
das Turnier			tournament	
die Übernahme			takeover	
umgeben			to surround, enclose	
umstritten			disputed	
die Verarbeitung			processing	
verdächtig			suspicious	
verdeutlichen			to clarify, explain	
die Veröffentlichung			publication	
die Verteilung			distribution	
die Wiedervereinigung			reunification	
wiegen			to weigh	
der Witz			joke	
wunderschön			wonderful, lovely	
der Abschied			departure, parting	
anfallen			to attack, accumulate	
anführen			to lead, command, quote	
ausbrechen			to break out, erupt	
aushalten			to bear, endure	
beauftragen			to give sb the task of doing sth, hire (a firm)	
die Benutzung			use	
Berner			Berne(se)	
bestreiten			to dispute, deny	
die Beurteilung			judgement, review	
der Bewerber			applicant	
der Christ			Christian	
das Defizit			deficit	
dringen			to press, insist	
effektiv			effective	
eindringen			to force one´s way in, penetrate	
einsam			lonely, isolated	
einschließen			to lock up, surround, include	
die Einschränkung			restriction	
entfallen			to slip (sb’s mind), be dropped	
die Ermittlung			investigation	
der Ertrag			yield	
der Flur			hall, corridor	
das Format			format	
gründlich			thorough	
der Held			hero	
herein, rein			in, into, Come in!	
die Herstellung			production	
heuer			this year	
jahrelang			(lasting) for years	
japanisch			Japanese	
jemals			ever	
der Kaiser			emperor	
die Kammer			(small) room	
die Kette			chain	
kleben			to stick	
die Kleidung			clothes	
die Kneipe			pub, bar	
konstant			constant	
der Kritiker			critic	
die Küste			coast	
langweilig			boring	
liberal			liberal	
logisch			logical	
das Messer			knife	
die Messung			measuring, measurement	
mitunter			from time to time	
der Moslem			Muslim	
das Motto			motto	
nebenbei			on the side, in addition, by the way	
nervös			nervous	
notieren			to note	
der Nutzer			user	
optisch			optical	
organisch			organic	
der Passagier			passenger	
peinlich			embarrassing	
die Premiere			opening night	
die Probe			sample, test, rehearsal	
der Quadratmeter			square metre	
reizen			to annoy, provoke, tempt	
der Saal			hall	
schief			crooked, not straight	
die Schwäche			weakness	
der Sektor			sector	
spontan			spontaneous	
der Sprung			jump	
das Symptom			symptom	
das Tennis			tennis	
das Top			top	
das Tuch			cloth	
übergeben			to hand over, transfer	
die Überraschung			surprise	
die Übersetzung			translation	
unzählig			countless	
die Verbreitung			spread	
verlegen			to misplace, postpone	
verringern			to reduce	
verschaffen			to provide	
vertreiben			to drive out, to sell	
das Virus			virus	
das Vorhaben			plan, project	
die Vorlage			draft, model	
die Wärme			warmth, heat	
werben			to advertise	
die Werbung			advertising	
wertvoll			valuable	
die Wiese			meadow	
wütend			furious	
das Zelt			tent	
zumeist			for the most part	
zurücktreten			to step back, resign	
abhalten			to keep from	
abstellen			to turn off, shut down, park	
der Anhänger			supporter, trailer	
die Anzeige			display, advertisement	
die Aufklärung			enlightenment, solution	
die Auflösung			dissolving, breaking up	
ausfüllen			to fill out	
bedanken (sich)			to thank	
befestigen			to fix, fasten	
beibringen			to teach	
bescheiden			modest	
beschleunigen			to accelerate	
besorgen			to get, take care	
die Bestellung			order, reservation	
biegen			to bend, turn	
der Bube			boy	
das Bündnis			alliance	
die Burg			castle	
dastehen			to stand there	
dauerhaft			lasting, permanently	
deutschsprachig			German-speaking	
der Dialekt			dialect	
die Durchführung			carrying out, conducting	
die Einigung			agreement	
die Einsicht			view, insight	
erregen			to arouse, annoy	
erwischen			to catch	
extra			separately, extra	
flexibel			flexible	
fort			away, gone	
das Gedächtnis			memory	
das Gefängnis			prison	
die Geste			gesture	
die Gleichung			equation	
haften			to be responsible, to stick	
herrlich			marvellous	
die Herrschaft			power, reign	
hocken			to squat, crouch	
die Infrastruktur			infrastructure	
der Katalog			catalogue	
kirchlich			ecclesiastical	
klug			clever	
die Meldung			report	
die Mission			mission	
die Mitteilung			communication, announcement	
nachfolgen			to follow, succeed	
nachgehen			to follow, pursue, be slow	
die Nahrung			nourishment, food	
der Nebel			fog	
der Offizier			officer	
die Oma			grandma	
die Philosophie			philosophy	
die Realisierung			implementation	
der Schein			light, appearance, certificate	
schleppen			to tow, carry	
der Schnitt			cut	
die Schnittstelle			interface	
die (pl) Schulden			debt	
die Sehnsucht			longing	
der Skandal			scandal	
das Stadion			stadium	
stoppen			to stop	
süß			sweet	
der Tipp			tip, hint	
übereinstimmen			to accord, correspond, agree	
unangenehm			unpleasant	
unterbringen			to put (up), accommodate	
verfügbar			available	
vergrößern			to extend, enlarge	
verkünden			to announce	
vernichten			to destroy	
verwirren			to confuse	
vorläufig			temporary	
wiedersehen			to see again	
die Wunde			wound	
die Wurzel			root	
der Zeuge			witness	
das Zeugnis			report, testimonial	
zugunsten			in favour of	
abbilden			to copy, portray	
abdecken			to cover	
ablösen			to take off, come off, peel off	
abspielen			to play	
abweichen			to deviate, differ	
abzeichnen			to stand out, become apparent, draw	
achtzehn			eighteen	
der Anblick			sight	
angewiesen			dependent	
das Anliegen			request	
die Anpassung			adaptation	
der Anstieg			rise, increase	
anstrengend			exhausting	
das Arbeitsamt			employment office	
basieren			to be based on	
der Befehl			order	
behindert			handicapped	
die Bereitschaft			willingness	
die Beschwerde			complaint	
der Bogen			bow, arc, sheet	
die Bundesliga			(sport) national division	
Celsius			Celsius	
demnächst			shortly	
divers			diverse, various	
die Droge			drug	
die Ehre			honour	
das Eigentum			property	
einmalig			unique, fantastic	
der Einzelfall			individual case	
elegant			elegant	
entgegenkommen			to (come to) meet, accommodate	
entwerfen			to design	
die Epoche			epoch	
der Erreger			agent, virus, germ	
die Feststellung			observation, remark	
formal			formal	
die Formulierung			formulation	
das Gelände			ground, site	
der, die Geliebte			lover	
die (pl) Geschwister			siblings	
das Gramm			gram	
gültig			valid	
heutzutage			nowadays	
hinfahren			to go there, drive there	
infolge			as a result of	
die Inszenierung			production, staging	
isolieren			isolate, insulate	
der Kapitän			captain	
die Kiste			box, crate	
klinisch			clinical	
der Knochen			bone	
der Kontext			context	
kreativ			creative	
das Kunstwerk			work of art	
das Lebewesen			living being	
der LKW, Lastkraftwagen			truck	
der Lohn			wage, pay, reward	
der Magen			stomach	
meinetwegen			for me, as far as I’m concerned	
die Mode			fashion	
der Mörder			murderer	
nunmehr			now	
nützlich			useful	
die Öffnung			opening, hole	
organisatorisch			organizational	
palästinensisch			Palestinian	
die Partie			game	
das Rathaus			town hall	
die Reflexion			reflection	
die Rente			pension	
ruhen			to rest	
schuldig			guilty	
schwingen			to swing	
sexuell			sexual	
die Show			show	
stetig			constant	
die Stiftung			foundation, institute, donation	
super			super	
tauchen			to dive, dip	
der Teller			plate	
übersehen			to overlook	
unklar			unclear	
untereinander			among (our-)selves, each other	
die Unterscheidung			differentiation, distinction	
veranstalten			to organize	
verbrennen			to burn	
vergeblich			futile	
verhandeln			to negotiate	
verknüpfen			to tie	
versagen			to fail	
die Version			version	
verwirklichen			to put into practice, carry out	
verzeichnen			to list, record	
der Wähler			voter	
die Wechselwirkung			interaction	
der Zettel			piece of paper, note	
der Zins			interest	
die Zone			zone	
der Abbau			reduction, decline, mining	
die Agentur			agency	
die Akademie			academy	
die Anfrage			inquiry, request	
anklagen			to accuse	
anwesend			present	
die Aufführung			performance	
aufklären			to clear up, inform	
die Auflage			edition, condition, plating	
auftragen			to apply, serve, instruct	
aufwachen			to wake up	
der Ausbau			extension, consolidation	
auskommen			to get by, get on, manage	
ausschalten			to turn off	
ausscheiden			to leave, retire, be eliminated	
backen			to bake	
der Bär			bear	
bedauern			to regret, feel sorry	
das Bedenken			concern, doubt	
befriedigen			to satisfy	
bekämpfen			to fight, combat	
beschädigen			to damage	
betrieblich			operational	
der Buchstabe			letter	
bürgerlich			civil, civic	
das Dokument			document	
einheimisch			native	
einschätzen			to judge, assess	
die Einzelheit			detail	
empfindlich			sensitive	
die Erfüllung			fulfilment	
erschließen			to develop, tap	
erziehen			to bring up, educate	
extern			external	
der Finanzminister			finance minister	
formen			to form	
fröhlich			cheerful	
der Führer			leader, guide	
die Fusion			fusion, merger	
der Geruch			smell	
das Gleichgewicht			balance	
großzügig			generous	
heimisch			indigenous, native, at home	
der Investor			investor	
jagen			to hunt	
der Kerl			fellow, bloke	
die Kollegin			colleague	
kombinieren			to combine	
der Komponist			composer	
konventionell			conventional	
kriechen			to crawl	
die Kurve			curve	
das Labor			laboratory	
der Landkreis			district	
lenken			to steer, guide	
letztendlich			ultimately	
linear			linear	
das Märchen			fairy tale	
das Mittelalter			Middle Ages	
das Möbel			(piece of) furniture	
die Moderne			modern age	
motivieren			to motivate	
mühsam			strenuous, laborious	
der Nerv			nerve	
nördlich			northern	
der Ofen			oven, stove	
die Pflege			care	
die Plattform			platform	
der Posten			post, position	
professionell			professional	
der Profi			pro, professional	
psychologisch			psychological	
qualitativ			qualitative	
das Regime			regime	
reichlich			plenty, generous	
reiten			to ride	
der Rock			skirt, rock music	
der Rücktritt			resignation	
der Schrank			cabinet, wardrobe	
schwanger			pregnant	
die Sekretärin			secretary	
die Solidarität			solidarity	
sozialistisch			socialist	
spazieren			to (go for a) walk	
der Sportler			athlete	
die Stabilität			stability	
der Status			status	
der Staub			dust	
strukturell			structural	
stumm			dumb, silent	
der Tanz			dance	
der Topf			pot	
der Überblick			view, overview	
umbringen			to kill	
die Unsicherheit			uncertainty	
untergehen			to go down	
verdanken			to owe, have sb to thank for sth	
vermehrt			increased	
versammeln			to assemble, gather	
verzweifeln			to despair	
der Vorhang			curtain	
wandeln			to change, convert	
der Winkel			angle, corner	
womöglich			possibly	
das Zitat			quotation, quote	
zulässig			permissible	
zusammenkommen			to meet, come together	
zusammenleben			to live together	
zusehen			watch	
das Abenteuer			adventure	
die Abgrenzung			boundary, disassociation	
abziehen			to take off, withdraw, subtract	
der Akt			act	
der Akteur			player, actor	
aktivieren			to mobilize, activate	
die Allianz			alliance	
alltäglich			daily, usual, ordinary	
die Armut			poverty	
aufsuchen			to go to (see), call on	
der Ausgleich			balancing, compensation, change	
ausstellen			to display, issue, make out	
die Begeisterung			enthusiasm	
beinhalten			to contain, include	
bereitstellen			to provide, put on standby	
berufen			to appoint	
beträchtlich			considerable	
bewähren (sich)			to prove itself, oneself	
bewältigen			to cope with, overcome	
der Bezirk			district	
blühen			bloom	
charakteristisch			characteristic	
chinesisch			Chinese	
dankbar			grateful	
dauernd			constant, lasting	
detailliert			detailed	
die Diagnose			diagnosis	
diskret			discreet, confidential	
Dresdner			of Dresden	
das Dunkel			darkness	
der Durchmesser			diameter	
die Einladung			invitation	
einreichen			to submit	
einschlagen			to hammer in, smash, choose	
einseitig			one-sided	
einverstanden			(to be) in agreement	
die Empfehlung			recommendation	
erfreuen			to please, take pleasure	
erholen (sich)			to recover, relax	
die Eröffnung			opening	
erschießen			to shoot dead	
ersparen			to spare	
erstrecken (sich)			to extend, include	
ertragen			to bear	
der Felsen			rock	
fließend			fluent	
die Flüssigkeit			liquid	
das Fräulein			young lady, miss	
der Friedhof			cemetery	
die Front			front	
die Fülle			abundance	
das Gebirge			mountains	
das Geschäftsjahr			financial year	
gestehen			to confess	
gleichwohl			nevertheless	
das Gras			grass	
die Großstadt			city, large town	
der Hang			slope, inclination	
herkömmlich			conventional	
hinzu			in addition	
der Hügel			hill	
infizieren			to infect	
der Ingenieur			engineer	
konfrontieren			to confront	
der Kongress			congress, convention	
kostenlos			free (of charge)	
lauter			nothing but, just	
löschen			to put out, delete	
männlich			male	
mechanisch			mechanical	
medial			by the media	
monatlich			monthly	
der Muskel			muscle	
der Nachweis			proof, evidence, certificate	
neunzig			ninety	
oftmals			frequently	
die Orientierung			orientation	
örtlich			local	
physisch			physical	
der PKW (Personenkraftwagen)			car, auto	
polnisch			Polish	
präzise			precise	
der Rhythmus			rhythm	
die Rücksicht			consideration	
samt			together with, along with	
schweben			to float, hover, be in the balance	
der Senat			senate	
siebzehn			seventeen	
sogleich			immediately	
die Steuerung			control, steering	
der Stolz			pride	
strahlen			to shine	
symbolisch			symbolic	
die Teilnahme			participation	
telefonieren			to (make a telephone) call	
treu			faithful	
trösten			to comfort	
überstehen			to get over, survive	
das Universum			universe	
die Unterhaltung			entertainment, conversation	
die (pl) Unterlagen			documents	
unterschreiben			to sign	
veranlassen			to arrange, see to it	
die Vereinigung			organization, association, unification	
verhaften			to arrest	
verkehren			to run, associate	
vermeintlich			supposed	
verpassen			to miss	
die Vertretung			replacement, substitute	
die Volkshochschule			adult education centre	
vorangehen			to go ahead, make progress	
voraus			ahead, forward	
vorig			previous	
die Vorsicht			caution	
wach			awake	
die Wahrscheinlichkeit			probability	
die Wange			cheek	
weitergeben			to pass on	
weitermachen			to carry on, continue	
das Werkzeug			tool	
die Zeichnung			drawing	
zulegen			to put on, get oneself sth	
die Zunahme			increase	
zustehen			to be entitled	
die Zwiebel			onion, bulb	
abheben			lift off, withdraw	
die Ablehnung			refusal, rejection	
abschneiden			to cut off	
die Abstimmung			vote, coordination	
agieren			to act	
allenfalls			at most	
alternativ			alternative	
anordnen			to order, arrange	
die Anordnung			order	
die Anregung			stimulus, idea	
anrichten			to prepare, cause	
anstehen			to line up	
ärztlich			medical	
aufrufen			to call out, up, upon	
der Aufsatz			essay	
aufschreiben			to write down	
aufspringen			to jump up, on, burst open	
aufwendig			extravagant, costly	
ausdehnen			to extend, expand	
ausnutzen			to take advantage	
ausprobieren			to try out	
ausweichen			to make way, evade, avoid	
der Backofen			oven	
die Bakterie			bacterium	
beabsichtigen			to intend	
beeinträchtigen			to restrict, damage	
der Befund			results	
begeben (sich)			to proceed	
begehen			to commit, make, celebrate	
bemerkenswert			remarkable	
die Bemühung			effort	
der Beobachter			observer	
der Berater			advisor, consultant	
bergen			to rescue, hide	
beseitigen			to eliminate	
besorgt			concerned	
der Betrachter			observer	
das Betriebssystem			operating system	
der Bildschirm			screen, monitor	
die Blüte			blossom	
die Brille			glasses	
charakterisieren			to characterize	
chronisch			chronic	
die Datenverarbeitung			data processing	
demonstrieren			to demonstrate	
dokumentieren			to document	
dreizehn			thirteen	
durcheinander			confused, in a mess	
düster			gloomy	
effizient			efficient	
der Eigentümer			owner	
einlassen			to let in, get involved	
die Eintragung			entry, registration	
emotional			emotional	
das Ensemble			ensemble	
die Enttäuschung			disappointment	
erforschen			to explore, investigate	
erreichbar			within reach, reachable	
erschöpfen			to exhaust	
erschweren			to make more difficult	
erwachen			to wake up	
erwecken			to wake, arouse	
die Faust			fist	
das Festival			festival	
flüchten			to flee	
fressen			to eat	
die Galerie			gallery	
das Gemüse			vegetables	
gemütlich			comfortable, cosy	
die Genehmigung			approval, permit, permission	
gespannt			eager, anxious, tense	
gewissermaßen			so to speak, as it were	
gießen			to water, pour	
gleichen			to be alike, be just like	
der Großvater			grandfather	
die Grundschule			primary school	
grüßen			to greet	
der Hass			hatred	
hervorgehen			to come from, follow	
hinüber			over, across	
die Höhle			cave	
die Innenstadt			town centre, downtown	
intelligent			intelligent	
irren			to be wrong	
der Jazz			jazz	
das Kloster			monastery, convent	
die Kohle			coal	
der Konsument			consumer	
landwirtschaftlich			agricultural	
der Lärm			noise	
lauschen			to listen, eavesdrop	
der Liter			litre	
locken			to lure, tempt	
das Lokal			pub, bar	
loswerden			to get rid of	
die Malerei			painting	
maßgeblich			significant, decisive	
der Maßstab			scale, yardstick, standard	
die Materie			matter	
mobil			mobile	
motorisch			motor	
die Münze			coin	
nass			wet	
das Netzwerk			network	
operativ			operative	
pakistanisch			Pakistani	
philosophisch			philosophical	
das Praktikum			internship	
realistisch			realistic	
der Rückgang			fall, decline	
sachlich			objective, matter-of-fact	
der Sack			sack	
der Schuldner			debtor	
schweizerisch			Swiss	
sicherstellen			to confiscate, guarantee	
spiegeln			to shine, reflect	
die Sportart			(type of) sport, discipline	
der Stamm			trunk, stem, tribe	
stehlen			to steal	
der Streifen			stripe, strip	
die Tasse			cup	
der Teppich			carpet	
der Teufel			devil	
überflüssig			superfluous	
die Überprüfung			screening, check, inspection	
überwachen			to monitor, keep under surveillance	
überziehen			to cover, put on, overdraw	
umwandeln			to convert, change	
unsichtbar			invisible	
der Unsinn			nonsense	
unterdessen			meanwhile	
verbindlich			binding, friendly	
das Verbot			ban, prohibition	
verlegen			embarrassed	
die Vermutung			assumption, presumption	
die Versammlung			meeting, gathering, assembly	
voraussichtlich			expected	
die Wäsche			washing, laundry	
die Werkstatt			workshop, garage	
die Wirtschaftspolitik			economic policy	
wovon			from what, about what	
das Zeug			stuff	
zueinander			to one another	
die Zunge			tongue	
zurücklegen			to put back, put aside, cover (distance)	
zusagen			to promise, accept	
zusammenstellen			put together	
der Zwang			force, pressure, compulsion	
zwangsläufig			inevitable	
zwischendurch			in between	
abschließend			concluding, final	
abwenden			to turn away, avert	
anscheinend			apparent	
ansiedeln			to settle, establish	
das Antibiotikum			antibiotic	
die Anweisung			instruction	
der Anzug			suit	
die Architektur			architecture	
das Atom			atom	
aufbewahren			to keep, store	
auffällig			conspicuous	
aufrecht			upright, erect	
aufschlagen			to open, hit	
der Aufstieg			climb, rise	
der Ausflug			outing, trip	
der Ausgang			exit, outcome, starting point	
die Ausstattung			equipment, provision, furnishings	
auswerten			to evaluate, analyse	
der Bayer			Bavarian	
die Bearbeitung			working, handling	
beleben			to stimulate	
berufstätig			employed, working	
beschaffen			to get (hold of)	
die Besonderheit			characteristic, specific feature	
der Betracht			consideration	
die Biologie			biology	
blond			blond	
die Breite			width	
die Butter			butter	
der Champion			champion	
die Differenzierung			differentiation	
der Dirigent			(musical) conductor	
drastisch			drastic	
eilen			to hurry	
einsehen			to see, realize, look into	
endlos			endless, infinite	
die Entdeckung			discovery	
entfalten			to unfold, develop	
die Erfindung			invention	
erhältlich			available	
erhoffen			to expect, hope for	
erleiden			to suffer	
der Ersatz			replacement, compensation	
explizit			explicit	
fachlich			specialist, informed	
festnehmen			to arrest, detain	
die Feuerwehr			fire brigade	
das Fieber			fever	
fixieren			to fix (one’s eyes), fixate	
die Fluggesellschaft			airline	
fotografisch			photographic	
freigeben			to release	
die Gebühr			fee	
der Geheimdienst			secret service	
der Generalsekretär			Secretary-General	
das Gepäck			luggage	
das Gerücht			rumour	
der Gesetzgeber			legislator, legislature	
gleichmäßig			regular, even	
gleichsam			as it were, so to speak	
die Gliederung			structure, organization	
das Grab			grave	
der Grenzwert			limiting value, limit	
das Handwerk			craft, trade	
hassen			to hate	
das Heft			notebook	
der Helfer			helper, accomplice	
hervorrufen			to evoke, arouse, cause	
hinnehmen			to accept	
identisch			identical	
illegal			illegal	
industriell			industrial	
die Intelligenz			intelligence	
inwieweit			to what extent	
der Jäger			hunter	
jegliche (r, s)			any	
die Kartoffel			potato	
der Käse			cheese	
der Klang			sound, tone	
klingeln			to ring	
kommentieren			to comment	
der Kompromiss			compromise	
die Königin			queen	
die Konstruktion			construction, design	
der Kreislauf			circulation	
die Kugel			ball, sphere, bullet	
die Kuh			cow	
lagern			to store, to camp	
die Leiche			corpse	
die Leidenschaft			passion	
die Leistungsfähigkeit			productivity, power	
die Lieferung			delivery	
die Liga			league	
mild			mild, gentle	
das Milligramm			milligram	
der Nachwuchs			offspring, new generation	
der Nacken			neck	
das Olympia			Olympics	
olympisch			Olympic	
der Palästinenser			Palestinian	
der Parteitag			party conference, convention	
die Party			party	
permanent			permanent	
plädieren			to plead	
der Planet			planet	
der Priester			priest	
die Problematik			problematic nature, problems	
rauschen			to rustle, roar	
regelrecht			proper, real	
regnen			to rain	
die Rezession			recession	
rutschen			to slide	
der Salon			salon, drawing room	
die Schauspielerin			actress	
die Schwangerschaft			pregnancy	
der Schweiß			sweat	
seufzen			to sigh	
die Skala			scale, dial, range	
sowjetisch			Soviet	
die Spalte			fissure, cleft, column	
das Spektrum			spectrum	
spezialisieren			to specialize	
spürbar			perceptible	
starr			stiff, rigid, paralysed	
die Steckdose			socket, electrical outlet	
steuerlich			tax	
strecken			to stretch	
die Tafel			board, table	
das Tagebuch			diary	
das Talent			talent	
das Tempo			pace, speed	
tödlich			fatal	
umarmen			to embrace	
die Unruhe			restlessness, agitation	
die Unterschrift			signature	
unterstreichen			underline, emphasize	
unverändert			unchanged	
unverzüglich			immediate, prompt	
unwahrscheinlich			improbable, unlikely	
der Ursprung			origin	
das Verbrechen			crime	
verfallen			to deteriorate, expire	
das Vergnügen			pleasure	
die Verhaltensweise			behaviour	
der Vermieter			landlord	
vermindern			to reduce, decrease	
vernehmen			to hear, learn sth from sb	
die Vernunft			reason	
die Verordnung			prescription, order	
verschärfen			to intensify, make more rigorous	
vertraglich			contractual	
die Villa			villa	
der Vormittag			morning	
weitaus			far, much	
das Wohnzimmer			living room	
woran			on what, of what	
die Zerstörung			destruction	
der Zinssatz			interest rate	
die Zulassung			admission, licence	
zurückgeben			to give back, return	
die Zusammensetzung			composition	
die Abschreibung			deduction, depreciation	
die Achse			axle, axis	
amtlich			official	
anstelle			instead of	
die Anwesenheit			presence	
auflegen			to publish, put on, hang up	
die Aufregung			excitement	
aufreißen			to tear open	
aufrichten			to put up(right), straighten	
auslegen			to lay out, design, interpret	
außergewöhnlich			unusual	
die Autobahn			expressway, motorway	
die Batterie			battery	
bedeutsam			important, significant	
belgisch			Belgian	
blass			pale	
brüllen			to bellow, roar, shout	
das Chaos			chaos	
die Chefin			director, boss	
der Chip			chip, crisp	
der Chor			choir, chorus	
das Design			design	
der Dolmetscher			interpreter	
der Durchschnitt			average	
durchziehen			to pull through, pass through	
das Ehepaar			married couple	
der Einbruch			break in, collapse	
einlegen			to put in, insert	
der Eintritt			entry, admission	
elementar			elementary, basic	
die Erholung			recovery, relaxation, rest	
erlassen			to enact, declare	
der Europäer			European	
die Fabrik			factory	
flüchtig			fugitive, cursory, fleeting	
fotografieren			to photograph	
die Furcht			fear	
gänzlich			entirely	
die Geduld			patience	
der General			general	
die Germanistik			German studies	
gestatten			to allow, permit	
das Getränk			drink, beverage	
das Gewehr			rifle, shotgun	
das Glied			limb, joint, link	
der Graf			count, earl	
das Gremium			committee	
die Gunst			goodwill, favour	
das Gutachten			report, reference	
der Handwerker			workman, tradesman	
die Haustür			front door	
herausnehmen			to take out	
hervorheben			to emphasize, stress	
die Hypothese			hypothesis	
der Innenminister			Minister of the Interior	
der Islam			Islam	
der Italiener			Italian	
die Kassette			cassette, tape	
der Kasten			box, crate	
kognitiv			cognitive	
der Kommentar			comment, opinion	
die Konzeption			concept, conception	
die Kreativität			creativity	
langjährig			long-standing	
lügen			to (tell a) lie	
das Magazin			magazine, storehouse	
der Marktanteil			market share	
die Maus			mouse	
das Menschenrecht			human right	
der Mieter			tenant	
das Militär			military	
die Minderheit			minority	
minimal			minimal	
das Ministerium			ministry, department	
mutmaßlich			presumed, suspected	
der Mythos			myth, legend	
nachträglich			later, belated	
namens			by the name of, called	
die Naturwissenschaft			natural science	
naturwissenschaftlich			scientific	
operieren			to operate, have surgery	
der Parkplatz			parking place	
die Partnerschaft			partnership	
die Periode			period	
das Präparat			preparation, medication	
die Provinz			province, provinces	
quantitativ			quantitative	
die Rahmenbedingung			prevailing condition	
der Regierungschef			head of government	
die Säule			column, pillar	
schämen (sich)			to be ashamed	
die Scheidung			divorce	
schlank			slim	
die Schönheit			beauty	
schulisch			school	
servieren			to serve	
der Spezialist			specialist	
die Steigerung			increase	
der Stellvertreter			deputy	
strikt			strict	
strukturieren			to structure	
die Subvention			subsidy	
therapeutisch			therapeutic	
das Ticket			ticket	
der Tunnel			tunnel	
die Übersicht			overview	
übertreiben			to exaggerate	
umsonst			for free, in vain	
unglücklich			unhappy, unfortunate	
die Uniform			uniform	
das Unrecht			injustice, wrong	
unterdrücken			to suppress	
verdoppeln			to double	
verdrängen			to drive out, suppress	
vereinfachen			to simplify	
verwundern			to astonish	
das Vitamin			vitamin	
die Volkswirtschaft			national economy	
vorbeugen			to lean forward, prevent	
vorlesen			to read sth for sb	
die Vorlesung			lecture	
vorzeitig			early, premature	
wehen			to blow, flutter	
die Weiterbildung			continuing education	
willkommen			welcome	
wodurch			how, which	
zerreißen			to tear (up, to pieces)	
zielen			to aim	
die Zielsetzung			target, objective	
der Zucker			sugar	
zuführen			to lead to sth, supply	
zurückweisen			to reject	
zutrauen			to believe sb capable	
zuverlässig			reliable	
abgrenzen			to enclose, differentiate, distinguish	
das Abkommen			agreement	
ablenken			to distract, deflect	
abreißen			to tear (down, off), stop	
abschalten			to switch off	
der Absolvent			graduate	
die Abwehr			defence	
aneinander			to one another	
anmerken			to notice, add, let show	
der Apfel			apple	
die Arbeitskraft			work capacity, worker	
der Assistent			assistant	
ästhetisch			aesthetic	
aufziehen			to open, raise, wind	
ausnehmen			to exempt, gut	
die Auswertung			evaluation, analysis	
die Bar			bar	
die Bedrohung			threat	
beiseite			to one side	
die Bekämpfung			fighting, controlling	
benehmen			to behave	
die Beschränkung			restriction	
beten			to pray	
bitter			bitter	
der Block			block	
bohren			to drill	
braten			to fry, roast	
bremsen			to brake, slow down	
daheim			at home	
das Darlehen			loan	
das Datum			date	
dulden			to tolerate	
durchgehen			to go through	
einholen			to pull in, ask for, catch up	
einstig			former	
die Erhaltung			preservation, maintenance	
erkundigen (sich)			to inquire	
der Erzähler			storyteller, narrator	
der Fachbereich			(academic) department, field	
die (pl) Fachleute			experts	
die (pl) Fakten			facts	
fällig			due	
die Fassung			version, composure, frame, socket	
der Flügel			wing	
flüssig			liquid	
folglich			consequently	
das Forum			forum, audience, public discussion	
die Frequenz			frequency	
die Frucht			fruit	
fünfundzwanzig			twenty-five	
die Gerechtigkeit			justice	
der Gipfel			peak, summit	
glänzend			shining, brilliant	
der Großteil			large part, majority	
harmlos			harmless	
hässlich			ugly	
hochwertig			high-quality	
der Hörer			listener, receiver	
der Indianer			Native American	
das Industrieland			industrial(ized) country	
installieren			to install	
interkulturell			intercultural	
die Jacke			jacket	
die Jagd			hunt, chase	
die Jahreszeit			season	
konzipieren			to plan, design	
die Lampe			lamp	
ländlich			rural	
die Linse			lens	
loslassen			to let go	
die Lücke			gap	
das Metall			metal	
der Missbrauch			abuse, misuse	
die Motivation			motivation	
nachdenklich			thoughtful	
optimistisch			optimistic	
die Option			option	
der Ordner			file	
der Ozean			ocean	
der Physiker			physicist	
die Pistole			pistol	
protestieren			to protest	
die Reichweite			reach, range	
die Reparatur			repair	
repräsentieren			to represent	
der Respekt			respect	
die Rose			rose	
der Rucksack			rucksack, backpack	
der Sänger			singer	
schimpfen			to scold, grumble	
schmutzig			dirty	
schräg			diagonal, at an angle	
schreiten			to stride, walk	
seitens			on the part of	
der Sozialdemokrat			Social Democrat	
spannen			to stretch, tighten	
die Tablette			tablet, pill	
die Tageszeitung			daily newspaper	
täuschen			to deceive, be mistaken	
der Therapeut			therapist	
überfordern			to overtax, be too much	
umstellen			to rearrange, adjust, switch	
der Umzug			move, parade	
unerwartet			unexpected	
der Veranstalter			organizer	
verfassen			to draw up, write	
vergleichsweise			comparatively	
die Verknüpfung			combination, link	
vertiefen			to deepen, become absorbed	
das Vorfeld			advance	
der Vorgänger			predecessor	
vorherrschen			to predominate	
die Währung			currency	
wegnehmen			to take away	
der Weltmeister			world champion	
wofür			for what	
die Wut			rage, fury	
die Zuordnung			classification, assignment	
zurückgreifen			to fall back	
der Zuwachs			increase	
der Abfall			waste, trash	
absurd			absurd	
die Akte			file	
anderthalb			one and a half	
angehören			to belong	
die Anleihe			loan, bond, borrowing	
antun			to do sth to sb	
anvertrauen			to entrust, confide	
der Araber			Arab	
die Arbeitszeit			working hours	
aufräumen			to tidy up, clear (up)	
der Aufsichtsrat			supervisory board	
der Ausgangspunkt			starting point	
die Ausrichtung			orientation, organization	
der Ausweis			identity card	
die Beachtung			attention, consideration	
das Diplom			degree, diploma	
eh			anyway	
der Einblick			insight	
der Engel			angel	
entgehen			to escape	
die Erfassung			recording, entry	
die Fahne			flag	
die Fakultät			faculty	
die Fassade			façade, front	
die Feier			celebration	
festsetzen			to determine	
der Frühling			spring	
der Gemeinderat			district council	
gentechnisch			(using) genetic engineering	
das Gewebe			fabric, tissue	
großartig			splendid, superb	
der Gruß			greeting	
herausgeben			to publish, give change, hand out	
hilflos			helpless	
inszenieren			to stage	
der Jurist			jurist, law student	
die Kerze			candle	
der Koch			cook	
Kölner			Cologne	
die Kommune			municipality, local authority	
die Koralle			coral	
die Krankenkasse			health insurance company	
der Kunststoff			synthetic material, plastic	
die Landesregierung			state government	
die Laune			mood	
mahnen			to warn, urge	
das Nahrungsmittel			food	
niederländisch			Dutch	
nirgendwo			nowhere	
ostdeutsch			East German	
östlich			eastern	
der Philosoph			philosopher	
der Prinz			prince	
das Profil			profile	
radioaktiv			radioactive	
reflektieren			to reflect	
die Relation			appropriateness, proportion, relation	
das Riff			reef	
die Schlange			snake, line	
schleichen			to creep, prowl, sneak	
das Schwein			pig	
segeln			to sail	
die Selbstständigkeit			independence	
die Siedlung			settlement, housing development	
solide			solid, sound	
der Spruch			saying, slogan	
die Stellungnahme			opinion, statement	
der Strahl			ray, beam	
streben			to strive	
die Strömung			current, trend	
technologisch			technological	
trocknen			to dry	
überholen			to pass, overhaul	
unerträglich			intolerable	
unterstellen			to put in charge, imply, store	
die Verbindlichkeit			obligation, liability, reliability	
verbrauchen			to use, consume	
vernachlässigen			to neglect	
das Volumen			volume, total amount	
vorbeigehen			to go past, pass	
vortragen			to present, perform	
das Weib			woman (derogatory)	
westdeutsch			West German	
der Zugriff			access	
der Zuhörer			listener, audience (pl)	
zweifellos			undoubtedly	
