Phrase	Grammar	Transcription	Translation	Notes
evet			yes	
istemek	v. 		to want	
-i tanımak	v. 		to know so.	
geç kalmak	v. 		to be late	
önemli	adj. 		important	
yolculuk	n. 		journey	
çabuk	adj. 		fast	
seyretmek	v. 		to watch, to look at	
uçak	n. 		airplane	
-i beklemek	v. 		to wait for	
çerez	n. 		appetizer, snack	
-i bırakmak	v. 		to leave stg., to stop doing stg.	
acele	n. 		hurry, haste	
halı	n. 		carpet	
özel	adj. 		specific, individual, private	
pazarlık yapmak	v. 		to haggle	
başlamak	v. 		to start	
kız	n. 		girl	
akşam yemeği	n. 		dinner	
ders	n. 		lesson	
kütüphane	n. 		library	
kalkmak	v. 		to get up, to stand	
yatmak	v. 		to go to bed	
ilk yardım	n. 		first aid	
kalabalık	adj. 		crowded	
anne	n. 		mother	
hasta	adj. 		ill	
sade	adj. 		plain (coffee)	
resim	n. 		picture	
iş	n. 		job, work	
ilginç	adj. 		interesting	
siyah	adj. 		black	
hazır	adj. 		ready	
çalışmak	v. 		to work	
yorgun	adj. 		tired	
haber	n. 		news	
aramak	v. 		to phone, to seek	
sormak	v. 		to ask	
affetmek	v. 		to forgive	
tam	adj.		whole, full, exactly, just	
satmak	v. 		to sell	
sarı	adj. 		yellow	
getirmek	v. 		to bring	
orta	adj.		middle, moderate, average	
hiç			any, none, at all	
öğle yemeği 	n. 		lunch	
Pazar			Sunday	
otuz			30	
unutmak	v. 		to forget	
cüzdan	n. 		purse, wallet	
meşgul	adj. 		busy	
keşfetmek	v. 		to discover	
muz	n. 		banana	
kardeş	n. 		sibling	
sıkıcı	adj. 		boring	
ağlamak	v. 		to cry	
memur	n. 		official, employee, clerk	
bitmek	v. 		to end	
elli			50	
girmek	v. 		to enter	
sarhoş	adj. 		drunk	
atmak	v. 		to throw, to pound	
çimenler	n. 		grass	
yetmiş			70	
kutu	n. 		box	
kaybetmek	v. 		to lose	
anahtar	n. 		key	
emin	adj. 		sure	
-la buluşmak	v. 		to meet, to come together	
bozuk	adj.		broken	
hatırlamak	v. 		to remember	
-a yakın	adj. 		near, close to	
yavaş	adj. 		slow, quiet	
bakkal	n. 		grocery store	
ekmek	n. 		(loaf of) bread	
salam	n. 		salami	
sucuk	n. 		sausage	
güzel	adj. 		nice, beautiful	
yeşil	adj. 		green	
zeytin	n. 		olive	
bir			1	
iki			2	
üç			3	
dört			4	
altı			6	
yedi			7	
sekiz			8	
dokuz			9	
on			10	
beyaz	adj. 		white	
memnun	adj. 		glad	
sıcak	adj. 		hot	
soğuk	adj. 		cold	
büyük	adj. 		big	
küçük	adj. 		small	
boş	adj. 		empty	
zor	adj. 		difficult	
kolay	adj. 		easy	
değil	adv.		not	
sıfır			0	
bira	n. 		beer	
şişe	n. 		bottle	
viski	n. 		whiskey	
patates	n. 		potato	
oda	n. 		room	
kuaför	n. 		hairdresser	
yarım	adj.		half	
süt	n. 		milk	
taze	adj. 		fresh	
maalesef	adv.		unfortunately	
Tamam.			Okay.	
hepsi			all of them	
bin			1000	
ad	n. 		name, noun	
milliyet	n. 		nationality	
Kim?			Who?	
Ne?			What?	
Nerede?			Where?	
Ne zaman?			When?	
Nasıl?			How?	
Kaç tane?			How many?	
uzun	adj. 		long	
eş	n. 		spouse	
kişi	n. 		person	
kısa	adj. 		short	
ama			but	
pahalı	adj. 		expensive	
kapalı	adj. 		closed, cloudy, off (phone)	
fena	adj. 		bad, evil, sick	
açık	adj. 		open, light (color)	
ucuz	adj. 		cheap	
şarap	n. 		wine	
saç	n. 		hair	
ev	n.		house	
şef	n. 		chief, leader, master (arts)	
bay	adj. 		male	
bayan	adj. 		female	
soyad	n. 		surname	
doğum	n. 		birth (baby)	
tarih	n. 		date, history	
meslek	n. 		profession	
geliş	n. 		arrival	
gidiş	n. 		departure, behavior	
piliç	n. 		chicken	
aynı	adj.		the same, equal	
masa	n. 		table	
köşe	n. 		corner	
ve			and	
buz	n.		ice	
hemen	adv.		right away, just about to	
kavun	n. 		melon	
patlıcan	n. 		eggplant	
yeter	adj.		enough, sufficient	
daha	adj.		more	
Şerefe!			Cheers!	
gelmek	v. 		to come, to arrive	
yapmak	v. 		to do, to make	
koymak	v. 		to put	
gülmek	v. 		to laugh	
oturmak	v. 		to sit, to reside	
kitap	n. 		book	
dolap	n. 		closet	
sokak	n. 		street	
raf	n. 		shelf	
mutfak	n. 		kitchen	
vermek	v. 		to give	
içmek	v. 		to drink	
yemek	v. 		to eat	
erken	adj. 		early	
para	n. 		money	
tuz	n. 		salt	
kullanmak	v. 		to use, to drive	
kedi	n. 		cat	
mutlu	adj. 		happy	
aile	n. 		family	
meydan	n. 		plaza, square	
sol	adj. 		left (direction)	
sağ	adj.		alive	
dönmek	v. 		to turn, to return	
cami	n. 		mosque	
düz	adv.		straight	
lokanta	n. 		restaurant	
-dan uzak	adj. 		far away from	
fabrika	n. 		factory	
halk	n. 		the public, folk	
yol	n. 		road, path, way	
yaya	n. 		pedestrian	
dondurma	n. 		ice cream	
şeker	n. 		sugar, candy	
hesap	n. 		bill (restaurant)	
de			also	
bilmek	v. 		to know	
konuşmak	v. 		to speak	
mavi	adj. 		blue	
dakika	n. 		minute	
sevmek	v. 		to like, to love	
hemen hemen	adv.		almost	
şaka	n. 		joke	
dükkân	n. 		store	
araba	n. 		car	
yarın	n.		tomorrow	
geçmek	v. 		to pass	
her			every, each	
oynamak	v. 		to play	
fark	n. 		difference	
sürmek	v. 		to drive, to expel, to last	
koşmak	v. 		to run	
müdür	n. 		director, boss	
duş	n. 		shower	
kibrit	n. 		match (stick)	
manzara	n. 		view (scenery)	
hastane	n. 		hospital	
başkent	n. 		capital (of a country)	
kirli	adj. 		dirty	
baba	n. 		father	
oğul	n. 		son	
dil	n. 		language, tongue	
teyze	n. 		maternal aunt	
bugün	n.		today	
kuzen	n. 		cousin	
torun	n. 		grandchild	
X yaşında	adj.		X years old	
bütün	adj.		whole	
olmak	v. 		to be, to become	
kahverengi	adj. 		brown	
domates	n. 		tomato	
havuç	n. 		carrot	
portakal	n. 		orange	
turuncu	adj. 		orange (color)	
O zaman			In that case...; Then...	
en son	adj.		last, recent	
fiyat	n. 		price, cost	
fiş	n. 		receipt	
zengin	adj. 		rich	
saat	n. 		hour, time	
buçuk			- and a half, half past (time)	
maden	n. 		mine, quarry	
binmek	v. 		to board	
-a aşık olmak	v. 		to fall in love with	
-dan bıkmak	v. 		to get fed up with, to get tired of	
-dan inmek	v.		to descend from, to get off/out of	
-dan nefret etmek	v. 		to hate	
hediye	n. 		gift	
durak	n. 		(bus) stop	
çorba	n. 		soup	
çöp	n. 		garbage	
komik	adj. 		funny	
ünlü	adj. 		famous	
müze	n. 		museum	
bakanlık	n. 		department, bureau, ministry	
giriş	n. 		entrance, entry	
bağırmak	v. 		to shout	
-A sormak	v. 		to ask so.	
-dan korkmak	v. 		to be afraid of	
galiba			I think, presumably	
-sene			why don't you...	
tatil	n. 		vacation	
hoş	adj. 		nice	
çocuk	n. 		child	
cadde	n. 		street	
danışma	n. 		consultation, information	
ön	n. 		front	
görüşmek	v. 		to meet, to discuss	
yeni	adj. 		new	
X ile Y arasında			between X and Y	
üst	n. 		top, upper surface, (the space) above	
alt	n. 		bottom, the space beneath	
arka	n. 		back (the space behind), back side	
yan	n. 		area, part, side (of a matter)	
iç	n. 		interior	
dış	n. 		exterior	
ara	n. 		gap, break, search	
otogar	n. 		bus station	
etraf	n. 		around, sides, the area around	
taraf	n. 		area, side, part	
karşı	adj.		opposite	
güneş	n. 		sun	
kova	n. 		bucket	
gazete	n. 		newspaper	
şemsiye	n. 		umbrella	
kale	n. 		castle, stronghold	
kum	n. 		sand	
top	n. 		ball	
gözlük	n. 		glasses	
defa	n. 		time, occasion	
yine	adv.		again	
toplantı	n. 		meeting	
hayal	n. 		imagination	
çılgın	adj. 		crazy	
ateş	n. 		fire, fever	
kavga etmek	v. 		to fight	
küfür etmek	v. 		to swear	
diş	n. 		tooth	
fırçalamak	v. 		to brush	
acele etmek	v. 		to hurry	
şikayet etmek	v. 		to complain	
dilemek	v. 		to wish	
çıkmak	v. 		to go out, to come out	
yürümek	v. 		to walk	
yorulmak	v. 		to get tired	
yardım	n. 		help	
havalimanı	n. 		airport	
yabancı	n. 		stranger, foreigner	
göstermek	v. 		to show	
-a kadar			as far as (place), until, by, within (time)	
-a sapmak	v. 		to turn to, to stray	
ileride	adv.		in the future, in front, further ahead	
bayağı	adv.		quite	
anlatmak	v. 		to explain	
taşımak	v. 		to carry	
yanlış	adj. 		wrong	
genç	adj. 		young	
söylemek	v. 		to say, to sing	
okumak	v. 		to read	
açmak	v. 		to open	
çekmek	v. 		to pull, to conjugate	
ummak	v. 		to hope	
yardım etmek	v. 		to help	
Pazartesi			Monday	
Perşembe			Thursday	
Salı			Tuesday	
Cuma			Friday	
Çarşamba			Wednesday	
Cumartesi			Saturday	
kusur	n. 		flaw	
son	n. 		end	
soru	n. 		question	
kere	n.		time, occasion	
-a basmak	v. 		to squash	
-a vurmak	v. 		to hit, to strike	
-dan hoşlanmak	v. 		to enjoy	
-dan geçmek	v.		to pass by, to cross, to undergo	
-dan bahsetmek	v. 		to talk about, to mention	
cevap	n. 		answer	
şapka	n. 		hat	
manav	n. 		greengrocer	
geçerli	adj. 		valid	
çıkış	n. 		exit	
yasak	adj. 		forbidden	
at	n. 		horse	
kapı	n. 		door	
kapamak	v. 		to close	
yer	n. 		place	
yakışıklı	adj. 		handsome	
bebek	n. 		baby	
pratik yapmak	v. 		to practice	
muayene etmek	v. 		to examine	
öksürük	n. 		cough	
ağız	n. 		mouth	
saymak	v. 		to count	
ayna	n. 		mirror	
makyaj	n. 		makeup	
-a inanmak	v. 		to believe so., to believe in	
gemi	n. 		boat, ship	
karınca	n. 		ant	
hiçbir şey	n.		nothing	
sebze	n. 		vegetable	
meyve	n. 		fruit	
ödemek	v. 		to pay	
yetmek	v. 		to suffice, to be enough	
kısmak	v. 		to reduce, to cut (expenses)	
yüksek	adj. 		high	
hâlâ	adv.		still, yet	
insan	n. 		human	
-i becermek	v. 		to manage to	
çiçek	n. 		flower	
köprü	n. 		bridge	
-a müsaade etmek	v. 		to allow	
Bence...			In my opinion...	
çarsı	n. 		mall, bazaar	
klima	n. 		air conditioning	
devamlı	adj. 		continuous, constant, permanent	
yıldız	n. 		star	
terlemek	v. 		to sweat	
ağrımak	v. 		to hurt	
silah	n. 		weapon, arms	
susmak	v. 		to remain silent	
susamak	v. 		to be thirsty	
sıkılmak	v. 		to be bored	
birahane	n. 		pub	
hızlı	adj. 		fast	
fincan	n. 		teacup, coffee cup	
bardak	n. 		cup, glass, mug	
gümüş	n.		silver	
dağ	n. 		mountain	
biftek	n. 		steak	
kuvvetli	adj. 		powerful	
şehir	n. 		city	
dünya	n. 		world	
X hariç			except for X	
kamyon	n. 		truck	
kesinlikle	adv.		definitely	
tarihi	adj. 		historical	
çeşit	n. 		type, variety	
basit	adj. 		simple, plain	
şarkı	n. 		song	
sunucu	n. 		(TV) host	
hepimiz			all of us	
daire	n. 		apartment, circle, workplace	
oralarda	adv.		around there	
kenar	n. 		edge	
-dan özür dilmek	v. 		to ask forgiveness from so., to apologize to so.	
Bunun için...			<div>Because of this...</div><div>Therefore...</div>	
lâzım	adj.		necessary	
ses	n. 		sound, voice	
gerek	n. 		need, necessity	
dolmak	v. 		to be full	
dondurmak	v. 		to freeze	
yüzme havuzu	n. 		swimming pool	
bulaşık	n. 		dirty dishes	
yıkamak	v. 		to wash	
şart	n.		condition, requirement	
mecbur	adj. 		forced, compulsory	
gerekli	adj.		necessary	
Ne oluyor?			What's up?<div>What's wrong?</div>	
mutluluk	n. 		happiness	
yalnız	adj. 		alone, lonely	
an	n. 		moment	
görevli	n. 		employee, official	
şikâyet	n. 		complaint	
ay	n. 		month, moon	
felaket	n. 		disaster	
sonunda	adv.		finally, in the end	
öbür	adj.		other, the other	
gürültü	n. 		noise	
devam etmek	v. 		to continue	
berbat	adj. 		terrible, filthy, disgusting	
iğrenç	adj. 		disgusting	
geri almak	v. 		to take back	
bayram	n. 		public holiday	
Sayın...			Dear...	
abone	n. 		subscriber	
kayıt	n. 		recording, record	
kontrol etmek	v. 		to check	
rakam	n. 		digit, figure	
Ayrıca...			In addition...	
değismek	v. 		to change	
şaşırmak	v. 		to be confused, to be amazed	
-i bitirmek	v.		to finish stg.	
eski	adj. 		old, former	
hayret	n. 		surprise	
itiraf etmek	v. 		to confess	
ölmek	v. 		to die	
öldürmek	v. 		to kill	
hastalık	n. 		illness	
sağlık	n. 		health	
yalnızlık	n. 		loneliness	
asker	n. 		soldier	
askerlik	n. 		military service, draft	
kimlik	n. 		ID card	
bakan	n. 		minister	
önlük	n. 		apron	
yağmur	n. 		rain	
yağmurluk	n. 		raincoat	
yaz	n. 		summer	
günlük	adj. 		daily	
iki kişilik	adj.		for two people	
haftalık	adj. 		weekly	
baş	n. 		head, leader, top	
pis	adj. 		filthy, foul	
postalamak	v. 		to mail	
şişmanlamak	v. 		to get fat	
öksürmek	v. 		to cough	
berber	n. 		barber	
dikkatli	adj. 		careful	
vapur	n. 		ferry	
kayak yapmak	v. 		to ski	
-dan kaçınmak	v. 		to avoid -ing	
blucin	n. 		blue jeans	
kravat	n. 		necktie	
takım elbise	n. 		suit	
tıraş olmak	v. 		to shave (oneself)	
-i kızdırmak	v. 		to make so. angry	
en sevdiğim	adj.		my favorite	
gerçek	adj. 		true, real	
dost	n. 		friend	
ilk önce			first of all	
yalan	n. 		lie	
riya	n. 		hypocrisy	
pamuk	n. 		cotton	
giysiler	n. 		clothes	
koruyucu	adj. 		protective	
örtmek	v. 		to cover	
gölge	n. 		shadow	
ayakkabı	n. 		shoe	
sık sık	adv.		often	
göz	n. 		eye	
kira	n.		rent (money)	
yıl	n. 		year	
tur	n. 		tour	
öyle	adv.		like that	
ondan sonra			then, next, after that	
-i planlamak	v. 		to plan to	
ülke	n. 		country	
başarı	n. 		success	
eczacı	n. 		pharmacist	
-i arzu etmek	v. 		to wish for, to desire	
birkaç	adj.		a few	
yanmak	v. 		to burn	
sırt	n.		back (body)	
tavsiye etmek	v. 		to recommend	
ağrı	n. 		pain	
ilaç	n. 		medicine (drug)	
adet	n. 		number, unit	
eğer			if	
merhem	n. 		lotion	
hissetmek	v. 		to feel	
ihtiyaç	n. 		need, necessity	
ishal	n. 		diarrhea	
-dan beri			since	
rahatsız	adj. 		uncomfortable	
düşmek	v. 		to fall	
tokat	n. 		slap	
burun	n. 		nose	
boyun	n. 		neck	
göğüs	n. 		chest (body)	
göbek	n. 		belly	
bacak	n. 		leg	
ayak	n. 		foot	
el	n. 		hand	
kafa	n. 		head, mind	
kulak	n. 		ear	
popo	n. 		butt	
parmak	n. 		finger	
çamur	n. 		mud	
mayo	n. 		bathing suit	
taramak	v. 		to comb, to spray (with bullets)	
tarak	n. 		comb	
eldiven	n. 		gloves	
kaşkol	n. 		scarf	
küpe	n. 		earring	
külotlu çorap	n. 		tights	
dudak	n. 		lip	
bilek	n. 		wrist	
ruj	n. 		lipstick	
yüzük	n. 		ring	
takmak	v. 		to wear (hat, tie)	
acil	n. 		emergency	
grip	n. 		flu	
kanamak	v. 		to bleed	
evvelki	adj.		previous	
akmak	v. 		to seep, to flow	
kırmak	v. 		to break	
karın	n. 		belly	
nezle olmak	v. 		to catch a cold	
boğaz	n. 		throat	
mazeret	n. 		excuse	
ödünç vermek	v. 		to lend	
pişman olmak	v. 		to regret	
kötü	adj. 		bad, evil, worthless	
iyileşmek	v. 		to get better	
tıraş	n.		shave (at the barber)	
jilet	n. 		razor	
mendil	n. 		handkerchief	
macun	n. 		paste	
ip	n. 		string	
diğer	adj.		other, the other	
hesaplamak	v. 		to calculate	
tehlikeli	adj. 		dangerous	
sempatik	adj. 		likable	
kızarmış	adj. 		fried	
-a çarpmak	v. 		to hit, to strike	
ne ... ne ...			neither ... nor ...	
enteresan	adj. 		interesting	
geçmiş	n. 		the past	
iyi pişmiş	adj.		well-cooked	
-dikten sonra	v.suffix		after -ing	
-den önce	v.suffix		before -ing	
-den			without -ing	
temiz	adj.		clean	
temizlemek	v.		to clean	
parça	n.		piece, part	
parçalamak	v.		to break into pieces	
hazırlamak	v.		to get ready	
saçmalamak	v.		to talk nonsense	
-a üflemek	v.		to blow on	
tekrar	adv.		again	
tekrarlamak	v.		to repeat	
birleşmek	v.		to unite	
yerleşmek	v.		to settle	
uzaklaşmak	v.		to go away	
avrupalılaşmak	v.		to europeanize	
seçmek	v.		to choose	
yakışmak	v.		to be suitable	
koyu	adj.		dark (color)	
gelecekte	adv.		in the future	
rejim	n.		diet, regime	
tada bakmak	v.		to sample	
düdük	n.		beep, whistle	
dört gözle beklemek	v.		to look forward to	
günün birinde	adv.		one day	
komşu	n.		neighbour	
eşek	n.		donkey	
olumsuz	adj.		negative	
başkası	n.		someone else	
fakat			but, yet, however	
ahır	n.		stable, barn	
anırmak	v.		to bray	
toplamak	v.		to tidy up, to gather	
-la beraber	adv.		(together) with	
şirket	n.		company	
teklif	n.		offer, proposal	
müşteri	n.		customer	
zaten	adv.		already	
teklif etmek	v.		to propose, to offer	
teyp	n.		tape recorder	
kara	adj.		black, dark (complexion), bad	
çıplak	adj.		naked	
sanatçı	n.		artist	
nohut	n.		chickpea	
tahin	n.		sesame oil	
sarmısak	n.		garlic	
kimyon	n.		cumin	
maydanoz	n.		parsley	
ertesi gün	n.		the following day	
kabuk	n.		shell, skin	
püre	n.		puree	
dövülmüş	adj.		beaten, crushed	
kaşık	n.		spoon	
üzeri	n.		top, upper surface, (the space) above	
kar	n.		snow	
peyzaj	n.		landscape	
pasaj	n.		passage (writing)	
varlıklı	adj.		rich	
hastanlanmak	v.		to get sick	
şarkıcı	n.		singer	
sürekli	adj.		continuous, constant	
yetimhane	n.		orphanage	
kaçmak	v.		to escape	
-la birlikte	adv.		(together) with	
yapımcı	n.		manufacturer, producer	
anlaşma	n.		agreement	
kazanmak	v.		to earn	
katılmak	v.		to join	
dinlenmek	v.		to relax, to rest	
başbakan	n.		prime minister	
söylev vermek	v.		to deliver a speech	
-i karıştırmak	v.		to mix, to stir up, to interfere	
misafir	n.		guest	
amca	n.		paternal uncle	
sohbet etmek	v.		to chat	
tahmin etmek	v.		to guess	
yürüyüşe cıkmak	v.		to go for a walk	
birisi	n.		someone	
hırsız	n.		thief	
eşyalar	n.		belongings	
yok olmak	v.		to disappear	
takip etmek	v.		to follow	
tarif etmek	v.		to describe	
bıyık	n.		moustache	
karakol	n.		police station	
boşamak	v.		to divorce	
-diği için			due to -	
kızmak	v.		to get angry	
fakir	adj.		poor	
-diği zaman			when -	
-diğinde			when -	
-diğinden başka			apart from doing -	
dolaşmak	v.		to wander	
işçi	n.		worker	
tipik	adj.		typical	
kalkış	n.		departure (airplane)	
uçmak	v.		to fly	
uçuş	n.		flight	
yürüyüş	n.		walk, stroll	
gidiş-dönüş	adj.		round trip	
kasadar	n.		cashier	
ısı	n.		temperature, heat	
cesaretli	adj.		brave	
aşırı	adj.		extreme	
kıskanç	adj.		jealous	
heyecanlı	adj.		passionate, excited	
dindar	adj.		religious, devout	
konuşkan	adj.		talkative	
kendinden emin	adj.		self-confident	
neşeli	adj.		cheerful	
seyahat	n.		travel	
-la ilgili	adj.		related to, with regard to	
yaşamak	v.		to live	
tedbirli	adj.		cautious	
kibar	adj.		well-bred, classy	
bazı	adj.		some, certain	
girgin	adj.		sociable	
utangaç	adj.		shy, embarrassed	
duygulu	adj.		sentimental, sensitive	
toleranslı	adj.		tolerant	
değişken	adj.		changeable	
yaratıcı	adj.		creative	
karamsar	adj.		pessimistic	
enerjik	adj.		energetic	
cömert	adj.		generous	
huysuz	adj.		bad-tempered	
çalışkan	adj.		hardworking, studious	
sakin	adj.		quiet	
esprili	adj.		witty	
kaprisli	adj.		capricious	
endişeli	adj.		anxious	
kibirli	adj.		arrogant, vain	
dakik	adj.		punctual	
doğa	n.		nature	
tartışmacı	adj.		argumentative	
samimi	adj.		genuine, friendly	
tembel	adj.		lazy	
hemşire	n.		nurse	
hafıza	n.		memory	
sınavda kalmak	v.		to fail an exam	
dalga	n.		wave	
ince	adj.		thin	
çirkin	adj.		ugly	
koyu tenli	adj.		dark-skinned	
bıyıksız	adj.		clean-shaven	
kel	adj.		bald	
sakallı	adj.		bearded	
yaşlı	adj.		old, elderly	
durmak	v.		to stop	
sahil, kıyı	n.		coast	
sahil yolu	n.		coastal road	
düşürmek	v.		to drop	
bundan sonra			from now on	
Ne sürpriz!			What a surprise!	
zaman geçirmek	v.		to spend time	
voleybol	n.		volleyball	
-i güldürmek	v.		to make so. laugh	
şaka etmek	v.		to joke	
-a hatırlatmak	v.		to remind so.	
Sahi mi?			Really?	
yedirmek	v.		to feed	
-a bildirmek	v.		to inform	
çalıştırmak	v.		to make stg. work, to employ	
saç kesilme biçimi	n.		haircut	
saçları kestirmek	v.		to get a haircut	
büyümek	v.		to grow	
büyütmek	v.		to make bigger, to raise (children)	
soğumak	v.		to cool down	
soğutmak	v.		to cool stg. down, to alienate	
-i korkutmak	v.		to scare	
doğmak	v.		to be born	
çıkarmak	v.		to take out	
gidermek	v.		to remove	
çubuk	n.		stick	
birbiri			each other	
sevişmek	v.		to make love	
anlaşmak	v.		to agree	
gelişmek	v.		to develop	
gene de			still, in spite of that, nonetheless, even so	
henüz	adv.		just now, a minute ago	
hiçbir zaman	adv.		never	
nadiren	adv.		rarely	
bazen	adv.		sometimes	
sabahleyin	adv.		in the morning	
akşamleyin	adv.		in the evening	
geceleyin	adv.		at night	
kışın	adv.		in the winter	
yazın	adv.		in the summer	
ileri	adv.		forward	
geri	n.		back, rest	
aşağı	adv.		downward, downstairs	
yukarı	n.		upstairs, upper part	
dışarı	n.		(the space) outside	
bura	n.		here	
ora	n.		there	
ütülemek	v.		to iron	
-i ziyaret etmek	v.		to visit	
kimse	n.		someone	
önümüzdeki	adj.		upcoming	
Bu yüzden...			<span style=" font-style: normal; font-weight: normal;">Because of this...</span><div>Therefore...</div>	
son zamanlarda	adv.		recently	
ısmarlama	adj.		tailored, custom made	
-a rastlamak	v.		to run into so.	
evli	adj.		married	
Ne yazık.			What a pity.	
meyhane	n.		tavern	
inşa etmek	v.		to build	
mimar	n.		architect	
inşa edilmek	v.		to be built	
ihtilal	n.		revolution	
-a sataşmak	v.		to harass	
rahatsız etmek	v.		to disturb	
-dan ayrılmak	v.		to leave, to depart from	
sayı	n.		number	
artmak	v.		to increase	
sonuçta			in the end, ultimately	
çekilmek	v.		to be pulled, to be filmed	
sokmak	v.		to shove, to insert	
sokulmak	v.		to be inserted	
kapanmak	v.		to be closed	
silmek	v.		to wipe	
silinmek	v.		to wipe oneself clean	
bulunmak	v.		to be found	
-i yakmak	v.		to burn stg., to set on fire	
konmak	v.		to perch, to spend the night	
söylenmek	v.		to mutter	
taşınmak	v.		to move house	
basım	n.		edition	
bilim	n.		science	
ölüm	n.		death	
basın	n.		press, newspapers	
tütmek	v.		to smoke (fire)	
tütün	n.		tobacco	
bilgin	n.		scholar	
düşkün	adj.		addicted	
-i üzmek	v.		to upset so.	
üzgün	adj.		sad	
çekinmek	v.		to be wary	
çekingen	adj.		timid, shy	
unutkan	adj.		forgetful	
bilgi	n.		knowledge, information	
duygu	n.		feeling, emotion	
saygı	n.		respect	
-i dizmek	v.		to line stg. up	
örtü	n.		blanket	
pul	n.		stamp (postage)	
fethetmek	v.		to conquer	
kiraya vermek	v.		to rent out	
pil	n.		battery	
ilan	n.		poster	
-i ... -a yapıştırmak	v.		to stick stg. to	
bina	n.		building	
doğal	adj.		natural	
mühendislik	n.		engineering	
bügünlerde	adv.		these days	
kar yağmak	v.		to snow	
derece	n.		degree	
-e doğru			towards	
ısınmak	v.		to warm up	
sis	n.		fog	
bölüm	n.		section, chapter, episode, department	
dernek	n.		association, society	
pazarlamacı	n.		salesman, marketer	
Keşke!			If only!	
ısmarlamak	v.		to order, to ask for	
ada	n.		island	
gezmek	v.		to tour	
-a bayılmak	v.		to love to -	
ıstakoz	n.		lobster	
midye	n.		mussels	
yanımda	adj.		on me, with me	
bile			even	
-a ... -i çaktırmak	v.		to let so. know, to clue so. in on stg.	
yüzünden			by, because of, due to	
inanılmak	v.		to be believed	
inanılmaz	adj.		unbelieveable	
indirim	n.		discount, reduction	
görünmez	adj.		invisible	
değişmez	adj.		stable, unchangeble	
utanmak	v.		to be ashamed	
utanmaz	adj.		shameless	
bilinmek	v.		to be known	
bilinç	n.		consciousness, mind	
kazanç	n.		profit, benefit	
kıskanmak	v.		to be jealous	
utanç	n.		shame	
baslangıç	n.		beginning	
bilgiç	n.		prig, know-it-all, pedant	
dalgıç	n.		diver	
uyanık	adj.		alert	
bozmak	v.		to ruin	
karışık	adj.		mixed, miscellaneous, complicated	
kaçak	n.		fugitive	
konak	n.		mansion, stopping place (travel)	
sinmek	v.		to cower	
sinek	n.		housefly	
anmak	v.		to commemorate	
anıt	n.		monument	
geçit	n.		passage, passageway	
konut	n.		house, residence	
taşıt	n.		vehicle	
akıntı	n.		current, flow	
söylenti	n.		rumor	
süpürmek	v.		to sweep	
süprüntü	n.		garbage	
davranmak	v.		to act, to behave	
zeki	adj.		clever	
öğüt	n.		advice	
-la geçinmek	v.		to get along with	
geçimli	adj.		easy to get along with	
geçimsiz	adj.		difficult to get along with	
durum	n.		circumstance, situation, state	
uygun	adj.		suitable, proper	
mantar 	n.		mushroom	
itmek	v.		to push	
gerçekleşmek	v.		to come true, to happen	
-i gerçekleştirmek	v.		to make stg. come true	
köpürmek	v.		to foam at the mouth	
elde etmek	v.		to obtain, to achieve, to win over	
sabırlı	adj.		patient	
saklanmak	v.		to hide oneself	
olay	n.		event, incident	
güven	n.		trust	
sonsuz	adj.		endless	
inatçılık	n.		stubborness	
milli piyango	n.		national lottery	
terk etmek	v.		to leave, to abandon	
yumruk atmak	v.		to punch	
azaltmak	v.		to reduce	
yatırmak	v.		to deposit	
izin	n.		permission, vacation	
aptal	adj.		stupid	
kalp	n.		heart	
sanat	n.		art	
ressam	n.		painter	
maceracı	adj.		adventurous	
gençlik	n.		youth	
yaratmak	v.		to create	
tarihçi	n.		historian	
renkli	adj.		colorful	
alev	n.		flame	
sezmek	v.		to understand, to sense	
portre	n.		portrait	
sığınmak	v.		to take refuge	
mülteci	n.		refugee	
çingene	n.		gypsy	
fon	n.		background	
davet etmek	v.		to invite	
tanınmış	adj.		famous	
uyruk	n.		citizen	
kabul etmek	v.		to agree, to receive	
sağlamak	v.		to ensure, to facilitate	
kurtuluş	n.		freedom, independence, escape	
anavatan	n.		motherland	
gümrük	n.		customs (govt.)	
geniş	adj.		wide	
yön	n.		direction, side (of a matter)	
hikâye	n.		story	
zannetmek	v.		to assume	
Seni özledim.			I miss you.	
Öyle düşünüyorum.<div>Sanırım öyle.<div>Bence öyle.</div>			I think so.	
Açım.<div>Karnım aç.</div><div>Karnım acıktı.</div>			I'm hungry.	
ücretsiz	adj.		free, gratis	
Hesap bana ait.			The bill is on me.	
Sorun yok.<div>Sorun değil.</div>			No problem.	
gülümsemek	v.		to smile	
-dan endişelenmek	v.		to be concerned about	
&nbsp;yaşlanmak	v.		to grow old	
akıllı	adj.		smart	
güçlü	adj.		strong	
Ben korkunç açım.			I am terribly hungry.	
Ben hiç aç değilim.			I'm not hungry at all.	
Ben ayı kadar açım.			I'm as hungry as a bear.	
soruşturmak	v. 		to investigate	
açıklık	n.		openness, transparency	
zorlamak	v. 		to force	
hile	n.		fraud	
usulsüzlük	n.		irregularity	
geçici	adj. 		temporary, provisional	
kesinleşmek	v.		to be finalized (vote)	
galip çekmek	v.		to come out on top, to win (election)	
tereddütlü	adj. 		hesitant, indecisive	
küçümsemek	v.		to belittle, to underestimate	
meşru	adj. 		legitimate, valid	
geçersiz	adj.		invalid	
tespit	n.		determination, finding	
hükmetmek	v.		to govern, to decide, to judge	
yasal olarak bağlayıcı	adj.		legally binding	
katkı	n.		assistance, aid, contribution	
devralmak	v.		to take over, to assume (power)	
aşılanma	n.		graft	
yolsuzluk	n.		corruption	
çıta	n.		cutoff, threshold	
zorunlu	adj.		necessary	
bağımsız	adj.		independent	
mahkeme	n.		court	
kanıt	n.		proof, evidence	
talimat	n.		instructions, mandate	
adil	adj.		fair	
tespit etmek	v. 		to fix, to establish	
rüşvet	n.		bribe	
sömürü	n.		exploitation	
haraç	n.		protection money	
akılçı	adj.		rational	
çete	n.		gang	
kartel	n.		cartel	
cezaevi	n.		prison	
ölüler	n.		casualties, the dead	
kurban	n.		victim, sacrifice	
cinayet	n.		murder	
suçlama	n.		charge, accusation	
saldırı	n.		assault, attack	
suç	n.		crime	
sıkılaştırmak	v.		to tighten (security)	
kontrol	n.		control, check, inspection	
tetikçi	n.		gang member	
sorgu	n.		interrogation	
ölüm cezası	n.		death penalty	
ahlaka aykırı	adj.		immoral	
ahlaksal	adj.		moral	
tutuklanmak	v.		to be arrested	
tutuklamak	v.		to arrest	
cürüm işlemek	v.		to commit a felony	
muhbir	n.		informant	
mahkum olmak	v.		to be sentenced, to be convincted	
hapis hükmü	n.		prison sentence	
tedbir	n.		caution, precaution	
mevzuat	n.		legislation, regulations	
dünyadaki mevkimiz			our place in the world	
yaptırımlar uygulamak	v.		to apply sanctions	
ceza vermek	v.		to punish	
baskı yapmak	v.		to pressure	
ara buluculuk	n.		mediation	
ara buluculuk yapmak	v.		to mediate, to act as a go-between	
ara buluculuk rolü üstlenmek	v.		to take on the role of mediator	
temin	n.		assurance	
konum	n.		(bargaining) position	
müzakere	n.		negotiation	
kalıcı barış	n.		lasting peace	
talep etmek	v.		to demand, to request	
casus	n.		spy	
önde gelen	adj.		foremost	
basın toplantısı	n.		press conference	
ikili görüşme	n.		bilateral talk	
ikili	adj.		bilateral, mutual	
çok taraflı	adj.		multilateral	
heyet	n.		delegation, board	
görüşülmek	v.		to be discussed	
yaklaşım	n.		understanding, approach	
mutabakat varmak	v.		to strike a bargain	
çok yönlü	adj.		versatile, well-rounded	
-i geliştirmek	v.		to develop stg., to build	
irade	n.		will, intent	
dayanışma	n.		solidarity	
istihbarat	n.		news, intelligence	
gayret	n.		endeavor, effort	
dostça	adj.		friendly	
özen göstermek	v.		to take pains to	
karışmak	v.		to interfere, to merge, to confuse	
ilke	n.		principle	
dolaylı	adj.		indirect	
içişler	n.		domestic affairs	
güçbirliği yapmak	v.		to join forces	
ittifak	n.		alliance, accord	
Avrupa Birliği	n.		European Union	
ilişki kurmak	v.		to establish relations	
sığınma	n.		(political) asylum, defection	
sığınmacı	n.		refugee, asylum seeker	
devlet adamı	n.		statesman	
hükümet darbesi	n.		coup d'etat	
hükümet devirmek	v.		to overthrow the government	
büyükelçi	n.		ambassador	
temsilci	n.		representative	
Birleşmiş Milletler	n.		United Nations	
ilan etmek	v.		to announce	
karşılaştırmak	v.		to compare, to bring together	
düşmanlık	n.		hostility	
uluslararası	adj.		international	
karşılıklı	adj.		mutual, reciprocal	
müttefik	n.		ally	
saygı duymak	v.		to respect	
koşul	n.		condition, circumstance	
onay	n.		approval	
can alıcı	adj.		crucial	
itibar	n.		esteem, consideration, reputation	
ulaşmak	v.		to reach, to reconcile	
katılım	n.		participation	
antlaşma	n.		pact, treaty	
Avrupa Birliğine yer vermek	v.		to allow into the EU	
Avrupa Birliğine üye olmak	v.		to become a member of the EU	
aday ülkeler	n.		candidate countries	
bir araya gelmek	v.		to meet, to come together	
gerginlik	n.		tension	
stratejik önem	n.		strategic importance	
tazminat vermek	v.		to give compensation	
oturum	n.		session	
yardım derneği	n.		NGO	
okur yazar	adj.		literate	
özel temsilci	n.		special envoy	
okumamış	adj.		illiterate	
egemenlik	n.		sovereignty	
yürürlüğe girmek	v.		to go into effect (law)	
dayatmak	v.		to impose (rules, views)	
tarafsızlık	n.		neutrality	
Avrupa Konseyi başkanı	n.		European Council president	
halk oylaması	n.		referendum	
çöküş	n.		collapse	
grev	n.		strike	
greve gitmek	v.		to go on strike	
ipotek	n.		mortgage, collateral	
konut piyasası	n.		housing market	
dış ticaret	n.		foreign trade	
ticaret açığı	n.		trade deficit	
ticaret fazlalığı	n.		trade surplus	
ticaret hacmı	n.		volume of trade	
iktisadi	adj.		economic	
iktisadi kalkınma	n.		economic growth	
ekonomi	n.		economy	
maliyet	n.		cost, price	
kambiyo rayici	n.		exchange rate	
milli para	n.		domestic currency	
istihdam	n.		employment	
ithal etmek	v.		to import	
gelir	n.		income, revenue	
faiz	n.		interest	
mali	adj.		financial	
deneyim	n.		experience	
kendine güven	n.		self-confidence	
bağımlı	adj.		dependent	
hazine	n.		treasury	
serbest ticaret	n.		free trade	
faaliyet	n.		activity, action	
kariyer	n.		career	
zam	n.		price increase	
piyasaya çıkmak	v.		to go on the market	
biriktirmek	v.		to save, to accumulate	
faal	adj.		industrious	
rekabet	n.		competition, rivalry	
faiz oranı	n.		interest rate	
vergi	n.		tax	
iflas etmek	v.		to go bankrupt	
terfi etmek	v.		to be promoted	
-i terfi ettirmek	v.		to promote so.	
iş görüşme	n.		job interview	
verimli	adj.		productive	
tayin etmek	v.		to assign, to appoint	
tayin çıkmak	v.		to be assigned	
artırım	n.		increase, raise in income	
mesai	n.		work, shift	
vasıfsız	adj.		unskilled	
işletme	n.		business	
alım	n.		hiring, purchasing	
yatırım	n.		investment	
teşvik paketi	n.		stimulus package	
iş bozulmak	v.		(business) to fail	
ekonomik birlik	n.		economic union	
dolaşım	n.		circulation	
para sistemi	n.		monetary system	
rekabet etmek	v.		to compete	
gelişmiş ülke	n.		developed country	
özel sektör	n.		private sector	
yatırım yapmak	v.		to invest	
yerini almak	v.		to replace	
ayak uydurmak	v.		to keep up with	
bankacılık	n.		banking	
icat	n.		invention	
işe almak	v.		to hire so.	
üretkenlik	n.		productivity	
işlenmiş ürünler	n.		manufactured goods	
kendine yetmek	v.		to be self-sufficient	
dayanıklı	adj.		strong, stable, durable	
idare etmek	v.		to manage, to oversee	
yürütme	n.		implementation, enforcement	
danışman	n.		adviser	
bütçe açığı	n.		budget deficit	
bütçe açığını kapamak	v.		to close the budget deficit	
orta sınıf	n.		middle class	
sefalet	n.		poverty	
mahkum	adj.		sentenced, condemned	
zenci	adj.		black (race)	
kısır dögüye sıkışmak	v.		to be caught in a vicious circle	
gayri safi milli hasıla	n.		gross national product	
-in yüzdesi			percentage of	
tüketmek	v.		to consume	
ihracat	n.		exports	
ithal	n.		imports	
imalat	n.		manufacturing	
taşımacılık	n.		transportation, shipping	
havacılık	n.		aviation	
telekomünikasyon	n.		telecommunications	
tüketici	n.		consumer	
hizmetler	n.		services	
durgunluk	n.		recession	
sona ermek	v.		to draw to a close	
küreselleşme	n.		globalization	
tarife konmak	v.		to set a tariff	
sendika	n.		labor union	
işten çıkarmak	v.		to lay off	
sendikalaşmak	v.		to unionize	
milliyetçilik	n.		nationalism	
Soğuk Savaş	n.		Cold War	
askeri harcama	n.		military spending	
barış hissesi	n.		peace dividend	
görüşü benimsemek	v.		to adopt the view	
ödenekler	n.		appropriations	
altyapı	n.		infrastructure	
Merkez Bankası	n.		Federal Reserve	
sivil	adj.		civilian	
Neyse ki...			luckily, fortunatey	
iş gücü	n.		workforce	
akım	n.		trend	
sanayileşme	n.		industrialization	
yetiştirme	n.		cultivation	
büyükbaş	n.		cattle	
tahıl	n.		grain	
görünüm	n.		outlook	
kazandırmak	v.		to earn, to bring in	
düşüş	n.		downturn	
sanayi	n.		industry	
gayri safi	adj.		gross	
hasıla	n.		proceeds, output, product	
girişimci	n.		entrepreneur	
mülk vergileri	n.		property taxes	
kuruluş	n.		institution, organization	
ekonomik patlama	n.		economic boom	
istisna	n.		exception	
kâr	n.		profit, benefit	
suç oranı	n.		crime rate	
hane	n.		household	
Kuzey Amerika Serbest Ticaret Antlaşması	n.		North American Free Trade Agreement	
sınır ötesi	adj.		cross-border	
gayri safi yurtiçi hasılası	n.		gross domestic product	
tüketici güveni	n.		consumer confidence	
düzelmek	v.		to improve, to go more smoothly	
borsa	n.		stock market	
düzelme	n.		improvement, recovery	
faturalar	n.		bills	
iş imkanı	n.		employment opportunity	
altını çizmek	v.		to underscore	
bahane	n.		excuse, pretext	
inişler çıkışlar	n.		ups and downs	
Büyük Buhran	n.		Great Depression	
gerilemek	v.		to deteriorate, to decline	
haciz	n.		foreclosure	
toparlanmak	v.		to recover	
cesaret verici	adj.		encouraging	
konut kredileri	n.		home loans	
batmak	v.		to sink, to fail (bank)	
-a yetişmek	v.		to catch up to	
özel eğitim	n.		special education	
lisansüstü eğitim	n.		graduate education	
lisansüstü öğrenci	n.		graduate student	
lisans	n.		bachelor's degree	
devlet okulu	n.		public school	
para yardımı	n.		financial aid	
küresel ısınma	n.		global warming	
geri dönüşüm	n.		recycling	
araştırma	n.		research	
iklim	n.		climate	
iklim değişikliği	n.		climate change	
yerküre	n.		earth, globe	
salmak	v.		to release	
seviye	n.		level	
bilimci	n.		scientist	
bilimsel	adj.		scientific	
gözden geçirmek	v.		to review, to revise	
emmek	v.		to absorb, to suck	
zarar	n.		damage, loss	
harekete geçmek	v.		to take action	
şerh	n.		comment, caveat	
salım	n.		emission	
başarısızlık	n.		failure	
başarısızlığa uğramak	v.		to fail	
kuraklık	n.		drought	
iki kat			double	
deniz seviyesi	n.		sea level	
tahmin edilen	adj.		estimated	
ölçüm	n.		measurement	
veriler	n.		data	
dayanmak	v.		to be based on, to lean on	
siyaset belirlemek	v.		to set a policy	
-i hedeflemek	v.		to aim at, to intend to	
siyasi baskı	n.		political pressure	
iç karartıcı	adj.		gloomy, depressing	
geçerliliği yitirmek	v.		to lose validity, to be outdated	
ortaya koymak	v.		to show, to put forth, to produce	
uzlaşma	n.		compromise, accord, reconciliation	
kıyı bölgeleri	n.		coastal regions	
ölçüde	adv.		significantly	
mücadele	n.		struggle, campaign	
yasa tasarısı	n.		bill, proposal	
çevreci	n.		environmentalist	
fizikçi	n.		physicist	
siyasi gerçekler	n.		political realities	
dünya çapında	adj.		worldwide, global	
saldırgan	adj.		aggressive, hostile	
depolama	n.		storage, storing	
taviz	n.		concession	
iddialı	adj.		assertive, cocksure	
sera gazı	n.		greenhouse gas	
vaat	n.		pledge, promise	
taslak metin	n.		rough draft	
kısa vadeli	adj.		short-term	
kesinti	n.		cut	
öngörmek	v.		to predict, to anticipate	
hayati önem	n.		critical importance	
hedefler koymak	v.		to set goals	
açlık	n.		hunger, famine	
haline gelmek	v.		to become, to develop into	
insani felaket	n.		humanitarian disaster	
tarımsal	adj.		agricultural	
tarım	n.		agriculture	
etkilenmeme	adj.		immune, -proof	
çevre uyumlu	adj.		environmentally friendly, green	
yakıt verimi	n.		fuel efficiency	
önlem, tedbir	n.		measure, precaution	
karbondioksit	n.		carbon dioxide	
bağlayıcı	adj.		binding	
arazi aracı	n.		off-road vehicle	
egzoz	n.		exhaust	
genelinde			throughout (physically)	
tasarruf	n.		conservation	
tüketim	n.		consumption, expenditure	
varil	n.		barrel	
eyalet	n.		state, province	
önlenmek	v.		to be stopped	
yürütmek	v.		to enforce, to implement	
kurulmak	v.		to be established	
emniyet	n.		safety, security	
başlık	n.		headline, caption	
işgal etmek	v.		to occupy, to hold by force	
yaklaşmak	v.		to approach	
alıntı yapmak	v.		to quote	
işletme okulu	n.		business school	
kuşak	n.		generation	
yapay	adj.		artificial	
üretilmiş	adj.		manufactured	
kapasitede	adj.		at capacity	
rüzgar türbini	n.		wind turbine	
sıvı	n.		liquid	
<span style=" font-style: normal; font-weight: normal;">-i ... -a&nbsp;</span>dönüştürmek	v.		to convert stg., to turn stg. into	
ağaç dikmek	v.		to plant a tree	
geçiş	n.		transition	
sınırlama	n.		limitation	
biyoyakıt	n.		biofuel	
etanol	n.		ethanol	
savunucu	n.		advocate	
eleştiri	n.		criticism	
şeker kamışı	n.		sugarcane	
öneri	n.		proposal	
iktidardaki	adj.		in power, ruling	
genel af çıkarmak	v.		to grant amnesty	
(genel) af	n.		amnesty	
vize	n.		visa	
vize için müracaat etmek	v.		to apply for a visa	
vize vermek	v.		to issue a visa	
giriş vizesi	n.		entrance visa	
göçmen vizesi	n.		immigrant visa	
turist vizesi	n.		tourist visa	
geçici vize	n.		temporary visa	
daimi vize	n.		permanent visa	
vizeleri kaldırmak	v.		to abolish (the need for) visas	
çöl	n.		desert	
hicret etmek	v.		to immigrate	
göç	n.		immigration	
yasadışı göçmen	n.		illegal immigrant	
yasadışı	adj.		illegal	
vatandaş	n.		citizen	
ehliyet	n.		driver's license	
ahali	n.		inhabitants, population	
muhacir	n.		fugitive, refugee, immigrant	
çit	n.		fence	
göcmen	n.		immigrant	
sosyal ağlar	n.		social networks	
başkanlık seçimi	n.		presidential election	
işkence etmek	v.		to torture	
yandaş	n.		supporter	
yasak	n.&nbsp;		ban, prohibition	
kamuoyu	n.		public opinion	
hile karıştırmak	v.		to fix, to rig (election)	
seçim kurulu	n.		election commission	
ezici	adj.		overwhelming	
usulüne uygun	adj.		following procedure, proper	
iddia	n.		claim, allegation	
zor kullanmak	v.		to use force	
müdahale etmek	v.		to interfere	
yanlı	adj.		in support of, partisan	
halkın iradesi	n.		will of the people	
önem taşımak	v.		to matter, to be important	
çatışma	n.		battle, clash	
-dan bu yana			since	
kamu düzeni	n.		public order, law and order	
doğrultusunda	adv.		in accordance with	
sert	adj.		harsh, brutal, strict	
-a dökülmek	v.		to pour onto/into	
rakip	n.		rival	
birlik	n.		unity, unit	
zafer	n.		victory	
yol ayrımında olmak	v.		to be at a crossroads	
-la sınırlı	adj.		limited to	
kablosuz	adj.		wireless	
güncel	adj.		current	
iletişim araçları	n.		means of communication	
ağ	n.		net, network	
çöküşü sürmek	v.		to go down (technology)	
-a karşın			in spite of	
sosyal paylaşım sitesi	n.		social networking site	
kaset	n.		cassette	
uydu	n.		satellite	
hissiyat	n.		feelings, sentiments	
unsur	n.		element, component	
islamiyet	n.		Islam, the Muslim world	
hüsnükuruntu	n.		wishful thinking	
teşvik etmek	v.		to foster, to encourage	
ilerleme	n.		progress	
ağırlık vermek	v.		to emphasize	
arada bir	adv.		every now and then	
ağır basmak	v.		to influence, to tip the scale	
eğilim	n.		tendency	
ölmüş	adj.		dead (person)	
hedef	n.		target, goal	
inandırıcı	adj.		convincing, persuasive	
bu arada			meanwhile	
muhafız	n.		guardian	
yenilmek	v.		to lose (an election)	
başvuru incelemek	v.		to consider an application/request	
zayıflamak	v.		to weaken	
yorumlamak	v.		to interpret, to comment	
kurşun	n.		bullet, lead	
tanımlamak	v.		to characterize, to describe	
-a hazır olmak	v.		to be ready for	
huzursuzluk	n.		unrest	
zirve	n.		summit	
rahatsızlık, huzursuzluk	n.		discomfort, uneasiness	
ifade özgürlüğü	n.		freedom of expression	
süreç	n.		process	
doğrudan	adj.		direct	
iç meseleleri	n.		domestic issues	
-i neticelendirmek	v.		to bring stg. to an end	
yas tutma	n.		mourning	
çağrı	n.		call	
anısına	adv.		in memory of, to commemorate	
giyimli	adj.		dressed	
itiraz	n.		appeal, protest	
saygıdeğer	adj.		distinguished, respected	
nihai			eventual	
tümüyle	adv.		completely	
yenilemek	v.		to renew, to redo	
baskı	n.		coercion, pressure	
itiraz etmek	v.		to object	
düzenleyici	n.		editor	
eylemci	n.		activist	
yargı erki	n.		judiciary	
mülakat	n.		interview	
taraf olmak	v.		to take a side	
eleme	n.		elimination, qualification	
olağandışı	adj.		exceptional, unusual	
eylem	n.		activity, action	
naklen	adj.		live (broadcast)	
gönüllü	adj.		volunteer, voluntary	
milis	n.		militia	
dövmek	v.		to beat (injure)	
hareket	n.		movement	
istifasını sunmak	v.		to submit one's resignation	
izinsiz	adj.		forbidden, unlawful	
Bununla birlikte...			Nonetheless...	
konsey	n.		council, committee	
olası	adj.		likely, possible, potential	
demeç	n.		statement, declaration	
kullanım	n.		use, usage	
-a son vermek	v.		to call off, to put a stop to stg.	
tartışmalı	adj.		controversial, contested	
son bulmak	v.		to run out, to end	
hürriyet	n.		liberty	
ateş etmek	v.		to shoot, to fire upon	
döviz	n.		(foreign) exchange, slogan	
Devrim Muhafızları	n.		Revolutionary Guard	
göz yaşartıcı gaz	n.		tear gas	
sınırdışı etmek	v.		to deport	
istenmek			to be asked	
kargaşa	n.		turmoil	
yumuşatıcı	n.		fabric softener	
çıkış yapmak	v.		to lash out	
hutbe	n.		sermon	
-a liderlik etmek	v.		to lead	
tereddüt etmek	v.		to hesitate	
dokunulmazlık	n.		immunity	
örgütlemek	v.		to organize	
tahrik etmek	v.		to instigate, to provoke	
uygulamak	v.		to apply, to carry out	
kararlılık	n.		determination	
kandırmak	v.		to deceive	
rahmet	n.		mercy	
makale	n.		article	
aktarmak	v.		to transfer, to cite, to pass on	
hareketlerini hesaplamak	v.		to consider one's actions/options	
sömürgecilik	n.		colonialism	
reformcu	n.		reformer, reformist	
görev yapmak	v.		to serve, to perform a duty	
aralarında<div>arasında</div>			among, between	
iktisatçı	n.		economist	
yargılanmak	v.		to be on trial	
suçlamasıyla	adv.		on charges of	
-la itham etmek	v.		to accuse, to charge with	
yatıştırmak	v.		to alleviate, to appease	
önceden	adv.		in advance, previously, originally	
öncü	n.		leader	
kuşku	n.		doubt	
yargılama	n.		trial	
göstermelik	adj.		just for show	
dava	n.		(court) case, lawsuit	
sertlik yanlı	n.		hardliner	
müfrit	n.		extremist	
istikrarsızlık	n.		instability	
istikrar	n.		stability	
görünüşte			apparently	
istikrarlı	adj.		stable	
-a dayalı	adj.		based on	
yerleşim	n.		settlement	
insan hakları	n.		human rights	
ihlal	n.		violation	
istila etmek	v.		to invade	
özveri	n.		devotion, self-sacrifice	
intikam	n.		revenge	
Ortadoğu	n.		Middle East	
Körfez bolgesi	n.		Gulf region	
barış süreci	n.		peace process	
yahudi	adj.		jewish	
yahudi düşmanlığı	n.		anti-semitism	
yahudi soykırımı	n.		Holocaust	
bozulmak	v.		to go downhill (relations)	
-i sınamak	v.		to try stg. out, to test so.	
ters gitmek	v.		to go badly	
-i acıtmak	v.		to hurt so.	
düi kırıklığı	n.		disillusionment	
tutum	n.		stance, attitude	
asıl	n.		origin	
savaş suçu	n.		war crime	
çiğnemek	v.		to chew, to trample	
kopmak	v.		to snap, to break off (relations)	
vicdan	n.		conscience	
işkalcı	n.		invader	
acı çekmek	v.		to suffer	
acı	n.		pain, suffering	
kuramsal	adj.		hypothetical	
sıkça	adv.		frequently	
-a nazaran			in comparison to	
teşkilat	n.		organization	
bir yere kapatmak	v.		to confine to a place	
muhalif	n.		opponent, dissident	
güvenlik konseyi	n.		security council	
tesis	n.		facility	
nükleer	adj.		nuclear	
-a niyetli olmak	v.		to intend to	
ileri sürmek	v.		to claim, to put forth (an idea)	
net	adj.		clear, sharp (voice)	
tepki göstermek	v.		to react	
ihlal etmek	v.		to violate (law)	
zenginleştirmek	v.		to enrich	
zenginleştirilmiş	adj.		enriched	
zenginleştirme	n.		enrichment	
santral	n.		power plant	
savunmak	v.		to claim, to assert	
barışçı	adj.		peaceful, pacifist	
batılı	adj.		Western	
yakıt	n.		fuel	
dönüşüm	n.		conversion, transformation	
yaptırımlar	n.		sanctions	
daimi	adj.		permanent	
sözkonusu	adj.		aforementioned, in question	
duyurmak	v.		to announce	
denetçi	n.		inspector	
düzenli	adj.		organized	
denetlemek	v.		to inspect, to oversee	
aralık	n.		interval, gap	
bildirilmek	v.		to be reported	
imal etmek	v.		to make, to manufacture	
uranyum	n.		uranium	
cumhurbaşkanı	n.		president	
-a aykırı olmak	v.		tto be contrary to, to violate (law)	
denetim	n.		inspection	
halinde			in case of, in the event of	
işbirliği	n.		cooperation	
yetkili	n.		authority, official (person)	
görüşme	n.		meeting, discussion, negotiation	
ele almak	v.		to take up, to consider, to address	
birim	n.		unit of measurement	
hukuk	n.		law (general)	
ağırlaştırmak	v.		to make heavier, to increase (the severity)	
değerlendirmek	v.		to evaluate	
tatbikat	n.		maneuvers, exercises	
-i denemek	v.		to try, to test	
kısa menzilli	adj.		short-range	
füze	n.		missile	
tip	n.		type	
menzil	n.		range	
fırlatış	n.		launch	
görüntü	n.		image	
yayımlamak	v.		to broadcast, to publish	
anlamına gelmek	v.		to mean, to connote	
yapıcı	adj.		constructive	
ortaya çıkmak	v.		to turn out, to emerge	
muhatap	n.		interlocutor	
sergilemek	v.		to exhibit, to show	
siyasi irade	n.		political will	
aşama	n.		phase, stage, level	
hakkını saklı tutmak	v.		to reserve the right	
odaklanmak	v.		to focus on	
reddetme	n.		refusal	
taahhüt	n.		commitment	
tüketilmek	v.		to be exhausted	
madde	n.		material, substance, amendment (constitution)	
kanıtlamak	v.		to prove	
sonsuza kadar	adv.		indefinitely, forever	
kaçınılmaz	adj.		unavoidable, inevitable	
özel konut	n.		private home	
yorumcu	n.		commentator	
Böylece...			Consequently...<div>Therefore...</div>	
ortam	n.		atmosphere, context, occasion	
envantör	n.		inventory	
füze kalkanı	n.		missile shield	
füzesavar	adj.		anti-missile	
konuşlandırmak	v.		to deploy	
ötanazi	n.		euthanasia	
dış işleri	n.		foreign affairs	
aşırı görüşler	n.		extreme views	
son derece	adj.		extremely	
yanıltmak	v.		to confuse, to mislead	
seçime katılmak	v.		to run, to participate in an election	
Yüksek Mahkeme	n.		Supreme Court	
yürürlükte kalmak	v.		to remain in effect	
ortaklaş	adv.		collectively, as partners	
inanç	n.		belief, conviction	
huzur	n.		peace, comfort	
refah	n.		prosperity	
Haklar Beyannamesi	n.		Bill of Rights	
beyanname	n.		statement, declaration	
düzenleme	n.		arrangement, layout	
güvensizlik	n.		distrust	
çekişme	n.		controversy, rivalry	
fail	n.		offender, perpetrator	
katliam	n.		massacre, mass murder	
Kızılderili	adj.		Indian, native (American)	
tabanca	n.		gun (pistol)	
sayım	n.		census, count	
yerli	adj.		indigenous	
devredilemez	adj.		inalienable	
aykırı	adj.		contrary, divergent	
ilham	n.		inspiration	
liyakat	n.		merit	
etki	n.		effect, influence, impact	
düzenli sağlamak	v.		to keep in order	
iktidar	n.		power, rulership	
iktidara gelmek	v.		to come to power	
hiçe saymak	v.		to ignore	
tadilat	n.		alteration, modification	
eşit haklar	n.		equal rights	
onaylamak	v.		to ratify, to approve	
ümit	n.		hope	
umut verici	adj.		inspiring	
ilerici	adj.		progressive	
tutucu	adj.		conservative	
aşırı tutucu	adj.		ultra conservative	
meslektaş	n.		colleague	
başarmak	v.		to achieve, to succeed	
ikna etmek	v.		to convince	
her nedense			somehow	
adalet	n.		justice	
başarı göstermek	v.		to be successful	
anayasal	adj.		constitutional	
anayasaya aykırı	adj.		unconstitutional	
atamak	v.		to appoint, to assign	
En önemlisi...			Most importantly...	
atanmak	v.		to be nominated	
aşırı sağ	n.		the far right	
aşırı sağcı	n.		right winger, right-wing extremist	
adım adım	adv.		step by step	
rayına oturmak	v.		to get back on track	
bekleyiş	n.		wait	
sağlam	adj.		solid, reliable	
karara bağlamak	v.		to settle, to adjudicate	
seçim sandığı	n.		polls (election)	
sandığa gitmek	v.		to go to the polls	
sonuçlamak	v.		to conclude, to end	
evrim teorisi	n.		theory of evolution	
evrim geçirmek	v.		to evolve	
oy pusulası	n.		ballot	
kavuşmak	v.		to come together, to join, to succeed in getting	
kayıtsız	adj.		indifferent, apathetic	
hükümetçe	adv.		by the government	
-dan vazgeçmek	v.		to change one's mind, to stop doing stg.	
yönetim	n.		administration	
fırsat, imkan	n.		opportunity	
gelişme	n.		development	
kalkınma	n.		growth, development, reconstruction	
ılımlı	adj.		moderate	
önceki yönetim	n.		the previous administration	
çevrili	adj.		bordered	
-a karşı çıkmak	v.		to oppose	
karşı gelmek	v.		to defy, to come out against	
ikisi de değil			neither of them	
sonuç	n.		result	
sadakat	n.		loyalty	
yalan atmak	v.		to tell a lie	
kavram	n.		concept	
aldatmak	v.		to deceive	
dini	adj.		religious (pertaining to religion)	
aydın	adj.		intellectual	
iletişim	n.		communication	
gündem	n.		agenda	
ayrıntı	n.		detail	
-i hareketlendirmek	v.		to put stg. in motion	
becerikli	adj.		skilled, capable	
güvenilir	adj.		reliable, responsible	
iyimser	adj.		optimistic	
kötümser	adj.		pessimistic	
candan	adj.		sincere	
-i ... -a emretmek	v.		to order so. to do stg.	
birey	n.		individual, person	
seçenek	n.		choice, alternative	
reddetmek	v.		to decline, to refuse	
Amerikan Birleşik Devletleri (ABD)	n.		USA	
haberleşmek	v.		to communicate	
konuşma yapmak	v.		to give a speech	
yorum	n.		comment, interpretation	
hırslı	adj.		ambitious	
ertelemek	v.		to postpone	
halkla ilişkiler	n.		public relations	
pazarlama	n.		marketing	
politika	n.		politics, policy	
politikacı	n.		politician	
siyasal	adj.		political	
çekişmeli	adj.		controversial	
sakınca	n.		drawback, objection	
kitle iletişimi	n.		mass media	
hak etmek	v.		to deserve	
ortadan kaldırmak	v.		to take away, to abolish	
sayesinde			thanks to, through	
ortalama	n.		average, mean	
belirlemek	v.		to determine	
muhabir	n.		reporter, correspondent	
gazetecilik	n.		journalism	
manşet	n.		headline, caption	
desteklemek	v.		to support	
ırkçılık	n.		racism	
saygısız	adj.		disrespectful	
olmadık	adj.		unprecedented	
muhalefet	n.		opposition	
milletvekili	n.		representative, member of parliament	
yardımcı	n.		deputy	
sunmak	v.		to offer, to submit, to introduce (bill)	
meclis	n.		assembly, council	
kurul	n.		committee	
seçmen	n.		voter	
lehinde oy vermek	v.		to vote for	
övmek	v.		to praise	
Bu hususta...			In this respect...	
cinsiyet	n.		gender, sex	
yaygınlaşmak	v.		to become widespread	
kaça patlarsa patlasın			whatever the cost	
her defasında			every time	
defalarca			many times	
imza	n.		signature	
herhalde			probably, in any case	
değişik	adj.		various, diverse	
çaba	n.		effort	
toprak	n.		territory	
ulus	adj.		national	
medeniyet	n.		civilization	
kalma	adj.		remaining	
çoğunluk	n.		majority	
bölmek	v.		to break, to divide	
samimiyetsiz	adj.		insincere	
kural	n.		rule, regulation	
gerçekçi	adj.		realistic	
oyalanmak	v.		to waste time	
çaba göstermek	v.		to work hard	
birçoğu			a lot of them	
ceza	n.		punishment	
yerel seçim	n.		local election	
yetişkin	n.		adult	
yerine			instead	
ayarlamak	v.		to arrange, to organize	
aday	n.		candidate	
yemin	n.		oath	
yemin töreni	n.		swearing-in ceremony	
oy kullanmak	v.		to vote	
laiklik	n.		secularism	
-i etkilemek	v.		to affect, to influence	
öncelik	n.		priority	
sınıf mücadelesi	n.		class struggle	
olasılıkla	adv.		probably	
aleyhinde	adj.		in opposition	
olanak	n.		possibility	
yitirmek	v.		to lose	
göze almak	v.		to risk	
azınlık	n.		minority	
açıklamak	v.		to explain, to comment on, to make public	
saf	adj.		pure, naive	
halkoyu	n.		public opinion	
dönem	n.		period, term	
kabine	n.		cabinet, council	
belediye başkanı	n.		mayor	
kabul edilmez	adj.		unacceptable	
başkan yardımcısı	n.		vice president	
sözcü	n.		spokesman	
başarısız olmak	v.		to fail	
barış ödülü	n.		peace prize	
sıradan halk	n.		ordinary people	
tatmin etmek	v.		to reassure	
eşcinsel	adj.		gay	
cinsiyetçilik, cinsiyet ayrımı	n.		sexism	
bastırmak	v.		to press, to suppress	
kamuoyu yoklaması	n.		opinion poll	
kol	n.		arm, branch (of government)	
yürütme kolu	n.		executive branch	
yasama kolu	n.		legislative branch	
Temsilciler Meclisi	n.		House of Representatives	
yargı kolu	n.		judicial branch	
önderliğinde	adv.		headed by, under the leadership of	
devlet başkanı	n.		head of state	
görev süresi	n.		term (of office)	
görevden alınmak	v.		to be removed from office	
resmen suçlamak	v.		to impeach	
yargıç	n.		judge, justice	
aday göstermek	v.		to nominate (as a candidate)	
çatışmak	v.		to conflict	
çıkmaza girmek	v.		to be deadlocked, to come to an impasse	
vali	n.		governor	
ilçe	n.		county	
ayırt etmek	v.		to differentiate, to distinguish	
başkanlık kampanyası	n.		presidential campaign	
vatanseverlik	n.		patriotism	
öne çıkmak	v.		to stand out	
aşağılık	adj.		despicable	
sindirmek	v.		to stomach, to digest	
uyuşturucuyla mücadele	n.		war on drugs	
skandal	n.		scandal	
karizma	n.		charisma	
parlamenter	adj.		parlamentary	
yasa önergesi getirmek	v.		to table a bill	
önerge	n.		resolution, motion (law)	
sıkı	adj.		tight, stringent	
esnek	adj.		flexible	
kişisel düşünce	n.		personal opinion	
yasa doğrultusunda	adv.		in accordance with the law	
kişilik	n.		personality, individual, identity	
dönem ortası seçimi	n.		mid-term election	
başkan adayı	n.		presidential candidate	
Tepe	n.		the Hill	
engeli aşmak	v.		to overcome an obstacle	
ufak farkla çoğunluk	n.		bare majority	
yanılma payı	n.		margin of error	
koridor geçmek	v.		to cross the aisle	
raydan çıkarmak	v.		to derail	
önce gelen (kişi)	n.		predecessor	
tersine dönmek	v.		to reverse	
tasarlamak	v.		to design, to intend	
kurucu	n.		founder, creator	
güçler ayrılığı	n.		separation of powers	
her ikisi de			both of them	
incelemek	v.		to examine	
kölelik	n.		slavery	
düşünsel	adj.		ideological, intellectual	
ön seçim	n.		primary election	
-a karşı yarışmak	v.		to run against so.	
memnuniyetsizlik	n.		discontent	
-i önemsemek	v.		to consider stg. important	
parti sadakati	n.		party loyalty	
tavir takınmak	v.		to maintain an attitude	
duruş	n.		position, stance	
sadık	adj.		loyal, faithful	
aşırılık	n.		extremism	
lobici	n.		lobbyist	
serbest bırakmak	v.		to release, to publish	
temsil etmek	v.		to represent	
çevre kirliliği	n.		environmental pollution	
buzul çağı	n.		ice age	
tahil	n.		analysis	
ozon tabakası	n.		ozone layer	
sinek kuşu	n.		hummingbird	
laboratuvar	n.		laboratory	
kimyager	n.		chemist	
kaçırılmak	v.		to be kidnapped, to be hijacked	
yıkıcı	adj.		disastrous, destructive	
terörizme karşı savaş	n.		war on terror	
Dünya Ticaret Merkezi	n.		World Trade Center	
-i doğurmak	v.		to give birth to, to cause	
önleyici	adj.		preemptive	
hamle	n.		surge	
takviye	n.		reinforcement	
direnmek	v.		to resist	
intihar saldırısı	n.		suicide attack	
birden fazla<div>birden çok</div>			multiple, more than one	
yerel	adj.		local	
-in sorumluluğunu üstlenmek	v.		to take responsibility for stg.	
kınamak	v.		to condemn	
temelsiz	adj.		unfounded	
aşiret lideri	n.		tribal leader	
direniş	n.		resistance	
resmi	adj.		official	
kara kuvvetleri	n.		ground forces	
meclis başkanı	n.		(parliament/house) speaker	
şehit	n.		martyr	
darbe vurmak	v.		to strike a blow	
ağırlıklı olarak	adv.		predominantly, heavily	
kaçakçılık	n.		smuggling, trafficking	
uyuşturucu	n.		drug, narcotic	
(adam) kaçırma	n.		kidnapping	
haydutluk	n.		banditry	
-a karşı mücadele etmek	v.		to fight against	
olağanüstü nakil	n.		extraordinary rendition	
nakil	n.		transport, rendition	
namaz	n.		prayer	
gerekçesiyle			on grounds of, with the reason that	
idam etmek	v.		to execute	
haşhaş	n.		opium	
üretici	n.		producer	
güvenlik görevlisi	n.		security guard	
patlayıcı	n.		explosive	
yelek	n.		vest	
alarma geçmek	v.		to be on alert	
ordu	n.		army	
karargâh	n.		military headquarters	
rehine	n.		hostage	
kapsamlı	adj.		comprehensive, sweeping	
şiddetlendirmek	v.		to aggravate, to exacerbate	
aşiret	n.		tribe, clan	
pazar yeri	n.		marketplace	
rehin almak	v.		to take hostage	
direnişçi	n.		resistance fighter	
basılmak	v.		to be raided	
basmak	v.		to print, to raid	
islamcı	adj.		Muslim	
kışla	n.		barracks	
geçiş noktası	n.		crossing point	
sığınak	n.		haven, shelter, asylum	
işkence	n.		torture	
gökdelen	n.		skyscraper	
harbiye	n.		military affairs	
soykırım işlemek	v.		to commit genocide	
kurmak	v.		to form, to establish	
komplo	n.		plot, conspiracy	
katil	n.		murder	
boşa gitmek	v.		to be for nothing	
kaplı olmak	v.		to be covered	
ek takviye	n.		additional reinforcements	
sevketmek	v.		to send, to dispatch	
teçhizat	n.		equipment	
-i eğitmek	v.		to train, to educate	
savunma bakanı	n.		Secretary of Defense	
konuşlu	adj.		deployed	
tehdit oluşturmak	v.		to constitute a threat	
yakında	adv.		nearby, soon	
eczane	n.		drugstore	
harita	n.		map	
buralarda	adv.		hereabouts	
mahalle	n.		neighborhood, district	
etkin	adj.		active	
salon	n.		living room, lounge	
hafta içi	n.		midweek, weekdays	
sergi	n.		show, exhibition	
stad	n.		stadium	
silgi	n.		eraser	
çizgili	adj.		lined	
cep	n.		pocket	
o kadar	adv.		that (much)	
sorun	n.		problem, issue	
sözlük	n.		dictionary	
Kaça?			How much?	
Kaçta?			At what time?	
Kaçar?			How many each?	
Kaçıncı?			What grade/level/place?	
tanesi			each, per piece	
oldukça	adv.		quite, rather	
yatak	n.		bed	
kitaplık	n.		bookcase	
şimdilik			for now, at present	
koltuk	n.		armchair, armpit	
buzdolabı	n.		refrigerator	
misafir odası	n.		guest room, parlor	
yemek odası	n.		dining room	
mum	n.		candle	
-i dinlemek	v.		to listen to	
arzu	n.		wish, request	
bal	n.		honey	
.... acaba?			I wonder...<div>Do you think?</div>	
geçemek	v.		to accept	
kredi karti	n.		credit card	
sabah	n.		morning	
hepiniz			all of you	
ikiniz			you two	
fazla	adv.		too much	
dikkat etmek	v.		to be careful	
zahmet etmek	v.		to bother (to do something)	
böyle	adv.		like this, such, so	
çizmek	v.		to draw	
götürmek	v.		to take away	
göndermek	v.		to send	
geç	adj.		late	
sınav	n.		exam	
sigara içmek	v.		to smoke	
eğlence	n.		fun, entertainment	
garson	n.		waiter	
borç	n.		debt, loan, duty	
Allah bağışlasın.			God bless.	
bekâr	adj.		single, unmarried	
akraba	n.		relative	
emekli	adj.		retired	
-dan küçük			smaller than, younger than	
ikisi de			the two of them	
ev hanımı	n.		housewife	
kapmak	v.		to seize, to catch (ball)	
canın istemek	v.		to feel like	
Peki.			Ok.	
bilet	n.		ticket	
boş oda	n.		vacancy	
mağaza	n.		store	
kazak	n.		sweater, sweatshirt	
Neler?			What all?	
birçok			a lot of	
metro	n.		subway	
otopark	n.		parking lot	
kirlilik	n.		pollution	
pek	adj.		very	
yarışma	n.		contest	
yarışmacı	n.		contestant	
ödül	n.		prize	
şimdiden, zaten, halen			already	
şimdiden sonra			from now on	
kutlamak	v.		to celebrate	
yakın zamanda	adv.		recently	
reklam	n.		commercial	
reklam arası	n.		commercial break	
ara vermek	v.		to pause	
tür	n.		type, species	
nazik	adj.		polite	
şefkat	n.		kindness, compassion	
müşfik	adj.		kind, caring	
vasati	n.		average, mean	
adi	adj.		inferior	
rezil	adj.		shocking	
zalim	adj.		cruel	
miktar	n.		amount	
işaretlemek	v.		to mark	
prova	n.		rehearsal	
tasarımcı	n.		designer	
düzenlemek	v.		to arrange, to organize	
yoğun	adj.		intense, intensive	
yaprak	n.		leaf	
Aferin!			Well done!	
sararmak	v.		to yellow	
savaş	n.		war	
aç	adj.		hungry	
mümkün	adj.		possible	
-a üzülmek	v.		to be sorry	
defile	n.		fashion show	
-i yerleştirmek	v.		to place stg.	
yurt	n.		dorm, home, native country	
süre	n.		period of time	
iş aramak	v.		to look for a job	
yüksek lisans diploması	n.		Master's degree	
fal	n.		fortune	
makas	n.		scissors	
şımarık	adj.		spoiled	
Bakacağız bakalım.			We'll see.	
yola çıkmak	v.		to hit the road	
kiralamak	v.		to rent	
çadır	n.		tent	
görünmek	v.		to seem, to look, to appear	
kulübe	n.		hut	
mutlaka	adv.		definitely, certainly	
maymuncuk	n.		lockpick	
kasa	n.		safe, vault, cash register	
çocuk oyuncağı	n.		child's play	
çare	n.		cure, aid, solution	
başarılı	adj.		successful	
sınava girmek	v.		to take an exam	
kararlı	adj.		determined	
okulu asmak	v.		to skip school	
nedeniyle ölmek	v.		to die of	
yükselmek	v.		to rise	
meraklı	adj.		curious	
yüzyıl	n.		century	
çevre	n.		environment, surroundings	
alışmak	v.		to get used to	
merak etmek	v.		to worry	
mezun olmak	v.		to graduate	
hamile	adj.		pregnant	
aylık	adj.		per month	
doğum yapmak	v.		to have a baby	
yalancı	n.		liar	
bir daha			once more	
şöyle böyle	adj.		so-so	
İhtimal ki...			Probably...	
tek	adj.		only, single, sole	
sofra	n.		dinner table	
konuşma dilli	n.		colloquial language	
yutmak	v.		to swallow	
haftaya			next week	
eskiden			in the past	
üretmek	v.		to produce	
birazdan	adv.		soon, a little later	
güvenmek	v.		to trust	
bekçi	n.		watchman	
işte			here it is, "ecco"	
soygun	n.		robbery	
hakaret etmek	v.		to insult	
uzay	n.		outer space	
kurtarmak	v.		to rescue	
nefes	n.		breath	
bayılmak	v.		to faint	
Anlatamam.			I can't explain.	
gündüz			by day, in the daytime	
giysi	n.		clothing	
baş ağrısı	n.		headache	
izin almak	v.		to get permission	
davetli listesi	n.		guest list	
-i düzeltmek	v.		to correct	
balayı	n.		honeymoon	
satranç	n.		chess	
forma	n.		uniform	
çamaşır	n.		underwear	
kokmak	v.		to smell, to give off an odor	
korku	n.		fear	
korku filmi	n.		horror film	
kapak kolu	n.		door handle	
dikmek	v.		to sew	
giyinmek	v.		to get dressed	
-i giydirmek	v.		to dress so.	
rica etmek	v.		to request	
sıkı giyinmek	v.		to dress warmly	
rüzgar	n.		wind	
geçişli	adj.		transitive	
geçişsiz	adj.		intransitive	
uyanmak	v.		to wake up	
üşümek	v.		to be cold	
veya			or	
yoksa			or, otherwise, or else, if not	
oturma odası	n.		living room	
tercih etmek	v.		to prefer	
turunç	n.		sour orange	
çarşaf	n.		bedsheet	
konu	n.		matter, subject	
cümle	n.		sentence	
doktorluk	n.		medicine (field)	
olta	n.		fishing line	
-i sulamak	v.		to water	
marka	n.		brand	
özlemek	v.		to miss, to long for	
sayfa	n.		page	
herkes			everyone	
çağırmak	v.		to summon, to invite	
kapak	n.		cover	
şanslı	adj.		lucky	
eşlemek	v.		to match	
falan			and so on, et cetera	
manken	n.		model	
kip	n.		mood, tense (grammar)	
emir	n.		order	
emir kipi	n.		imperative tense	
kek	n.		pound cake	
uyarı	n.		warning	
istek	n.		request, desire, demand	
sıfat	n.		adjective	
kupa	n.		metal cup	
anlam	n.		meaning	
belirli	adj.		definite, specific	
belirsiz	adj.		indefinite	
hep			always	
geçmiş zaman	n.		past tense	
farklı	adj.		different	
özne	n.		subject (grammar)	
nesne	n.		object	
gizli	adj.		hidden	
esmek	v.		to blow (wind)	
aslında			actually	
hakkında			about	
boşluk	n.		blank, space	
ek	n.		suffix	
tamamlamak	v.		to complete	
doğuş	n.		birth, origin	
tırmanmak	v.		to climb	
ilkokul	n.		primary school	
birer birer	adv.		one by one	
tıp fakültesi	n.		medical school	
merdiven	n.		stairs	
ihlamur	n.		linden	
yaramaz	adj.		naughty	
oyun	n.		game, performance	
süru	n.		herd	
yağmurlu	adj.		rainy	
meşe	n.		oak	
hayvanat bahçesi	n.		zoo	
kısalmak	v.		to shorten	
terzi	n.		tailor	
paça	n.		hem	
kömür	n.		coal	
düğme	n.		button	
kardan adam	n.		snowman	
palyaço	n.		clown	
kıvırcık	adj.		curly	
askı	n.		suspenders	
kelepçe	n.		handcuffs	
bilmece	n.		riddle	
ablak yüzlü	adj.		chubby-faced	
zil	n.		bell	
teslim olmak	v.		to give in, to surrender	
kaynak	n.		source	
çekirdek	n.		seed	
yalvarmak	v.		to beg	
gayetle	adj.		extremely	
asmak	v.		to hang up	
çiftlik	n.		farm	
alcak	adj.		low	
onlardan biri			one of them	
uykusu gelmek	v.		to feel sleepy	
her biri			each of them	
satıcı	n.		salesman	
harcamak	v.		to spend	
azalmak	v.		to decrease, to become less	
izlemek	v.		to watch (TV), to monitor, to follow	
kaydolmak	v.		to be registered	
-i ilerletmek	v.		to advance stg., to move stg. forward	
bilet gisesi	n.		ticket office	
yemek tarifi	n.		recipe	
artık (değil)	adv.		any more	
ifade	n.		expression, testimony	
zevk	n.		taste, pleasure	
Sevindim!			I'm glad to hear it!	
Tebrikler!			Congratulations!	
deli	adj.		insane	
Buradan ne kadar uzakta?			How far away is it from here?	
umumiyetle	adv.		usually	
Kaç dakika sürer?			How many minutes does it take?	
birdenbire	adv.		suddenly	
üçte iki			two thirds	
O halde...			In that case...	
Türkiye Büyük Millet Meclisi (TBMM)	n.		Turkish Grand National Assembly	
Kongre	n.		Congress	
kongre üyesi	n.		congressman	
kendi dairem			my own apartment	
ilk kendi dairem			my first apartment	
kendim			myself	
kendi kendime			by myself	
tek başıma			by myself	
anlatmak güç	adj.		difficult to explain	
gelir gelmez			as soon as I came	
sonbaharda	adv.		in the autumn	
Bugün günlerden ne?			What day is it today?	
Bugünün tarihi ne?			What is today's date?	
öbür gün			the day after tomorrow	
geçenlerde	adv.		recently	
Saat kaça kadar?			Until what time?	
suçlu	adj.		guilty	
suçsuz	adj.		innocent	
saçma	n.		nonsense	
İyi dilekler.			Good wishes.	
herhangi			any	
herhangi biri			any one of them	
hiçbirimiz			none of us	
hiçbiri			none of them	
sözde	adj.		alleged, so-called	
öz	adj.		pure, genuine	
gündelik	adj.		daily, everyday, casual	
artan	adj.		remaining	
ancak			only, barely, however	
kocaman	adj.		huge	
nokta	n.		point, period (punctuation)	
yüzyüze			face to face	
kovulmak	v.		to get fired	
istifa etmek	v.		to resign	
derin devlet	n.		deep government	
dizi	n.		(TV) series	
yerlidizi	n.		Turkish (local) TV series	
feragat	n.		renunciation, withdrawal	
feraget etmek	v.		to renounce	
-dan faydalanmak	v.		to benefit from	
enfes	adj.		yummy	
bir kalip peynir	n.		a block of cheese	
vapur iskelesi	n.		ferry port	
parola<br>şifre	n.		password	
para üstü	n.		change (money)	
bozuk para	n.		change (money)	
uzatmak	v.		to hand over, to extend, to prolong	
müsait	adj.		convenient	
ödünç almak	v.		to borrow	
kuru fasulye	n.		bean	
bulutlu	adj.		cloudy	
eksi			minus	
takma isim	n.		nickname	
bayrak	n.		flag	
ders süresince			during class	
ders boyunca			throughout class	
lütuf	n.		favor	
Fark etmez.			It doesn't matter.	
indirmek	v.		to take down, to download, to land (plane)	
neyse			anyway, whatever, well	
kesin	adj.		definite	
deliksiz uyumak	v.		to sleep soundly	
Dersek ki...			If we say that...	
ihtimal vermek	v.		to consider likely	
engel	n.		obstacle	
tercih	n.		preference	
-a sebep olmak	v.		to cause	
eleman	n.		staff, personnel	
dürüstlük	n.		honesty	
dürüst	adj.		honest	
metin	n.		text, copy	
kavanoz	n.		jar	
cam	n.		glass (pane)	
çözmek	v.		to solve	
çift	n.		pair, couple	
makyaj akmak	v.		to run (makeup)	
horlamak	v.		to snore	
ürkek	adj.		timid	
bedava	adj.		free	
olumlu	adj.		positive	
patron	n.		boss, employer	
gecikmek	v.		to be delayed	
körler	n.		the blind	
Imdat!			Help!	
nihayet	adv.		finally, at last	
bir daha hiç<div>bir daha asla</div>			never again	
resim yapmak	v.		to make art	
kabiliyet	n.		talent	
karga	n.		crow	
zeka	n.		intelligence	
imkân	n.		possibility, opportunity, chance	
yayla	n.		high plateau	
derin	adj.		deep	
kumsal	n.		beach	
sel	n.		flood	
nemli	adj.		humid, wet	
eskisi gibi			like before	
kaide	n.		rule, regulation	
yasal	adj.		legal	
daha önce hiç			never before	
ilgeç	n.		preposition	
yandaki ev	n.		the house next door	
tahta	n.		board, wood	
benzerlik	n.		similarity	
-la karşılaşmak	v.		to meet, to face, to run into so.	
benim kadar iyi			as well as me	
sabaha kadar			until morning	
nüfus	n.		inhabitants, population	
sinirli	adj.		edgy, irritable	
çekik	adj.		slanted	
ela	adj.		hazel	
korkak	adj.		frightened	
kurnaz	adj.		sly	
mecnun	adj.		love-crazed	
inci	n.		pearl	
berrak	adj.		clear, sharp	
peygamber	n.		prophet	
tesadüfen	adv.		accidentally	
dikkatlice	adv.		carefully	
binlerce			thousands of	
günlerce			for days	
cesur	adj.		brave	
yeterince			enough	
harelemek	v.		to wave	
dalgalanmak	v.		to fluctuate	
görev	n.		duty, role, position	
-i uyarmak	v.		to warn	
kanımca			in my opinion, personally	
meşhur	adj.		famous	
üzüntü	n.		sorrow	
erimek	v.		to melt	
günden güne			from day to day	
giderek	adv.		gradually	
(günlerden) bir gün			one day	
kemik	n.		bone	
bir deri bir kemik kalmak	v.		to be skin and bones	
gömmek	v.		to bury	
kala kalmak	v.		to be shocked, to freeze	
solmak	v.		to wilt	
sökülmek	v.		to unravel, to shell out (money)	
kül	n.		ash	
sevinmek	v.		to be glad	
kahin	n.		seer	
zehirli	adj.		venomous	
dalamak	v.		to bite, to sting	
dalmak	v.		to dive, to be lost in thought	
masal	n.		story, fairy tale	
efsane	n.		legend	
uslu	adj.		well-behaved	
dam	n.		roof	
bütün gün			all day	
saadet	n.		happiness	
uyuklamak	v.		to doze	
fark etmek	v.		to notice, to matter	
varmak	v.		to arrive (vehicle)	
uygarlık	n.		civilization	
tuhaf	adj.		strange	
boymak	v.		to dye	
sigortalamak	v.		to insure	
Milattan Sonra			AD	
en fazla			at the most	
bilge	adj.		wise	
yönetici	n.		manager	
yönetmen	n.		(film) director	
esmer	adj.		dark-haired	
albay	n.		colonel	
suikast	n.		assassination	
açıklama	n.		statement, explanation	
adliye	n.		courthouse	
hedef almak	v.		to aim	
takviye etmek	v.		to reinforce	
tepki	n.		reaction	
-i durdurmak	v.		to stop stg.	
zan	n.		guess, suspicion	
yeniden	adv.		again	
esnaf	n.		tradesman, vendor	
toplum	n.		society (general)	
piyasa	n.		market (finance)	
hatta			so much that, in fact, as well	
veda etmek	v.		to say goodbye	
baraj	n.		dam	
sönmek	v.		to go out (fire)	
derya	n.		ocean	
cilve	n.		charm, flirtiness	
tatmak	v.		to experience	
her zaman gibi			as usual	
çoktan beri			a long time ago	
biçim	n.		shape	
reçete yazmak	v.		to prescibe	
örnek	n.		example	
kare	n.		square	
üçgen	n.		triangle	
tecrübesiz	adj.		inexperienced	
atasözü	n.		proverb	
sıra	n.		line, row, turn	
söndürmek	v.		to put out, to extinguish	
röportaj	n.		interview	
Ne cesaretle...			How dare you...	
tehdit etmek	v.		to threaten	
sanki			like, as though, as if	
ciddi	adj.		serious	
neredeyse	adv.		soon, nearly, any moment	
sinir bozucu	adj.		annoying	
idman yapmak	v.		to work out, to exercise	
idman	n.		exercise	
tutulmak	v.		to become popular	
-a tutulmak	v.		to fall in love with	
görünme	n.		appearance	
ilgi çekmek	v.		to attract attention	
puslu	adj.		hazy	
nem	n.		humidity	
rutubetli	adj.		damp, wet	
kaygan	adj.		slippery	
dolu	n.		hail	
serin	adj.		cool	
eksik	adj.		incomplete, missing	
benden iyi			better than me	
ondan az			less than that	
bembeyaz	adj.		stark white	
upuzun	adj.		really long	
simsiyah	adj.		jet black	
içeri	n.		indoors	
bavul	n.		suitcase	
taneyle			by the piece, separately	
özellikle			especially	
öncelikle			above all	
zorla	adv.		by force	
kaltak	n.		bitch	
benzer	adj.		similar	
berbat etmek	v.		to ruin	
mesele	n.		matter, subject	
tercümen, çevirmen	n.		interpreter	
unutmak	v.		to forget	
-i yenmek	v.		to beat (win)	
-a yenilmek	v.		to lose to	
oyuncu	n.		player, actor	
keyifli	adj.		fun, merry	
tüylu	adj.		furry	
tok	adj.		not hungry	
özgür	adj.		free, independent	
nehir	n.		river	
parlamak	v.		to shine (sun)	
kesmek	v.		to cut	
kutsal kitap	n.		bible	
uçan daire	n.		flying saucer	
davul	n.		drum	
heykel	n.		sculpture	
siyaset	n.		politics, policy	
yoksul	adj.		poor	
perde	n.		curtain	
ampul	n.		light bulb	
özellik	n.		feature, characteristic	
anket	n.		poll	
hareket etmek	v.		to move, to act	
kaynamak	v.		to boil	
-i teslim etmek	v.		to hand over, to surrender stg.	
kürtaj	n.		abortion	
Cumhuriyetçi	adj.		Republican	
Demokrat	adj.		Democratic	
dilim	n.		slice	
sepet	n.		basket	
ok	n.		arrow	
hak	n.		justice, right	
seyahat etmek	v.		to travel	
sahne	n.		stage	
taraftar	n.		supporter	
tutmak	v.		to hold, to support, to hire	
üye	n.		member	
hakikaten			really, truly	
ayak izi	n.		footprint	
canavar	n.		monster	
Dur!			Wait!	
Ne gibi?			Like what?	
vakit geçirmek	v.		to pass time	
amaç	n.		purpose, goal	
emeklemek	v.		to crawl	
kolye	n.		necklace	
internette	adj.		online	
yok etmek	v.		to exterminate	
emlak	n.		real estate	
-i yakalamak	v.		to catch (criminal, fish), to catch up with	
asla	adv.		never, by no means	
zaman zaman	adv.		sometimes	
inek	n.		cow, stupid person	
karar vermek	v.		to make a decision	
sinirlenmek	v.		to get nervous	
düzenli diyet yapmak	v.		to follow a strict diet	
papyon	n.		bow tie	
baca	n.		chimney	
geçmişte			in the past	
duman	n.		smoke	
-la dolmak	v.		to be packed with	
hassas	adj.		sensitive, susceptible	
havlu	n.		towel	
anakolu	n.		kindergarten	
yuva	n.		nursery school, home	
-a önem vermek	v.		to consider stg. important	
iyelik	n.		ownership	
-a ilgi duymak	v.		to find interesting, to be interested in	
mavi yolculuk	n.		cruise	
ihmal etmek	v.		to neglect	
saklambaç	n.		hide and seek	
rivayet	n.		rumor	
dev	n.		giant	
havlamak	v.		to bark	
göç etmek	v.		to immigrate	
iç güdü	n.		instinct	
fatura	n.		invoice	
dert	n.		trouble, sorrow	
uzamak	v.		to continue, to drag on	
meyve suyu	n.		juice	
su	n.		water	
adam	n.		man	
acele	adj.		urgent	
çarpmak	v.		to beat (heart)	
vurmak	v.		to beat (heart)	
tekrar	n.		repetition	
tane	n.		number, unit, pieces	
-i sipariş etmek	v.		to place an order for	
terbiyeli	adj.		polite, well-mannered, well-bred	
vasat	adj.		average, mediocre	
ücretle çalıştırmak	v.		to hire (employee)	
görmek	v.		to see, to observe, to get, to experience	
yakınlarda	adv.		recently, hereabouts	
başka	adj.		another, different	
Son olarak...			finally, lastly, in conclusion	
Ne kadar?			How much?	
ileri	n.		the front	
hem X hem de Y			both X and Y	
henüz (değil)	adv.		not yet	
hiç kimse	n.		nobody	
-dan dolayı			because of, due to	
hapisane	n.		prison	
yumurta	n.		egg	
elma	n.		apple	
kahve	n.		coffee	
kadın	n.		woman	
pilav	n.		rice	
köpek	n.		dog	
bisiklet	n.		bicycle	
kalem	n.		pen	
balık	n.		fısh	
uyumak	v.		to sleep	
yüzmek	v.		to swim	
pişirmek	v.		to cook	
yazmak	v.		to write	
kırmızı	adj.		red	
gökyüzü	n.		sky	
ağaç	n.		tree	
doktor	n.		doctor	
öğretmen	n.		teacher	
polis memuru	n.		police officer	
öğrenci	n.		student	
Sizin neyiniz var?			What do you have?	
cep telefonu	n.		cell phone	
telefon	n.		telephone	
sandalye	n.		chair	
kâse	n.		bowl	
tabak	n.		plate	
gömlek	n.		men's shirt, blouse	
palto	n.		man's coat	
elbise	n.		dress	
etek	n.		skirt	
pantolon	n.		pants	
tişört	n.		t-shirt	
sandviç	n.		sandwich	
giymek	v.		to wear (clothes)	
satın almak	v.		to buy	
koca	n.		husband	
karı	n.		wife	
kız kardeş	n.		sister	
erkek kardeş	n.		brother	
arkadaş	n.		friend	
Kaç yaşındasın?			How old are you?	
televizyon	n.		television	
radyo	n.		radio	
bilgisayar	n.		computer	
masaüstü bilgisayar	n.		desktop computer	
dizüstü bilgisayar	n.		laptop computer	
-in üstünde			on top of -	
-in altında			underneath -	
pencere	n.		window	
lavabo	n.		sink	
banyo	n.		bathroom	
yatak odası	n.		bedroom	
tuvalet	n.		toilet, restroom	
nine	n.		grandmother	
dede	n.		grandfather	
-i kucaklamak	v.		to hug	
öpmek	v.		to kiss	
(ayakta) durmak	v.		to be standing up	
Amerikalı	adj.		American	
Türk	adj.		Turkish	
Mısırlı	adj.		Egyptian	
Fransız	adj.		French	
Çinli	adj.		Chinese	
Nerelisiniz?			Where are you from?	
Hoşçakal(ın).			Goodbye.	
Memnun oldum.			Nice to meet you.	
Güle güle.			Goodbye.	
kemer	n.		belt	
çorap	n.		sock	
mor	adj.		purple	
gri	adj.		gray	
kısa boylu	adj.		short (height)	
uzun boylu	adj.		tall	
pembe	adj.		pink	
sarı saçlı	adj.		blond	
kahverengi saçlı	adj.		brunette	
kızıl saçlı	adj.		red-haired	
kot pantalon	n.		jeans	
renk	n.		color	
sıcaklamak	v.		to be hot	
iyi	adj.		good, well	
okul	n.		school	
gece	n.		night	
akşam	n.		evening	
öğleden sonra	n.		afternoon	
şimdi	adv.		now	
kahvaltı	n.		breakfast	
kahvaltı yapmak	v.		to have breakfast	
ilkbaharda	adv.		in the springtime	
sabahları	adv.		in the mornings, every morning	
akşamları	adv.		in the evenings, every evening	
geceleri	adv.		at night, every night	
öğleden sonraları	adv.		in the afternoons	
kafe	n.		cafe, cage	
dışarıda	adv.		outside	
içeride	adv.		inside	
yirmi			20	
kırk			40	
altmış			60	
seksen			80	
doksan			90	
yüz	n.		100, face, surface	
-a gerek	adj.		needed by -	
bant	n.		tape	
ahşap	n.		wood	
kahraman	n.		hero	
kansız	adj.		anemic, spineless	
düşünmek	v.		to think about, to consider stg.	
sanmak	v.		to suppose, to imagine, to think	
ayak parmağı	n.		toe	
ayı	n.		bear	
-a ait	adj.		belonging to -	
güç	adj.		difficult	
gün	n.		day	
Rus	adj.		Russian	
-i tatmak	v.		to taste stg.	
-i koklamak	v.		to smell stg.	
Kiminle?			With whom?	
Hoş geldin(iz).			Welcome.	
Hoş bulduk.			Glad to be here.	
tat	n.		taste, flavor	
Bunun tadı güzel.			This tastes good.	
mevsim	n.		season	
hayvan	n.		animal	
Türkçe	n.		Turkish language	
Çince	n.		Chinese language	
İngilizce	n.		English language	
Arapça	n.		Arabic language	
Japon	adj.		Japanese	
Avustralyalı	adj.		Australian	
Affedersiniz.			Excuse me.	
öğretmek	v.		to teach	
-a öğretmek	v.		to teach to so.	
öğrenmek	v.		to learn	
Söz mü?			Do you promise?	
Söz.			I promise.	
Bu mümküm değil.			This can't be.<div>This is not acceptable.</div>	
memnu	adj.		taboo	
özet	n.		summary	
yalan söylemek	v.		to lie	
Erken döndüm.			I came back early.	
Gerek yok.			There's no need.<div>It's not necessary.</div>	
Bu değişmeyecek.			This isn't going to change.	
harika	adj.		wonderful	
<span style=" font-style: normal; font-weight: normal;">-i sabırsızlıkla beklemek</span>	v.		to look forward to	
Beğendin mi?			Do you like it?	
Buyrun.			Go ahead.	
bahçe	n.		garden	
Bence de.			I think so too.	
demek	v.		to say	
sadece	adj.		only	
Defol!			Go away!<div>Fuck off!</div>	
haklı	adj.		right, just	
Başka bir şey ister misiniz?			Would you like anything else?	
Efendim?			Hello?	
İznim yok.			I don't have permission.	
dergi	n.		magazine, journal	
Çıkalım mı?			Shall we go?	
Saçmalama.			Don't talk nonsense.	
-i uyandırmak	v.		to wake so. up	
kuru	adj.		dry	
ıslak	adj.		wet	
çünkü			because	
Neden?			Why?	
diş fırçası	n.		toothbrush	
diş macunu	n.		toothpaste	
saç fırçası	n.		hairbrush	
sabun	n.		soap	
yastık	n.		pillow	
battaniye	n.		blanket	
saç tarımak	v.		to brush hair	
teftiş etmek	v.		to inspect	
ıstırap	n.		suffering	
pankart	n.		banner, placard	
gösteri	n.		show, performance, protest	
gösterici	n.		protestor	
İstiklal Marşı	n.		Turkish national anthem	
baş müsteşar	n.		DCM	
büyükelçilik	n.		embassy	
emeklilik	n.		retirement	
tasar	n.		design, plan, project	
tablo	n.		chart, board, painting	
-a yol açmak	v.		to cause	
karşı karşıya gelmek	v.		to come face to face	
belirtmek	v.		to state, to indicate	
kaydetmek	v.		to record	
yaralanmak	v.		to be wounded	
X tarafından yapılmak	v.		to be done by X	
siyaset yönetimi	n.		political management	
seçim	n.		election	
Dışişleri Bakanlığı	n.		State Department	
kampanya	n.		campaign	
kültür ataşesi	n.		cultural attache	
bağlantı	n.		link, connection	
görsel	adj.		visual	
bıçak	n.		knife	
möble	n.		furniture	
göl	n.		lake	
köy	n.		village	
ticaret	n.		commerce, trade	
hac	n.		pilgrimage	
jambon	n.		ham	
jeton	n.		token	
jüri	n.		jury	
jeolog	n.		geologist	
jeneratör	n.		generator	
adres	n.		address	
yavru	n.		baby (animal)	
rica	n.		request	
rapor	n.		report	
ruh	n.		soul	
iğne	n.		needle	
teğmen	n.		lieutenant	
lamba	n.		lamp	
plaj	n.		beach	
konferans	n.		conference	
kafeterya	n.		cafeteria	
lise	n.		high school	
seminer	n.		seminar	
ızgara	adj.		grilled	
rahat	adj.		comfortable	
belli	adj.		obvious, clear	
dikkat	n.		attention, caution	
sarmak	v.		to wrap	
örmek	v.		to knit	
bağlamak	v.		to tie, to attribute	
konsolosluk	n.		consulate	
bale	n.		ballet	
milyar	n.		billion	
sinema	n.		cinema	
piknik	n.		picnic	
salata	n.		salad	
spor	n.		sport	
Batı	n.		West	
Doğu	n.		East	
konuşma	n.		speech	
tiyatro	n.		theater	
direk	adv.		directly	
ilk	adj.		first	
Ya siz?			And you?	
patlama	n.		explosion, blast	
araç	n.		vehicle	
yolun	n.		road	
şerit	n.		lane, strip	
canlı bomba	n.		suicide bombing	
tetkik hakimi	n.		magistrate, investigating judge	
arsa	n.		plot, land, estate	
park etmek	v.		to park	
-a başvurmak	v.		to apply for, to resort to	
gündeme gelmek	v.		to come up, to become an issue	
-a davranmak	v.		to treat so.	
güvenlik	n.		security, safety	
anayasa	n.		constitution	
şeritli	adj.		taped, striped	
yetkili	adj.		authorized, official	
aşkın	adj.		exceeding	
dosya	n.		file, dossier	
ardından	adv.		after, following	
kilise	n.		church	
tayin	n.		assignment, post	
sektör	n.		section, cone	
azlık	n.		shortage, deficit	
kıtlık	n.		shortage, deficit	
insan kaynakları	n.		human resources	
zeytin yağı	n.		olive oil	
felç	n.		stroke	
kalp krizi	n.		heart attack	
gas deposu	n.		gas tank	
Paskalya	n.		Easter	
anket yapmak	v.		to poll	
kurtulmak	v.		to be rescued	
taciz etmek	v.		to abuse	
İlk olarak...			First of all...	
İkinci olarak...			Secondly...	
özgün	adj.		unique	
benzersiz	adj.		unique	
Aynı tas, aynı hamam.			Same old, same old.	
Burada olan, burada kalır.			What happens here, stays here.	
bir taşla iki kuş vurmak	v.		to kill two birds with one stone	
aksatmak	v.		to hinder	
içermek	v.		to contain	
yanıtlamak	v.		to answer	
tartışmak	v.		to discuss, to argue	
böcek ilacı	n.		pesticide	
narenciye	n.		citrus fruit	
beden	n.		body	
vücut	n.		body	
askeri üs	n.		military base	
coşku	n.		enthusiasm	
faydalı	adj.		useful	
gayret etmek	v.		to make an effort	
ağırlık çalışmak	v.		to lift weights	
boş vermek	v.		to disregard, to not bother with	
mutfak robutu	n.		food processor	
yuvarlak köfte	n.		meatball	
sözleşme	n.		contract	
hizler	n.		senses	
ikiz	n.		twin	
koruma	n.		protection, bodyguard	
keskin	adj.		sharp	
-a benzer	adj.		similar to	
fütursuz	adj.		indifferent	
yatırımcı	n.		investor	
sırasında	adv.		during	
destek	n.		support, assistance	
devirme	n.		overthrow, upset	
isyancı	n.		rebel	
malzeme	n.		material, supply, ingredient, stuff	
gıda yardımı	n.		food aid	
gelinlik elbisesi	n.		wedding dress	
oyuncak	n.		toy	
koşu bantı	n.		treadmill	
iade etmek	v.		to return stg., to extradite	
yürüyüş yapmak	v.		to go for a walk	
silahlı	adj.		armed	
tıbbi	adj.		medical	
akıcı	adj.		fluent	
muhakak	adv.		certainly	
Bu kadar.			That's it.	
Sıhhatler olsun.			Nice haircut.	
ders kaynatmak	v.		to get chatty, to waste time&nbsp;(lit. to boil the class)	
kapsamak	v.		to cover, to be about	
Kendime notum.			Note to self.	
teftişçi	n.		inspector	
müfettiş	n.		inspector	
kayıp	n.		loss	
her iki			both	
tam olarak	adv.		exactly	
çöpe atmak	v.		to throw away	
ümit etmek	v.		to hope	
bisiklete binmek	v.		to ride a bike	
-a haber vermek	v.		to inform	
inkar etmek	v.		to disavow	
yalanlamak	v.		to disavow	
iddia etmek	v.		to claim	
mahkum etmek	v.		to convict, to sentence	
ispat etmek	v.		to prove	
sızmak	v.		to leak	
-i ... -dan sorumlu tutmak	v.		to hold so. responsible for stg.	
-dan uzak durmak	v.		to stay away from	
tahliye etmek	v.		to evacuate, to release	
duymak	v.		to hear, to feel	
kolaylaşmak	v.		to get easier	
zorlaşmak	v.		to get difficult	
devletleştirmek	v.		to nationalize	
özelleştirmek	v.		to privatize	
aşağılamak	v.		to insult	
hapşırmak	v.		to sneeze	
-a hitap etmek	v.		to address, to speak to	
-a yanaştırmak	v.		to come alongside	
iptal etmek	v.		to cancel	
-a uğramak	v.		to drop in on, to come over, to encounter	
uğraşmak	v.		to work hard	
kaldırmak	v.		to lift, to carry, to endure	
açılış	n.		opening, inauguration	
kraliçe	n.		queen	
üretim	n.		production	
başkonsolosluk	n.		consulate general	
cennet	n.		paradise, heaven	
nezaket	n.		courtesy	
gezi	n.		trip	
köle	n.		slave	
girişim	n.		initiative, enterprise, attempt	
toplama	n.		gathering	
atalar	n.		ancestry	
yat	n.		yacht	
tekne	n.		boat	
koy	n.		bay	
Meksika Körfezi	n.		Gulf of Mexico	
sızıntı	n.		spill	
petrol sızıntısı	n.		oil spill	
basın mensubu	n.		member of the press	
Genel Kurulu	n.		General Assembly	
altın	n.		gold	
bronz	n.		bronze	
kapanış töreni	n.		closing ceremony	
Olimpiyat Oyunları	n.		Olympic Games	
madalya	n.		medal	
ikincilik	n.		second place	
Beyaz Saray	n.		White House	
dostluk	n.		friendship	
konuk	n.		guest	
temas	n.		contact, liaison	
ziyaret	n.		visit	
tören	n.		ceremony	
ticari ilişkiler	n.		trade relations	
mozole	n.		mausoleum	
çelenk	n.		wreath	
belediye	n.		municipality	
şube	n.		branch	
cahillik	n.		ignorance	
posta ücreti	n.		postage	
okur yazarlık	n.		literacy	
okumamışlık	n.		illiteracy	
okul gereçleri	n.		school supplies	
kuyruk	n.		tail	
arı	n.		bee	
hakim	n.		judge, justice	
cins	n.		breed	
elektrik süpürgesi	n.		vacuum cleaner	
Adalet Bakanlığı	n.		Justice Department	
soruşturma	n.		investigation	
aileiçi şiddet	n.		domestic violence	
töre	n.		custom, common law	
ayırımcılık	n.		discrimination	
fen dersi	n.		science class	
yazılım	n.		software	
uçurum	n.		cliff, abyss, gap	
çocukluk	n.		childhood	
yaşıt	n.		peer, equal	
bunama	n.		senility	
zihin	n.		mind, memory	
ekip	n.		team	
hücre	n.		cell	
beyin hücreleri	n.		brain cells	
sağlık sorunları	n.		health problems	
ilişkiler	n.		relations	
çarpışma	n.		collision, impact	
özerklik	n.		sovereignty, home rule	
Şam			Damascus	
Kıbrıs			Cyprus	
delil	n.		proof	
insansız hava saldırısı	n.		drone strike	
etkinlik	n.		activity, action	
komutan	n.		commander	
uzak bölge	n.		remote region	
El Kaide	n.		Al Qaeda	
transparanlık	n.		transparency	
takvim	n.		calendar	
golf satası	n.		golf course	
yokuş	n.		hill	
kaza	n.		accident	
kaldırım	n.		sidewalk	
harcama	n.		expenditure	
Türkiye Büyük Millet Meclisi	n.		Turkish Grand National Assembly	
bir süre yapmak	v.		to do for a while	
davranmak	v.		to act, to behave	
ajan	n.		spy	
mide	n.		stomach	
havaalanı	n.		airport	
kanun	n.		law, legislation	
dilek	n.		wish, request	
tüfek	n.		gun (rifle)	
destekçi	n.		supporter	
otoyol	n.		highway	
hasar	n.		damage	
özel okulu	n.		private school	
acemi	adj.		inexperienced	
deneyimsiz	adj.		inexperienced	
döviz kuru oranı	n.		exchange rate	
anlayış	n.		understanding	
siyasetçi	n.		policymaker, political scientist	
fedakarlık	n.		devotion, self-sacrifice	
sıkça	adv.		often	
yoksulluk	n.		poverty	
-a neden olmak	v.		to cause	
-i karşılamak	v.		to greet, to welcome, to go to meet so.	
dikkat çekmek	v.		to attract attention	
-a önderlik etmek	v.		to lead	
nutuk çekmek	v.		to give a speech, to orate	
cevap vermek	v.		to answer	
kalite	n.		quality	
vakıf	n.		charity, foundation, trust	
yeşil para	n.		money sent by Turks/Muslims from outside the country	
imparatorluk	n.		empire	
kara para aklama	n.		money laundering	
uzaklık	n.		distance	
mesafe	n.		distance	
lastik	n.		rubber, tire	
Latince	n.		Latin language	
bordo bereliler	n.		Red Berets (Turkish special forces)	
hamur	n.		dough	
eşit haklar	n.		equal rights	
Senato	n.		Senate	
kadın hakları	n.		women's rights	
Kongre üyesi	n.		member of Congress	
kurul başkanı	n.		committee chair	
cinsiyet rolleri	n.		gender roles	
zanlı	n.		culprit, suspect	
düşünce	n.		opinion	
Maliye Bakanı	n.		Finance Minister	
sahtecilik	n.		fraud	
sahtekarlık	n.		fraud	
masumluk	n.		innocence	
açıklık	n.		openness, transparency	
şeffaflık	n.		transparency	
tesadüf	n.		coincidence	
demiryolu	n.		railroad	
gözlemci	n.		observer, watchdog	
beklenti	n.		expectation	
sokak telefon	n.		pay phone	
şafak	n.		dawn, dusk	
Ürdün	n.		Jordan	
Suriye	n.		Syria	
İngiltere	n.		England	
Mısır	n.		Egypt	
Birleşik Arap Emirlikleri	n.		United Arab Emirates	
Katar	n.		Qatar	
Suudi Arabistan	n.		Saudi Arabia	
Fransa	n.		France	
Almanya	n.		Germany	
yapıştırmak	v.		to stick, to seal, to glue	
Beynelmilel Fuarı	n.		World's Fair	
arazi	n.		land, country, terrain	
fayton	n.		carriage	
makam aracı	n.		fancy official vehicle	
başhekim	n.		chief physician	
devlet tahvili	n.		government bond	
mutemet	n.		trustee	
mütevelli	n.		trustee	
mezar	n.		grave	
dehliz	n.		tunnel, entrance	
kuyu	n.		well	
sarnıç	n.		cistern	
kalyon	n.		ship, galleon	
mekan	n.		place, site	
mücevherler	n.		jewelry	
gömülü	adj.		buried	
bilinmeyen	adj.		unknown	
ölçmek	v.		to measure	
kuşatmak	v.		to lay siege	
yazışma	n.		correspondence	
bir sürü	adj.		a lot of	
dağıtmak	v.		to distribute	
zarar vermek	v.		to damage	
gergedan	n.		rhinocerous	
yengeç	n.		crab	
algınlık	n.		perception	
üzüm bağı	n.		vineyard, winery	
ana dilini konuşan	n.		native speaker	
kavga çıkarmak	v.		to start a fight	
ifade etmek	v.		to state, to testify, to refer to	
yufka yürekli	adj.		soft-hearted	
şiddetle	adv.		vehemently	
kişisel	adj.		personal	
vurgulamak	v.		to emphasize	
trafik levhası	n.		traffic sign	
imza kampanyası	n.		petition	
kapsam	n.		scope, extent	
yerleşke	n.		campus	
yaşam hakkı	n.		the right to life	
inşaat	n.		construction	
izdırap	n.		misery	
uygulama	n.		practice, application	
onursal	adj.		honorary	
başlıklı	adj.		titled	
toplumsal	adj.		social	
temel	adj.		basic, fundamental	
-a yönelik olmak	v.		to aimed at, to be intended for	
sürelik	n.		period of time	
düzgün kaynak	n.		reliable source	
tanım	n.		description, definition, transcript	
karşılık	n.		response, equivalent, counterpart	
iç savaş	n.		civil war	
yüklü	n.		cargo	
cankurtaran	n.		ambulance	
emniyet kemeri	n.		seatbelt	
damat	n.		bridegroom	
okul çağındaki	adj.		school-age	
kırsal	adj.		rural	
muhafazakar	adj.		conservative	
deneyimsiz	adj.		inexperienced	
tanıma	n.		recognition	
beceri	n.		ability, skill, talent	
ahlaki değerleri	n.		moral values	
müfredat	n.		curriculum, syllabus	
cebirden	n.		algebra	
zoolojiye	n.		zoology	
akran	n.		peer, equal	
çeşitlilik	n.		diversity	
farklılık	n.		diversity	
akademik burs	n.		scholarship	
tecrit etmek	v.		to isolate	
izcilik	n.		(boy) scouting	
mahrum kalmak	v.		to be deprived of, to lack	
rağbet görmek	v.		to catch on, to be in demand	
avına çıkmak	v.		to hunt	
yansımak	v.		to reflect	
esinlenmek	v.		to be inspired	
hız	n.		speed	
av	n.		hunt	
kısım	n.		part, section	
öykü	n.		story	
çiçeği burnunda	adj.		fresh, junior	
kapkaçı	n.		purse-snatching	
tinerci	n.		glue-sniffer	
damga	n.		stigma, stamp	
islahevi	n.		reform school, juvenile prison	
boyut	n.		size, dimensions	
cehalet	n.		ignorance	
pençe	n.		paw, clutch	
tutukevi	n.		prison	
-a itilmek	v.		to be driven to	
saptamak	v.		to determine, to fix	
damga vermek	v.		to stigmatize	
aklı başında	adj.		rational, down-to-earth	
yerinde	adj.		appropriate	
elvermek	v.		to suffice, to be enough	
abartmak	v.		to exaggerate	
terim	n.		term (to refer to stg.)	
sevgi, aşk	n.		love	
karartı	n.		stain, tarnish	
hakkıyla	adv.		properly	
-a cazip gelmek	v.		to attract so.	
kaymak	v.		to slip, to slide	
göz yummak	v.		to condone, to overlook	
kestirmek	v.		to estimate, to predict	
darbe almak	v.		to take a hit	
devreye girmek	v.		to become active, to step in	
-i kaygılandırmak	v.		to worry so.	
devreye sokmak	v.		to put in place	
reaksiyon göstermek	v.		to react	
sil baştan olmak	v.		to start from the beginning	
denge	n.		balance	
kaya gazı	n		shale oil	
paha	n.		price, cost	
karbon emisyonları	n.		carbon emissions	
yenilenebilir enerji	n.		renewable energy	
pazar payı	n.		market share	
soru işareti	n.		question mark	
Pars&nbsp;	n.		Persia	
kraliyet ailesi	n.		royal family	
dersler çıkmak	v.		to learn a lesson	
uzun vadeli	adj.		long-term	
müthiş	adj.		amazing, terrific	
kafası karışık	adj.		confused	
anlamsız	adj.		pointless, irrelevant, meaningless	
üstünlük	n.		superiority	
gelenek	n.		tradition	
hazırlık	n.		preparation	
çöpçü	n.		garbageman	
bilgi edinmek	v.		to learn	
sınıflandırma yapmak	v.		to do practicum	
işletmek	v.		to operate, to run	
arkadaş edinmek	v.		to make friends	
temin etmek	v.		to provide, to obtain	
hor görülmek	v.		to scorn	
hayır kurumu	n.		charity	
yüksek tansiyon	n.		high blood pressure	
şeker hastalığı	n.		diabetes	
son derece	adj.		very	
yarı resmi	adj.		semi-official	
fert	n.		individual, person	
şekerlik	n.		candy dish	
kapıcı&nbsp;	n.		doorman, janitor	
X karşılanmak	v.		to be considered X	
ikram etmek	v.		to offer, to treat so.	
kökenli	adj.		originating	
gurbetçi&nbsp;	n.		guest worker	
kaygı	n.		concern	
hatırı sayılır	adj.		remarkable	
gayrimenkul	n.		landed estate, property	
sünnet	n.		circumcision	
gerileme	n.		decline	
olasılık	n.		probability, likelihood	
Hırvat	adj.		Croatian	
düzenli olarak	adv.		regularly	
maddi	adj.		financial	
işbaşı yapmak	v.		to start to work	
yaka	n.		collar	
meblağ	n.		amount, sum	
hudut	n.		boundary	
kevger	n.		sieve	
yüzölçumü	n.		surface area, acreage	
gevşetmek	v.		to loosen, to ease	
evrak	n.		document	
belge	n.		document	
bağ	n.		tie	
doçent	n.		professor	
coğrafya	n.		geography	
maaş bordrosu	n.		pay stub	
iş günü	n.		business day	
teminat	n.		assurance, guarantee	
değişiklik	n.		change	
kızlık soyadı	n.		maiden name	
gelir kaynağı	n.		source of income	
ortak	n.		partner	
banka cüzdanı	n.		bank statement	
tanıdıklar	n.		acquaintances	
makbuz	n.		receipt	
ücret	n.		wage, fee, price	
vesikalık resim	n.		passport-style photo	
parmakizi	n.		fingerprint	
işaret parmağı	n.		index finger	
başparmağı	n.		thumb	
serçe parmağı	n.		pinky finger	
serçe	n.		sparrow	
noter	n.		notary	
konsolosluk işleri	n.		consular affairs	
konsolos	n.		consul	
not	n.		grade (school)	
ortalama mezuniyet notu	n.		GPA	
kopya	n.		copy	
ikramiye	n.		bonus	
aşçı	n.		cook	
ahçı	n.		cook	
aktör	n.		actor	
araba tamircisi	n.		mechanic	
avukat	n.		lawyer	
büfeci	n.		kiosk owner	
çiftçi	n.		farmer	
hekim	n.		doctor	
elektrikçi	n.		electrician	
hamal	n.		porter	
hastabakıcı	n.		hospital orderly	
idareci	n.		administrator, manager	
kuyumcu	n.		jeweler	
mücevherci	n.		jeweler	
marangoz	n.		carpenter	
mühendis	n.		engineer	
muhasebeci	n.		accountant	
muslukçu	n.		plumber	
musluk tamircisi	n.		plumber	
müteahhit	n.		contractor	
sanayici	n.		industrialist	
subay	n.		military officer	
teknisyen	n.		technician	
tesisatçı	n.		installer	
tüccar	n.		merchant	
turizm elemanı	n.		travel agent	
bakım	n.		care	
bildirge	n.		report	
dul	n.		widow, widower	
emekli maaşı	n.		pension	
evlenme cüzdanı	n.		marriage certificate	
geçiminin temin edileceğine dair tasdikli belge	n.		affidavit of support	
husus	n.		matter, subject	
işlem	n.		procedure	
işyeri	n.		workplace	
iyi hal kağıdı	n.		good conduct certificate	
kat mülkiyeti	n.		condo ownership deed	
künye	n.		personal data	
maaş	n.		salary	
makam	n.		high office	
mesken	n.		dwelling, residence	
nişanlı	n.		fiancee	
nüfus kağıdı	n.		birth certificate	
okuyucu	n.		scanner	
orta parmak	n.		middle finger	
sahip	n.		owner	
sigorta	n.		insurance	
sosyal sigorta	n.		social security	
staj	n.		internship, training	
tapu senedi	n.		deed	
tebligat	n.		notification	
ticaret fuarı	n.		trade fair	
ünvan	n.		title (ownership)	
vergi levhası	n.		tax record	
yıllık izin	n.		annual leave	
yüzük parmağı	n.		ring finger	
arz etmek	v.		to present	
başvuru formu	n.		application form	
doldurmak	v.		to fill out	
ikamet etmek	v.		to reside	
imzalamak	v.		to sign	
konaklamak	v.		to stay overnight	
mülakat yapmak	v.		to interview	
ortalamak	v.		to center	
taahüt etmek	v.		to engage oneself	
tebligata bulunmak	v.		to notify	
boşanmış	adj.		divorced	
brüt	adj.		gross (income)	
çok girişli çıkışlı	adj.		multiple entry	
işsiz	adj.		unemployed	
nişanlı	adj.		engaged	
nezdinizde			in your presence	
serbest meslek	adj.		self-employed	
tasdik	adj.		certified	
yönetim kurulu üyesi	n.		board member	
belgelemek	v.		to document	
şartları yerine getirmek	v.		to meet the requirements	
Ne zamandan beri orada çalışıyoursunuz?			How long have you been working there?	
Amerika'ya gidiş nedeniniz nedir?			What is your purpose of travel to the US?	
Evraklarınızı alayım.			I'll take your documents.	
Turist vizesi için müracaat etmişsiniz.			You have applied for a tourist visa.	
Ne kadar kalmayı düşünüyorsunuz?			How long are you planning to stay?	
Amerika'da tanıdıklarınız var mı?			Do you know anyone in the US?	
Bu yeterli bir kanıt olmuyor.			This is not enough evidence.	
Döneceğinizi nasıl kanıtlayabilirsiniz?			How can you prove that you will return?	
Bağlarınız yeterince güçlü değil.			Your ties are not strong enough.	
Şu andaki durumunuz vize almaya uygun değil.			Your situation does not qualify you for a visa at this time.	
Nasıl olur?<br>Nasıl yani?			How come?	
Durumunuzda bir değişiklik olursa yine müracaat edebilirsiniz.			İf there is a change in your situation you may apply again.	
Bu mektubu okuyun lütfen.			Please read this letter.	
Diğer başvuru sahipleri bekliyor.			Other applicants are waiting.	
Gelir kaynağınız nedir?			What is your source of income?	
Daha önce yurt dışına hiç çıktınız mı?			Have you ever traveled abroad before?	
Evlenmeden önce soyadınız neydi?			What was your name before you got married?	
Askerlik yaptınız mı?			Have you done your military service?	
Hangi üniversiteden mezun oldunuz?			From which university did you graduate?	
Meşleğiniz nedir?			What is your profession?	
Şirketinizi ne zaman kurdunuz?			When did you start your business?	
Şirketinizin tek sahibi siz misiniz?			Are you the sole owner of your business?	
Şirketinizde kaç personel çalışıyor?			How many employees do you have?	
Şirketinizde başka ortak var mı?			Do you have a business partner?	
Daha önce nerelerde çalıştınız?			Where have you worked previously?	
Serbest meslek demişsiniz, açıklar mısınız?			You said you are self-employed, could you explain?	
Ortalama aylık geliriniz nedir?			What is your average monthly income?	
Maaş bordonuz yanınızda mı?			Do you have your pay stub with you?	
Geçen ay ne kadar para kazandınız?			How much did you earn last month?	
Bana maddi durumunza dair belge gösterin lütfen.			Please show me documents about your financial situation.	
Kiminle gidiyorsunuz?			Who are you going with?	
Nerelere gitmeyi düşünüyorsunuz?			Whereabouts are you planning to go?	
Niçin yalnız gidiyorsunuz?			Why are you going alone?	
Niçin eşinizi götürmüyorsunuz?			Why aren't your bringing your spouse?	
iade edilemez	adj.		non-refundable	
eksiksiz	adj.		complete	
şahsen	adv.		personally, in person	
işleme koymak	v.		to process	
Vize ücretini ödediğinize dair makbuzu görebilir miyim?			May I see the receipt of your visa fee payment?	
Formdaki adınızla pasaportunuzdaki adınızın aynı olması gerek.			Your name on the form needs to be the same as the one on your passport.	
Formdaki bütün soruları eksiksiz cevap vermeniz lazım.			You must answer completely all of the questions on the form.	
Başvuru sahibinin şahsen gelmesi gerek.			The applicant must come in person.	
Başvuru ücreti iade edilemez.			The application fee is not refundable.	
Başvurunuzu işleme koymak için, X gerekli.			In order to process your application, we need X.	
Sıranız gelince sizi çağıracağız.			We will call you when it's your turn.	
Eksik belgeleri UPS ile gönderebilirsiniz.			You may send the missing documents via UPS.	
Bu formu doldururken biri size yardım etti mi?			Did anyone help you fill out this form?	
numarınızı yazdığı zaman			when your number comes up (on the screen)	
Pasaportunuzun en az 6 ay geçerli olması gerekiyor.			Your passport must have at least 6 months of validity.	
Vizenizi onaylıyoruz.			We approve your visa.	
iade	n.		return, refund	
Pasaportunuzu size UPS ile göndereceğiz.			We will send you your passport via UPS.	
Bu kartı UPS masasına götürün.			Take this card to the UPS counter.	
Görüşmemiz bitti.			Our interview is over.	
Buraya geri döneceğinize beni ikna edemediğiniz için size vize veremiyoruz.			We cannot approve your visa because you could not convince me that you will return.	
Size şu anda vize veremiyoruz.			We cannot give you a visa at this time.	
-i yeniletmek	v.		to get stg. renewed	
tasdik ettirmek	v.		to get stg. notarized	
damgalamak	v.		to stamp	
Lütfen başparmağınızı okuyucunun üzerine koyun.			Please put your thumb on the scanner.	
Biraz daha bastırın lütfen.			Please press harder.	
Çok bastırmayın lütfen.			Please do not press so hard.	
Bu belgeleri noterden tasdik ettirmeniz gerekiyor.			You need to get these documents affirmed by a notary.	
Her iki başparmağını okuyucunun üzerine koyun.			Put both thumbs on the scanner.	
Başparmağı hariç, sağ elinizin parmaklarını koyun.			Place the fingers of your right hand, except your thumb.	
fotokopi çekmek	v.		to make a photocopy	
süresi bitmiş	adj.		expired	
Pasaportunuzun süresi bitmiş.			Your passport has expired.	
O zaman öyle olsun.			Ok, let's do it that way.	
hüviyet	n.		ID card	
sürücü belgesi	n.		driver's license	
cenaze	n.		funeral, corpse	
gömülme	n.		burial	
nakit para	n.		cash	
mezarlık	n.		cemetery	
doğrulamak	v.		to confirm	
komiser	n.		sergeant at arms, superintendent	
bölge	n.		region, district	
morga	n.		morgue	
ambulans	n.		ambulance	
fakslamak	v.		to fax	
kaldırılmak	v.		to be taken, to be carried	
artı			plus	
en geç Xa kadar			by X at the latest	
derhal	adv.		right away, immediately	
Bir Amerikalının öldüğünü ögrendik.			We have heard that an American died.	
doğum yeri	n.		birthplace	
doğum tarihi	n.		birthdate	
son adresi	n.		most recent address	
Cenazeyi Amerika'ya göndermek mümkün olabilir mi?			İs it possible to send the body to the US?	
En yakın akrabanın isteğine göre hareket edeceğiz.			We will act according to the wishes of the next of kin.	
En kısa zamanda sizi tekrar arayacağım.			I will call you back as soon as possible.	
tahmin	n.		estimate	
cenaze töreni	n.		funeral ceremony	
ceset	n.		corpse	
çek	n.		check	
en yakın akraba	n.		next of kin	
kişisel eşyalar	n.		personal belongings	
miras	n.		inheritance, legacy, heritage	
otopsi	n.		autopsy	
ölüm tutanağı	n.		death certificate	
ölüm nedeni	n.		cause of death	
parsel	n.		plot (cemetery)	
tabut	n.		coffin	
aşırı uyuşturucu	n.		drug overdose	
yerel yasalar	n.		local laws	
borcunu ödemek	v.		to pay one's debt	
intihar etmek	v.		to commit suicide	
çaldırmak	v.		to have stg. stolen	
göbek adı	n.		middle name	
tanık	n.		witness	
Bir vatandaşımız ile ilgili bir sorum var.			I have a question about one of our citizens.	
pasaport çıkarmak	v.		to get a passport	
yerel kanunları uygulamak	v.		to apply local laws	
X'in adına			on X's behalf	
Yardımlarınız için çok teşekkür ederim.			Thank you very much for your help.	
acil servis	n.		emergency services	
ameliyat	n.		surgery	
baygın	adj.		unconscious	
beyin sarsıntısı	n.		concussion	
kanama	n.		bleeding	
kavga	n.		fight	
hastahaneleri aramak	v.		to check the hospitals	
ifade vermek	v.		to give a deposition	
kaybolmak	v.		to be lost	
kendine gelmemek	v.		to continue to be unconscious	
kırılmak	v.		to be broken, to shatter	
tedavi etmek	v.		to treat (medicine)	
teşhis etmek	v.		to diagnose	
sorguya çekmek	v.		to question	
polise karşı gelmek	v.		to resist the police	
suçlanmak	v.		to be accused	
dava açmak	v.		to file charges	
iletmek	v.		to convey	
hapis	n.		imprisonment	
savcı	n.		prosecutor	
tecavüz	n.		aggression, rape	
hukuki işlemler	n.		legal procedures	
mahalli	adj.		local	
karşı koymak	v.		to resist, to defy	
yetinmek	v.		to make do, to content oneself with	
üzerinde durmak	v.		to focus on	
göz önunde tutmak	v.		to keep in mind	
-dan emin olmak	v.		to be sure of	
uzatma	n.		extension	
sanık	n.		the accused, defendant	
kat	adj.		strict	
Anladığım kadarıyla...			It is my understanding that...	
Neyle suçlandığını bana açıklayabilir misiniz?			Could you explain to me what he is charged with?	
İşlediği suçun cezası ne olabilir?			What might the punishment be for the crime he committed?	
Bütün hukuki işlemler ne kadar sürer?			How long do all the legal procedures take?	
Tutuklanan Amerikan vatandaşlarını 48 saat içinde ziyaret etmemiz gerekiyor.			We have to visit arrested American citizens within 48 hours.	
Tutuklanma nedenlerini ve tutuklunun durumunu tespit etmek istiyorum.			İ want to determine the reason for the arrest and the situation of the prisoner.	
Kanunlara ve polisin işine karışmak istemiyoruz.			We do not want to interfere in your laws or police work.	
Kendisine bir Türk vatandaşına davranıldığı gibi davranıldığından emin olmak istiyoruz.			We want to make sure that he is treated the same as a Turkish citizen would be.	
Bildiğiniz gibi görevim bu bilgileri alıp durumu Washington'a bildirmek.			As you know, it is my duty to take this information and inform Washington of the situation.	
Kendisine mahalli avukatların bir listesini vermek istiyorum.			İ want to give him a list of local lawyers.	
Eğer bir avukat tutamazsa, mahkeme kendisine bir avukat tutar mı?			İf he cannot hire a lawyer, will the court hire a lawyer for him?	
Serbest bırakılıncaya kadar 30 günde bir ziyaretine geleceğiz.			We will visit once every 30 days until he is released.	
İnşallah bir dahaki sefere daha iyi şartlar altında karşılaşırız.			İ hope that we meet again under better circumstances.	
Neye ihtiyacın var?			What do you need?	
aleyhte	adv.		against, in opposition	
lehte	adv.		in favor of	
davacı	n.		plaintiff	
davalı	n.		defendant	
ikametgah	n.		domicile, residence	
kamu avukatı	n.		public defender	
hüküm	n.		sentence, decree	
kefalet	n.		bail	
müvekkil	n.		client for a lawyer	
savcılık	n.		public prosecutor's office	
suret	n.		copy of a document	
valilik	n.		governor's office	
avukat tutmak	v.		to hire a lawyer	
gözaltına almak	v.		to take into custody	
hazır bulunmak	v.		to be present	
gereğince	adv.		according (to the law)	
alkol seviyesi	n.		alcohol level	
nafaka	n.		alimony	
-a bakan doktor	n.		attending doctor	
banka hesabı	n.		bank account	
ruhsat	n.		car registration	
koltuk derneği	n.		crutches	
göz altına alınma	n.		detention	
papaz	n.		priest	
tekerlekli sandalye	n.		wheelchair	
sigortasız	adj.		uninsured	
tedbir almak	v.		to take precautions	
para aktarmak	v.		to wire money, to transfer money	
havale çıkarmak	v.		to get a money order, to wire funds	
ceset yakmak	v.		to cremate	
evlilik yüzüğü	n.		wedding ring	
iş kartı	n.		business card	
döviz bürosu	n.		foreign exchange department	
Nasıl yardımcı olabilirim?			How may İ help?	
çoğu zaman			most of the time	
-in yetkisiyle	adj.		in charge of	
sorumlu	adj.		in charge of, responsible for	
alan işi	n.		field work	
iştah	n.		appetite	
istiridye	n.		oyster	
dedikodu	n.		gossip	
nesil	n.		generation	
sahte	adj.		fake	
kısa sürede			in a little while	
hecelemek	v.		to spell	
Haberiniz olsun.			Just so you know.	
boşu boşuna	adv.		for nothing	
liman	n.		harbor, port	
Orada kaç yıldır çalışıyorsunz?			How many years have you worked there?	
rahip	n.		monk, priest, cleric	
beslenme	n.		nutrition, feeding	
sevkiyat	n.		shipping, transportation	
ulaşım	n.		shipping, transportation	
dolandırıcı	n.		crook, con man	
lokanta zinciri	n.		restaurant chain	
zincir	n.		chain	
balçık	n.		clay, slime	
yolcu gemisi	n.		cruise ship	
deprem	n.		earthquake	
nezarethane	n.		prison cell	
akıl hocası	n.		mentor	
rehber	n.		mentor, guide	
gerçekçi	adj.		realistic	
realist	adj.		realistic	
çıkarcı	adj.		calculating	
bencil	adj.		calculating, selfish	
hispanik	adj.		hispanic	
Belli ki...			It's obvious that...	
kulak misafiri olmak	v.		to eavesdrop	
ihbar etmek	v.		to inform, to tell on so.	
dolandırıcılık	n.		scam, racket	
Hintli	adj.		İndian	
hristiyan	adj.		Christian	
sakat	adj.		handicapped, disabled	
özürlü	adj.		handicaped, disabled	
tavşan	n.		rabbit	
fren	n.		brake	
yürüme mesafesi	n.		walking distance	
dur işareti	n.		stop sign	
taze fasulye	n.		green bean	
bezelye	n.		pea	
brokoli	n.		broccoli	
emlakçı	n.		real estate agent	
banka ekstresi	n.		bank statement	
tamir etmek	v.		to repair	
ucuz atlatmak	v.		to get off lightly, to dodge a bullet	
takdir etmek	v.		to appreciate, to admire	
süresi dolmak	v.		to expire	
aşağı yukarı			more or less	
Uykum var.			İ'm sleepy.	
yeterince	adv.		sufficiently	
yan etki	n.		side effect	
reçete	n.		prescription	
hap	n.		pill(s)	
acile gitmek	v.		to go to the emergency room	
-a alerji	n.		allergy to	
midesini bozmak	v.		to upset one's stomach	
Ateşim var.			İ have a fever.	
nöbetçi doktor	n.		doctor on call	
evde yardımcı	n.		maid	
aylık maaş	n.		monthly salary	
Ne kadar sıklıkta?			How often?	
Aklındaki ne?			What is on your mind?	
aklındaki sölylemek	v.		to speak one's mind	
mil	n.		mile	
kurt	n.		wolf	
sivas kangal	n.		Turkish kangal dog	
şık	adj.		chic	
kısaca	adv.		briefly	
Katma Değer Vergisi (KDV)	n.		value added tax (VAT)	
satılır	adj.		for sale	
gecenin bu saatinde			at this time of night	
tam tersi			just the opposite	
kilit	n.		lock	
magandalar	n.		tacky rich people with guns and cell phones	
ürün	n.		product	
davet	n.		invitation, party	
tabanca taşımak	v.		to carry a gun	
bir koşulla			on one condition	
Gelmekten mutluluk duyarım.			I would be happy to come.	
imkanınız yoksa			if you don't have the opportunity	
X var mı bilmiyorum.			İ don't know if there is X (or not).	
yaşam koşulları	n.		living conditions	
Deniz Kuvvetleri	n.		Navy	
koku	n.		smell, scent	
insani	adj.		humanitarian	
gayri resmi	adj.		unofficial	
silahsız	adj.		unarmed	
bayat	adj.		stale	
Palavra!			Bullshit!	
X yolu ile			by way of X	
gün geçtikçe			day by day&nbsp;	
-in açısından			from the perspective of, in terms of	
dahi			even	
zira			for, because	
-a bolluğu			plenty of	
haham	n.		rabbi	
ayin	n.		ritual, service	
kadeh	n.		glass (wine)	
seyahat acentası	n.		travel agent	
ayırım	n.		discrimination	
fikir ayrılığı	n.		difference of opinion, ideological divide	
Xdan aktarmalı uçak	n.		the flight connecting in X	
Şaka bir yana...			All joking aside...	
yarısı			half of it	
Beni ilgilendirdi.			İt interested me.	
zarar almak	v.		to get damaged	
muhtemelen			probably, likely to	
bireyselcilik	n.		individualism	
ebeveyn	n.		parent	
boşanma oranı	n.		divorce rate	
Afrikalı-Amerikalı	adj.		African American	
ırklararası	adj.		interracial	
eşcinsel olmayan (kimse)	adj.		straight, heterosexual	
ayrımcılık yapmak	v.		to discriminate	
din	adj.		religious	
bağımlı	adj.		addicted	
bağlı	adj.		connected	
-i gezdirmek	v.		to take for a walk	
duş almak	v.		to take a shower	
eşitlik	n.		equality	
-i temeyiz etmek	v.		to appeal (a legal decision)	
-a dokunmak	v.		to touch	
kimyasal	adj.		chemical	
acılı	adj.		spicy	
tuhaf gelmek	v.		to seem strange	
X mi dediniz?			Did you say X?	
Affedersiniz, sözünüzü kesiyorum ama...			I'm sorry to cut you off, but...	
Ne dediniz?			What did you say?	
Son cümleniz ile ne demek istediniz?			What did you mean with your last sentence?	
Biraz açıklar mısınız?			Could you clarify a little?	
Soruya açıklar mısınız?			Could you clarify the question?	
Biraz yavaş konuşur musunuz lütfen?			Could you speak a little slower, please?	
Affedersiniz, bu yorumlarınız raporlamak istiyorum.			Excuse me, I'd like to report your comments.	
Şimdi konumuza geri dönelim...			Now let us get back to our subject...	
öte yandan			on the other hand	
Benim son sorum şöyle...			As my last question...	
Çok şükür!			Thank god!	
tek yön	adj.		one-way	
yokuşlu	adj.		hilly	
dar	adj.		narrow	
geleneksel	adj.		traditional	
değerli	adj.		valuable	
Sen de gör.			Thank you.	
sahte olarak	adv.		falsely	
bilgi almak	v.		to get information	
kıta sahanlığı	n.		continental shelf	
aksine	adj.		opposite	
yolcu	n.		passenger	
-a temas etmek	v.		to mention	
-a değinmek	v.		to mention	
ele almak	v.		to discuss	
üzerinde durmak	v.		to discuss	
öne sürmek	v.		to claim, to put forth (an idea)	
yer almak	v.		to take place	
dile getirmek	v.		to state, to express	
oluşan	adj.		consisting of	
akredite	adj.		accredited	
düşük gelirli	adj.		low-income	
ortak	adj.		joint	
ateşli	adj.		enthusiastic, passionate	
depresif	adj.		depressing	
düşünceli	adj.		thoughtful	
yetenekli	adj.		talented	
fazlasıyla	adj.		extremely	
vahşi	adj.		violent	
kanlı	adj.		bloody	
gereksiz	adj.		useless	
korkunç	adj.		horrible	
korkutucu	adj.		scary	
yorucu	adj.		tiring	
yararlı	adj.		useful	
harekete geçirmek	v.		to set in motion, to motivate	
karar	n.		decision, resolution	
toplam	n.		total, sum	
büyükşehir	n.		metropolis	
yakında açılıyor			opening soon	
yoğun ilgile izlemek	v.		to watch with intense interest	
her zamanki gibi			like always	
Başka ne var?			What else?	
o zamandan beri			(ever) since then	
Aramızda kalsın...			Just between us...	
kafa çekmek	v.		to drink a lot	
Bundan başka...			Apart from this...<div>In addition...</div>	
nedense			for some reason	
-a oranla			in comparison to, relative to	
oysa			whereas, while	
kaymakam	n.		district governor	
yaşanmak	v.		to happen, to be experienced	
teslim almak	v.		to receive	
anlaşılmak	v.		to appear, to prove	
aşılmak	v.		to be passed over, to be exceeded	
O sırada...			At that point...<div>Then...</div>	
infaz etmek	v.		to execute	
cezbetmek	v.		to attract	
küçülmek	v.		to shrink	
çağdaş	adj.		contemporary, modern	
ruhsal	adj.		spiritual	
Bildiğim kadarıyla...			As far as İ know...	
vatan hasreti	adj.		homesick	
laik	adj.		secular	
vatan hasreti çekmek	v.		to be homesick	
uyarmak	v.		to warn	
tersine			conversely, vice-versa	
köşe yazısı	n.		(newspaper) column	
konuşmacı	n.		speaker	
sebep	n.		reason, cause	
neden	n.		reason, cause	
duygusal	adj.		emotional	
sıkı yönetim	n.		martial law	
esneklik	n.		flexibility	
alıngan	adj.		offended	
alınmak	v.		to be offended	
-a alınmak	v.		to be offended by	
gelenlemek	v.		to generalize	
kredi vermek	v.		to give credit	
üst düzey	adj.		high-level	
Atin	n.		Athens	
Çin Seddi	n.		Great Wall of China	
heyecan	n.		excitement	
onur	n.		honor	
doğalgaz	n.		natural gas	
boru	n.		pipe	
boru hattı	n.		pipeline	
saygı duruşu	n.		moment of silence	
çekim	n.		filming, scan	
işbirliği alanı	n.		area of cooperation	
pavyon	n.		pavilion	
fuar	n.		fair, expo	
el sıkmak	v.		to shake hands	
ön	adj.		initial	
X-da bulunmak üzere	adv.		for the purpose of doing X	
olmak üzere			on the brink of, about to, up to, including	
Başta...			first, for starters, in the beginning	
müsteşarı büyükelçi	n.		DCM	
müsteşar	n.		undersecretary	
asansör	n.		elevator	
kardeşlik	n.		brotherhood, friendship	
eser	n.		work (of art)	
başyazar	n.		head writer	
cazibe	n.		lure, draw	
yapı	n.		structure, building	
sevinç	n.		joy, delight	
Dünya Kupası	n.		World Cup	
forvet	n.		forward (sports)	
orta saha	n.		midfielder	
hayal kırıklığı	n.		disappointment	
turnuva	n.		tournament	
kadeh kaldırmak	v.		to toast	
sağlamlaştırmak	v.		to strengthen	
seslendirmek	v.		to vocalize, to turn into sound, to play (music)	
kameraya poz vermek	v.		to pose for the camera	
mağlup etmek	v.		to defeat	
ıslanmak	v.		to get wet	
hayal etmek	v.		to dream	
engellemek	v.		to hinder, to obstruct	
yıkmak	v.		to demolish	
-la ilgilenmek	v.		to find interesting, to be interested in	
fırtına	n.		storm	
fırın	n.		oven, bakery	
şiir	n.		poem	
gül	n.		rose	
karnıbahar	n.		cauliflower	
bakış	n.		view, opinion	
incir	n.		fig	
memleket	n.		hometown	
kaslar	n.		muscles	
kızarmış ekmek	n.		toast	
için ısrar etmek	v.		to insist that	
kara koyun	n.		black sheep	
güzel bir işaret	n.		good sign	
yıkım	n.		damage, destruction	
mali kriz	n.		financial crisis	
tecevüz davası	n.		rape case	
suçlu	n.		culprit, criminal	
yaşam şekli	n.		way of life	
duruşma	n.		criminal trial	
saklı	adj.		hidden	
hayali	adj.		imaginary	
sarışın	adj.		blonde	
otantik	adj.		authentic	
sevindirici	adj.		gratifying	
masum	adj.		innocent	
muhtemel	adj.		likely, possibe	
karşıt	adj.		opposite	
örneğin			for example	
aslem	adv.		originally	
muhakkak	adv.		surely, absolutely	
çağdışı	adj.		out of date, backwards	
klonlama	n.		cloning	
semazen	n.		whirling dervish	
çoğaltmak	v.		to clone	
beslemek	v.		to breed	
fırça ile ormak	v.		to scrub	
keselemek	v.		to scrub with a bath glove	
tamir ettirmek	v.		to get stg. fixed	
soyu tükenmiş	adj.		extinct	
mamut	n.		woolly mammoth	
güvercin	n.		pigeon	
yolcu güvercini	n.		passenger pigeon	
keçi	n.		goat	
dağ keçisi	n.		mountain goat	
göz yaşı	n.		tear	
resim çekmek	v.		to take a picture	
resim çektirmek	v.		to get a picture taken	
çalmak	v.		to steal, to play, to ring	
Xi Y ile karşılaştırmak	v.		to compare X to Y	
işine karışmak	v.		to interfere in someone's business	
İşime karışma!			Stay out of my business!	
göreceli	adj.		relative, comparative	
tamamen	adv.		completely	
yüzde yüz			100 percent	
solcu	n.		leftist, communist	
örgüt	n.		organization	
baharat	n.		spice	
ateşkes	n.		ceasefire	
yıldönümü	n.		anniversary	
Xin Ya girmesi	n.		X's invasion of Y	
eski tüfek	n.		veteran, experienced hand	
aile yapısı	n.		family structure	
davranış	n.		behavior	
makinalı tüfek	n.		assault rifle	
düşsel	adj.		fictional	
yolsuz	adj.		corrupt	
kişi başı			per person, per capita	
asıl	adj.		original	
silah yasağı	n.		weapons ban	
Kongre heyeti	n.		Congressional visit, CODEL	
X için heyecanlı olmak	v.		to be excited about X	
boşanmak	v.		to get a divorce	
organize olmak	v.		to get organized	
yer ayırtmak	v.		to make a reservation	
ezberlemek	v.		to memorize	
Bir gün izin aldım.			I took a day off.	
-i geri aramak	v.		to call so. back	
suikast yapmak	v.		to assassinate	
-dan şüphelenmek	v.		to doubt, to be suspicious of	
iletişim kurmak	v.		to communicate	
özenmek	v.		to emulate	
eski toprak	adj.		old school	
popularlık	n.		popularity	
-a baskın yapmak	v.		to raid	
Sadece X değil, ama aynı zamanda Y.			Not only X, but also Y.	
üslenmek	v.		to take upon oneself	
hırlamak	v.		to growl	
genelleştirmek	v.		to generalize	
vergi koymak	v.		to establish a tax	
hapsetmek	v.		to imprison	
haksız	adj.		wrongful	
Xin bir parçası			part of X	
X dolara satılmak	v.		to be sold for X dollars	
uçurtma	n.		kite	
koleksiyon	n.		collection	
mevduat	n.		bank deposit	
büyüklük	n.		size, magnitude	
değer	n.		value	
gayri menkul	n.		real estate	
sermaye	n.		capital, stock	
artış	n.		increase	
Ulusal Silah Örgütü	n.		National Rifle Association	
silah sahipliği	n.		gun ownership	
saldırı silahı	n.		assault weapon	
hayat şekli	n.		way of life	
tırnak oje	n.		nail polish	
bol bol	adj.		plenty	
parlak	adj.		shiny, sparkly	
manikür	n.		manicure	
pedikür	n.		pedicure	
-a bağlı olmak	v.		to be tied to, to depend on	
mantıklı	adj.		reasonable, logical	
Hamur Bayramı	n.		Passover	
bakış açısı	n.		point of view	
temelli	adv.		permanantly, for good	
çıkarlar	n.		interests	
açlık grevi	n.		hunger strike	
yüzde yüze yakın			almost 100 percent	
davasız	adj.		without trial	
zorla yedirmek	v.		to force feed	
Müslüman	adj.		Muslim	
üçüncü dünya ülkesi	n.		third-world country	
gelişmekte olan ülke	n.		developing country	
X her zaman oldu.			İt has always been X.	
ayrılık	n.		separation	
çerçevesinde	adv.		as part of	
takdirde			in the event that	
vesaire			et cetera	
bir zamanlar	adj.		of the past	
tıpkı benim gibi			just like me	
halen	adv.		currently	
soğan	n.		onion	
genel evi	n.		brothel	
dilbilgisi	n.		grammar	
çalar saati	n.		alarm clock	
kiraz	n.		cherry	
armut	n.		pear	
üzüm	n.		grape	
çilek	n.		strawberry	
marul	n.		lettuce	
karpuz	n.		watermelon	
sirke	n.		vinegar	
yılan	n.		snake	
akrep	n.		scorpion	
küpün	n.		jar	
yalamak	v.		to lick	
biçmek	v.		to reap	
kaza yapmak	v.		to have an accident	
rahatlamak	v.		to relax	
-a sevinmek	v.		to be glad	
-la temas etmek	v.		to contact, to liaise with	
-dan randevu almak	v.		to make an appointment with	
-da ısrar etmek	v.		to insist that	
Özetle...			İn summary...	
fikra	n.		joke	
kasap	n.		butcher	
benzin	n.		gasoline	
kitapçı	n.		bookseller	
yangın	n.		fire, blaze	
kayısı	n.		apricot	
mal	n.		goods, merchandise	
akaryakıt	n.		liquid fuel	
buhar	n.		vapor, steam	
ağırlık	n.		weight	
uzunluk	n.		length	
boy	n.		height	
inç	n.		inch	
ons	n.		ounce	
tartmak	v.		to weigh	
zamana bırakmak	v.		to leave stg. to chance	
olgun	adj.		mature, ripe	
benzetme	n.		simile	
telesekreter	n.		voicemail	
dış politika	n.		foreign policy	
arama	n.		search	
çalışma masası	n.		desk	
bekleme salonu	n.		waiting room	
elle yazmak	v.		to write by hand	
bağışlamak	v.		to donate	
filmi çevirmek	v.		to make a movie	
çevirmek	v.		to translate, to turn	
X adlı	adj.		named X	
dağcı	n.		mountain climber	
dinamit	n.		dynamite	
ulaşım	n.		transportation	
yarış	n.		competition	
davetiye	n.		invitation	
kızarıklık	n.		rash	
apartman	n.		apartment building	
beyaz eşya	n.		household appliance	
Anadolu Yakası	n.		Asian Side	
Rumeli Yakası	n.		European Side	
sallantı	n.		rocking, shaking	
telaş	n.		rush, haste	
sıkışmak	v.		to jam, to be stuck	
seslenmek	v.		to call out, to shout	
kilitlenmek	v.		to be locked	
sarılmak	v.		to hug	
uğultu	n.		roar, humming	
Daha doğrusu...			Or rather...<div>Better phrased...</div>	
söz sahibi	n.		arbiter, decider	
seçim bölgesi	n.		electoral district	
sakatlamak	v.		to be incapacitated, to be disabled	
mahkemeye çıkmak	v.		to appear in court	
beraat etmek	v.		to be acquitted	
intikal etmek	v.		to devolve to	
adlandırılan	adj.		called, referred to as	
sınırsız	adj.		unlimited	
sürece			as long as	
başlıca	adv.		mainly	
belli sayıda			a certain number of	
Amerika Devletleri Teşkilatı	n.		Organization of American States (OAS)	
kaşıntı	n.		itch	
vazo	n.		vase	
Orta Asya	n.		Central Asia	
hata	n.		mistake, fault	
idare kurulu	n.		steering committee, board	
sabıka kaydı	n.		background check, criminal background	
uyartı	n.		warning, stimulus	
karşıt bir fikir	n.		an opposing idea	
öğrenme zorluğu	n.		learning disability	
çamaşır makinesi	n.		washing machine	
söz tutmak	v.		to keep a promise	
kaşımak	v.		to scratch	
kaşınmak	v.		to itch	
-la arkadaşlık edinmek	v.		to make friends with	
elden götürmek	v.		to hand deliver	
-a gülüp gelmek	v.		to laugh stg. off	
boğulmak	v.		to drown, to suffocate, to choke	
-i ... -la görevlendirmek	v.		to task so. to do stg.	
fırlatmak	v.		to launch	
okuldan kalmak	v.		to fail, to be held back in school	
sınıfta kalmak	v.		to fail a class	
aniden	adv.		suddenly	
doğrudan doğruya	adv.		directly	
yazarak	adv.		in writing	
yanlışlıkla	adv.		accidentally	
istemeyerek	adv.		without intending to, unwillingly	
kendi kendine	adv.		on one's own	
kaşıntılı	adj.		itchy	
evrensel	adj.		universal	
zihinsel	adj.		intellectual, mental	
uzun menzilli	adj.		long-range	
sevsen de sevmesen de			whether you like it or not	
istesen de istemesen de			whether you want to or not	
gerekince			when necessary	
öyleyse			if so, in that case	
Milattan Önce (MÖ)			Before the Common Era (BCE)	
yarım kilo			half a kilo	
herkesin			everyone's	
Ne önerirsiniz?			What do you recommend?	
Söyledikleri gibi...			As they say...	
Cebinizde akrep mi var?			İs there a scorpion in your pocket?	
Balık baştan kokar.			Corruption starts at the top.	
Beş parmak bir olmaz.			Five fingers cannot be one.	
Ne ekersen onu biçersin.			You reap what you sow.	
Tatlı dil yılanı deliğinden çıkarır.			You catch more flies with honey.	
Keskin sirke küpüne zarar verir.			Sharp vinegar harms the jar.	
Parayı veren düdüğü çalar.			Money buys everything.	
Doğru söyleyeni dokuz köyden kovarlar.			The truth-teller is kicked out of the village.	
2 lira... 1.5'a olmaz mı?			2 lira? Can you make it 1.5?	
1.75'ten veririm.			İ can make it 1.75 lira.	
Yuvarlak hesap 10 olsun.			Let's round it down to 10.	
kırklarında			in his forties	
Sırf bu gelenek var diye&nbsp;<span style=" font-style: normal; font-weight: normal;">yapmamızı gerektirmiyor.</span>			Just because there's a tradition doesn't mean we have to do it.	
Hangi yaşta?			At what age?	
# yaşına kadar			up to the age of #	
X ve Y yaş arası			between the age of X and Y	
yönetim biçimi	n.		form of administration	
federal birlik	n.		federal union	
bünye	n.		structure	
ana hatları	n.		guidelines	
devre	n.		term (of office)	
giderler	n.		expenses	
genel seçim	n.		&nbsp;general election	
ağırlama	n.		hospitality	
masraf	n.		expenditure	
Ek olarak...			Additionally...	
veto etmek	n.		to veto	
kanunlaşmak	v.		to become law	
kötüye kullanmak	v.		to misuse, to betray	
X uyarınca			as per X	
-a tabi	adj.		subject to	
hükümsüz	adj.		void	
Uğrayabilir miyim?			Can İ come over?	
söz konusu	adj.		in question	
ufak	adj.		tiny	
şüpheli	adj.		suspicious	
ortak	adj.		joint	
siber	adj.		cyber	
sanal	adj.		virtual	
cinsel	adj.		sexual	
rastlar	adj.		correct	
merkezli	adj.		centered, based	
üç boyutlu	adj.		3-D	
iradeli	adj.		strong-willed	
bulanık	adj.		fuzzy, blurry	
atik	adj.		agile	
eleştirel	adj.		critical	
pek çok	adj.		plenty of, myriad	
sağ duyulu	adj.		prudent, common-sense	
denenmemiş	adj.		unproven	
makul	adj.		reasonable, sensible	
esas	adj.		basic, fundamental	
kutsal	adj.		sacred	
sayrek	adj.		rare	
uyuyakalmak	v.		to fall asleep	
-a yenik düşmek	v.		to succumb to	
gözükmek	v.		to appear, to be seen	
-in farkında olmak	v.		to be aware of	
var olmak	v.		to exist	
-da yer almak	v.		to appear in	
danışmak	v.		to consult	
yüklemek	v.		to upload	
süsü vermek	v.		to pose as, to pretend to	
geriye çekmek	v.		to reverse	
uyarlamak	v.		to adapt	
vaat etmek	v.		to pledge, to commit	
tanıtmak	v.		to present, to introduce	
geriletmek	v.		to hinder, to reverse	
silip atmak	v.		to erase	
-la ilişkilendirmek	v.		to associate stg. with, to relate stg. to	
hızlandırmak	v.		to speed stg. up	
adamak	v.		to devote, to dedicate	
Yeni Zelanda	n.		New Zealand	
kokpit	n.		cockpit	
şöhret	n.		reputation	
hayalet	n.		ghost	
Atlantik Okyanus	n.		Atlantic Ocean	
Büyük Okyanus	n.		Pacific Ocean	
mercan	n.		coral	
denizcilik	n.		navigation	
yayın	n.		publication	
derinlik	n.		depth	
dönüş	n.		return	
seyir	n.		course, cruise	
insan hatası	n.		human error	
telif hakları	n.		royalties	
güven duygusu	n.		sense of trust	
fidye	n.		ransom, extortion	
şebeke	n.		ring, network	
mağdur	n.		victim	
vaka	n.		incidence, occurence	
çocuklara cinsel taciz	n.		child sex abuse	
içerik	n.		contents	
güçsüzlük	n.		infirmity, impotence	
antreman	n.		training, workout	
ezberde	n.		memorization	
bulmaca	n.		crossword puzzle	
psikiyatrist	n.		psychiatrist	
görüntüleme	n.		imaging, scan	
belirti	n.		sympton, sign	
idrak	n.		comprehension, cognition	
tahlil	n.		test (medical)	
aile geçmişi	n.		family history	
kan akışı	n.		bloodflow	
yaşam süresi	n.		lifespan	
gösterge	n.		gauge, indication	
yüzey	n.		surface	
düzey	n.		level	
dikkat süresi	n.		attention span	
çukur	n.		pit, indentation	
avokado	n.		avocado	
kafein	n.		caffeine	
sağduygusu	n.		common sense	
teyit	n.		confirmation	
mevzu	n.		theme, topic	
hemen önce	adv.		just before	
kısmen	adv.		partly	
Bu sayede...			In this way...	
Bulgaristan	n.		Bulgaria	
Ermenistan	n.		Armenia	
Gürcistan	n.		Georgia (country)	
İskoçya	n.		Scotland	
İspanya	n.		Spain	
İtalya	n.		İtaly	
Japonya	n.		Japan	
Kazakistan	n.		Kazakhstan	
Macaristan	n.		Hungary	
Özbekistan	n.		Uzbekistan	
Romanya	n.		Romania	
Rusya	n.		Russia	
Arjantin	n.		Argentina	
Avustralya	n.		Australia	
Avusturya	n.		Austria	
Belçika	n.		Belgium	
Brezilya	n.		Brazil	
Çin	n.		China	
Danimarka	n.		Denmark	
Finlandiya	n.		Finland	
Hindistan	n.		İndia	
Hollanda	n.		The Netherlands	
Irak	n.		İraq	
İrlanda	n.		İreland	
İsrail	n.		İsrael	
İsveç	n.		Sweden	
İsviçre	n.		Switzerland	
Kanada	n.		Canada	
Meksika	n.		Mexico	
Norveç	n.		Norway	
Polonya	n.		Poland	
Portekiz	n.		Portugal	
Yunanistan	n.		Greece	
kıta	n.		continent	
Afrika	n.		Africa	
Antarktika	n.		Antarctica	
Asya	n.		Asia	
Avrupa	n.		Europe	
Güney Amerika	n.		South Amerika	
Kuzey Amerika	n.		North America	
Okyanusya	n.		Oceania	
Orta Amerika	n.		Central America	
Yunanlı	adj.		Greek	
Arjantinli	adj.		Argentine	
Alman	adj.		German	
Bulgar	adj.		Bulgarian	
Ermeni	adj.		Armenian	
Gürcü	adj.		Georgian (nationality)	
İngiliz	adj.		English	
İskoç	adj.		Scottish	
İspanyol	adj.		Spanish	
İtalyan	adj.		İtalian	
Kazak	adj.		Kazakh	
Macar	adj.		Hungarian	
Özbek	adj.		Uzbek	
Romen	adj.		Romanian	
alkol	n.		alcohol	
ambargo	n.		embargo	
antropoloji	n.		anthropology	
arkeoloji	n.		archaeology	
astronomi	n.		astronomy	
astronot	n.		astronaut	
atmosfer	n.		atmosphere	
bagaj	n.		baggage, car trunk	
balkon	n.		balcony	
basketbol	n.		basketball	
biyoloji	n.		biology	
bluz	n.		blouse	
botanik	n.		botany	
boykot	n.		boycott	
buket	n.		bouquet	
bulvar	n.		boulevard	
bürokrasi	n.		bureaucracy	
çikolata	n.		chocolate	
diktatör	n.		dictator	
elektrik	n.		electricity	
enerji	n.		energy	
enstitü	n.		institute	
faktör	n.		factor	
fakülte	n.		faculty, school	
federasyon	n.		federation	
fizik	n.		physics	
fotoğraf	n.		photo	
garaj	n.		garage	
gramer	n.		grammar	
imparator	n.		emperor	
istasyon	n.		station	
istatistik	n.		statistic	
jeoloji	n.		geology	
jest	n.		gesture	
kaktüs	n.		cactus	
kanal	n.		canal, channel	
kapital	n.		capital	
kaptan	n.		sea captain	
klarnet	n.		clarinet	
Diyelim ki...			Let's say that...	
tıklamak	v.		to click	
çeyrek			quarter	
-la savaşmak	v.		to fight against	
kulüp	n.		club	
kolonya	n.		cologne	
kompliman	n.		compliment	
komünizm	n.		communism	
konser	n.		concert	
krema	n.		cream	
kristal	n.		crystal	
kurs	n.		course	
litre	n.		liter	
losyon	n.		lotion	
makina	n.		machine	
masaj	n.		massage	
metre	n.		meter	
müzik	n.		music	
ofis	n.		office	
orkestra	n.		orchestra	
parfüm	n.		perfume	
pasta	n.		cake	
piyano	n.		piano	
posta	n.		mail	
psikoloji	n.		psychology	
realizm	n.		realism	
roket	n.		rocket	
sansür	n.		censorship	
senfoni	n.		symphony	
sosyoloji	n.		sociology	
şampiyon	n.		champion	
şampuan	n.		shampoo	
şort	n.		shorts	
şans	n.		chance, luck	
teknoloji	n.		technology	
termometre	n.		thermometer	
terör	n.		terror	
traktör	n.		tractor	
turizm	n.		tourism	
tünel	n.		tunnel	
virüs	n.		virus	
volkan	n.		volcano	
votka	n.		vodka	
analitik	adj.		analytical	
anormal	adj.		abnormal	
antik	adj.		antique	
feodal	adj.		feudal	
klasik	adj.		classic	
sosyal	adj.		social	
sosyalist	n.		socialist	
sürpriz	n.		surprise	
önlemek	v.		to prevent	
not almak	v.		to take notes	
özetlemek	v.		to summarize	
yıkılmak	v.		to collapse	
hayırlısıyla			hopefully	
havadan sudan			randomly, of this and that, small talk	
valiz	n.		luggage	
bölünmek	v.		to be divided	
daktilo etmek	v.		to type	
-a ihtiyacı olmak	v.		to need stg.	
-i kaçırmak	v.		to kidnap, to miss stg.	
aşı	n.		vaccine	
broşür	n.		brochure	
mecburi	adj.		obligatory	
ağırlamak	v.		to host, to entertain a guest	
delik	n.		hole	
küp	n.		cube	
Milli Güvenlik Konseyi	n.		National Security Council	
tasdik etmek	v.		to approve	
vergiye tabi olmak	adj.		taxable	
meyhaneci	n.		bartender	
bitkin	adj.		exhausted	
sürgün	n.		exile	
karışıklık	n.		disorder, confusion	
topluluk	n.		community	
görüş	n.		view, opinion	
görüş birliği	n.		consensus	
piyon	n.		peon	
Bağdat	n.		Baghdad	
hava sahası	n.		airspace	
hava seferleri	n.		overflights	
yanıt	n.		answer	
Tahran	n.		Tehran	
sevk	n.		shipment	
Karaçi	n.		Karachi	
öldürme tehdidi	n.		death threat	
tim	n.		team, task force	
Genelkurmay Başkanı	n.		Chairman of the Joint Chiefs, head of the armed forces	
Amerika'nın Sesi	n.		Voice of America	
zorluk	n.		difficulty	
hassisyet	n.		sensitivity	
yöntem	n.		method	
arşiv	n.		archive	
ana	adj.		primary, main	
-a ilişkin	adj.		regarding	
usulsüz	adj.		irregular, improper	
adaylık	n.		candidacy	
yerine getirmek	v.		to fulfill	
önesürmek	v.		to claim, to suggest	
uyarıda bulunmak	v.		to warn	
meydan okumak	v.		to challenge, to defy	
-dan oluşmak	v.		to consist of	
yayınlamak	v.		to publish, to broadcast	
ele geçirmek	v.		to take over, to confiscate, to capture	
-da parmağı olmak	v.		to have a hand in	
kaygı uyandırmak	v.		to cause concern	
varsaymak	v.		to count, to cosider	
kolaylaştırmak	v.		to facilitate	
dengesizlik	n.		imbalance	
yoğunlaşmak	v.		to focus on, to intensify	
aşılamak	v.		to innoculate, to overcome	
üstlenmek	v.		to take on, to assume	
hoşnut	adj.		happy, satisfied	
eskilere dayanmak	v.		to date back to, to run deep	
dağılmak	v.		to scatter, to disperse, to disintegrate	
tasarı geçirmek	v.		to pass a bill	
tencere	n.		saucepan, pot	
tarla	n.		field	
Trakya	n.		Thrace	
yazı	n.		writing, article	
Doğum günün kutlu olsun!			Happy birthday!	
keten	n.		linen	
kitabevi	n.		bookstore	
klinik	n.		clinic	
konservatuvar	n.		conservatory	
maç	n.		match, game	
makam	adj.		official	
mısır	n.		corn	
muayenehane	n.		exam room, clinic	
odacı	n.		office janitor	
plastik	n.		plastic	
psikolog	n.		psychologist	
sefaret	n.		embassy	
şarküteri	n.		deli	
çalışma odası	n.		study (room)	
çelik	n.		steel	
çınar	n.		sycamore	
Ege Denizi	n.		Aegean Sea	
giyinme odası	n.		dressing room	
han	n.		inn	
il	n.		province	
ipek	n.		silk	
iş hanı	n.		office building	
kanepe	n.		sofa	
Karadeniz	n.		Black Sea	
kayık	n.		boat	
Akdeniz	n.		Mediterranean Sea	
atölye	n.		studio	
Milli Eğitim Bakanlığı (MEB)	n.		Ministry of Education	
Yüksek Öğretim Kurulu (YÖK)	n.		Higher Education Council	
Milli Eğitim Vakfı (MEV)	n.		National Educational Foundation	
öğretim yılı	n.		school year	
öğretim üyeliği	n.		teaching (career)	
öğretim kadrosu	n.		teaching staff	
öğretim durumu	n.		academic records	
okul öncesi eğitim	n.		pre-school education	
meslek lisesi	n.		vocational school	
açık öğretim	n.		open (online) university	
Üniversite Giriş Sınavı (ÖSS)	n.		university entrance exam (like SAT)	
bütünleme sınavı	n.		make-up exam	
imam hatip lisesi	n.		vocational high school for imams	
yakın geçmiş	n.		the recent past	
yansıtmak	v.		to reflect	
cephe	n.		front (line)	
Demir Perde	n.		İron Curtain	
insanlık	n.		humanity	
Berlin Duvarı	n.		Berlin Wall	
işe yaramamak	v.		to not be working	
açık kaynak	adj.		open-source	
stratejik iletişim	n.		strategic communication	
dikenli tel	n.		barbed wire	
akordeon şeklinde dikenli tel	n.		accordion wire	
korsan	n.		pirate	
esir düşmek	v.		to fall captive	
siber deniz	n.		cyberspace	
-a imza atmak	v.		to sign, to subscribe to	
-i endişelendirmek	v.		to worry so.	
insan kaçakçılığı	n.		human trafficking	
denizaltı	n.		submarine	
mürettebat	n.		crewmember	
varlık	n.		asset, property	
karmaşık	adj.		complicated	
önyargı	n.		prejudice, bias	
dahi	n.		genius	
X kadar akıllı			as smart as X	
gerektiğinde			when necessary	
binlercesi			thousands of them	
sonraki	adj.		next, the following	
Afgan	adj.		Afghan	
bügüne dek			until today	
dek			until	
hakikat	n.		truth	
baskıcı	adj.		opressive, suppressive	
-i amaçlamak	v.		to aim at, to intend to	
yüzleşmek	v.		to face	
esin kaynağı	n.		source of inspiration	
özgü olmak	v.		to be unique	
yerinden edilme	n.		displacement	
yenilik	n.		novelty, innovation, change	
kamuya açık	adj.		open to the public	
-dan fazla			more than	
-in üzerindeki			more than	
istismar etmek	v.		to exploit	
istismar	n.		exploitation, abuse	
affedici	adj.		forgiving	
ısrarcı	adj.		insistent	
işlev	n.		function	
hesap vermek	v.		to account for	
dayı	n.		maternal uncle	
Bana hesap ver.			Explain yourself (to me).	
gökkuşağı	n.		rainbow	
vurgu yapmak	v.		to emphasize	
Gerçekteyse...			But in reality...	
dokunulmak	v.		to be touched	
eksiklik	n.		lack, deficiency	
esaslı	adj.		deep, real	
bedel	n.		price	
ifşa etmek	v.		to reveal, to disclose	
alkollü sürücü	n.		drunk driver	
müstakbel	adj.		future, intended	
anında	adv.		immediately, instantly	
istikamet	n.		direction	
tersi istikamet	n.		the opposite direction	
karayolu	n.		highway	
ağır yaralanmak	v.		to be severely injured	
azımlı	adj.		determined, earnest	
gazap	n.		rage, danger	
nöbet tutmak	v.		to guard, to keep watch	
masum	adj.		innocent	
el konulmak	v.		to seize, to confiscate	
sarhoş araba sürme	n.		drunk driving	
koyulaşmak	v.		to darken, to deepen	
keyif	n.		joy	
(benim) başıma gelmek	v.		to happen to me	
şaşkınlık	n.		surprise	
sapasağlam	adj.		safe and sound	
burnu bile kanamadan	adj.		without a scratch	
yaralı	adj.		wounded	
birden	adv.		suddenly	
kendini bulmak	v.		to find oneself	
hastalık taşmak	v.		to carry a disease	
korumak	v.		to protect	
yaklaşık	adj.		approximately	
araştırmacı	n.		researcher	
saptamalar	n.		findings	
fonlar	n.		funds	
tedavi	n.		treatment	
-la bile			even with	
salgın	n.		epidemic	
-in sonucu			the result of	
ölü	n.		dead person	
yetim	n.		orphan	
Tabii ki...			Needless to say...<div>Of course...</div><div>Obviously...</div>	
orantılı	adj.		proportional	
orantılı olarak	adv.		proportionally	
mevcut	adj.		existing	
uzman	n.		expert, specialist	
ise<div>ise de</div>			as for	
korunma	n.		prevention	
el ele vermek	v.		to cooperate	
yayılmak	v.		to spread	
beraberce	adv.		together	
yetersiz	adj.		inadequate, insufficient	
yaşam sınırı	n.		life expectancy	
-dan utanmak	v.		to be ashamed of	
-la gurur duymak	v.		to be proud of	
mütevazi	adj.		humble	
mutlu olmanın sırrı	n.		the secret of happiness	
X tarihli	adj.		dated X, with the date X	
mahvetmek	v.		to ruin	
-a yakalanmak	v.		to be infected with, to catch	
ihtiyaç duymak	v.		to feel the need for	
duyulmak	v.		to be needed	
yoğunlaştırmak	v.		to intensify	
santigrat	n.		centigrade	
yağış	n.		rainfall	
insan kaynaklı	adj.		human-caused	
gözardı etmek	v.		to overlook	
hece	n.		syllable	
sesli harf	n.		vowel	
harf	n.		letter	
halletmek	v.		to take care of, to sort out, to solve	
nasılsa			somehow, in any case	
kuşkulu	adj.		doubtful	
-dan kuşkulanmak	v.		to doubt, to be suspicious of	
kuşkusuz	adj.		doubtless	
alt üst olmak	v.		to be turned upside down, to be devastated	
müreffeh	adj.		prosperous	
etkileyici	adj.		impressive	
benzersiz	adj.		unique	
onur duymak	v.		to feel honored	
ahlaki	adj.		moral	
direnç	n.		resistance, drag (physics)	
kader	n.		fate	
X olarak nitelenmek	v.		to be described as X	
gezegen	n.		planet	
insanlı	adj.		manned	
sefer	n.		journey, occasion, time	
yörünge	n.		orbit	
yaratık	n.		creature	
insan eli değmiş	adj.		man-made	
keşif	n.		discovery, exploration	
akıllara getirmek	v.		to bring to mind	
-a emek vermek	v.		to work on	
ipuç	n.		hint, clue	
hesaplama	n.		calculation	
-a girişmek	v.		to attempt, to enter into	
hat	n.		line	
yeğlemek	v.		to prefer	
# misli	adv.		# times, #-fold	
kentli	n.		city-dweller	
tarz	n.		style, way	
kişi başına	adv.		per person	
şarapçılık	n.		wine-making	
geri kalanı	n.		the remainder	
çoğalmak	v.		to proliferate, to multiply	
bukeli	adj.		aromatic	
seçkin	adj.		elite	
elverişli	adj.		suitable	
bağcı	n.		wine-grower	
işlenmek	v.		to be processed	
-in modası sarmak	v.		to become popular	
Çeçen	adj.		Chechnyen	
kamu taşımacılığı	n.		public transportation	
-a dönmek	v.		to turn into	
ev ev armak	v.		to search house to house	
araba takibi	n.		car chase	
gasp etmek	v.		to carjack	
firar etmek	v.		to escape	
firarda	adj.		on the run	
X olarak nitelemek	v.		to describe stg. as X	
sürdürmek	v.		to continue	
Kafkas	n.		Caucasus	
kampüs	n.		campus	
uyarısı yapılmak	v.		to be warned	
İbranice	n.		Hebrew language	
Yunanca	n.		Greek language	
Farsça	n.		Farsi	
Bizanslı	adj.		Byzantine	
denizci	n.		sailor	
Makedonya	n.		Macedonia	
rahibe	n.		nun	
mitolojik	adj.		mythological	
hemşirelik	n.		nursing	
Venedik	n.		Venice	
etnografya	n.		ethnography	
suluboya	n.		watercolor	
yağlıboya	n.		oil paint	
karakalem	n.		charcoal pencil	
empresyonizm	n.		impressionism	
besteci	n.		composer	
sağırlık	n.		deafness	
bestelemek	v.		to compose	
unvan	n.		title, distinction	
teorik	adj.		theoretical	
Münih	n.		Munich	
iktidar partisi	n.		ruling party	
önderlik	n.		leadership	
saltanat	n.		sultanate	
Osmanlı	adj.		Ottoman	
Halifelik	n.		caliphate	
hanedan	n.		dynasty, royal household	
siroz	n.		cirrhosis	
teşhis	n.		diagnosis	
kımıldamak	v.		to move, to stir	
kucak	n.		arms, lap	
sabaha karşı saat #			at # o'clock in the morning	
yerin altında	n.		underground	
kiriş	n.		beam, girder	
şahit	n.		witness	
sallanmak	v.		to be shaken	
mum ışığı	n.		candlelight	
kapıcı	n.		janitor, doorman	
çatlak	n.		crack	
artçı şok	n.		aftershock	
durgun	adj.		calm, still	
tarikat	n.		sect, cult	
tanrıça	n.		goddess	
Tanrı	n.		god	
uykumu getirmek	v.		to make me sleepy	
şovalye	n.		knight	
barbar	n.		barbarian	
ritüel	n.		ritual	
tedavi yöntemi	n.		treatment method	
ağrı kesici	n.		painkiller	
kas gevşetici	n.		muscle relaxant	
yön vermek	v.		to give direction, to direct	
zorunlu olmadıkça			unless you have to	
hafiflemek	v.		to alleviate	
yara bandı	n.		bandaid	
enfeksion	n.		infection	
sopa	n.		baton, club	
şans eseri	adv.		luckily	
tüp	n.		tube	
arbede	n.		clamor, commotion	
karşılık vermek	v.		to fight back, to react	
kurusıkı	n.		blank (gun)	
kızartıcı	adj.		shameful	
savaş alanı	n.		war zone	
tahrip etmek	v.		to damage, to destroy	
kovan	n.		shell casing (gun)	
tezgah	n.		stall	
-in başında durmak	v.		to stand in front of	
el sıkışmak	v.		to shake hands	
tanıtım	n.		publicity	
para basmak	v.		to earn a lot of money	
üst üste	adv.		back-to-back, one after the other	
anlaşmazlık	n.		disagreement	
akıllara kazınmak	v.		to be etched into memory	
saçma sapan	adj.		foolish, silly	
kalkışmak	v.		to attempt	
-i şoka sokmak	v.		to shock so.	
sakinleştirmek	v.		to calm so. down	
esin	n.		inspiration	
mandıracı	n.		dairy farmer	
öğrenim	n.		study, scholarship	
yoluna düşmek	v.		to hit the road, to set off	
Selanik	n.		Thessaloniki	
ilaç sıkıntısı	n.		medicine shortage	
nasip almak	v.		to get one's share	
gözleri yaşlı	adj.		weeping	
elinden geçmek	v.		to be able to	
günaşırı			every other day	
tepsi	n.		tray	
toplama kampları	n.		concentration camps	
topluca	adv.		en masse	
-i geçindirmek	v.		to support, to feed	
bağırsak hastalıkları	n.		gastrointestinal diseases	
yankılanmak	v.		to echo	
bellek	n.		memory, mind	
uykusu kaçmak	v.		to lose sleep	
çığlık	n.		scream, cry	
öğün	n.		meal	
patlak vermek	v.		to erupt, to break out	
kaymaklı	adj.		creamy	
bodrum	n.		cellar	
mandıra	n.		dairy	
kabul ettirmek	v.		to get stg. accepted, to "sell" stg.	
pastörize	adj.		pasteurized	
kavramak	v.		to comprehend, to realize	
akıl etmek	v.		to think of, to contrive	
yasamak	v.		to legislate	
sır	n.		secret	
tüketim maddesi	n.		consumable item	
Ne var ki...			Here is what happened...	
getirtmek	v.		to order, to import	
ömür	n.		life	
ambalaj	n.		container	
çakmak	v.		to illuminate, to flash	
minik	adj.		tiny	
Katalanca	n.		Catalan language	
porselen	n.		porcelain	
Sıra artık...			Now it is the time to...	
tescil etmek	v.		to register	
hoştu	adj.		nice, charming	
doğrusu			in fact, actually, honestly	
Marsilya	n.		Marseille	
muhasebe	n.		accounting	
satış	n.		sales	
tahsil	n.		education, studies	
bakteriyoloji	n.		bacteriology	
üretim aşaması	n.		production stage	
dünyadan gömek	v.		to pass away	
ciro	n.		turnover	
at koşturmak	v.		to gallop	
bisküvi	n.		biscuit, cookie	
şişe suyu	n.		bottled water	
tahıllı kahvaltı	n.		breakfast cereal	
sesleniş	n.		calling out	
kemik erimesi	n.		osteoporosis	
verilen	adj.		given, specified	
nane	n.		mint	
avuç	n.		palm, handful	
pul biber	n.		red pepper flakes	
dispansere	n.		clinic	
bol	adj.		wide, ample	
şimdiyse			at the moment	
kür	n.		cure, treatment	
birleşme	n.		merger, coalition	
MR çekim	n.		MRI	
Kıpti	adj.		Coptic	
hele bir de			furthermore, especially	
Kahire	n.		Cairo	
Ortodoks	adj.		Orthodox	
öylesine	adv.		such a	
barut fıçısı	n.		power keg	
kıvılcım	n.		spark	
gamalı haç	n.		swastika	
haç	n.		cross, crucifix	
misilleme	n.		retaliation	
asır	n.		century	
Firavun	n.		Pharaoh	
cemaat	n.		community, congregation	
derin mazi	n.		long history	
birliktelik	n.		togetherness	
sağduyu	n.		common sense	
özenli	adv.		carefully	
uğrunda	adv.		for the sake of	
keskinleşmek	v.		to get sharper	
-a sürüklenmek	v.		to be dragged into	
yukarıdakiler	n.		higher-ups, "the powers that be"	
hoşgörü	n.		tolerance	
-da ne varsa			whatever is in it	
kesim	n.		part, section	
Baas	adj.		<span style=" font-style: normal; font-weight: normal;">Ba'ath</span>	
aklından çıkarmak	v.		to forget	
kan gövdeyi götürmek	v.		to bring blood, to become violent	
vahim	adj.		awful, desperate	
gövde	n.		body	
yumruk	n.		fist	
acılar çekme	n.		suffering	
ezmek	v.		to crush	
-dan endişeli	adj.		worried about	
ilgi	n.		interest	
-in başında			in front of, around	
doğurganlık	n.		fertility	
belirleyici faktör	n.		determining factor	
Bana kalırsa...			If it were up to me...	
değişim	n.		variation	
erişmek	v.		to reach, to access	
teknik	adj.		technical	
teknolojik	adj.		technological	
nimet	n.		blessing	
ulaştırmak	v.		to deliver, to transport	
kişi başına X sayısı			the number of X per person	
benzetmek	v.		to make similar	
Söylemiş olayım.			That's what I said, I told you so.	
muhabbet	n.		conversation	
verimlilik	n.		productivity	
mana	n.		meaning	
Laf(tır).			Just empty words.<div>Just paying lip service.</div>	
Geriye kalan nedir?			What's left?	
yarıdan fazla			more than half	
derlemek	v.		to collect	
idame ettirmek	v.		to sustain, to maintain	
esasen	adj.		fundamental	
kentlileşme	n.		urbanization	
entegre etmek	v.		to integrate	
entegrasyon	n.		integration	
yaşam beklentisi	n.		life expectancy	
dert etmek	v.		to consider a problem, to worry about	
İkincisine geleyim...			İ arrive at my second point...	
Olmayacak duaya amin deme.			Don't waste your time on pipe dreams.	
hayır	n.		good things	
kabir	n.		tomb	
toprağa vermek	v.		to lay to rest, to bury	
güreş	n.		wrestling	
Rumeli	adj.		Balkan, European side	
türküler	n.		folk songs	
bilardo	n.		billiards	
zeybek	n.		Anatolian music	
medeni kanun			civil law	
Endonezyalı	adj.		İndonesian	
Cakarta	n.		Jakarta	
Endonezya			İndonesia	
üvey babası	n.		stepfather	
siyasal bilimler	n.		political science	
prestijli	adj.		prestigious	
dal	n.		branch, offshoot	
üvey kardeşi	n.		stepsister, stepbrother	
# doğumlu	adj.		born in #	
mezun	n.		graduate	
-in geri kalan kısmı			the remainder of	
avukatlık diploması	n.		law degree	
hukuk fakültesi	n.		law school	
-ene kadar			until -ing	
anayasa hukuku	n.		constitutional law	
avukat firması	n.		law firm	
Senato Dışişleri Komisyonu	n.		Senate Foreign Affairs Committee	
Filistin	adj.		Palestinian	
hizmet dönemi	n.		term of office, term of service	
Xin yüzde #i			# percent of X	
yüzde #lik bir oy çoğunluğu			# percent (vote) majority	
teşhisi konulmak	v.		to be diagnosed	
yayın işleri	n.		publishing business	
sanatsever	n.		art lover	
turne	n.		(artistic) tour	
kapsamında	adv.		as part of	
-in yanı sıra			in addition to, as well as, besides	
resital	n.		recital	
ilgi görmek	v.		to get attention	
eşlik etmek	v.		to accompany	
müzayede	n.		auction	
satış kaydı	n.		sales record	
# dolarlık şatış			#-dollar sale	
#inci sırada			in #th place	
döküm	n.		pouring, falling	
vadi	n.		valley	
asmalı	adj.		vine-covered	
ün	n.		fame	
aşmak	v.		to exceed	
Fas	n.		Morocco	
-a akın etmek	v.		to rush into	
kaleme almak	v.		to write (up)	
aktarmasız	adv.		nonstop	
senarist	n.		screenwriter	
tekrar göster	n.		rerun	
yapım	n.		(TV) program	
eleştirmen	n.		critic	
sempati kazanmak	v.		to gain sympathy, to gain favor	
şov	n.		(TV) show	
Ege	adj.		Aegean	
gurme	adj.		gourmek	
tanıtma	n.		publicity	
çekim yapmak	v.		to film	
özgü	adj.		local, indigenous	
dahil olmak	v.		to be included	
Singapur	n.		Singapore	
kitle	n.		mass, audience	
sezon	n.		(TV) season	
-la ... -i buluşturmak	v.		to bring together	
müziksever	n.		music lover	
solist	n.		soloist	
kapalı gişe	adj.		sold out	
rekor kırmak	v.		to break a record	
olağan	adj.		ordinary, normal	
uygun bulmak	v.		to approve, to agree to	
layık	adj.		deserving	
eşik	n.		doorstep, threshhold	
övgüye değer	adj.		praise-worthy	
tarihi bir geçmiş	n.		long history	
daha da	adv.		even more, further	
Moda Haftası	n.		Fashion Week	
niyet	n.		intention, purpose	
proje	n.		project, undertaking	
dizayn	n.		design	
belediye başkanı vekili	n.		deputy mayor	
oyuncu kadrosu	n.		casting	
vizyona girmek	v.		to start showing in theaters	
müşavir	n.		adviser, consultant	
müşavirlik	n.		consultancy, council	
şüphesiz	adj.		doubtless	
başına gelmek	v.		to happen to so.	
yapma nedeni	n.		reason for doing	
etki yaratmak	v.		to influence	
sığmak	v.		to fit	
yaymak	v.		to spread stg.	
birleştirmek	v.		to combine, to unite	
şımartmak	v.		to spoil so.	
unursamamak	v.		to not care	
-dan yapılmış	adj.		made of	
beton	adj.		concrete	
ahşap	adj.		wood	
-le bağlantılı	adj.		linked to	
ölümcü	adj.		deadly	
kullanılmış	adj.		used	
ikinci el	adj.		secondhand	
kara borsa	n.		black market	
insan hakları ihlal	n.		human rights violation	
domuz	n.		pig	
maraton	n.		marathon	
dadı	n.		nanny	
bulaşık makinesi	n.		dishwasher	
konuşma özgürlüğü	n.		freedom of speech	
basın özgürlüğü	n.		freedom of the press	
yanardağ	n.		volcano	
izleyici	n.		viewer	
ruya	n.		dream	
isteyerek	adv.		purposely, willingly	
bu aralar			nowadays	
Neden olmasın?			Why not?<div>Why can't it be?</div>	
höşgörü	n.		tolerance	
zulüm	n.		persecution	
hoşgörsüzlük	n.		intolerance	
evlatlık	n.		adoption	
inançlı	n.		believer	
zarf	n.		envelope	
eğitimsiz	adj.		uneducated	
(iyi) eğitimli	adj.		educated	
zayıf	adj.		weak, thin	
şaşırtıcı	adj.		surprising	
höşgörülü	adj.		tolerant	
höşgörüüz	adj.		intolerant	
güya	adv.		supposedly	
evlatlık almak	v.		to adopt a child	
ibadet etmek	v.		to worship	
dua etmek	v.		to pray	
-la karşı karşıya kalmak	v.		to be up against, to be faced with	
hala	n.		paternal aunt	
gelin	n.		daughter-in-law, bride	
yeğen	n.		niece, nephew	
baldız	n.		sister-in-law	
kayınbirader	n.		wife's brother	
enişte	n.		sister's husband, aunt's husband	
kayınpeder	n.		father-in-law	
kaynata	n.		father-in-law	
kayınvalide	n.		mother-in-law	
kaynana	n.		mother-in-law	
fotoğrafçı	n.		photographer	
devir	n.		period, era	
kulaklık	n.		headphones	
yanlışlık	n.		error	
ana dili	n.		native language	
telaffuz	n.		pronounciation	
çevirmen	n.		translator	
içecek	n.		beverage	
örümcek	n.		spider	
ısırmak	v.		to bite, to sting	
belgesel	n.		documentary	
kanat	n.		wing	
kap	n.		pot	
uç	n.		point, end	
duvar	n.		wall	
balıkçı	n.		fisherman	
mimarlık	n.		architecture	
ilköğretim okulu	n.		primary school	
dişçi	n.		dentist	
dilci	n.		linguist	
et	n.		meat	
tereyağı	n.		butter	
reçel	n.		jam	
keman	n.		violin	
alçak	adj.		low	
ortanca	adj.		intermediate, middle	
renksiz	adj.		colorless, black and white	
lacivert	adj.		navy blue	
resimli	adj.		illustrated	
emniyetle	adj.		safe	
altyazılı	adj.		subtitled	
-a hazırlanmak	v.		to prepare for	
-a hediye almak	v.		to buy a present for	
-a doğru yürümek	v.		to walk towards	
sesli okumak	v.		to read aloud	
-a çizmek	v.		to draw on stg.	
hindistan cevizi	n.		coconut	
hindi	n.		turkey	
melek	n.		angel	
hırsızlık	n.		theft	
şifre	n.		password	
para çekimi	n.		money withdrawal	
sofistike	adj.		sophisticated	
Hint	adj.		İndian	
-a baskı yapmak	v.		to pressure so.	
-a eğimli olmak	v.		to be inclined to	
güvende tutmak	v.		to keep stg. safe	
-la işbirliği yapmak	v.		to cooperate with	
kurallara uymak	v.		to follow the rules	
para çekmek	v.		to withdraw money	
başlangıç düzeyi	n.		beginner level	
doktora	n.		doctorate, phd	
ekipman	n.		equipment	
bağış	n.		donation	
kan bağışı	n.		blood donation	
organ bağışı	n.		organ donation	
gece görüş dürbünü	n.		night-vision goggles	
yük bölümü	n.		cargo area	
el yazısı	n.		handwriting	
gece klübü	n.		nightclub	
sanat müziği	n.		classical music	
orta yaşlı	adj.		middle-aged	
bencil	adj.		selfish	
telaşsız	adj.		unhurried	
saygılı	adj.		respectful	
birikim	n.		deposit, savings	
taksit	n.		installment, payment	
ekmek teknesi	n.		bread and butter, "a living"	
ekmek teknesi yürümek	v.		to earn a living	
nakliye	n.		shipping, transportation	
ferdi kaza sigortası	n.		personal accident insurance	
sakatlık	n.		disability	
kokain	n.		cocaine	
uyuşturucu bağımlısı	n.		drug addiction	
(işe) yaramak	v.		to work, to be effective	
yan komşu	n.		next-door neighbor	
kabus	n.		nightmare	
yeşil çam	n.		Turkish cinema	
sıçramak	v.		to leap, to bound	
hitap etmek	v.		to cater to	
dosyalamak	v.		to file	
-a dek kalmak	v.		to stay until	
ameliyat etmek	v.		to perform surgery, to operate	
ameliyat olmak	v.		to have surgery	
yetişmek	v.		to grow up	
yetki	n.		authority	
jüri üyesi	n.		jury member	
zehir	n.		poison	
zehirlenme	n.		poisoning	
eğitim geçmişi	n.		educational background	
özgeçmiş	n.		resume	
silah edinme yasası	n.		gun control law	
zulme uğramış	adj.		persecuted	
potansiyel	adj.		potential	
mahkum edilmek	v.		to be convicted	
bütçe kesintisi	n.		budget cut	
tekerlek	n.		wheel	
ilk ekip	n.		first responders	
gübre	n.		fertilizer	
ihmal	n.		neglect, negligence	
asi	n.		insurgent	
huzur evi	n.		nursing home	
karaciğer	n.		liver	
akciğer	n.		lung	
etiket	n.		tag	
etik	n.		etiquette	
kubbe	n.		dome	
çekmece	n.		drawer	
zavallı	adj.		poor, wretched, pathetic	
bir işte çalışmak	v.		to hold a job	
sürat yapmak	v.		to speed (car)	
Müslüman Kardeşler	n.		Muslim Brotherhood	
molotof	n.		Molotov cocktail	
Noel	n.		Christmas	
Arap Baharı	n.		Arab Spring	
adaş	n.		namesake	
resif	n.		reef	
yurtbilgisi	n.		social studies, civics	
puan	n.		score (test)	
gaga	n.		beak	
seçmeli	adj.		multiple choice	
inatçı	adj.		stubborn	
hafif	adj.		light	
ağır	adj.		heavy	
sürdürülebilir	adj.		sustainable	
homojen	adj.		homogeneous	
teokratik	adj.		theocratic	
otoriter	adj.		authoritarian	
etnik	adj.		ethnic	
dinsel	adj.		religious	
Hıristiyan	adj.		Christian	
ortodoks	adj.		orthodox	
açıkça	adv.		clearly	
güçlükle	adv.		with difficulty	
her ihtimale karşı			just in case	
sondon ikinci	adj.		second-to-last	
ateşe vermek	v.		to burn down	
daha da kötüleşmek	v.		to get even worse	
-a mesaj bırakmak	v.		to leave a message with	
köpeğimi gezdirmek	v.		to walk my dog	
mali gücü yetmek	v.		to afford stg.	
kalıplaşmış yargı	n.		stereotype	
vatanına hizmet etmek	v.		to serve one's country	
hizmete girmek	v.		to enter the civil service	
görülmek	v.		to be seen, to be considered	
boş zaman	n.		free time	
toplu taşıma	n.		public transportation	
Halkla İlişkiler Bölümü	n.		Public Affairs Section	
eğitimsel	adj.		educational	
Bilseydim...			If I knew...<div>If I had known...</div>	
Ne olur ne olmaz...			Just in case...	
X değerinde olmak	v.		to be worth X	
-i ... $a almak	v.		to buy something for a certain amount of money	
-a yeterli	adj.		enough for -	
Salgın olmasından korkuyorum.			I'm afraid of there being an epidemic.<div>I'm afraid of an epidemic happening.</div>	
5 yıldan beri gitmedim.			I haven't been there for 5 years.	
5 yıl kaldım.			I stayed for 5 years.	
5 yıldır orada çalışıyorum.<div>5 yıldan beri orada çalışıyorum.</div>			I have been working there for 5 years.	
Evet, öyle görünüyor.			Yeah, so it seems.<div>Yeah, seems like it.</div>	
Alışmam zaman aldı.			It took me a while to get used to it.<div>İt took me a while to adjust.</div>	
Düşüncemi destekleyen başka bir nokta...			Another point that supports my opinion...	
Bu konu hakkıdaki başka bir nokta...			Another point related to this topic...	
Bildiğime göre...			According to what I know...	
Hayırlı olsun.<div>Güle güle kullanın.</div>			Use it in good health.	
Ben hayal kırıklığına uğradım.			I'm disappointed.	
Kol kaldır.			Raise your hand.	
Herkes bunu yapabilmeli.			Everyone should be able to do this.	
Onlar onu yapabilmeli mi?			Should they be able to do that?	
çok zaman			many times	
onların çoğu			many of them	
onların çoğunluğu			the majority of them	
onların yüzde yüzü			100 percent of them	
Kendi hatamdı.			İt was my own fault.	
Kendim yapabilirim.			İ can do it myself.	
Kendi kendime gittim.<div>Tek başıma gittim.</div>			İ went by myself.	
ya X ya da Y			either X or Y	
hem X hem de Y<div>gerek X gerekse Y</div>			both X and Y	
X ve Y aynı.			X and Y are the same.	
Siz kimsiniz?			Who are you?	
Tanıştırayım...			Allow me to introduce...	
Bu kimin?			Whose is this?	
-i ... -la tanıştırmak	v.		to introduce so. to so. else	
Telefon numarın kaç?			What is your phone number?	
Seninki hangisi?			Which one is yours?	
Bana kahve gerek.			İ need coffee.	
Bugün ayın kaçı?			What day of the month is it?	
Onların kaç tanesi çocuk?			How many of them are children?	
Ablam benden 2 yaş daha büyük.			My sister is 2 years older than me.	
Canım gitmek istemiyor.			I don't feel like going.	
Saat tam sekizde başlıyor.			It starts at exactly 8 o'clock.	
Herkesin biri var.			Everyone has one.	
# küsür	adj.		#-something	
ondan önceki hafta			the week before that	
yaptığım her şey			everything that I do	
ne yaparsam yapayım			no matter what I do	
ne yaparsan yap<div>ne yaparsanız yapın</div>			no matter what you do	
ne yaparsa yapsın			no matter what he does	
Sadece X diye Y gerektirmiyor			X being the case does't make Y necessary.	
metin	adj.		solid, firm	
başkanlığında	adv.		headed by, under the leadership of	
beyazperde	n.		silver screen (film)	
omuz	n.		shoulder	
kolsuz	adj.		sleeveless	
karides	n.		shrimp	
pirinç	n.		uncooked rice	
makarna	n.		pasta	
Aynı şekilde kullanıyoruz.			We use it the same way.	
tam gün	adj.		full-time	
adaylığını koymak	v.		to be a candidate	
bir arkadaş grubu	n.		a group of friends	
hastalıktan kurulmak	v.		to survive an illness	
Aramızda bir yıldız var!			There's a star among us!	
psikiyatri hastanesi	n.		psychiatric hospital	
Moskova	n.		Moscow	
para birimi	n.		currency	
temel olarak	adv.		basically	
uzun zamandan önce			a long time ago	
tahrisel olarak	adv.		historically	
çöp sepeti	n.		wastebasket	
atık	n.		waste	
çilt	n.		skin	
çilt bakımı	n.		facial (spa)	
çekici araç	n.		tow truck	
kontak	n.		ignition	
pusula	n.		compass	
fosforlu	adj.		glow-in-the-dark	
karanlık	n.		darkness	
alışkanlık	n.		habit	
az benzin yakan	adj.		fuel-efficient	
beyazlaşmak	v.		to go gray (hair)	
can almak	v.		to kill	
soba	n.		heating stove	
devrilmek	v.		to topple, to fall over	
merkez üssü	n.		epicenter	
futbol sahası	n.		soccer field	
sevk etmek	v.		to send	
aralarında			amongst	
Kızılay	n.		Red Crescent (Red Cross)	
aracılığıyla			by means of, through	
metrekare	n.		square meter	
100 metrekarelik	adj.		100-meter	
seyyar	adj.		portable	
sahra	adj.		field	
-dan itibaren			starting from, from X on	
arama kurtarma	n.		search and rescue	
hazır olarak	adv.		at the ready, readily	
Bunun yanı sıra...			Apart from this...<div>İn addition to this...</div>	
yatılı	adj.		in-patient, boarding	
bu sırada			meanwhile	
yakınlar	n.		relatives	
sarsıntı	n.		shake	
fenalaşmak	v.		to get worse, to deteriorate	
enkaz	n.		debris	
sarsılmak	v.		to shake, to devastate	
rasathane	n.		observatory	
artçı sarsıntı	n.		aftershock	
boşaltmak	v.		to evacuate, to empty	
bilanço	n.		balance sheet, toll (death count)	
yitirmek	v.		to lose	
şehircilik	n.		urban development	
ısıtıcı	n.		heater	
su sıkıntısı	n.		running water	
dolayında			approximately, circa	
çok sayıda			in large numbers	
bir an önce			as soon as possible	
imkanlar	n.		resources, possibilities	
can çekişmek	v.		to linger, to fight for one's life	
tetiklemek	v.		to trigger, to set off	
kritik	adj.		critical, crucial	
itibarıyla			as of	
ilk müdahale	n.		first responders	
kesintisiz olarak	adv.		ceaselessly, without stopping	
toplam # adet			a total of #	
iş makinesi	n.		bulldozer	
koli	n.		parcel, package	
kumanya	n.		soldier rations	
muson	n.		monsoon	
Bangladeş	n.		Bangladesh	
taşmak	v.		to overflow	
heyelan	n.		landslide	
ırmak	n.		river	
toprak kayması	n.		landslide	
göçük	n.		rockfall, landslide	
barınak	n.		shelter	
özerk	adj.		autonomous	
sabaha karşı			early in the morning	
çığ	n.		avalanche	
mahsur kalmak	v.		to get stuck in	
geri dönmek	v.		to turn around, to return	
tarifeli	adj.		scheduled	
Bunun üzerine			Because of this...<div>Upon this happening...</div>	
havalanmak	v.		to take off	
motor	n.		engine	
arıza	n.		breakdown	
komutanlık	n.		command post	
ters dönerek	adv.		upside-down	
elektrik telleri	n.		power lines	
itfaiye	n.		fire department	
köpük	n.		foam	
sıkmak	v.		to spray	
çember	n.		circle, cordon	
gaz sıkışması	n.		gas leak	
ötedeki	adj.		futher, yonder, away	
sıralarında			at approximately	
X sonucu			as a result of X	
çöplük	n.		garbage dump	
taşeron	n.		subcontractor	
yolcu uçağı	n.		passenger aircraft	
iniş takımları	n.		landing gear	
İç Güvenlik Bakanlığı	n.		Department of Homeland Security	
zorunlu iniş	n.		forced landing	
görgü tanığı	n.		eyewitness	
alçalmak	v.		to get lower, to lose altitude	
manevra	n.		maneuver	
kaz	n.		goose	
alev almak	v.		to catch fire	
mucize	n.		miracle	
Hava Kuvvetleri	n.		Air Force	
-a paralel	adj.		parallel to	
İzlanda	n.		Iceland	
Rumen	adj.		Romanian	
Faslı	adj.		Moroccan	
İzlandalı	adj.		Icelandic	
Filipinli	adj.		Filipino	
donanma	n.		navy, fleet	
yerel saatle	adj.		local time	
yava yoluyla	adv.		by air	
nakletmek	v.		to transport, to carry	
pist	n.		landing strip, tarmac	
vagon	n.		rail car, carriage	
onların tamamı			all of them	
şerif	n.		sherriff	
kesinlik kazanmak	v.		to become definite, to be conclusive	
plaka	n.		license plate	
yönetimindeki	adj.		under the control of	
kanalizasyon	n.		sewer, drain	
viraj	n.		curve (on the road)	
dikkatsizlik	n.		carelessness	
hakimiyet	n.		control, domination	
hakimiyeti kaybetmek	v.		to lose control	
çevre yolu	n.		bypass, freeway	
kavşak	n.		intersection	
tabela	n.		sign	
# nolu	adj.		numbered (as) #	
viyadük	n.		viaduct	
Filipinler	n.		The Philippines	
etkisiz hale getirmek	v.		to defuse, to counteract	
dehşet	n.		terror, horror	
silahlanmak	v.		to be armed	
şırınga	n.		syringe	
idam cezası	n.		death penalty	
çarpıtmak	v.		to inflict	
başından beri			since the beginning	
ömür boyu hapis	n.		life sentence	
infaz	n.		execution	
hükümlü	n.		prisoner	
temyiz mahkemesi	n.		appeals court	
çuval	n.		bag, sack	
rutin	adj.		routine	
ayrı	adj.		separate, distinct	
Slovenya	n.		Slovenia	
cihaz	n.		device	
sinyal	n.		signal	
anormallik	n.		abnormality	
barmenlik	n.		bartending	
zorlanmak	v.		to be overwhelmed	
karşılığında			in exchange for	
barmen	n.		bartender	
kurye	n.		courier	
zula	n.		hiding place	
X bulunup bulunmadğı			whether or not there was X	
mezar hırsızı	n.		grave robber	
ceset hırsızı	n.		body thief	
diz	n.		knee	
kalça	n.		hip, butt	
nakli	n.		replacement	
kadavra	n.		cadaver	
kesme	n.		dissection	
hepatit	n.		hepatitis	
bulaşıcı	adj.		contagious	
tüyler ürperten	adj.		creepy, hair-raising	
cenaze evi	n.		funeral home	
vahşet	n.		brutality	
gümrük kapısı	n.		port of entry	
havaya uçurmak	v.		to blow up	
nöbetçi	n.		sentry	
mevzil	n.		place, post	
namlu	n.		barrel (gun)	
ateş açmak	v.		to open fire, to shoot	
karşı ateş	n.		crossfire	
geniş çaplı	adj.		wide-range	
şehit olmak	v.		to be a martyr, to die (in battle)	
üstü açık	adj.		open-top, open-air	
-a doğru			towards	
-a yönelmek	v.		to head for	
bireysel	adj.		individual	
Mayorka	n.		Majorca	
Bask	adj.		Basque	
radyoyu	n.		radio station	
karşısında			across from, opposite	
can kaybı	n.		loss of life	
bomba ihbarı	n.		bomb threat	
X öncesi			before X	
çökmak	v.		to collapse	
çatı	n.		roof	
bildiri	n.		announcement, notice, communique	
astsubay	n.		non-commissioned officer	
ortalık	n.		surroundings	
cehennem	n.		hell, inferno	
uzaktan kumanda	n.		remote control	
infilak etmek	v.		to blow something up	
taburcu etmek	v.		to discharge	
mayın	n.		mine (bomb)	
zırhlı	adj.		armored	
taşıyıcı	n.		carrier	
çavuş	n.		sergeant	
birlikler	n.		units, forces	
santim	n.		centimeter	
zırh	n.		armor	
üstad	n.		expert, master	
süresince			throughout	
işsizlik maaşı	n.		unemployment benefits	
uzun süreli işsizlik	n.		long-term unemployment	
kamu harcamaları	n.		public spending	
-da kesinti yapmak	v.		to make cuts in	
sterlin	n.		pounds sterling	
gecesi			per night	
kral	n.		king	
imzalı	adj.		signed, branded	
yarı değerli	adj.		semi-precious	
zarar etmek	v.		to lose money	
rekor	n.		record	
ziyaretçi	n.		traveller	
eğlence parkı	n.		amusement park	
gerekçe	n.		reason	
büyüme oranı	n.		growth rate	
büyük ölçüde	adv.		to a great extent, to a high degree	
gıda maddesi	n.		foodstuffs	
ithalat	n.		importation	
Dünya Ticaret Örgütü (DTÖ)	n.		World Trade Organization (WTO)	
ihracatçı	n.		exporter	
ihraç etmek	v.		to export	
fındık	n.		hazelnut	
işlem görmek	v.		to be processed	
alıcı	n.		buyer, customer	
tazyikli suyu	n.		water from a fire hose	
sıkı güvenlik	n.		tight security	
tiyatrocu	n.		actor	
baş örtüsü	n.		headscarf	
esrar	n.		marijuana	
yargılanma hakkı	n.		right to a trial	
ince nokta	n.		fine line	
yüzde elli grubu			50th percentile	
Bir işim çıktı.			Something came up.	
sıkışık	adj.		crowded, bad	
günlük idare	n.		day-to-day management	
hacca gitmek	v.		to go on the Haj	
mecazi	adj.		metaphorical	
mecaz	n.		metaphor	
dişi	adj.		female (animal)	
kağıt mendil	n.		tissue (Kleenex)	
peçete	n.		hankerchief, napkin	
kısırlaştırmak	v.		to neuter	
kısır	adj.		barren, sterile	
yetiştiren kişi	n.		(animal) breeder	
kuduz	n.		rabies	
18 yaşın altındaki çocuklar			children under 18	
tarçın	n.		cinnamon	
erişim	n.		access	
Ben senin yerinde olsam...			If I were in your place...	
Ben onun yerinde olsam...			If I were in his place...	
İşe yaradı!			It worked!	
senario	n.		(film) script	
tuzak	n.		trap	
şantaş	n.		blackmail	
ip atlamak	v.		to jump rope	
pekiştirmek	v.		to intensify, to reinforce	
atlatmak	v.		to deal with, to get over stg.	
X demişken...			Speaking of X...	
Bu konu açılmışken...			While we're on this topic...	
Bir şey eklemek istiyorum.			I'd like to add something.	
izlenim	n.		impression	
algılanmak	v.		to perceive	
mesafeli	adj.		distant (unfriendly)	
sıcak kanlı	adj.		friendly, warm	
yanlış izlenim vermek	v.		to give the wrong impression	
tokalaşmak	v.		to shake hands	
öpüşmek	v.		to kiss each other	
hayal kurmak	v.		to dream of doing or having stg.	
hayal etmek	v.		to dream of doing or having stg.	
rüya görmek	v.		to dream (while sleeping)	
tam yerinde	adj.		timely, to the point	
Çocuk da yaparım, kariyer de.			I can have kids AND a career.	
mikrodalga	n.		microwave	
kitap serisi	n.		book series	
kurutmak	v.		to dry stg. out	
talimatlar	n.		instructions	
tekrarlayıcı	adj.		repetitive	
kumaş	n.		fabric	
kot	n.		denim	
estetik ameliyat	n.		plastic surgery	
abartılı	adj.		exaggerated	
abartı	n.		exaggeration	
-i gösteren kanıt	n.		evidence of	
-i ... -diğini eleştirmek	v.		to criticize so. for doing stg.	
-a öncelik tanımak	v.		to make a priority	
Tam tersi işe yaramıyor.			It doesn't work the other way around.	
Dürüstçe...			To be honest...	
Söylemem gerekirse...			To be honest...<div>If I must say...</div>	
... olup olmayacağına bağlı			depending on whether or not...	
Ne yaparsam yapayım boşuna.			No matter what I do, it's for nothing.	
Daha dikkatli olmalısın.			You should be more careful.	
estetik ameliyat yaptırmak	v.		to get plastic surgery	
-in nedeni			the reason for	
sabah akşam yapmak	v.		to do stg. all day	
Kendine bir iyilik yap ve...			Do yourself a favor and...	
her türlü şey			all kind of things	
Mesela...			For example...	
mevcut olmak	v.		to exist	
X aracılığıyla			via X, by means of X	
ışığı kapatmak	v.		to turn off the light	
Yeter mi?			İs that enough?	
Yetmez mi?			Isn't that enough?	
Öyle olsun.			So be it.	
Işık açık kalsın.			Leave the light on.	
Kaç gösteriyorum?			How old do İ look?	
Londra	n.		London	
Gözünüz aydın!			Good for you!	
Xdan aktarmalı gelmek	v.		to connect in X (air travel)	
ne kadar kötü ki			so bad that	
herhangi bir zamanda			at any time	
-ıncaya kadar			until -	
kendine eğlendirmek	v.		to keep oneself entertained	
Hele bir de...			Furthermore...	
İyi misin?			Are you ok?	
çizgi film	n.		cartoon	
herkes yan yana			everyone next to each other	
Kimin sırası?			Whose turn is it?	
onarmak	v.		to fix	
milyarca yıl			billions of years	
zamanlama	n.		timing	
kutulamak	v.		to box up, to put in boxes	
gerekirse			if necessary	
her halükar da			just in case	
fahişelik	n.		prostitution	
tusunami	n.		tsunami	
içsel	adj.		internal	
iç kanama	n.		internal bleeding	
sincap	n.		squirrel	
iç göç	n.		internal migration, displacement	
kazmak	v.		to dig	
köstebek	n.		mole	
şahane	adj.		fabulous	
uzak doğu	n.		Asia, the Far East	
uydurmak	v.		to make up (the difference)	
Çok naziksin.			You're very kind.	
tahvil	n.		government bond	
barışçıl	adj.		peaceful	
koyun	n.		sheep	
kuzu	n.		lamb	
yün	n.		wool	
iplik	n.		yarn	
doğum izni	n.		maternity leave	
rekabetçi	adj.		competitive	
En son -iğim zaman...			The last time that I...	
-la dalga geçmek	v.		to make fun of	
tornavida	n.		screwdriver	
Sözüm ona...			Supposedly...	
-la iyi geçinmek	v.		to get along with	
emailleşmek	v.		to email	
-a oy vermek	v.		to vote for	
satış vergileri	n.		sales tax	
sandalet	n.		sandal	
dik	adj.		steep	
iniş çıkışlı	adj.		up-and-down, roller-coaster, hilly	
geçiş hakkı	n.		pass (public transportation)	
isyan etmek	v.		to rebel	
Farkında mısın?			Do you realize?<div>Are you aware?</div>	
takoz gibi	adj.		like dead wood, useless	
İlgilenmiyorum.			&nbsp;I don't care.	
Korkulacak bir şey yok.			There is nothing to be afraid of.	
Kendine gel.			Pull yourself together.	
Sana da ...			... to you too.	
Yok artık!			No way!	
sabah sabah kalkmak	v.		to get up at the crack of dawn	
alın	n.		forehead	
kelime kelime	adv.		word by word	
bilim kurgu	adj.		science fiction	
başetmek	v.		to handle, to deal with	
-in üstesinden gelmek	v.		to handle, to deal with	
Onunla başedemem.			I can't deal with it.	
-a uyum sağlamak	v.		to orient	
avantaj almak	v.		to take advantage	
asgari ücret	n.		minimum wage	
saatlık ücret	n.		hourly wage	
azami hız	n.		speed limit	
saati # dolar			# dollars an hour	
saati # dolara çalışmak	v.		to work for # dollars an hour	
sevimsiz	adj.		unlikeable, bland, unpleasant	
tatsız	adj.		bland, unpleasant	
şömine	n.		fireplace	
polis şefi	n.		police chief	
çıldırmak	v.		to go crazy	
20li yaşlar			twenties (age)	
vize sırası	n.		visa line	
lehçe	n.		dialect	
aksan	n.		accent	
Kürtçe	n.		Kurdish language	
sığ sular	n.		shallow water	
sığ	adj.		shallow	
köpek balığı	n.		shark	
tüple dalma	n.		scuba diving	
şnorkel yapmak	v.		to snorkel	
Madem ki...			Since...<div>Because...</div>	
felçli	adj.		paralyzed	
Ne yapacağımı bilmiyorum.			I don't know what to do.	
Hakkını verdin.			It was worth it.<div>You did it justice.</div>	
Ne fark eder?			What difference does it make?<div>Why does it matter?</div>	
Konuşacak bir şey yok.			There is nothing to talk about.	
Aşk olsun.			Shame on you.	
boşa çıkmak	v.		to cancel out, to negate	
surat asmak	v.		to sulk	
izni koparmak	v.		to get permission	
bambaşka	adj.		completely different	
evlat edinmek	v.		to adopt	
utandırmak	v.		to embarrass so.	
çekici	adj.		attractive, charming	
doğu kafası	n.		old-fashioned mentality	
-i ... -la aldatmak	v.		to cheat on so. with	
disiplinli	adj.		disciplined	
güzel vücut	n.		nice body	
hurma	n.		date (fruit)	
tüksürük	n.		saliva	
kükremek	v.		to roar, to bellow	
gümbürmek	v.		to rumble, to roar	
rengi atmış	adj.		pale	
solumak	v.		to pant	
keskin bakışlı	adj.		hawk-eyed	
kollamak	v.		to watch over	
büyücü	n.		wizard	
cadı	n.		witch	
cadılık	n.		witchcraft	
büyücülük	n.		wizardry	
iksir	n.		potion	
şölen	n.		feast, banquet	
kule	n.		tower	
dört direkli karyola	n.		four-poster bed	
büyü	n.		spell	
asa	n.		wand	
cüppe	n.		robe	
kazan	n.		cauldron	
fevkalade	adj.		exceptional	
damla	n.		drop (of liquid)	
untanç verici	adj.		embarrassing	
asma kilit	n.		padlock	
boyunsuz	adj.		neckless	
dağınık	adj.		messy, scattered	
kuzgun	n.		raven	
şimsek	n.		lightning	
yara izi	n.		scar	
-i hale getirmek	v.		to make, to render	
esrarlı	adj.		mysterious, dark	
ima etmek	v.		to imply, to suggest	
gelmiş geçmiş			ever, in all history	
lanet	n.		curse	
sağ salım	adj.		safe and sound, unscathed	
şaşmak	v.		to be surprised	
muamele	n.		treatment (behavior)	
armağan	n.		gift	
doğru dürüst	adj.		real, proper	
eğmek	v.		to bow, to bend	
acı acı	adv.		bittterly	
ciddi ciddi	adv.		seriously	
salak	n.		idiot	
matkap	n.		drill	
şapşal	adj.		silly, slovenly	
refakat etmek	v.		to escort, to accompany	
iltifat	n.		compliment	
pırıl pırıl	adj.		glistening, spotless	
çimenlik	n.		lawn	
üstelik			besides, also, furthermore	
sihir	n.		magic	
-in eşiğine gelmek	v.		to be on the brink of	
yaşça küçük	adj.		underage, junior	
mırıldanmak	v.		to mutter	
apar topar	adv.		helter skelter	
kaçış	n.		escape, flight	
düş	n.		dream	
sayılmak	v.		to be considered, to be counted	
harabe	n.		ruin	
şeytan	n.		demon, devil	
kıl	n.		fiber, hair	
kıl payı	adv.		by a hair's breadth	
ter	n.		sweat	
soluk	adj.		pale	
dimdik oturmak	v.		to sit bolt upright	
dalgın	adj.		pensive, absentminded	
alaycı	adj.		wry, ironic, cynical	
yalpalmak	v.		to stagger, to waddle	
kırpışmak	v.		to blink	
bükmek	v.		to bend, to curve	
ucube	n.		freak, monster	
istifini bozmamak	v.		to stay calm	
keramet	n.		miracle	
sendelemek	v.		to stagger, to wobble	
gerisingeri	adv.		backwards	
-e nişan almak	v.		to aim at	
çimleri biçmek	v.		to mow the grass	
çiçek tarhı	n.		flowerbed	
kırkmak	v.		to dip, to trim	
budamak	v.		to prune	
ense	n.		nape of neck	
öfkeyle	adv.		angrily	
çırpılmış	adj.		scrambled, beaten	
menekşe	n.		violet	
but	n.		thigh, haunch	
cızırmak	v.		to sizzle	
süzülmek	v.		to glide, to soar	
yığılmak	v.		to collapse	
yarasa	n.		bat	
yastık örtüsü	n.		pillowcase	
tiz	adj.		shrill, acute	
cin	n.		elf	
kabalık etmek	v.		to be rude	
kahkaha	n.		laughter	
fısıldamak	v.		to whisper	
kalbını kırmak	v.		to break one's heart	
rahatlatıcı	adj.		comfortable, relaxing	
hıçkırık	n.		hiccup, sob	
hayranlık	n.		adoration, wonder	
şaşılaşmış	adj.		cross-eyed, dazed	
titremek	v.		to tremble, to shiver	
kıstırmak	v.		to pinch, to tuck	
bakakalmak	v.		to stare, to gawk at	
talihsiz	adj.		unlucky	
şükran	n.		gratitude	
resmen	adv.		openly, officially	
işitmek	v.		to hear, to learn of	
küre	n.		sphere, globe	
anılmak	v.		to be mentioned, to be named	
kibir	n.		arrogance, vanity	
alçakgönüllü	adj.		humble, modest	
inlemek	v.		to wail, to howl, to groan	
araba farı	n.		headlight	
boğuk	adj.		hoarse	
parıldamak	v.		to gleam, to twinkle	
yığıt	adj.		brave	
gözüpek	adj.		bold, courageous	
germek	v.		to stretch, to strain	
göğüs germek	v.		to brave, to confront stg.	
çatal	n.		fork	
şıngırtı	n.		rattle, clink	
keklemek	v.		to stutter, to falter	
sömestr	n.		semester	
ciklemek	v.		to tweet	
lap lap etmek	v.		to flap, to flop	
tir tir	adv.		trembling, shivering	
garip	adj.		strange	
nahoş	adj.		harsh, unpleasant	
uzanmak	v.		to reach, to stretch	
başını iki yana sallamak	v.		to shake one's head no	
başını aşağı yukarı sallamak	v.		to nod yes	
gene			again	
nezih	adj.		decent, pure	
sağır etmek	v.		to deafen	
kesik kesik	adv.		intermittently, staccato	
havlayış	n.		yelp	
haylaz	n.		naughty kid, scamp	
tıkmak	v.		to shove into, to coop up	
ziyan etmek	v.		to ruin, to waste, to piss away	
çıt	n.		snap, click	
düztaban	adv.		flat-footed, stomping	
sinsi sinsi	adv.		slyly, sneakily	
kaş	n.		eyebrow	
çatmak	v.		to wrinkle, to furrow	
sürümek	v.		to drag stg.	
çevik	adj.		agile, nimble	
deri yüzmek	v.		to skin, to flay	
gebertmek	v.		to kill, to do in	
beter etmek	v.		to worsen	
bez	n.		cloth, rag	
tomar	n.		bundle, roll, wad	
karalama	n.		scribble, defamation, libel	
çiziktirme	n.		scribble, scrawl	
öfke	n.		fury, indignation	
kıpırdamak	v.		to move, to budge	
vınlamak	v.		to zoom, to whiz	
basamak	n.		stair, step	
şaheseri	n.		masterpiece	
tavan	n.		ceiling	
çömelmek	v.		to crouch	
bulaşmak	v.		to contaminate, to get stg. dirty	
kamçı	n.		whip, tentacle	
kaskatı kesilmiş	adj.		stiff, frozen	
-la baştan aşağı kaplanmak	v.		to be covered from head to toe with	
tedirgin etmek	v.		to agitate, to disturb	
katmak	v.		to join, to add, to mingle	
dondurucu	n.		freezer	
cüce baykuş	n.		pygmy owl	
peri	n.		fairy, spirit	
kötücül	adj.		malicious	
tıslama	n.		hissing, sizzle	
kısıtlanmak	v.		to restrict, to limit	
kararname	n.		government decree	
sihirbaz	n.		wizard	
nizamname	n.		regulation, charter	
yutkunmak	v.		to swallow, to gulp	
buldok	n.		bulldog	
abanmak	v.		to lean against, to lean over	
sürüklemek	v.		to drag, to sweep away	
parmaklık	n.		bars, grate	
taktırmak	v.		to have so. attach stg. to	
yumuşamak	v.		to soften, to relent	
perişan	adj.		miserable, forlorn	
dibe vurmak	v.		to hit the bottom, to hit rock bottom	
tıkırdamak	v.		to click, to clink, to rattle	
konserve	adj.		canned	
zıplamak	v.		to bounce, to jump	
yudum	n.		gulp, sip, mouthful	
sırılsıklam	adj.		soaking wet	
kabartmak	v.		to fluff up	
kıvırmak	v.		to curl	
guruldamak	v.		to grumble, to rumble	
iliştirmek	v.		to attach, to fasten	
saman	n.		straw	
gıcırdamak	v.		to creak, to groan	
takırtı	n.		rattle, clatter	
mehtap	n.		moonlight	
zonklamak	v.		to throb	
çilli	adj.		freckled	
sürünmek	v.		to creep, to crawl	
soluk soluğa	adv.		breathlessly	
vurulmuş	adj.		smitten	
turkuaz	adj.		turquoise	
sırıtmak	v.		to grin, to smirk	
büyülemek	v.		to enchant, to fascinate	
kem küm etmek	v.		to hem and haw	
geri vitese almak	v.		to go into reverse, to back up	
toka	n.		clip, buckle, hairpin	
kurcalamak	v.		to tamper with, to irritate	
koşuşturmak	v.		to rush about, to hustle	
öteberi	n.		odds and ends, things	
sandık	n.		chest, coffer	
pencere pervazı	n.		windowsill	
gök gürültüsü	n.		thunder clap	
elektrik düğmesi	n.		light switch	
çatırtı	n.		click	
şifonyer	n.		dresser	
seğirtmek	v.		to race, to rush	
ardına kadar	adv.		wide	
kızgın	adj.		angry	
donmuş	adj.		frozen	
boğa	n.		bull	
böğürtü	n.		bellow, moo	
balıklama	adv.		headfirst	
ayak bileği	n.		ankle	
kıskaç	n.		snare, pincers, clutches	
ay dede	n.		full moon	
kamçılamak	v.		to whip	
yaslanmak	v.		to sit back, to lean back, to repose	
ağzı kulaklarında	adj.		overjoyed	
bityenik	n.		something fishy, a catch	
ihtiyar	adj.		elderly	
espri	n.		humor	
-a karşı kin gütmek	v.		to bear a grudge against	
sık rastlanan	adj.		commonplace	
kastetmek	v.		to mean, to intend	
ütü yapmak	v.		to iron	
gulyabani	n.		ghoul, ogre	
malikane	n.		estate, manor	
çoğu kez			frequently, often	
çalımlı	adj.		lofty	
hizmetkarı	n.		manservant	
-i ciddiye almak	v.		to take stg. seriously	
kabahat	n.		fault, guilt	
teslimat	n.		delivery	
gösterge tablosu	n.		dashboard, instrument panel	
fazla mesai	n.		overtime	
kaynar	adj.		boiling	
püskürtmek	v.		to spray	
kenetlenmek	v.		to be clasped, to be clamped down	
örtbas etmek	v.		to cover up, to conceal	
sundurma	n.		shed	
-i çıldırtmak	v.		to drive so. crazy	
sarkmak	v.		to lean out, to hang down	
aydınlamak	v.		to get light, to illuminate	
pembemsi	adj.		pinkish, rosy	
yamalı	adj.		patched, patchwork	
ağaçlık	n.		woods	
viran	adj.		ruined, tumbledown	
eğri	adj.		bent, leaning	
saplanmış	adj.		stuck	
eğrilmiş	adj.		warped, bent	
kovuk	n.		hole, burrow, cove	
yığın	n.		heap, stack	
çizme	n.		boot	
paslı	adj.		rusty	
gagalamak	v.		to peck	
bürünmek	v.		to wrap oneself, to turn a color	
ürkütmek	v.		to startle	
tombul	adj.		chubby	
kılıç	n.		sword	
bel	n.		waist	
şen şakrak	adj.		breezy, bubbly	
gönül alıcı	adj.		conciliatory	
umur	n.		concern, matter	
dürtmek	v.		to poke, to prod	
kısılmak	v.		to die down, to narrow	
hayli	adj.		quite, highly	
ovulmuş	adj.		scoured	
ilişmek	v.		to wait, to perch	
asılı	adj.		hanging, suspended	
kıyı	n.		coast, border	
yemlemek	v.		to feed, to bait	
şömine	n.		fireplace	
rastgele	adj.		random	
tangırdamak	v.		to clang, to clatter	
sahiden			really, honestly, actually	
kayıtsız	adj.		reckless	
dilimlemek	v.		to slice	
gecelik	n.		nightgown	
-la göz göze gelmek	v.		to catch someone's eye	
yercücesi	n.		gnome	
ayıklamak	v.		to weed out, to sort	
baş edilmez	adj.		untenable	
baş etmek	v.		to cope	
fışkırmak	v.		to gush out	
sıralanmak	v.		to be arranged, to be lined up	
çakmak	n.		(cigarette) lighter	
boylu boyunca	adv.		full-length, lengthwise	
süslü	adj.		fancy, ornate	
dalgalı	adj.		wavy	
edepsiz	adj.		shameless, indecent	
tebessüm etmek	v.		to smile, to titter	
ev zararlıları	n.		household pests	
gülünç	adj.		ridiculous	
esnemek	v.		to yawn	
homurdanmak	v.		to grumble, to mutter	
yabani	adj.		wild	
ot	n.		grass, herb	
boğum boğum	adj.		gnarled	
şakayık	n.		peony	
iki büklüm	adv.		bent in half	
itişme	n.		scuffle	
doğrulmak	v.		to straighten up	
haşin	adj.		brusque, rude	
eda	n.		expression, manner	
deriden	n.		leather	
nasırlı	adj.		callused	
tekme	n.		kick	
tekmek	v.		to kick	
tepe üstü	adv.		above one's head	
kement	n.		lasso	
canını yakmak	v.		to hurt, to oppress	
içler acısı	adj.		pathetic, heartbreaking	
bahse girmek	v.		to bet	
kütük	n.		log, stump	
-a acımak	v.		to pity so.	
zaaf	n.		weakness	
ustura	n.		razor	
silkelemek	v.		to shake	
bir seferde	adv.		at once, at the same time	
yukarı fırlamak	v.		to burst out	
yummak	v.		to shut, to clench	
tepesi açılmak	v.		to be going bald	
tozlu	adj.		dusty	
heves	n.		enthusiasm	
birtakım			a number of, several	
dağ gelincik	n.		ferret	
neyse ki			luckily	
deneysel	adj.		experimental	
zahmete katlanmak	v.		to go to the trouble, to inconvenience onself	
boyuna	adv.		continually	
görmezlik	n.		blindness, ignorance	
saçmak	v.		to strew, to scatter	
sihir yapmak	v.		to cast a spell	
dahilinde			inside of, within	
yasalar dahilinde	adj.		within the law, legal	
-a niyetlenmek	v.		to intend to	
-la tamircilik yapmak	v.		to tinker with	
Bilgine sunulur...			For your information...	
boş boş	adv.		blankly	
bari			at least, if so	
lafını şaşırmak	v.		to be at a loss for words	
iri	adj.		huge	
şişinmek	v.		to puff up, to boast	
sıvışmak	v.		to flee, to sneak off	
çarpık	adj.		crooked	
aralık	adj.		ajar	
soyulan	adj.		peeling	
eğimli	adj.		slanted, inclined, trendy	
devasa	adj.		gigantic	
duvar kağıdı	n.		wallpaper	
gülle	n.		cannon	
top güllesi	n.		cannonball	
hızlanmak	v.		to speed up, to accelerate	
arma	n.		badge, heraldry	
çizgi roman	n.		comic book	
saydam	adj.		transparent	
akvaryum	n.		aquarium	
kurşuni	adj.		dark gray	
şekerleme yapmak	v.		to snooze, to nap	
iskambil	n.		playing cards, card game	
deste	n.		sheaf, pack (cards)	
teker teker	adv.		one by one	
inildemek	v.		to moan, to whimper, to groan	
oysa ki			yet, but	
acil doğum kontrolu	n.		emergency contraception	
tampon tampona	adv.		tailgating, really close (car)	
heceleme yarısı	n.		spelling bee	
müzik aleti	n.		musical instrument	
küçük yaşta			at a young age	
motive etmek	v.		to motivate	
sahiplenmek	v.		to be possessive	
gülen yüz	n.		smiley face	
olgun değil	adj.		immature	
kurbağa	n.		frog	
Herşey kontrol altında.			Everything is under control.	
Size bağlı.			It's up to you.	
çekiç	n.		hammer	
sprey boya	n.		spray paint	
X olarak düşünülmek	v.		to be considered X	
biberon	n.		baby bottle	
Hiç pişman değilim.			I have no regrets.	
gitgide	adv.		gradually	
gittikçe	adv.		gradually	
Genevre Anlaşması	n.		Geneva Convention	
-a saygı göstermek	v.		to show respect for	
olumlu bir yönde			in a positive way	
laikleştirmek	v.		to make stg. secular	
Bu problemin nasıl çözüleceği belirli değil.			It is not clear how thıs problem will be solved.	
Problem gitgide kötüleşti.			The problem gradually got worse.	
kimsesizler yurdu	n.		homeless shelter	
kabul edilemez	adj.		unacceptable	
akıl hastanesi	n.		mental hospital	
-in sorumluluğu üstlenmek	v.		to claim responsibility for	
-in sorumluluğu almak	v.		to take responsibility for	
gazi	n.		veteran	
kimsesiz	adj.		homeless	
kimsesizlik	n.		homelessness	
sokağa düşmek	v.		to end up on the streets	
sokakta yatmak	v.		to sleep on the streets	
aç gözlü	adj.		greedy	
cimri	adj.		stingy	
servet	n.		wealth	
hayır severlik	n.		philanthropy	
hayır sever	n.		philanthropist	
kat kat giyinmek	v.		to dress in layers, to dress warmly	
devrimci	n.		revolutionary	
Çok yakışmış.			It suits you.	
cici	adj.		fun, classy, cute	
iç sesi	n.		inner voice	
Bu tartışma haftalarca sürecek.			This controversy will last for weeks.	
kırıcı	adj.		offensive	
göçebe	n.		nomad	
beyaz ırk	adj.		caucasian	
baykuş	n.		owl	
çene	n.		chin, jaw	
uyku	n.		sleep	
feryat	n.		cry, shriek	
canı sıkılmak	v.		to be bored	
-a alışkın olmak	v.		to be used to stg.	
sahanda	adj.		fried	
-dan sarkmak	v.		to hang down, to lean out of	
sözcük	n.		word	
geğirmen	n.		burp	
muazzam	adj.		enormous	
tava	n.		skillet, frying pan	
iskemle	n.		stool, chair	
gümbürtü	n.		boom, crash	
damar	n.		vein	
şakaklar	n.		temples (head)	
siperi	n.		trench (war)	
çürük	n.		cavity (tooth)	
vatan hasreti çıkmak	v.		to be homesick	
Özgür Suriye Ordusu (ÖSO)	n.		Free Syrian Army (rebels)	
üzücü	adj.		saddening	
kalkan	n.		shield	
adeta			as it were, so to speak	
nitelik	n.		eligibility	
vergi ödemek	v.		to pay taxes	
Vergi Dairesi	n.		IRS	
kuruyemiş	n.		dried fruit and nuts	
yer fıstığı	n.		peanut	
Şam fıstığı	n.		pistachio	
antep fıstığı	n.		pistachio	
badem	n.		almond	
ceviz	n.		walnut	
kuru üzüm	n.		raisin	
fare	n.		mouse	
sıçan	n.		rat	
Haliç	n.		the Golden Horn	
ördek	n.		duck	
Böyle giderse...			If it continues like this...	
Bu gidişle...			At this rate...	
Henüz kesin değil, ama...			It is not certain yet, but...	
-da kopya çekmek	v.		to cheat (on a test)	
-i aldatmak	v.		to cheat (on a person)	
Bu bana küçük gelir.			It's too small for me. (clothing, shoes)	
birbirimiz			each other (us)	
birbirleri			each other (them)&nbsp;	
birbiriniz			each other (you)	
Birbirimizle iyi anlaşıyoruz.			We get along well.	
Birbirlerinden hoşlanıyorlar.			They like each other.	
ben merkezli	adj.		self-centered	
tuğla	n.		brick	
birleşim	n.		combination	
demlemek	v.		to steep, to brew (tea)	
azab	n.		punishment	
vicdan azabı	n.		remorse, guilty conscience	
mahvolmak	v.		to be ruined	
dindirmek	v.		to alleviate	
kabullenmek	v.		to accept, to concede	
rol yapmak	v.		to act	
eleştirici	adj.		critical	
konuşma yazarlığı	n.		speechwriting	
gizli tutulması gereken bir şey			something that must be kept secret	
Bu noktada sözünü kesebilir miyim?			May I interrupt you at this point?	
yaşamamın geri kalan kısmı			the rest of my life	
pişmanlik duymak	v.		to regret	
Fikrimi değiştirdim.			I changed my mind.	
-mak yerine			instead of -ing	
Herşey yolunda mı?			Is everything ok?	
Hiçbirşey yolunda gitmiyor.			Nothing is going right.	
yirminci yüzyılın başında			at the beginning of the 20th century	
yirminci yüzyılın sonunda			at the end of the 20th century	
yirminci yüzyılın ortasında			in the middle of the 20th century	
X olarak algılanmak			to be perceived as X	
çocuk sahibi olmak	v.		to have kids	
-i askıya almak	v.		to postpone, to put off	
Evdeki hesap çarşıya uymaz.			Things don't work out as planned.	
Alışmam biraz zaman aldı.			It took me a while to get used to it.	
sorumluca	adv.		responsibly	
Kafam bulanık.			I feel foggy.<div>I'm a little out of it.</div>	
park izni	n.		parking pass	
meshebi	adj.		sectarian	
parçalanmış	adj.		divided	
bölümmüş	adj.		divided	
her yaşta insanlar			people of all ages	
katletmek	v.		to massacre	
Benim için fark etmez.			It doesn't matter to me.<div>I don't care.</div>	
hasarlı	adj.		damaged	
Azerbaycan	n.		Azerbaijan	
asker kaçağı	n.		draft-dodger	
bot	n.		hiking boot, work boot	
sabahlık	n.		bathrobe	
manto	n.		woman's coat	
sütyen	n.		bra	
külot	n.		underwear	
don	n.		underwear	
iç çamaşır	n.		underwear	
atkı	n.		scarf	
ince çorap	n.		tights	
yüksek topuklu ayakkabılar	n.		high heels	
tokyo	n.		flip-flops	
üst	n.		outfit	
üstünü değiştirmek	v.		to change clothes	
fermuar	n.		zipper	
fermuarı çekmek	v.		to zip	
-a uymak	v.		to fit (clothes)	
-a tam gelmek	v.		to fit	
siradan bir adam			a regular guy	
misafirperver	adj.		hospitable	
misafirperverlik	n.		hospitality	
modaya uygun	adj.		fashionable	
mağara	n.		cave	
mühkemmel	adj.		perfect	
yiyip içmek	v.		to eat and drink	
Şükran Günü	n.		Thanksgiving	
standart vitesli	adj.		stick-shift	
otomatik vitesli	adj.		automatic (car)	
dizel	n.		diesel	
dizelli aracı	n.		diesel vehicle	
Şans eseri...			Luckily...	
motoru yakmak	v.		to ruin the engine	
(motoru) çalıştırmak	v.		to start a car	
İyi ki...			Luckily...<div>It's a good thing that...</div>	
benzin tabancası	n.		gas nozzle	
mazot	n.		diesel	
Ara verelim.			Let's take a break.	
Onun yerine...			Instead of that...	
Yarı Yarıya	n.		Half &amp; Half	
Bu bana ilginç geliyor.			This is interesting to me.	
Bunu ilginç buluyorum.			I find this interesting.	
Bunun ilginç olduğunu düşünüyorum.			I think that this is interesting.	
yazılı dil	n.		written language	
adet görmek	v.		to get one's period	
-la rahat hissetmek	v.		to be comfortable with	
sinagog	n.		synagogue	
havra	n.		synagogue	
konuşmada<div>konuşma sırasında</div>			during conversation	
Tuhafıma gitti.			It seems strange to me.	
Mesela atıyorum...			Throwing an example out there...	
az evvel<div>biraz önce</div>			shortly before, a little earlier	
nasihat	n.		advice	
er geç<div>er ya da geç</div>			sooner or later, eventually	
Dominik Cumhuriyeti	n.		Dominican Republic	
çoktan			already, for a while now	
gırtlak sesi	adj.		guttural	
kalıntı	n.		ruin	
yıkıntı	n.		ruin	
geri dönüştürmek	v.		to recycle	
geri dönüşüm maddeleri	n.		recycled materials	
çoban	n.		shepherd	
-ın tadını çıkarmak	v.		to enjoy, to take advantage of.	
-a zaman			time to do stg.	
Avrupa ülkeleri	n.		European countries	
bebek ölüm oranı	n.		infant mortality rate	
Latin Amerika	n.		Latin America	
doğum oranı	n.		birth rate	
çok fazla			too much, too many	
daha fazla<div>daha çok</div>			more	
çocuğa sahip olmak			to have kids (currently, in general)	
orantı	n.		proportion, ratio	
ters orantı	n.		inverse ratio	
sesi kısmak	v.		to turn down the volume	
sesi yükseltmek	v.		to turn up the volume	
ümük	n.		throat	
sözleşmeli okul	n.		charter school	
pabuç bağlı	adj.		with tied hands, powerless	
karşılaştırma	n.		comparison	
başkaldırmak	v.		to rise up, to revolt	
ayyaş	adj.		drunk	
çoağaltmak	v.		to increase, to multiply, to reproduce	
mazlum	adj.		oppressed	
bile bile	adv.		knowingly	
öğrenci kredisi	n.		student loans	
Bu kadar paraya değer mi?			Is it worth that much money?	
pratisyen doktor	n.		general practitioner	
uzman doktor	n.		specialist (medicine)	
çoktan seçmeli soru	n.		multiple-choice question	
Dikkatım dağılmış.			I'm distracted.	
peşin ödemek	v.		to pay up front, to pay a lump sum	
emekli ikramiyesi	n.		retirement bonus	
esrar bulundurmaktan suçlu	n.		marijuana possession (charge)	
yandında esrar olan kişi	n.		person charged with marijuana possession	
-diği ortaya çıkmak	v.		to turn out that	
Benim haklı olduğum ortaya çıktı.			It turned out that I was right.	
Cezayir	n.		Algeria	
azarlamak	v.		to scold	
taban	n.		floor, base (political)	
zemin	n.		bottom layer, foundation	
-i yetiştirmek	v.		to raise so.	
-i ... -a borçlu olmak	v.		to owe stg. to so.	
ihale	n.		bid (business)	
danışmanlık ücreti	n.		consulting fee	
para toplama	n.		fundraising	
unlu mamuller	n.		baked goods	
obezlik	n.		obesity	
obez	adj.		obese	
gelir düzeyi	n.		income level	
katkı maddesi	n.		additive (food)	
(tarladan) toplamak	v.		to harvest	
seçici bir yiyici	n.		picky eater	
sırasını değiştirmek	v.		to change the order	
başlangıçta			originally	
kendi aralarında			among themselves	
