Phrase	Grammar	Transcription	Translation	Notes
של		shel	of / belongs to	
את		at	you (f.s.)	
את		et	the (direct object)	
על		al	on / about / top	
לא		lo	no	
הוא		hu	he	
עם		im	with	
עם		am	people / nation	
כי		ki	because	
היה		haya	was (m.s.)	
זה		ze	this / that	
גם		gam	also / too	
ב		be	in	
כל		kol	all	
ה		ha	the	
בין		bein	between / among	
בין		bin	within	
או		o	or	
אל		el	to / God	
אל		al	don't	
אך		akh	but / hardly	
יותר		yoter	more	
היא		hi	she	
לאחר		le'akhar	after	
לאחר		le'akher	to be late	
לאחר		la'akher	to/for the other	
אבל		aval	but	
אבל		evel	mourning	
אבל		avel	mourner	
ל		le	to	
ל		la	to the	
היו		hayu	were (m.)	
עד		ad	until / eternity	
עד		ed	witness	
זו		zo	this (f.)	
הם		hem	they (m.)	
אשר		asher	that / which	
הייתה		haita	she was	
בשנת		bishnat	in the year [X] / in the year of	
כך		kakh	so / like this / thus	
רק		rak	only	
אף		af	also / even / nose	
ביותר		beyoter	most, very much	
אני		ani	I / me	
עוד		od	more	
עוד		ud	musical instrument	
רבים		rabim	many	
רבים		ravim	fighting (m.pl.)	
כמו		kmo	like / as	
בית		bayit	home / house	
אם		im	if	
אם		em	mother	
זאת		zot	this (f.)	
שם		sham	there	
שם		shem	name	
יש		yesh	there is / one must	
מה		ma	what	
לי		li	to me / for me	
כן		ken	yes / sincere	
כן		kan	stand (n.)	
כ		ke	like / as / approximately	
לו		lo	to him	
לו		lu	if (wishing)	
מספר		mispar	number	
מספר		mesaper	tell (m.s.) / narrator	
בו		bo	in him / in it	
העיר		ha'ir	the city	
העיר		he'ir	made a comment / woke someone up (m.s.)	
מ		me	from	
כדי		kedei	in order to	
אותו		oto	him / it	
דבר		davar	thing / matter / something / word / speech / saying / command / to speak / to say	
דבר		dever	plague	
דבר		daber	speak (m.s. imperative)	
ו		ve	and	
ו		u	and	
בכל		bekhol	in all / at all	
אלו		elu	these	
שני		sheni	second	
שני		shnei	two	
שני		shani	scarlet	
אלה		ele	these	
אלה		ela	goddess	
אלה		ala	bat	
כאשר		ka'asher	when / while	
אין		ein	there is no	
אין		ain	nothing / naught / where	
אמר		amar	said (m.s.)	
באופן		beofen	in a way	
הברית		habrit	the pact / the alliance / the covenant / the circumcision	
מן		min	from	
שלא		shelo	that [is] not	
ידי		yadai	my hands	
ידי		yadi	my hand	
ידי		yedei	the hands of	
לפני		lifnei	before / in front of / ago	
הן		hen	they (f.)	
העולם		ha'olam	the world	
פי		pi	my mouth / multiplied by	
במהלך		bemahalakh	during	
שלו		shelo	his / belongs to him	
שלו		shalev	calm	
בה		ba	in her / in it	
מאד		me'od	very	
ניתן		nitan	possible	
ניתן		niten	we will give	
אז		az	then	
בעל		ba'al	owner / husband	
אחרים		akherim	other (m.pl.) / others (m.)	
דרך		derekh	way / road	
דרך		darakh	stepped on (m.s.)	
ולא		velo	and not	
ולא		valo	if not	
חלק		khelek	part	
חלק		khalak	smooth / shared (m.s.)	
אותה		ota	her / it	
בן		ben	son	
בני		bni	my son	
בני		banai	my sons	
אולם		ulam	but / hall	
אחר		akher	other	
אחר		akhar	after	
כמה		kama	how many / how much / some / yearned (m.s.)	
כמה		kameha	yearn (m.s.)	
המאה		hame'a	the century / the hundred	
החל		hekhel	started (m.s.)	
החל		hakhel	starting from	
נגד		neged	against	
אנשי		anshei	the people of	
אותם		otam	them (m.)	
כלל		klal	rule / all	
כלל		kalal	included (m.s.)	
מנת		menat	a portion of	
כיום		kayom	today / nowadays	
שונים		shonim	different / various (m.pl.)	
המלחמה		hamilkhama	the war	
שנים		shanim	years	
שנים		shnayim	two	
כבר		kvar	already	
רב		rav	Rabbi // fought (m.s.) / many / much	
רב		rov	most / majority	
בשל		beshel	because of	
בשל		bashel	ripe	
בשל		bishel	cooked (m.s.)	
בהם		bahem	in them (m.)	
גדול		gadol	big / large (m.s.)	
להם		lahem	to them (m.)	
בעיקר		be'ikar	mainly / principally / especially	
אלא		ela	but / only	
היום		hayom	today	
במקום		bimkom	instead of / in place	
במקום		bamakom	in place / in the place	
במקום		bemakom	in a place	
שהיה		shehaya	that was (m.s.)	
וכן		vekhen	and also	
הרב		harav	the many / the rabbi	
הרב		harov	the majority	
שבו		shebo	that in him / that in it	
זמן		zman	time	
יכול		yakhol	can (m.s.)	
להיות		lihiyot	to be	
לה		la	to her	
יהודים		yehudim	Jews	
היהודים		hayehudim	the Jews	
נוספים		nosafim	additional (m.pl.)	
הים		hayam	the sea	
ללא		lelo	without	
מקום		makom	place	
חיים		khaim	life / (could also be a name)	
המדינה		hamedina	the state	
הארגון		ha'irgun	the organization	
אחרי		akharei	after	
רבות		rabot	many (f.) / a lot	
רבות		ravot	fight (f.pl.)	
שהוא		shehu	that he / that is (m)	
שנה		shana	year / studied (m.s.)	
בעלי		ba'ali	my husband	
בעלי		ba'alei [tshuva]	the owner(s) of	
בעלי		ba'alei [tshuva]	repentant	
מתוך		mitokh	out of / from	
תוך		tokh	inside / interior / content	
ראש		rosh	head	
מלחמת		milkhemet	the war of	
אדם		adam	person / man / human being / Adam	
מול		mul	against / in front of	
איש		ish	person / man / husband	
בדרך		baderekh	on the way	
בדרך		bederekh	on a way	
נוספת		nosefet	additional (f.s.)	
שימוש		shimush	use	
כגון		kegon	such as	
יום		yom	day / daylight	
באמצעות		be'emtsa'ut	through / by way of / by	
מכן		miken	of that / from then / of you (f.pl.)	
במשך		bemeshekh	during / in the course of	
ואף		ve'af	and also / and even / and nose	
לך		lekha	to you / for you (m.s.)	
לך		lakh	to you / for you (f.s.)	
לך		lekh	go / walk (m.s. Imperative)	
האדם		ha'adam	the man / the person	
אתה		ata	you (m.s.)	
בשם		beshem	in the name of / called	
ועל		ve'al	and on / and about	
הממשלה		hamemshala	the government	
לכל		lekhol	to all	
לכל		lakol	to everybody	
תחת		takhat	under / beneath / instead of	
לעתים		le'itim	sometimes	
הזה		haze	this (m.)	
הזה		haza	hallucinated (m.s.)	
מהם		mehem	from them	
מהם		mahem	what are (m.pl.)	
למרות		lamrot	despite	
אמרה		amra	said (f.s.)	
אמרה		imra	phrase / fringe	
עצמו		atsmo	himself	
שנות		shnot	the years of	
כמעט		kim'at	almost	
אינו		eino	is not / is not here (m.s.)	
בנוסף		benosaf	in addition	
בידי		bidei	in the hands of	
בידי		beyadi	in my hand	
בידי		beyadai	in my hands	
בעקבות		be'ikvot	in the footsteps of / following / as a result of	
בעיר		be'ir	in a city	
בעיר		ba'ir	in the city	
לפי		lefi	according to / to my mouth	
בקרב		bekerev	among	
בקרב		bekrav	in a battle	
בקרב		bakrav	in the battle	
כפי		kefi	as	
כפי		kapi	my palm / my spoon	
המשחק		hamis'khak	the game	
המשחק		hamesakhek	the one who plays	
מי		mi	who	
רוב		rov	most	
עבור		avur	for	
ואת		ve'et	and the	
ואת		ve'at	and you (f.s.)	
בעת		be'et	at a time (of)	
בעת		ba'at	phobia	
ארצות		aratsot	countries	
למשל		lemashal	for example	
הצבא		hatsava	the army	
ההגנה		hahagana	the defense	
כלי		kli	article / dish / vessel / ware / tool	
נוסף		nosafim	additional (m.pl.)	
באזור		be'ezor	in an area	
באזור		ba'ezor	in the area	
טוב		tov	good (m.s.)	
בעולם		ba'olam	in the world	
כוחות		kokhot	powers / forces / strength	
בתוך		betokh	inside	
הארץ		ha'arets	the country / the earth / Israel	
פני		pnei	the face of	
פני		panai	my face	
בארץ		be'arets	in a country	
בארץ		ba'arets	in the country / in Israel	
והוא		vehu	and he	
הדבר		hadavar	the thing / the object / the item / the matter	
הדבר		hadever	the plague	
בלבד		bilvad	only	
כוח		ko'akh	power / force / strength	
בבית		babayit	at home / in the house	
בבית		bebayit	in a house	
בבית		bebeit	in the house of	
מאז		me'az	since then	
החיים		hakhaim	the life	
ימים		yamim	days	
לאורך		le'orekh	through / along	
לאורך		la'orekh	longitudinally	
מים		mayim	water	
הרבה		harbe	many / a lot	
הרבה		hirba	(did something) a lot (m.s.)	
בלתי		bilti	not / no / im- / in- / un- / dis- / except	
עליו		alav	on him / about him	
אביב		aviv	spring	
מעל		me'al	above / over / on top	
מעל		ma'al	embezzled (m.s.)	
מעל		ma'al	embezzlement / treachery	
הגדול		hagadol	the big / the large (m.s.)	
אי		i	island / not / no / im- / in- / un- / dis-	
הספר		hasefer	the book	
הספר		hasfar	the border	
הספר		hasapar	the barber	
פעם		pa'am	once / once upon a time	
פעם		pa'am	beat (m.s.)	
ראו		ra'u	saw (m.pl.)	
בכך		bekhakh	by this	
נראה		nir'e	looks	
נראה		nir'a	looked	
לבין		levein	and between	
ועד		ve'ad	and until	
ועד		va'ad	committee / board	
ועד		ve'ed	and a witness	
כנגד		keneged	against	
רבה		rava	fought (f.s.)	
שבה		shava	returned (f.s.)	
שבה		sheba	that in her	
מדי		midai	too	
מדי		midei	whenever / as often as	
מדי		madei	the uniform of	
בסוף		basof	at the end	
בסוף		besof	at the end of	
המפלגה		hamiflaga	the party (political)	
במיוחד		bimyukhad	especially	
שונות		shonut	difference / variation / variance (stat.)	
שונות		shonot	different / various (f.pl.) / miscellaneous	
המים		hamayim	the water	
וגם		vegam	and also	
ככל		kekhol	the more / as far as	
שהיו		shehayu	that were	
בתקופה		bitkufa	in a period / in an era	
בתקופה		batkufa	in the period / in the era	
אצל		etsel	in the possession of / at / near	
עדיין		adayin	still / yet	
השנים		hashanim	the years	
לכך		lekhakh	to it	
יהודי		yehudi	Jew / Jewish (m.s.)	
ערך		erekh	value	
ערך		arakh	edited / arranged / held (m.s.)	
עכשיו		akhshav	now	
החלו		hekhelu	started (pl.)	
בזמן		bizman	at the time [of]	
בזמן		bazman	on time	
הכוחות		hakokhot	the powers / the forces / the strength	
עץ		ets	tree / wood	
חיל		khayal	soldier (m)	
חיל		khayil	corps / forces / success	
חיל		khil	fear	
אפשר		efshar	possible (adv.)	
אפשר		ifsher	enabled / facilitated (m.s.)	
בעוד		be'od	while	
בתי		batei	the houses of / the homes of	
בתי		biti	my daughter	
שלה		shela	hers	
האי		ha'i	the island	
באותה		be'ota	in the same / at the same (f.s.)	
גדולה		gdola	big / large (f.s.)	
הגיע		hegi'a	arrived (m.s.)	
יחד		yakhad	together	
למעשה		lema'ase	actually / in fact	
צבא		tsava	army	
מעט		me'at	a little / a few	
ועוד		ve'od	and more / and still / plus	
שלהם		shelahem	theirs	
עלי		alai	on me / about me	
עלי		ali	go up (f.s. Imperative)	
ביניהם		beinehem	between them (m.)	
והן		vehen	and they (f.)	
ים		yam	sea	
ובין		uvein	and between	
הכל		hakol	everything	
הרי		harei	here is / you see / the mountains of	
אינם		einam	are not / are not here (m.pl.)	
בתחילת		bitkhilat	at the beginning of	
האדמה		ha'adama	the land / the earth / the soil / the ground	
המשפט		hamishpat	the sentence / the trial	
בצורה		betsura	in a way / in a shape / in a form	
בצורה		batsura	in the way / in the shape / in the form	
סוף		sof	end	
זכה		zakha	won (m.s.)	
זכה		zaka	pure (f.)	
מחוץ		mikhuts	outside of	
מחוץ		makhuts	crushed	
בתקופת		bitkufat	in the time of / in the period of / in the era of	
פה		po	here	
פה		pe	mouth	
דומה		dome	similar	
במסגרת		bemisgeret	in a frame / in a framework	
במסגרת		bamisgeret	in the frame / in the framework	
האימפריה		ha'imperia	the empire	
אנשים		anashim	people	
מערכת		ma'arekhet	system / editorial board	
אולי		ulai	Maybe / perhaps	
השמש		hashemesh	the sun	
השמש		hashamash	the attendant	
ספר		sefer	book	
ספר		sfar	border	
ספר		sapar	barber	
ספר		safar	counted (m.s.)	
ספר		siper	told (m.s.)	
עניינים		inyanim	matters	
שהיא		shehi	that she / that is (f.s.)	
אינה		eina	is not / is not here (f.s.)	
שנת		shnat	year [X] / year of	
שלי		sheli	mine	
לראות		lir'ot	to see	
ולכן		velakhen	and therefore / and to/for you (f.pl.)	
בשנים		bashanim	in the years	
בשנים		beshanim	in years	
כתב		ktav	writing	
כתב		katav	wrote (m.s.) / reporter	
הקרב		hakrav	the battle	
קטן		katan	small / little (m.s.)	
ביום		beyom	on [day / date] / per day	
ביום		bayom	during the day	
מפני		mipnei	because	
לשם		lesham	[to] there	
לשם		lashem	[to/for] the name	
לשם		leshem	for the sake of	
לשם		leshem	opal	
תוכן		tokhen	content	
הכוח		hako'akh	the power / the force / the strength	
הגיעו		hegi'u	arrived (pl.)	
בשנות		bishnot	in the years of	
בארצות		be'aratsot	in countries	
בארצות		ba'aratsot	in the countries	
הדרך		haderekh	the way / the road	
חיילים		khayalim	soldiers	
תוכנית		tokhnit	program / plan	
הסרט		haseret	the movie / the ribbon/strip	
שוב		shuv	again / return (m.s. imperative)	
עקב		ekev	due to / because of	
עקב		akav	followed (m.s.)	
עקב		akev	heel	
שהם		shehem	that they (m.) / that are (m.pl.)	
נעשה		na'asa	done	
נעשה		na'ase	we will do	
לקראת		lilkrat	towards	
בהן		bahen	in them (f.)	
הזמן		hazman	the time	
מיליון		milyon	million	
המלך		hamelekh	the king	
שכן		shakhen	neighbor (m.s.)	
שכן		shakhan	lived / dwelt (m.s.)	
יהיה		yihiye	will be (m.s.)	
המועצות		mo'etset	council of	
ממנו		mimenu	from him	
קשה		kashe	difficult / hard (m.s.)	
קשה		kasha	difficult / hard (f.s.)	
עבר		avar	passed / crossed / went through (m.s.)	
אחרות		akherot	other (f.pl.) / others	
השלטון		hashilton	the authority / the reign / the government	
צריך		tsarikh	need / necessary / should / must	
חידק		khaydak	bacterium	
היהודית		hayehudit	the Jewish (f.s.)	
נמצא		nimtsa	is found / is [at] (m.s.)	
הר		har	mountain	
מבנה		mivne	structure	
החדשה		hakhadasha	the new (f.s.)	
מכל		mikol	from all	
בפני		bifnei	in front of / in the presence of	
בפני		befanai	in front of me / in my presence	
הקמת		hakamat	(the) establishment of	
אנחנו		anakhnu	we	
קבוצת		kvutsat	group of	
שבהם		shebahem	that in them (m.)	
כולל		kolel	includes / including	
חיצוניים		khitsonim	external (m.pl.)	
ימי		yami	marine (m.s.)	
הביניים		habeinayim	the mid / the middle / the intermediate	
ברחבי		berakhvei	all over	
למעלה		lemala	up / upward	
מדינות		medinot	states	
היהודי		hayehudi	the Jew / the Jewish (m.s.)	
יחסית		yakhasit	relatively	
התנועה		hatnu'a	the movement / the motion / the traffic	
האלים		ha'elim	the gods	
מינים		minim	kinds / species / genders	
אליו		elav	to him / to it (m.s.)	
החברה		hakhavera	the friend (f.s.)	
החברה		hakhevra	the company / the society	
ארץ		erets	country / land / earth	
המבנה		hamivne	the structure	
הבית		habayit	the house / the home	
המכונה		hamekhona	the machine	
המכונה		hamekhune	that is called / aka (m.s.)	
המכונה		hamekhuna	that is called / aka (f.s.)	
העם		ha'am	the people	
משום		mishum	because	
הצליחו		hitslikhu	succeeded (pl.)	
המרד		hamered	the rebellion	
לתוך		letokh	into	
יכולים		yekholim	can (m.pl.)	
סביב		saviv	around	
מותו		moto	his death	
לב		lev	heart	
עתה		ata	now	
מעבר		ma'avar	transition / pass	
מעבר		me'ever	beyond / across	
לדוגמה		ledugma	for example	
האם		ha'im	if / is it / whether	
האם		ha'em	the mother	
הצליח		hitsliakh	succeeded (m.s.)	
מחדש		mekhadash	from the beginning	
מחדש		mekhadesh	renews / innovates (m.s.)	
לארץ		la'arets	to the country / to Israel	
העונה		ha'ona	the season / this season / that/who answers (f.s.)	
ברית		brit	pact / alliance / covenant / circumcision	
לנו		lanu	for us / to us / slept overnight (pl.)	
קישורים		kishurim	links / the connections / the bindings	
האלה		ha'ele	these	
האלה		ha'ela	the goddess	
מזה		mize	from this (m.)	
ראשי		rashi	main / principal	
עמד		amad	stood / was about to / endured / succeeded / insisted on (m.s.)	
תל		tel	hill	
בצפון		batsafon	in the north	
בצפון		bitsfon	in the north of	
לכן		lakhen	therefore / to/for you (f.pl.)	
ההנדסה		hahandasa	the engineering	
מבלי		mibli	without	
לרוב		larov	mostly	
לרוב		lerov	to/for the majority	
שבין		shebein	that is between / that is among	
יד		yad	hand	
פעולה		pe'ula	action / operation / deed / transaction	
גוף		guf	body	
יחידות		yekhida	unit / squad / only / single (f.s.)	
שאני		she'ani	that I	
בא		ba	coming / came (m.s.)	
ידוע		yadu'a	known	
ולאחר		vele'akhar	and after	
ולאחר		vele'akher	and to another / and to be late	
ולאחר		vela'akher	and to the other	
תקופה		tkufa	period / era	
תקופת		tkufat	period of / era of	
אפילו		afilu	even / although	
למצוא		limtso	to find	
קודם		kodem	earlier	
קודם		kodem	former / previous (m.s.)	
לצד		letsad	to a side / to the [right/left] / next to	
לצד		latsad	to the side	
הקהילה		hakehila	the community	
הייתי		hayiti	I was	
במאה		beme'a	in a hundred	
במאה		bame'a	in the century	
הגוף		haguf	the body	
מבחינה		mibkhina	from an aspect	
מבחינה		mavkhina	observes (f.s.)	
יצא		yatsa	went out / came out (m.s.)	
שונה		shone	different (m.s.)	
שהייתה		shehaita	that/who was / that she was	
אבן		even	stone	
לראשונה		larishona	for the first time	
למען		lema'an	for	
מזון		mazon	food	
הפך		hafakh	inverted / converted / turned / become / transformed (m.s.)	
קו		kav	line	
הבחירות		habkhirot	the elections / the selections	
בניין		binyan	building	
שושלת		shoshelet	dynasty	
רקע		reka	background	
כזה		kaze	like this / such	
גדולים		gdolim	big / large (m.pl.)	
קיבל		kibel	received / accepted (m.s.)	
הספינה		hasfina	the ship	
עלה		ala	went up / climbed / increased / immigrated (to Israel) (m.s.)	
עלה		ale	leaf	
יכולה		yakhola	can (f.s.)	
לבסוף		levasof	finally / eventually	
אזור		ezor	area / region / zone	
משנת		mishnat	from the year [X] / from the year of	
השימוש		hashimush	the use	
הפעם		hapa'am	this time	
מיד		miyad	immediately	
מין		min	kind / species / gender / sex	
וכי		vekhi	if	
אחרת		akheret	other (f.s.) / otherwise	
השנה		hashana	this year	
אותי		oti	me	
איך		eikh	how	
המשיך		himshikh	continued (m.s.)	
בעזרת		be'ezrat	with the help of	
כתוצאה		ketotsa'a	as a result	
נשק		neshek	weapon	
נשק		nashak	kissed (m.s.)	
איזה		eize	which / what (m.)	
האחרון		ha'akharon	the last (m.s.)	
הגדולה		hagdola	the big / the large (f.s.)	
ליד		leyad	near / next to	
כלומר		klomar	meaning	
שום		shum	nothing / garlic	
פחות		pakhot	less / minus	
פחות		pakhut	inferior / lesser (m.s.)	
בראש		berosh	at the top / leading / in a head	
בראש		barosh	at the top / leading / in the head	
דם		dam	blood	
חברת		khavrat	friend of / member of (f.s.)	
חברת		khevrat	company of	
פעמים		pe'amim	times	
השם		hashem	the name / God	
להגיע		lehagi'a	to arrive	
החלה		hekhela	started (f.s.)	
חומרים		khomarim	materials	
היטב		heytev	well / properly	
העליון		ha'elyon	the upper / the top / the utmost / the superior (m.s.)	
קרב		krav	battle	
קרב		karev	getting close / approaches (m.s.)	
נוספות		nosafot	additional (f.pl.)	
הקיסר		hakeysar	the Caesar	
האוויר		ha'avir	the air	
מרכז		merkaz	center	
רוצה		rotse	wants (m.s.)	
מלחמה		milkhama	war	
מכיוון		mekivun	from the direction of / from adjustment / from tuning	
מכיוון		mikeivan	because	
שיש		sheyesh	that there is	
כה		ko	so / this way	
מאת		me'et	from / by	
מטרים		metrim	meters	
היער		haya'ar	the forest	
הלא		halo	is it not / indeed	
עליה		aleha	on her / about her	
מצב		matsav	state / situation	
הכנסת		hakneset	the Knesset (the Israeli parliament)	
לעומת		le'umat	compared with / against / opposite	
תנועת		tnu'at	movement of / motion of / traffic of	
פעולות		pe'ulot	actions / operations / deeds / transactions	
מעולם		me'olam	never	
תמיד		tamid	always	
מאות		me'ot	hundreds / centuries	
שמו		samu	placed / put (pl.)	
שמו		shmo	his name	
מצד		mitsad	from a side / from the [right/left]	
בשלב		beshalav	at a stage / at a phase	
בלי		bli	without	
רוח		ru'akh	wind / spirit / ghost	
חדש		khadash	new (m.s.)	
היחיד		hayakhid	the only / the single / the individual	
בהמשך		bahemshekh	Later / later on	
בהמשך		behemshekh	Later / later on	
ארגון		irgun	organization	
לעשות		la'asot	to do	
חדשים		khadashim	new (m.pl.)	
קצר		katsar	short (m.s.)	
בעלות		ba'alut	ownership	
בניגוד		benigud	in contrast / contrary to	
פעילות		pe'ilut	activity	
דגל		degel	flag	
מסוימים		mesuyamim	specific (m.pl.)	
במשחק		bemis'khak	in a game	
במשחק		bamis'khak	in the game	
במקביל		bemakbil	in parallel / simultaneously	
בעבר		ba'avar	in the past	
בסיס		basis	basis / base	
לבית		leveit	to the house of / to the home of	
לבית		labayit	to the house / to the home	
החדש		hakhadash	the new (m.s.)	
להשתמש		lehishtamesh	to use	
במספר		bemispar	at a number	
הקבוצה		hakvutsa	the group	
קיים		kayam	exists (m.s.)	
המקום		hamakom	the place	
וכך		vekhakh	and so	
ואילו		ve'ilu	whereas	
הנה		hine	here is	
הנה		hena	[to] here	
הנה		hina	is (f.s.)	
מאנית		manit	manic (f.s.)	
היישוב		hayeshuv	the settlement / the civilization	
הזקנה		hazkena	the old (f.s.)	
הזקנה		hazikna	the old age	
הנמלה		hanemala	the ant	
ואני		ve'ani	and I / and me	
נכון		nakhon	correct / ready (m.s.)	
העץ		ha'ets	the tree / the wood	
סמים		samim	drugs	
מאוחר		me'ukhar	late	
הבנק		habank	the bank	
באותו		be'oto	in the same / at the same (m.s.)	
לגבי		legabei	regarding	
כלפי		klapei	towards	
כלפי		klapai	towards me	
בימי		bimei	on [days] / in the days of	
הסדרה		hasidra	the series	
חשוב		khashuv	important (m.s.)	
ובו		uvo	and in him / and in it	
מטר		meter	meter	
מטר		matar	rain shower	
ואז		ve'az	and then	
האחרים		ha'akherim	the other (m.pl.) / the others (m.)	
אור		or	light	
לידי		liydei	to / to the hands of	
לידי		leyadi	near me / next to me	
ישנם		yeshnam	there are (m.)	
מילים		milim	words	
ליצור		litsor	to form / to create / to make	
שטח		shetakh	area / field / territory	
מורחב		murkhav	widened / broadened	
אשכול		eshkol	cluster	
שאין		she'ein	that there is no	
בגלל		biglal	because	
ברור		barur	clear / obvious (m.s.)	
גבוה		gavoha	high / tall (m.s.)	
הדין		hadin	the judgment / the sentence / the law	
הכפר		hakfar	the village	
העצים		ha'etsim	the trees / the logs	
הביא		hevi	brought (m.s.)	
השונים		hashonim	the different / the various (m.pl.)	
העברית		ha'ivrit	the Hebrew	
המתמטיקה		hamatematika	the mathematics	
ממש		mamash	really	
עת		et	time	
חדשה		khadasha	new (f.s.)	
הרימון		harimon	the pomegranate / the grenade	
מת		met	dead / died (m.s.)	
והיא		vehi	and she	
בת		bat	girl / daughter	
קשר		kesher	tie / bond / link / connection	
מדינת		medinat	the state of	
אותן		otan	them (f.)	
עצמם		atsmam	themselves	
נחשב		nekhshav	is considered / was considered (m.s.)	
התקופה		hatkufa	the period / the era	
לעולם		le'olam	forever	
לעולם		la'olam	to/for the world	
העבודה		ha'avoda	the work	
במידה		bemida	of a measure / of size / of a quality / to the extent that / [if (slang)]	
שוליים		shulayim	margins / edges / fringe	
זכויות		zkhuyot	rights / privileges	
קרא		kara	read / called (m.s.)	
הגדולים		hagdolim	the big / the large (m.pl.)	
הלחימה		halekhima<span style='mso-spacerun:yes'>  </span>	the warfare / the fighting	
הלחימה		hilkhima	soldered (f.s.)	
שאל		sha'al	asked / borrowed (m.s.)	
הזאת		hazot	this (f.)	
מקור		makor	source / beak	
חברי		khaveri	my friend / friendly	
חברי		khaverai	my friends	
חברי		khavrei	friends of / members of	
דיוויזיות		divizyot	divisions	
מיני		minei	kinds of / species of	
בתל		betel	on a hill	
בתל		batel	on the hill	
שימש		shimesh	was used / served (m.s.)	
ויותר		veyoter	and more	
הביאו		hevi'u	brought (pl.)	
במקומות		bimkomot	in/at places	
במקומות		bamekomot	in/at the places	
הנני		hineni	I am / here I am	
מפקד		mefaked	commander	
מפקד		mifkad	census / muster	
שלאחר		shele'akhar	that after	
מבין		mibein	from between / from among	
מבין		mevin	understand (m.s.)	
ממנה		mimena	from her	
עצים		etsim	trees / logs	
שינוי		shinui	change	
הדגל		hadegel	the flag	
הדמוקרטיה		hademokratya	the democracy	
בכלל		bikhlal	at all	
עליהם		aleihem	on them / about them (m.)	
מכך		mikakh	from this	
כמות		kamut	quantity / amount	
היסטוריה		historia	history	
אלי		elai	to me	
אלי		eli	my god	
קיימים		kayamim	exist (m.pl.)	
המדינות		hamedinot	the states	
מרכזי		merkazi	central (m.s.)	
ברחוב		barekhov	on the street	
ברחוב		berekhov	on a street	
האחרונות		ha'akhronot	the last (f.pl.)	
ובכך		uvkhakh	and by this	
אומנם		omnam	indeed	
כולם		kulam	everybody (m.)	
להורג		[hotsa'a] lahoreg	execution / putting to death	
קבוצות		kvutsot	groups	
להביא		lehavi	to bring	
השחקן		hasakhkan	the player  / the actor	
חייו		khayav	his life	
היתר		hayeter	the rest	
אנרגיה		energiya	energy	
העלייה		ha'aliya	the rise / the increase / the immigration	
הבורים		haburim	the ignorant (m.pl.)	
תחילת		tkhilat	the beginning of	
והם		vehem	and they	
האוכלוסייה		ha'ukhlusiya	the population	
ביער		beya'ar	in a forest	
ביער		baya'ar	in the forest	
כולו		kulo	all of it (m.s.)	
ידע		yada	knew (m.s.)	
ידע		yeda	knowledge	
יצאו		yats'u	went out / came out (pl.)	
כיוון		kivun	direction / adjustment / tuning	
הערות		he'arot	comments	
למנוע		limno'a	to prevent	
מס		mas	tax	
לקריאה		likri'a	for reading / for calling / for a call	
טען		ta'an	claimed / argued (m.s.)	
חודשים		khodashim	months	
בזה		baze	hereby	
בזה		beze	in this one (m.)	
זהו		zehu	this is (m.) / that's it	
השאר		hash'ar	the rest	
השאר		hash'er	leave (m.s. imperative)	
גבוהה		gvoha	high / tall (f.s.)	
בתחום		bitkhum	in a field / in an area / in a range	
בתחום		batkhum	in the field / in the area / in the range	
מסוים		mesuyam	specific (m.s.)	
המין		hamin	the kind / the species / the gender / the sex	
יודע		yode'a	knows (m.s.)	
הקרקע		hakarka	the soil / the ground / the land	
העירייה		ha'iriya	the municipality	
טיפול		tipul	treatment	
נחל		nakhal	stream	
נחל		nakhal	inherited / attained (m.s.)	
נחל		itam	with them (m.pl.)	
שלום		shalom	peace	
גורמים		gormim	factors / cause (m.pl.)	
היחידה		hayekhida	the unit / the squad / the only / the single	
מופיע		mofi'a	appear / perform (m.s.)	
השטח		hashetakh	the area / the field / the territory	
חוקי		khuki	legal (m.s.)	
הגדוד		hagdud	the regiment	
וכל		vekol	and all	
לקבל		lekabel	to receive / to accept	
בשר		basar	meat	
קיימת		kayemet	exist (f.s.)	
פרסם		pirsem	published / advertised (m.s.)	
העכברה		ha'akhbara	the mouse (female)	
אינני		eineni	I am not	
בדיוק		bediyuk	exactly	
שר		sar	minister	
שר		shar	sing (m.s.)	
שאר		sh'ar	rest / remainder	
ילדים		yeladim	children	
יצאה		yatsa	went out / came out (f.s.)	
יתר		yeter	rest / remainder	
האל		ha'el	the god	
בספורט		besport	in sport	
בספורט		basport	in the sport	
עבודה		avoda	work	
לחלוטין		lakhalutin	totally / entirely / absolutely	
הפרוש		haperush	the meaning / the interpretation	
קטנים		ktanim	small / little (m.pl.)	
נקודות		nekudot	points	
עצמה		atsma	herself	
עצמה		otsma	power / force / intensity	
חוסר		khoser	lack / deficiency / shortage / deficit	
בהתאם		behet'em	accordingly	
תהליך		tahalikh	process	
עצמי		atsmi	myself / self	
במצב		bematsav	at a state / in a situation	
במצב		bamatsav	at the state / in the situation	
לבנות		livnot	to build	
לבנות		labanot	for the girls	
לבנות		lebanot	for girls	
כנראה		kanir'e	probably	
הטבע		hateva	the nature	
העולמית		ha'olamit	the global / the universal (f.s.)	
אכן		akhen	indeed	
בזכות		bizkhut	thanks to / due to / by right of	
קבוצה		kvutsa	group	
דין		din	judgment / sentence / law	
מוסדות		mosadot	institutes	
המדבר		hamidbar	the desert	
השדרה		hasdera	the boulevard	
בנק		bank	bank	
לזה		laze	for this (m.)	
בפעם		befa'am	[to] time	
לצאת		latset	to go out / to come out	
סמוך		samukh	near / confident (m.s.)	
חי		khai	living / alive (m.s.)	
בנו		bno	his son	
המצב		hamatsav	the state / the situation	
דולר		dolar	dollar	
ממשלת		memshelet	government of	
עולם		olam	world / universe	
ספורט		sport	sport	
הליברלית		haliberalit	the liberal	
החלבון		hakhelbon	the protein	
שעות		sha'ot	hours	
מתחת		mitakhat	under / beneath	
בעלת		ba'alat	the owner of / has	
חזרה		khazra	returned / repeated (f.s.)	
חזרה		khazara	repetition / rehearsal / back	
לאור		le'or	in light of	
עברה		avra	passed / crossed / went through (f.s.)	
הביאה		hevi'a	brought (f.s.)	
הגנרל		hageneral	the general	
הגיעה		hegi'a	arrived (f.s.)	
בחודש		bekhodesh	in a month	
בחודש		bakhodesh	in the month	
צורך		tsorekh	need / necessity	
משחק		mis'khak	game	
תפקיד		tafkid	role	
אלוף		aluf	champion	
בדומה		bedome	like	
תאי		ta'ei	cells of	
תאי		ta'i	cellular / my cell	
די		day	enough	
בעיני		be'einei	in the eyes of / in the opinion of	
בעיני		be'einai	in my eyes / in my opinion	
קטנה		ktana	small / little (f.s.)	
במרכז		bamerkaz	at the center	
במרכז		bemerkaz	at the center of	
מהווה		mehave	is / constitutes (m.s.)	
יחסי		yakhasi	relative	
יחסי		yakhasei	the relations of	
הפועל		hapo'el	the worker / that operates	
הפועל		hapo'al	the verb	
אחדים		akhadim	few	
מיוחד		meyukhad	special	
ראה		ra'a	saw (m.s.)	
הנראה		hanir'e	the visible	
לבן		lavan	white	
לבן		laben	for the son	
תנועה		tnu'a	movement / motion / traffic	
לאחד		le'ekhad	to one (m.)	
העובדה		ha'uvda	the fact	
דרכים		drakhim	ways / roads	
לעיר		le'ir	to a city	
לעיר		la'ir	to the city	
הפעולה		hape'ula	the action / the operation / the deed / the transaction	
הפכה		hafkha	inverted / converted / turned / become / transformed (f.s.)	
במלחמה		bemilkhama	at war	
במלחמה		bamilkhama	in the war	
העתיקה		ha'atika	the ancient / the old (f.s.)	
דו		du	bi-	
גדוד		gdud	regiment	
חמצן		khamtsan	oxygen	
נא		na	please	
פנים		panim	face	
פנים		pnim	inside / interior	
מלא		male	full (m.s.)	
לדעת		lada'at	to know	
לדעת		leda'at	in the opinion of	
עמדו		amdu	stood / were about to / endured / succeeded / insisted on (pl.)	
אדום		adom	red (m.s.)	
בסופו		besofo	at his end / at its end	
החוק		hakhok	the law	
הראשי		harashi	the main	
השפעה		hashpa'a	effect / influence	
הקולנוע		hakolnoa	the cinema	
גבי		gabi	from the back / dorsal	
לפחות		lefakhot	at least	
מדבר		midbar	desert	
מדינה		medina	state	
כיצד		keytsad	how	
מות		mot	the death of	
הבינלאומי		habeynleumi	the international (m.s.)	
הנשק		haneshek	the weapon	
בעברית		be'ivrit	in Hebrew	
הוד		hod	glory	
כעת		ka'et	now	
כמובן		kamuvan	of course / certainly	
משהו		mashehu	something	
נהרגו		nehergu	were killed	
הצדדים		hatsdadim	the sides	
דרום		darom	south	
בדרום		badarom	in the south	
שמות		shemot	names	
שמות		shmot	Book of Exodus (bible)	
אוכל		okhel	food	
אוכל		okhel	eat (m.s.)	
אוכל		okhal	I will eat	
אוכל		ukhal	I will be able	
בשביל		bishvil	for	
בשביל		bashvil	on the path	
משם		misham	from there	
מדובר		medubar	spoken / said / agreed	
חזר		khozer	returned / repeated (m.s.)	
מקורות		mekorot	sources	
מהן		mahen	what are (f.)	
מלבד		milvad	except	
נתן		natan	gave (m.s.)	
עניין		inyan	matter / interest	
חשיבות		khashivut	importance	
צורת		tsurat	shape of / form of	
הצפון		hatsafon	the north	
האזור		ha'ezor	the area / the region / the zone	
העיקריים		ha'ikariym	the main / the principal / the primary (m.pl.)	
העצמאות		ha'atsma'ut	the independence	
נבחר		nivkhar	was elected / was selected / the elected / the selected (m.s.)	
ברוב		berov	in most of	
והיה		vehaya	and was (m.s.)	
הללו		halalu	those	
החליט		hekhlit	decided (m.s.)	
מבנים		mivnim	structures	
עמו		amo	his people	
עמו		imo	with him	
לשמור		lishmor	to keep / to guard / to protect	
מאשר		me'asher	approves / confirms (m.s.)	
נשים		nashim	women	
בטיפול		betipul	in treatment	
בטיפול		batipul	during the treatment	
סנט		sanat	mocked / teased (m.s.)	
הממשל		hamimshal	the government	
המסע		hamasa	the journey	
ביקורת		bikoret	criticism / inspection	
הנדסה		handasa	engineering	
הלאה		hal'a	further	
למדי		lemadai	quite / rather	
הגשם		hageshem	the rain	
במקרה		bemikre	in case  / accidentally	
במקרה		hakhof	the beach	
בנושא		benose	on the subject of	
בנושא		banose	on the subject	
האמנות		ha'omanut	the art	
האמנות		ha'amanot	the treaties / the conventions	
העכבישה		ha'akavisha	the spider (female)	
שבועות		shavu'ot	weeks / Shavuot (Jewish holiday)	
לבצע		levatse'a	to perform / to execute	
למקום		lemakom	to a place	
למקום		lamakom	to the place	
במטרה		bematara	aimed at	
מערב		ma'arav	west	
הדרום		hadarom	the south	
התיכון		hatikhon	the middle (m.s.) / the median (m.s.) / the high school / the Mediterranean (sea)	
מסע		masa	journey	
כאן		kan	here	
חצי		khetsi	half	
באי		ba'i	on the island	
באי		be'i	on an island	
קבע		keva	permanence / regularity	
קבע		[tsva] keva	career army	
קבע		kava	determined / fixed / set (m.s.)	
חוק		khok	law	
הגנה		hagana	defense	
הדם		hadam	the blood	
ובהם		uvahem	and in them (m.)	
הנושא		hanose	the subject	
שיטות		shitot	methods	
סוגי		sugei	kinds of / classes of / types of	
תהילים		tehilim	psalms	
שעל		she'al	that is on	
שעל		sha'al	step	
התהילה		hatehila	the glory / the fame	
המשיכו		himshikhu	continued (pl.)	
גורם		gorem	factor / cause (m.s.)	
תושבי		toshvei	the residents of	
הנוצרים		hanotsrim	the Christian (m.pl.)	
הזהב		hazahav	the gold	
באזורים		be'ezorim	in areas	
באזורים		ba'ezorim	in the areas	
דווקא		davka	actually / spitefully	
הפיסול		hapisul	the sculpture	
הנמלים		hanmalim	the harbors	
הנמלים		hanemalim	the ants	
עושה		ose	do / make (m.s.)	
עושה		osa	do / make (f.s.)	
כסף		kesef	money	
באמצע		ba'emtsa	in the middle	
שמה		sama	placed / put (f.s.)	
שמה		shama	there	
שמה		shma	her name	
יורק		yorek	spits	
רחוב		rekhov	street	
יצר		yatsar	created / made (m.s.)	
האזרחים		ha'ezrakhim	the citizens	
מגדל		migdal	tower	
שאינם		she'einam	that are not / that are not here (m.pl.)	
הצבאי		hatsva'i	the military (m.s.)	
מרבית		marbit	most of	
השיר		hashir	the song / the poem	
הלילה		halaila	tonight / the night	
קול		kol	voice / sound	
ורק		verak	and only	
מעין		ma'ayan	spring	
במלחמת		bemilkhemet	in the war of	
במערב		bama'arav	in the west	
במערב		bema'arav	in the west of	
מערבה		ma'arava	to the west	
התוכנית		hatokhnit	the program / the plan	
תה		te	tea	
הזקן		hazaken	the old (m.s.)	
ערב		erev	evening	
ערב		arev	pleasant / surety	
עין		ayin	eye / fountain / spring	
משרד		misrad	office / bureau / Ministry	
מאחר		me'akhar	since	
מאחר		me'akher	late (m.s.)	
בתחילה		batkhila	at first / initially	
תנאי		tnai	condition / provision	
תנאי		tna'ei	conditions of / provisions of	
החיילים		hakhayalim	the soldiers	
אביו		aviv	his father	
הקשר		hakesher	the tie / the bond / the link / the connection	
למלחמה		lemilkhama	to war	
למלחמה		lamilkhama	to [the] war	
תדיר		tadir	frequently	
ענה		ana	answered (m.s.)	
קל		kal	easy / light weight (m.s.)	
טובה		tova	good (f.s.) / favor	
הימים		hayamim	the days	
לפעול		lif'ol	to act / to operate	
בניית		bniyat	building of (v.)	
לשון		lashon	tongue / language	
עשרות		asarot	dozens [literally: tens]	
עשרות		asrot	dozens of  [literally: tens of]	
המערבי		hama'aravi	the western (m.s.)	
נבנה		nivna	was built (m.)	
נבנה		nivne	is built / we will build	
המתקפה		hamitkafa	the attack	
המרכזי		hamerkazi	the central (m.s.)	
תגיות		tagiyot	badges / labels / tags	
באמת		be'emet	really	
למה		lama	why	
התובע		hatove'a	the prosecutor	
הבא		haba	next / the person who is coming (m.s.)	
יכלו		yakhlu	could (pl.)	
מסוג		misug	of a kind / of a class / of a type	
נמצאים		nimtsa'im	are found / are [at] (m.pl.)	
כדור		kadur	ball / pill	
הורה		hora	instructed (m.s.)	
הורה		hore	parent	
ניסה		nisa	tried (m.s.)	
הדת		hadat	the religion	
כיבוש		kibush	occupation	
לשלטון		lashilton	into power / to/for the government	
לשלטון		leshilton	to/for the power of / to/for the reign of	
גילה		gila	her age / found out (m.s.) / joy	
ציון		tsiyun	note / mark / pointing out / grade	
ציון		tsiyon	Zion	
היצורים		hayetsurim	the creatures	
שלנו		shelanu	ours	
ושם		veshem	and a name	
ושם		vesham	and there	
הסיפור		hasipur	the story	
במהירות		bimhirut	fast / rapidly / quickly	
בר		bar	wild / son / -able / bar	
צעירים		tse'irim	young (m.pl.)	
לצורך		letsorekh	for the purpose of	
לטיפול		letipul	for treatment	
לטיפול		latipul	for the treatment	
צוות		tsevet	team / staff	
משמעות		mashma'ut	meaning	
מקומות		mekomot	places	
העבדות		ha'avdut	the slavery	
חושי		khushi	sensory	
שער		sha'ar	gate	
שער		se'ar	hair	
החולים		hakholim	the patients / the sick	
הטוב		hatov	the good (m.s.)	
לכיוון		lekivun	to/in the direction of / for adjustment / for tuning	
לכיוון		lakivun	in the direction / for the adjustment / for the tuning	
מאחורי		me'akhorei	behind	
מאחורי		me'akhorai	behind me	
תרופות		trufot	medications / drugs	
מסוימת		mesuyemet	specific (f.s.)	
מעמד		ma'amad	class (social) / status / scene / pedestal	
בשטח		bashetakh	in the area / in the field / in the territory	
בשטח		beshetakh	in an area	
זכתה		zakhta	won (f.s.)	
המחקר		hamekhkar	the research	
ולעתים		ul'itim	and sometimes	
הרכבת		harakevet<span style='mso-spacerun:yes'>  </span>	the train	
הרכבת		harkavat	assembly of	
הרוח		haruakh	the wind / the spirit / the ghost	
לחיות		likhyot	to live	
סיפור		sipur	story	
אליה		eleha	to her	
אליה		alya	tail of a sheep [alya vekots ba: mixed blessing]	
בשנה		bashana	in the year	
בשנה		beshana	in a year / per year	
הינו		hino	he is / is (m.)	
תוצאות		totsa'ot	results / outcomes / consequences	
כולה		kula	all of it (f.s.)	
אורך		orekh	length / duration	
תבלינים		tavlinim	spices	
שלך		shelkha	yours (m.s.)	
שלך		shelakh	yours (f.s.)	
השעה		hasha'a	the hour / the time	
שעה		sha'a	hour / time	
לעמוד		la'amod	to stand	
לעמוד		le'amud	to page / [to/for] a pillar	
לעמוד		la'amud	to the page / [to/for] the pillar	
הצעיר		hatsa'ir	the young (m.s.)	
וזאת		vezot	and this (f.)	
מידע		meyda	information	
הציבור		hatsibur	the public	
המצור		hamatsor	the siege	
הפיקוד		hapikud	the command	
צפון		tsafon	north	
מגוון		migvan	variety	
המקדש		hamikdash	the temple / the shrine	
ביחס		beyakhas	in relation / regarding / at a ratio	
משמש		meshamesh	used for / intended for (m.s.)	
צורות		tsurot	shapes / forms	
עמדה		amda	stood / was about to / endured / succeeded / insisted on (f.s.)	
עמדה		emda	position	
נושא		nose	subject	
חלקים		khalakim	parts / smooth (m.pl.)	
התבלינים		hatavlinim	the spices	
המוות		hamavet	the death	
ייתכן		yitakhen	possible	
פרט		prat	detail / individual / except	
הקים		hekim	established / made someone stand	
הפועלים		hapo'alim	the workers	
הצפוני		hatsfoni	the northern	
הדרומי		hadromi	the southern	
יכולת		yakholta	you could	
השד		hashed	the devil	
השד		hashad	the breast	
בטרם		beterem	before	
הרגל		haregel	the leg	
אינן		einan	are not / are not here (f.pl.)	
חד		khad	sharp / one / uni-	
פועל		po'el	worker / operates (m.s.)	
פועל		po'al	verb	
רמת		ramat	height of / level of	
נהר		nahar	river	
מזרח		mizrakh	east	
העולמי		ha'olami	the global / the universal (m.s.)	
העברי		ha'ivri	the Hebrew	
תבוסת		tvusa	defeat	
בשעה		besha'a	at [time] / per hour / in an hour	
בשעה		basha'a	in the hour	
התבונה		hatvuna	the intelligence	
יער		ya'ar	forest	
שמן		shamen	fat (adj.) (m.s.)	
שמן		shemen	oil	
שמן		shman	their name (f)	
פרטים		pratim	details / individuals	
שאינו		she'eino	that is not / that is not here (m.s.)	
העיקרי		ha'ikari	the main / the principal / the primary (m.s.)	
במדינות		bimdinot	in states	
במדינות		bamedinot	in the states	
פתאום		pit'om	suddenly	
שיטת		shitat	method of	
זכו		zakhu	won (pl.)	
הפוליטית		hapolitit	the political (f.s.)	
דוגמה		dugma	sample / example	
פרק		perek	chapter / period / joint / dismantled (m.s.)	
המילים		hamilim	the words	
אוויר		avir	air	
לגמרי		legamrei	totally / completely	
התאריך		hata'arikh	the date	
הצורך		hatsorekh	the need	
יצורים		yetsurim	creatures	
נמוך		namukh	low / short (m.s.)	
כיכר		kikar	square / loaf	
קרובות		krovot	close / relatives (f.pl.)	
ושל		veshel	and of / and belongs to	
ועדת		va'adat	the committee of / the commission of	
שניתן		shenitan	that is possible	
השונות		hashonut	the difference / the variation / the variance (stat.)	
השונות		hashonot	the different / the various (f.pl.) / the miscelleneous	
לוחמים		lokhamim	warriors	
בצורת		betsurat	in the shape of / in the form of	
דמוקרטיה		demokratya	democracy	
נהגה		nahaga	drove / used to (f.s.)	
לתת		latet	to give	
מראה		mar'e	sight / view / appearance / show (m.s.)	
מראה		mar'a	mirror	
ההיסטוריה		hahistoria	the history	
נמצאת		nimtset	is found / is [at] (f.s.)	
פוליטית		politit	political (f.s.)	
צבאי		tsva'i	military (m.s.)	
ניכר		nikar	obvious / evident (m.s.)	
משתמשים		mishtamshim	using (pl.)	
השפה		hasafa	the language / the lip	
במדבר		bemidbar	in a desert	
במדבר		bamidbar	in the desert	
תיאר		te'er	described (m.s.)	
כלום		klum	nothing	
שאלה		she'ela	question	
בצד		batsad	on the side	
בצד		betsad	on the side of / on the [right/left]	
שכל		shekol	that all	
חדשות		khadashot	new (f.pl.) / news	
לאומי		le'umi	national (m.s.)	
מסוגלים		mesugalim	capable (m.pl.)	
ניסיון		nisayon	experience / trial / attempt	
משני		mishni	secondary	
שלטון		shilton	authority / reign / government	
כדוגמת		kedugmat	such as / as in the example of	
ניסו		nisu	tried (pl.)	
אזרחים		ezrakhim	citizens	
קיבלו		kiblu	received / accepted (pl.)	
החומה		hakhoma	the wall	
הקומוניסטית		hakomunistit	the communist (f.s.)	
תיאורים		te'urim	descriptions	
הסוכנות		hasokhnut	the agency / the [Jewish] Agency	
התל		hatel	the hill	
התל		hitel	mocked / joked (m.s.)	
שנית		shenit	again	
הקטן		hakatan	the small / the little (m.s.)	
כאלה		ka'ele	like these / like those / such	
נפש		nefesh	soul / spirit / life	
עומד		omed	stands / is about to / endures / succeeds / insists on (m.s.)	
חיי		khayai	my life	
חיי		khayei	the life of	
פתח		patakh	opened (m.s.) / Fatah	
פתח		petakh	opening / aperture	
האחרונה		ha'akhrona	the last (f.s.)	
פרי		pri	fruit	
הבניין		habinyan	the building	
מבחינת		mibkhinat	from the aspect of	
לגרום		ligrom	to cause	
יצרו		yatsru	created / made (pl.)	
אנו		anu	we	
האלבום		ha'albom	the album	
המחלה		hamakhala	the illness / the disease	
תיאור		te'ur	description	
הקיבה		hakeyva	the stomach	
המערכת		hama'arekhet	the system / / the editorial board	
גדולות		gdolot	big / large (f.pl.)	
הביטחון		habitakhon	the security / the confidence	
להקים		lehakim	to establish	
ספרו		sifro	his book	
ספרו		safru	counted (pl.)	
סוג		sug	kind / class / type	
לוחמי		lokhamei	the warriors of	
לוחמי		lokhamai	my warriors	
אמצעי		emtsa'i	Mean / middle	
פיתוח		pituakh	development	
אמרתי		amarti	I said	
מלכותך		malkhutkha	your kingship (m.s.)	
מלכותך		malkhutekh	your kingship (f.s.)	
מלכותך		[hod] malkhutkha	Your Majesty (m.s.)	
מלכותך		hod malcutekh	Your Majesty (f.s.)	
הנער		hana'ar	the boy / the youngster	
אותך		otkha	you (m.s.)	
אותך		otakh	you (f.s.)	
העלים		ha'alim	the leaves	
העלים		he'elim	hid / concealed (m.s.)	
הלך		halakh	walked / went (m.s.)	
עולה		ole	rising / climbing / immigrant (m.s.)	
עולה		ola	rising / climbing / immigrant (f.s.)	
האנשים		ha'anashim	the people	
מסוגל		mesugal	capable (m.s.)	
זכות		zkhut	right / privilege	
בניו		banav	his sons	
נמצאו		nimtse'u	were found / were [at]	
למספר		lemispar	to/for a number	
למספר		lamispar	to/for the number	
שהגיעו		shehigi'u	that/who arrived (pl.)	
אתר		atar	site / location	
למשחק		lemis'khak	to/for a game	
למשחק		lamis'khak	to/for the game	
שבהן		shebahen	that in them (f.)	
פסק		pasak	gave judgment / decided / rules / stopped (m.s.)	
עיקר		ikar	main point /  essence	
סגנון		signon	style / manner	
נולד		nolad	was born (m.s.)	
הלוחמים		halokhamim	the warriors	
פעיל		pa'il	active	
בספרו		bsifro	in his book	
השלטונות		hashiltonot	the authorities	
הציונית		hatsiyonit	the Zionist (f.s.)	
מתוארת		meto'eret	is described (f.s.)	
ככה		kakha	so / like this / thus	
יפה		yafe	pretty / good (m.s.)	
יפה		yafa	pretty / good (f.s.)	
תהיה		tihiye	you will be (m.s.) / she will be	
הציע		hetsi'a	proposed / suggested / offered (m.s.)	
בנוגע		benoge'a	About / in regards	
לסייע		lesaye'a	to assist / to help	
עברו		avru	passed / crossed / went through (pl.)	
נותרו		notru	were left	
עצם		etsem	object / bone / essence / -self	
המרכז		hamerkaz	the center	
התחנה		hatakhana	the station / the stop / the base	
בבחירות		bebkhirot	in elections	
בבחירות		babkhirot	in the elections	
כללה		kalela	included (f.s.)	
הפכו		hafkhu	inverted / converted / turned / become / transformed (pl.)	
לשימוש		lashimush	for the use	
לשימוש		leshimush	for use	
כללי		klali	general (m.s.)	
הגטו		hageto	the ghetto	
דיין		dayan	judge	
החולירע		hakholera	the cholera	
קצת		ktsat	a little	
לדבר		diber	spoke (m.s.) / commandment	
בעצם		be'etsem	actually / in fact / in a bone	
בעצם		ba'etsem	in the bone	
רואה		ro'e	see (m.s.)	
קרוב		karov	close / relative (m.s.)	
מתואר		meto'ar	is described (m.s.)	
מזג		mezeg	temperament / nature	
מזג		mazag	poured (m.s.)	
גדל		gadal	grew (m.s.)	
אדמה		adama	land / earth / soil / ground	
ועם		ve'im	and with	
ועם		ve'am	and people	
מלך		melekh	king	
הצוות		hatsevet	the team / the staff	
מבני		mivni	structural	
מבני		mivnei	the structures of	
יהדות		yahadut	Judaism	
בחלק		bekhelek	in part	
בחלק		bakhelek	in the part	
ברמת		beramat	at the level of	
בסמוך		besamukh	near by / close	
הצי		hatsi	the navy / the armada	
הנשיא		hanasi	the president	
העיקרית		haikarit	the main / the principal / the primary (m.s.)	
במזרח		bamizrakh	in the east / to the east	
מערכות		ma'arakhot	systems / / editorial boards	
המודרנית		hamodernit	the modern (f.s.)	
כוללת		kolelet	include (f.s.)	
לגילוי		legilui	for a discovery	
לגילוי		lagilui	for the discovery	
הגדודים		hagdudim	the regiments	
לבי		libi	my heart	
היותר		hayoter	the more	
ואחר		ve'akher	and other (m.s.)	
הצעירים		hatse'irim	the young (m.pl.)	
האחים		ha'akhim	the brothers / the siblings / the nurses (m.)	
אליהם		eleihem	to them (m.)	
לארצות		le'aratsot	to countries	
לארצות		la'aratsot	to the countries	
זאב		ze'ev	wolf	
לשמש		leshamesh	to be used	
לשמש		lashemesh	to the sun	
חודש		khodesh	month	
חודש		khudash	was renewed	
המזון		hamazon	the food	
המרכזית		hamerkazit	the central (f.s.)	
בגיל		begil	at an age / with joy	
בגיל		bagil	at the age	
נוצר		notsar	is/was formed / is/was created (m.s.)	
ההר		hahar	the mountain	
ובמיוחד		uvimyukhad	and especially	
המזרחי		hamizrakhi	the eastern (m.s.)	
בספר		besefer	in a book	
בספר		basefer	in the book	
בספר		basfar	at the border	
בשפה		basafa	in the language / on the lip	
בשפה		besafa	in a language / on a lip	
במצעד		bemits'ad	in a parade / in a march	
במצעד		bamits'ad	in the parade / in the march	
מתארת		meta'eret	describe (f.s.)	
תחרויות		takharuyot	competitions	
עיני		einei	eyes of	
עיני		einai	my eyes	
חושב		khoshev	think (m.s.)	
ברגע		berega	in an instance / at the moment [that]	
באה		ba'a	coming / came  (f.s.)	
באה		ba'a	next (f.s.)	
לאכול		le'ekhol	to eat	
החורף		hakhoref	the winter	
מתאר		meta'er	describes (m.s.)	
מספיק		maspik	enough	
סיום		siyum	end	
אבא		aba	father	
מצפון		mitsafon	from the north	
שינויים		shinuim	changes	
זרים		zarim	foreign / strangers (m.pl.)	
הלבנה		halevana	the white (f.s.) / the moon	
הלאומי		hale'umi	the national (m.s.)	
דמויות		dmuyot	shapes / figures / characters	
ביטוי		bitui	expression	
סדרת		sidrat	series of	
וו		vav	hook	
טנקים		tankim	tanks	
הבירה		habira	the capital	
הבירה		habira	the beer	
מועצת		mo'etset	council of	
שערים		she'arim	gates	
העליונה		ha'elyona	the upper / the top / the utmost / the superior (f.s.)	
הפעילות		hape'ilut	the activity	
הפעילות		hape'ilot	the active / the activists (f.pl.)	
אילו		elu	which (pl.)	
אילו		ilu	if	
האיש		ha'ish	the person / the man / the husband	
אשתו		ishto	his wife	
דברים		dvarim	words / what was/is said / things / items / matters	
במרחק		bemerkhak	at a distance	
גרם		garam	caused (m.s.)	
גרם		gerem	object	
גרם		gram	gram	
הפנים		hapanim	the face	
הפנים		hapnim	the inside / the interior	
הפנים		hifnim	internalized (m.s.)	
הבאים		haba'im	next / the person who is coming (m.pl.)	
לתיאור		lete'ur	for a description	
לתיאור		late'ur	for the description	
לשנות		leshanot	to change	
אב		av	father	
כלשהו		kolshehu	any / of any kind (m.s.)	
כבד		kaved	heavy (m.s.) / liver	
המורדים		hamordim	the rebels	
התנגדות		hitnagdut	resistance / objection	
בשימוש		beshimush	in use	
בשימוש		bashimush	in the use	
החזה		hakhaze	the chest / the breast	
תאים		ta'im	cells	
אמרו		amru	said (pl.)	
אמרו		ktanot	small / little (f.pl.)	
תת		tat	hypo- / sub- / infra-	
לתאר		leta'er	to describe	
מראש		merosh	in advance	
לאי		la'i	to the island	
לאי		le'i	to an island	
שיר		shir	song / poem	
המינים		haminim	the kinds / the species / the genders	
בראשית		bereshit	in the beginning / Genesis	
נפילת		nefilat	fall of	
כהגיית		kehagiyat	as the pronunciation of	
כאילו		ke'ilu	as if / like	
כמתואר		kamto'ar	as described	
לבוא		lavo	to come	
להילחם		lehilakhem	to fight	
פשוט		pashut	simple (m.s.)	
מוצא		motse	finds (m.s.)	
אמת		emet	truth	
לחם		lekhem	bread	
לחם		lakham	fought (m.s.)	
שירה		shira	singing / poetry	
קווי		kavei	lines of	
בחזית		bakhazit	at the front	
נבנו		nivnu	were built	
לאזור		la'ezor	to the area	
לאזור		le'ezor	to an area	
עובדה		uvda	fact	
מחקר		mekhkar	research / study	
אמנות		omanut	art	
אמנות		amanot	treaties / conventions	
אלים		elim	gods	
הוקם		hukam	was established / was made to stand (m.s.)	
אפוא		efo	then / consequently	
לאט		le'at	slowly	
רגע		rega	moment	
שיח		si'akh	bush / talk	
מהר		maher	fast / quickly	
לעבור		la'avor	to pass / to cross / to go through	
עולים		olim	rising / increasing / climbing / immigrants (m.pl.)	
הניצחון		hanitsakhon	the victory	
חומר		khomer	material	
המאבק		hama'avak	the struggle	
משפחת		mishpakhat	the [name] family	
גורן		goren	barn	
התיאור		hate'ur	the description	
הביצים		habeytsim	the eggs	
אופן		ofen	mode / manner / way	
אופן		ofan	wheel	
עשה		asa	did (m.s.)	
עלו		alu	went up / climbed / increased / immigrated (pl.)	
התואר		hato'ar	the title / the degree / the adjective / the appearance / the shape	
המשטרה		hamishtara	the police	
הכחול		hakakhol	the blue (m.s.)	
רגל		regel	leg	
מעלה		ma'ala	up	
מעלה		ma'ala	raises / uploads (f.s.) / merit / virtue	
מעלה		ma'ale	raises / uploads (m.s.)	
מגיע		megi'a	arrive / deserved (m.s.)	
מצוי		matsui	is [at] / common / available (m.s.)	
הבלתי		habilti	the in-, the un-, the dis-	
טבעי		tiv'i	natural (m.s.)	
רשת		reshet	net	
לגלות		legalot	to discover	
אופי		ofi	character / nature	
להתמודד		lehitmoded	to deal with / to confront	
חלקי		khelki	my share / partial	
היסטורי		histori	historical (m.s.)	
נהגו		nahagu	drove / used to (pl.)	
גילוי		gilui	discovery	
הכנסייה		haknesiya	the church	
סרטים		sratim	movies	
שירים		shirim	songs / poems	
היצירה		hayetsira	the formation / the creation / the making / the work of art / the composition	
מוזיאון		muze'on	museum	
חמצני		khamtsani	oxygenic	
ממני		mimeni	from me	
תפוח		tapu'akh	apple	
תפוח		tafu'akh	tumid (m.s.)	
שאת		she'et	that the	
שאת		she'at	that you (f.s.)	
בתור		bator	in line	
בתור		betor	as	
חזק		khazak	strong (m.s.) / be strong	
יחיד		yakhid	only / single / individual	
במקרים		bemikrim	in cases	
לאפשר		le'afsher	to enable / to facilitate	
מגן		magen	defender / shield	
יצירתו		yetsirato	his formation / his creation / his artistic work  / his composition of	
עיר		ir	city	
סימן		siman	sign	
מדיניות		mediniyut	policy	
תואר		to'ar	title / degree / adjective / appearance / shape	
תואר		to'ar	was described (m.s.)	
רימון		rimon	pomegranate / grenade	
פיסול		pisul	sculpture	
המתארת		hameta'eret	that/who describes (f.s.)	
בי		bi	in me	
רע		ra	bad	
הודיע		hodi'a	informed / announced (m.s.)	
העת		ha'et	the period / age	
הלכה		halkha	walked / went (f.s.)	
הלכה		halakha	Halachah (the Jewish law)	
עלתה		alta	went up / climbed / increased / immigrated (f.s.)	
זכר		zekher	memory	
זכר		zakhar	remembered (m.s.) / male	
קולות		kolot	voices / sounds	
ארוכה		aruka	long (f.s.)	
האחרונים		ha'akhronim	the last (m.pl.)	
לטובת		letovat	for / in favor of / for the sake of	
הזו		hazo	this (f.)	
הזו		hazu	hallucinated (pl.)	
המתארים		hameta'arim	that/who describe (m.pl.)	
הגדולות		hagdolot	the big / the large (f.pl.)	
אפשרות		efsharut	possibility	
חבר		khaver	friend / member (m.s.)	
גן		gan	garden / kindergarten	
גן		gen	gene	
קילומטרים		kilometrim	kilometers	
הוביל		hovil	led  / transported (m.s.)	
בעצמו		be'atsmo	Himself / personally (m.s.)	
בדבר		badavar	regarding / in the thing	
בדבר		bedavar	in a thing	
בדבר		bidvar	regarding / in respect to	
המתאר		hameta'er	that/who describes (m.s.)	
שש		shesh	six	
שש		sas	glad (m.s.)	
נשיא		nasi	president	
תרבות		tarbut	civilization / culture	
רבי		rabi	rabbi / my rabbi / my teacher	
עשוי		asui	might / made (m.s.)	
המערכה		hama'arakha	the battle / the campaign / the act	
הגבול		hagvul	the border / the limit	
להגן		lehagen	to defend	
מונה		mone	count (m.s.) / gauge / numerator	
מונה		mona	count (f.s.)	
מונה		muna	was appointed (m.s.)	
הידוע		hayadu'a	the known (m.s.)	
להלן		lehalan	as follows / below	
ליהודים		layehudim	to/for the Jews	
בדיקות		bdikot	examinations / tests	
הפארק		hapark	the park	
ישב		yashav	sat (m.s.)	
בתיאור		bete'ur	in a description	
בתיאור		bate'ur	in the description	
וזה		veze	and this (m.)	
רצה		ratsa	wanted (m.s.)	
רצה		ratsa	ran (f.s.)	
כבוד		kavod	honor / glory / respect / dignity	
לומר		lomar	to say	
איננו		eineno	is not / is not here (m.s.)	
לעלות		la'alot	to rise / to go up / to immigrate	
ביקש		bikesh	asked / looked for / wished (m.s.)	
מלאה		mele'a	full (f.s.)	
משנה		meshane	changes (m.s.) / matters	
ראשית		reshit	beginning	
להפוך		lahafokh	to invert / to convert / to turn / to become / to transform	
תחילה		tkhila	beginning / first	
סדר		seder	order / Passover 'seder'	
בבתי		bevatei	in [the] houses of / at the homes of	
מטעם		mita'am	on behalf of	
היות		heyot	since / given that / being	
הכולל		hakolel	that includes (m.s.)	
השריון		hashiryon	the armor	
הרפובליקה		harepublika	the republic	
מבצע		mivtsa	operation / sale	
ומתן		umatan	and giving	
ומתן		[masa] umatan	negotiation	
במים		bemayim	in water	
במים		bamayim	in the water	
נערך		ne'erakh	prepared / made arrangements / was held / was edited (m.s.)	
הפירמידה		hapiramida	the pyramid	
שדרות		sderot	boulevard	
ענתה		anta	answered (f.s.)	
החוצה		hakhutsa	[to] outside	
אומר		omer	says / saying (m.s.)	
הקיץ		hakayits	the summer	
עצי		atsei	trees of	
אחדות		akhdut	unity	
אחדות		akhadot	units / some (f.p.)	
ואין		ve'ein	and there is no	
ואם		ve'im	and if	
ואם		ve'em	and a mother	
לשעבר		leshe'avar	former / ex	
ישנה		yeshna	there is (f.s.)	
והיו		vehayu	and were	
כשהוא		keshehu	when he	
כף		kaf	spoon / palm	
ויש		veyesh	and there is / and one must	
פנה		pana	turned (m.s.)	
חסרי		khasrei	lacking (m.pl.)	
רשמי		rishmi	official (m.s.)	
להקמת		lehakamat	for the establishment of / for the building of	
פעל		pa'al	acted / operated (m.s.)	
בתהליך		betahalikh	in process	
בתהליך		batahalikh	in the process	
רובם		rubam	most of them (m.)	
היוו		hivu	were / constituted (pl.)	
סמל		semel	symbol	
סמל		samal	sergeant	
קיימות		kayamot	exist (f.pl.)	
הפרק		haperek	the chapter / the period / the joint	
בתואר		beto'ar	[in] a title / [in] a degree / [in] an adjective / [in] an appearance / [in] a shape	
בתואר		bato'ar	[in] the title / [in] the degree / [in] the adjective / [in] the appearance / [in] the shape	
אורניום		oranium	uranium	
ללכת		lalekhet	to walk / to go	
הענפים		ha'anafim	the branches / the fields	
חוץ		khuts	out	
דעת		da'at	mind / knowledge / wisdom	
נשאר		nish'ar	Stayed / remained / was left (m.s.)	
הבתים		habatim	the houses / the homes	
מעשה		ma'ase	deed / story / tale	
לחזור		lakhzor	to return / to repeat	
שב		shav	returned (m.s.)	
שב		shev	sit (m.s. imperative)	
שב		sav	old person	
להשיג		lehasig	to achieve / to criticize	
ארוך		arokh	long (m.s.)	
הרעיון		hara'ayon	the idea	
הגידול		hagidul	the growth / the increase / the tumor	
בים		bayam	in the sea	
בים		beyam	in a sea / in the sea of	
ברזל		barzel	iron	
נותר		notar	was left (m.s.)	
שפה		safa	language / lip	
ההתקפה		hahatkafa	the attack	
הכיבוש		hakibush	the occupation	
חלקם		khelkam	their share / some of them	
ליצירת		liytsirat	for the formation of / for the creation of / for the artistic work of  / to/for the composition of	
שיטה		shita	method	
דמותו		dmuto	his image / his figure / his shape / his character	
בקול		bekol	[with] a voice / [with] a sound / loudly	
השיב		heshiv	replied / returned [something] (m.s.)	
העניין		ha'inyan	the matter / the interest	
הרחוב		harekhov	the street	
עמוק		amok	deep (m.s.)	
הדברים		hadvarim	the words / what was said / the things / the items / the matters	
בימים		beyamim	on [days] / in days	
החדשים		hakhadashim	the new (m.pl.)	
מילה		mila	word / circumcision	
מחנה		makhane	camp / group	
אדמת		ademet	rubella	
אדמת		admat	the land of /  soil of [type]	
המספר		hamispar	the number	
המספר		hamesaper	the narrator / the story teller	
שגם		shegam	that also	
השיח		hasi'akh	the talk / the conversation / the bush	
השיח		hesi'akh	talked / conversed (m.s.)	
הטיפול		hatipul	the treatment	
בגין		begin	because of	
לחלק		lekhalek	to divide	
לחלק		lekhelek	to part / to/for some	
החשובים		hakhashuvim	the important (m.pl.)	
לחימה		lekhima	warfare / fighting	
להעביר		leha'avir	to pass / to transfer	
המטבח		hamitbakh	the kitchen	
הוחלט		hukhlat	has been decided	
החי		hakhai	the living	
הכללי		haklali	the general (m.s.)	
נקרא		nikra	is read / is called / was read / was called (m.s.) / we will read / we will call	
לכבוש		likhbosh	to occupy	
האויב		ha'oyev	the enemy	
הצלב		hatslav	the cross	
משמעותי		mashma'uti	significant (m.s.)	
התפתחות		hitpatkhut	development	
האצולה		ha'atsula	the aristocracy	
בתרבות		betarbut	in a civilization / in a culture	
בתרבות		batarbut	in the civilization / in the culture	
מקובל		mekubal	accepted / conventional (m.s.)	
אלקטרונים		elektronim	electrons	
למטה		lemata	downward / down	
למטה		lamate	to/for the headquarters / to/for the stick	
למטה		lamita	to bed	
ואמר		ve'amar	and said (m.s.)	
להן		lahen	to them (f.)	
היבשה		hayabasha	the land	
בלילה		balaila	in the night / at night	
סיפר		siper	told	
לעבר		la'avar	to/for the past	
צורה		tsura	shape / form / manner	
הגורמים		hagormim	the factors / the causes	
להמשיך		lehamshikh	to continue	
שדה		sade	field	
הרגלים		hergelim	habits	
הרגלים		haregalim	the pilgrim festivals	
הסכם		heskem	agreement / contract	
בעניין		be'inyan	on the matter of / with interest	
בעניין		ba'inyan	on the matter	
טענו		ta'anu	claimed / argued (pl.)	
לקרא		likro	to read / to call	
מעלות		ma'alot	advantages / virtues / stairs	
מרד		mered	rebellion	
מרד		marad	rebelled (m.s.)	
לחץ		lakhats	pressure	
לחץ		lakhats	pressed (m.s.)	
רשמית		rishmit	official (f.s.) / officially	
הצבאית		hatsva'it	the military (f.s.)	
מנהיגי		manhigei	the leaders of	
הוקמה		hukma	was established	
תום		tom	completion / perfection / wholeness / innocence / purity	
לכנסת		lakneset	to the Knesset	
הנגיף		hanagif	the virus	
שיהיה		sheyihye	that will be (m.s.)	
באו		ba'u	came (pl.)	
לעצמו		le'atsmo	for himself	
ברחובות		barekhovot	on the streets	
ברחובות		berekhovot	on streets	
צעד		tsa'ad	step	
אישה		isha	woman / wife	
נשא		nasa	carried / married (m.s.)	
דקות		dakot	minutes / thin (f.pl.)	
פרס		pras	award / prize	
חום		khom	heat	
חום		khum	brown	
בליגה		beliga	in a league	
בליגה		baliga	in the league	
הצליחה		hetslikha	succeeded (f.s.)	
דרכו		darko	his way / through him/it	
ספרי		sifri	my book	
ספרי		sfarai	my books	
המקור		hamakor	the source / the beak	
השתמשו		hishtamshu	used (pl.)	
הגבוהה		hagavoha	the high / the tall (f.s.)	
המילה		hamila	the word / the circumcision	
הבאות		haba'ot	the next / the person who is coming (f.pl.)	
הבסיס		habasis	the basis / the base	
הפלישה		haplisha	the invasion	
התרבות		hatarbut	the civilization / the culture	
שלב		shalav	stage / phase / rung	
היחס		hayakhas	the relation / the ratio / the attitude	
המפעל		hamif'al	the plant / the factory	
עברית		ivrit	Hebrew	
ירייה		yeriya	shot	
ביצים		beytsim	eggs	
צריכה		tsrikha	need (f.s.) / consumption (of goods)	
ביחד		beyakhad	together	
צעיר		tsa'ir	young (m.s.)	
בחיים		bakhayim	alive / in life	
ענף		anaf	branch / field	
הצטרף		hitstaref	joined (m.s.)	
מאיר		me'ir	illuminates (m.s.)	
לפיכך		lefikhakh	therefore	
ספרים		sfarim	books	
נוסעים		nos'im	passengers / travelers / drive / travel (m.pl.)	
תחרות		takharut	competition	
ספינות		sfinot	ships	
שיתוף		shituf	cooperation / collaboration	
רחב		rakhav	wide	
לשנת		lishnat	for the year [X] / for the year of / for the sleep of	
אירוע		eru'a	event	
הוקמו		hukmu	were established / were built (m.pl.)	
עולי		olei	immigrants of	
הוועד		hava'ad	the committee / the board	
המתים		hametim	the dead (m.pl.)	
רואים		ro'im	see (m.pl.)	
משפחתו		mishpakhto	his family	
לפגוע		lifgo'a	to hit / to damage / to offend	
הקשה		hakashe	the difficult / the hard (m.s.)	
הקשה		hakasha	the difficult / the hard (f.s.)	
בעונה		be'ona	in a season	
בעונה		ba'ona	in season	
הסביבה		hasviva	the area	
כנסת		kneset	Knesset (the Israeli parliament)	
נאלץ		ne'elats	was forced / was compelled (m.s.)	
משמעותית		mashma'utit	significant (f.s.) / in significance	
יחידת		yekhidat	unit of / squad of	
תור		tor	line / turn	
אודות		odot	about	
הופיע		hofi'a	appeared / performed (m.s.)	
בפארק		bepark	in a park	
בפארק		bapark	in the park	
ניסיונות		nisyonot	trials / attempts	
נקודת		nekudat	point of	
ריכוז		rikuz	concentration	
בתולדות		betoldot	in the history of	
כחלק		kekhelek	as part	
ברמה		barama	at the height / at the level	
ברמה		berama	at a level	
שנתיים		shnatayim	two years	
הביולוגיה		habiologia	the biology	
פחמן		pakhman	carbon	
הוסיף		hosif	added (m.s.)	
הילדים		hayladim	the children	
בבוקר		baboker	in the morning	
המשפחה		hamishpakha	the family	
המשיכה		hameshikha	the pull / the attraction / the withdrawal / gravity	
המשיכה		hemshikha	continued (f.s.)	
חומות		khomot	walls	
אחיו		akhiv	his brother	
דמות		dmut	image / figure / shape / character	
צמחים		tsmakhim	plants	
אש		esh	fire	
מנהיג		manhig	leader	
כאמור		ka'amur	as aforesaid	
פגיעה		pgi'a	hit / impact / damage / offense	
הפוליטי		hapoliti	the political (m.s.)	
נמוכה		nemukha	low / short (f.s.)	
המשטר		hamishtar	the regime	
בנייה		bniya	construction	
המהפכה		hamahapekha	the revolution	
תנועות		tnu'ot	motions / movements	
האתר		ha'atar	the site	
המקרא		hamikra	the Bible / the legend	
הפטרוסלינון		hapetrosilnon	the parsley	
הדלת		hadelet	the door	
המלכה		hamalka	the queen	
יוצא		yotse	going out / coming out / goes out / comes out (m.s.)	
עלים		alim	leaves	
גשם		geshem	rain	
איננה		einena	is not / is not here (f.s.)	
הברזל		habarzel	the iron	
בהרבה		beharbe	in much / in many	
טרם		terem	before	
השחקנים		hasakhkanim	the players / the actors	
הציג		hetsig	introduced / displayed / presented / exhibited (m.s.)	
האסלאם		ha'islam	the Islam	
דומים		domim	similar / resembling (m.pl.)	
בפיקודו		befikudo	under his command	
במבצע		bemivtsa	in an operation / on sale	
דת		dat	religion	
בפועל		bafo'al	actually	
התא		hata	the cell	
גידול		gidul	growth / increase / tumor	
באוניברסיטת		be'universitat	at the university of	
העלילה		ha'alila	the plot / the deed / the libel / the false charge	
כזאת		kazot	like this (f.)	
השחורה		hashkhora	the black (f.s.)	
ילד		yeled	child (m.) / boy	
חייב		khayav	must / owes /  debtor(m.s.)	
חייב		khiyev	forced / obligated / charged (m.s.)	
משפחה		mishpakha	family	
נמשך		nimshakh	continues / continued / lasted / was pulled / was attracted / was withdrawn (m.s.)	
עסק		asak	dealt / engaged / worked (m.s.)	
חבלה		khabala	sabotage / bruising	
הגבוה		hagvoha	the high / the tall (m.s.)	
תולדות		toldot	history	
אירועים		eru'im	events	
האור		ha'or	the light (m.s.)	
חופש		khofesh	freedom	
הידע		hayeda	the knowledge	
בהדרגה		behadraga	gradually	
ממוצא		mimotsa	from an origin	
כללו		kalelu	included (pl.)	
בכוח		beko'akh	forcefully	
מתקופת		mitkufat	from the period of / from the era of	
שימשו		shimshu	were used for (pl.)	
גישה		gisha	attitude / access / approach	
בקרבת		bekirvat	close to	
מסוימות		mesuyamot	specific (f.pl.)	
ניכרת		nikeret	obvious / evident (f.s.)	
המקורי		hamekori	the original (m.s.)	
סרט		seret	movie / ribbon / strip	
מאפיינים		me'afyenim	characteristics	
ללמוד		lilmod	to learn / to study	
ללמוד		avodato	his work	
פועלים		po'alim	workers / operate (m.pl.)	
מולקולות		molekulot	molecules	
בודאי		bevadai	certainly	
האלון		ha'alon	the oak	
למות		lamut	to die	
גבעת		giv'at	hill of	
מדוע		madu'a	why	
הנשים		hanashim	the women	
חיות		khayot	living / alive (f.pl.) / animals	
חיות		khayut	vitality	
כעבור		ka'avor	after [time period]	
שחור		shakhor	black	
חסר		khasar	lacking (m.s.)	
ממשלה		memshala	government	
האמינו		he'eminu	believed (pl.)	
מכונה		mekhona	machine	
מכונה		mekhune	called	
לעיל		le'el	aforementioned	
כאחד		ke'ekhad	as one	
היחידות		hayekhidot	the units / the squads / the only / the single (f.pl.)	
השפעות		hashpa'ot	effects / influences	
הראשית		harashit	the main (f.s.)	
בנות		banot	girls / daughters	
בנות		bnot	the girls of / the daughters of	
בברית		bivrit	pact / alliance / covenant / circumcision	
חיילי		khayalei	soldiers of	
הצלחה		hatslakha	success	
טוען		to'en	claim / argue / charge / load (m.s.)	
נפשי		nafeshi	my soul / my spirit / my life	
נקבה		nekeva	female	
נקבה		nikba	tunnel	
בערב		ba'erev	in the evening	
שזה		sheze	that this (m.)	
רעיון		ra'ayon	idea	
המועצה		hamo'etsa	the council	
יוכל		yukhal	will be able (m.s.)	
משטר		mishtar	regime / reign	
הליגה		haliga	the league	
האדום		ha'adom	the red	
במדינה		bemedina	in a state	
במדינה		bamedina	in the state	
באשר		ba'asher	regarding / wherever (biblical)	
אחוז		akhuz	percent / percentage / is held (m.s.)	
אחוז		ekhoz	hold (m.s. Imperative)	
ביצע		bitsa	performed / executed (m.s.)	
בגטו		begeto	in a ghetto	
בגטו		bageto	in the ghetto	
מנחם		menakhem	comforting / comforts (m.s.)	
חיידקים		khaydakim	bacteria	
לשוב		lashuv	to return	
נפל		nafal	fell (m.s.)	
היד		hayad	the hand	
פורסם		pursam	was published / was advertised (m.s.)	
שיעור		shi'ur	lesson	
הטובים		hatovim	the good (m.pl.)	
ראוי		ra'ui	worthy of / suitable / deserving / eligible / appropriate (m.s.)	
מוות		mavet	death	
לקח		lakakh	took (m.s.)	
נעשו		na'asu	were done / became (pl.)	
גל		gal	wave	
נאלצו		ne'eltsu	were forced / were compelled	
סירב		serav	refused (m.s.)	
מצויים		metsuyim	are [at] / common / available (m.pl.)	
לוח		lu'akh	board	
לפרוץ		lifrots	to break into / to breach	
לבעל		leva'al	to an owner of / to a husband	
לבעל		laba'al	to the husband	
נכתב		nikhtav	was written (m.s.)	
המברק		hamivrak	the telegram	
שלטונו		shiltono	his rule / his reign	
בשבי		beshevi	in captivity	
בשבי		bashevi	in [the] captivity / in [the] prison	
בשבי		bishvi	in captivity of	
אזורים		azorim	areas / regions / zones	
ימינו		yemino	his right	
ימינו		yameinu	our days	
עליית		aliyat	rise of / increase of / immigration of	
בסרט		beseret	in a movie / with a ribbon/strip	
בסרט		baseret	in the movie / with the ribbon/strip	
עדויות		eduyot	evidence (pl.) / testimonies	
בעיות		be'ayot	problems	
חוזר		khozer	returns (m.s.) / repeats (m.s.) / returning / repeating / circular	
סוגים		sugim	kinds / classes / types	
יהודית		yehudit	Jewish (f.s.)	
אווירניים		aviraniyim	aerobic (m.pl.)	
תודה		toda	thanks / gratitude	
לכם		lakhem	to you / for you (m.pl.)	
בעד		be'ad	in favor of	
שקט		sheket	silence	
שקט		shaket	quiet / silent (m.s.)	
שקט		shakat	calmed down / became quiet (m.s.)	
להישאר		lehisha'er	to stay / to remain	
להבין		lehavin	to understand	
המצוי		metsuya	that is [at] / common / available (f.s.)	
מצא		matsa	found (m.s.)	
לאל		le'el	to a god	
לאל		la'el	to the god	
לאל		le'al	[to set at] nought	
חדר		kheder	room	
חדר		khadar	penetrated / intruded (m.s.)	
משפט		mishpat	sentence / trial	
חברים		khaverim	friends / members (m.)	
החוץ		hakhuts	the outside	
הלבן		halavan	the white (m.s.)	
התרופות		hatrufot	the medications / the drugs	
מורכב		murkav	complex / composed of (m.s.)	
הגישה		hagisha	the attitude / the access / the approach	
במערכת		bema'arekhet	in a system / in an editorial board	
במערכת		bama'arekhet	in the system / in the editorial board	
סרטן		sartan	cancer (disease) / crab	
היחסים		hayakhasim	the relations	
ציוד		tsiyud	equipment	
חומרי		khomrei	materials of	
כפר		kfar	village	
היכל		heykhal	palace / temple	
בעונת		be'onat	in the season of	
משנות		mishnot	from the years of	
האלקטרונים		ha'elektronim	the electrons	
האנזים		ha'enzim	the enzyme	
עמדתי		emdati	my position	
עמדתי		amadeti	I stood / I was going to / I succeeded	
לבקש		levakesh	to ask / to request	
אחריו		akharav	after him	
שאפשר		she'efshar	that [it is] possible (adv.)	
שאפשר		she'ifsher	that enabled / that facilitated (m.s.)	
לשאת		laset	to carry / to marry	
להציג		lehatsig	to introduce / to display / to present / to exhibit	
שנערך		shene'erakh	who prepared / who made arrangements / that was held / that was edited (m.s.)	
קשים		kashim	difficult / hard (m.pl.)	
הלחם		hilakhem	fight (m.s. imperative)	
החומר		hakhomer	the material	
הכללית		haklalit	the general (m.pl.)	
בכפר		bekfar	in a village	
בכפר		bakfar	in the village	
בסגנון		besignon	[in] a style of / [in] a manner of	
ניצחון		nitsakhon	victory	
תמורת		tmurat	in return for / in exchange for // change of / transformation of	
ולבסוף		ulvasof	and finally / and eventually	
פעלו		pa'alu	acted / operated (pl.)	
ענק		anak	giant (m.s.) / necklace	
יין		yayin	wine	
לכוחות		lekokhot	to powers / to forces / to strengths	
לכוחות		lakokhot	to the powers / to the forces / to the strengths	
תורה		tora	Torah / theory / her turn	
אמנים		omanim	artists	
חברה		khavera	friend / member (f.s.)	
חברה		khevra	company / society	
הדרומית		hadromit	the southern (f.s.)	
באתר		be'atar	on a site	
באתר		ba'atar	at the site	
בהר		behar	[on] a mountain	
בהר		bahar	[on] the mountain	
הנהר		hanahar	the river	
לקרב		lekarev	to bring close	
לקרב		lakrav	to the battle	
ציור		tsiyur	painting / drawing	
הערים		ha'arim	the cities	
בהיסטוריה		bahistoria	in history	
עשויים		asuyim	might / made (m.pl.)	
חוזה		khoze	contract / prophet	
בפעילות		bif'ilut	in activity	
נקבע		nikba	was determined / was fixed / was set (m.s.)	
תופעה		tofa'a	phenomenon	
הופיעו		hofi'u	appeared / performed (pl.)	
האנושי		ha'enoshi	the humane (m.s.)	
משתנה		mishtane	varies / changes (m.s.) / variant (stat.)	
מרוב		merov	from most / of most / so many	
עיניו		einav	his eyes	
שמש		shemesh	sun	
שמש		shamash	attendant	
הטובה		hatova	the good (f.s.) / the favor	
ואשר		va'asher	and that / and regarding	
קרן		keren	beam / ray / fund / horn / bugle	
חולים		kholim	patients / sick (m.pl.)	
משפחות		mishpakhot	families	
יכולות		yekholot	abilities / capabilities	
להניח		lehani'akh	to assume / to place	
קיבלה		kibla	received / accepted (f.s.)	
בסדרה		besidra	in a series	
בסדרה		basidra	in the series	
הכלכלי		hakalkali	the economic (m.s.)	
מחנות		makhanot	camps / groups	
מחנות		makhnot	park (f.pl.)	
יחידה		yekhida	unit / squad / only / single	
ידועים		yedu'im	known (m.pl.)	
ורבים		verabim	and many	
ורבים		veravim	and fight (m.pl.)	
כחול		kakhol	blue (m.s.)	
דרש		darash	required / demanded / preached / interpreted (m.s.)	
במילים		bemilim	in words	
במילים		bamilim	in the words	
בגוף		beguf	in a body	
בגוף		baguf	in the body	
החזית		hakhazit	the front / the frontier	
שטחי		shitkhei	areas of / fields of / territories of	
שטחי		shitkhi	superficial	
מדרום		midarom	from the south	
לקיים		lekayem	to hold / to fulfill / to carry out / to maintain	
הידועים		hayedu'im	the known (m.pl.)	
עקרונות		ekronot	principles	
יצירת		yetsirat	formation of / creation of / artistic work of / composition of	
להצלחה		lehatslakha	for success	
להצלחה		lahatslakha	for the success	
מהמאה		mehame'a	from the century	
שימור		shimur	conservation	
עקרון		ikaron	principle	
המסורת		hamasoret	the tradition	
האנושית		ha'enoshit	the humane (f.s.)	
הפרעות		hafra'ot	disturbances / interferences / interruptions	
החיל		hekhil	applied (m.s.)	
החיל		hakhayil	the corps	
מופיעה		mofi'a	appears / performs (f.s.)	
הלווייתן		halivyatan	the whale	
מצאתי		matsati	I found	
נשמע		nishma	sounds / sounded (m.s.) / we will hear	
יושב		yoshev	sit (m.s.)	
יהיו		yihiyu	will be (pl.)	
שיכול		sheyakhol	who/that can	
התחתון		hatakhton	the bottom / the lower / the inferior (m.s.)	
האחרות		ha'akherot	the other (f.pl.) / the others (f.)	
איום		iyum	threat	
איום		ayom	terrible / horrible (m.s.)	
משחקים		miskhakim	games	
משחקים		mesakhakim	play (m.pl.)	
מהלך		mahalakh	move / step / distance	
להוכיח		lehokhi'akh	to prove	
בסך		basakh	in procession	
בסך		besakh [hakol]	total / only	
שנעשה		shena'asa	that was done	
האב		ha'av	the father	
ביניהן		beynehen	between them (f.)	
למשך		lemeshekh	for a period of	
לרבות		lerabot	to/for many (f.pl.) / including	
ובעיקר		uve'ikar	and mainly / and principally / and especially	
הטבעי		hativ'i	the natural (m.s.)	
סדרה		sidra	series	
איתי		iti	with me	
הטבח		hatabakh	the cook	
הטבח		hatevakh	the slaughter	
המערב		hama'arav	the west	
נשלחו		nishlekhu	were sent (pl.)	
בראשות		berashut	headed by / led by	
צבאית		tsva'it	military (f.s.)	
פוליטי		politi	political (m.s.)	
החוקרים		hakhokrim	the investigators / the researchers	
התלמוד		hatalmud	the learning / the Talmud	
עליך		alekha	on you / about you (m.s.)	
עליך		alaikh	on you / about you (f.s.)	
הצעירה		hatse'ira	the young (f.s.)	
לחשוב		lakhshov	to think	
לכתוב		likhtov	to write	
מוקדם		mukdam	early / preliminary (m.s.)	
לילה		laila	night	
שכבר		shekvar	that already	
במחיר		bimkhir	at a price	
מאמר		ma'amar	article / saying	
השוק		hashuk	the market	
השוק		hashok	the shock / the leg (e.g., chicken)	
אמור		amur	supposed (m.s.)	
לתפקיד		letafkid	for a role / for the role of	
לתפקיד		latafkid	for the role	
שנקרא		shenikra	that/who is called (m.s.)	
בהצלחה		behatslakha	good luck / successfully	
בסיפור		besipur	in a story	
בסיפור		basipur	in the story	
טוענים		to'anim	claim / argue / charge / load (m.pl.)	
מיוחדת		meyukhedet	special (f.s.)	
מידה		mida	measure / size / quality	
תקווה		tikva	hope	
ואחרים		ve'akherim	and other (m.pl.) / and others (m.)	
חשובים		khashuvim	important (m.pl.)	
זהב		zahav	gold	
הינה		hina	she is / is (f.)	
ביקר		biker	visited / criticized	
מזו		mizo	from this (f.)	
מהיר		mahir	fast / rapid / quick (m.s.)	
יימס		yimas	will dissolve	
למדינה		lemdina	to/for a state	
למדינה		lamedina	to/for the state	
לשחק		lesakhek	to play	
שירת		sherat	served (m.s.)	
שלט		shalat	ruled (m.s.)	
שלט		shelet	sign	
שהביא		shehevi	that/who brought (m.s.)	
המשחקים		hamiskhakim	the games	
הוראה		hora'a	order / instruction	
הרחובות		harkhovot	the streets	
בחברה		bekhevra	in a company / in a society	
בחברה		bakhevra	in the conpany / in the society	
קצינים		ktsinim	officers	
המקומיים		hamekomiyim	the local (m.pl.)	
מתן		matan	giving	
יסודות		yesodot	foundations / bases	
לפיה		lefiha	according to her / to her mouth	
הנהגת		hanhagat	leadership of	
הבולטים		haboltim	the protruding / that/who stand out (m.pl.)	
הסרטים		hasratim	the movies / the ribbons/strips	
המנדט		hamandat	the mandate	
אותנו		otanu	us	
לקחת		lakakhat	to take	
הולך		holekh	walk / go (m.s.)	
נראתה		nir'ata	was seen / looked (f.s.)	
לנסות		lenasot	to try	
נהרג		neherag	was killed	
נבחרת		nivkheret	team / elected / selected (f.s.)	
הנבחרת		hanivkheret	the team / the elected / the selected (f.s.)	
זוהי		zohi	this is (f.)	
המסחר		hamiskhar	the commerce / the trade	
הקו		hakav	the line	
העניק		he'enik	gave (m.s.)	
לבני		livni	for my son	
קצב		ketsev	rhythm	
קצב		katsav	butcher	
המשך		hemshekh	continuation	
מאפשר		me'afsher	enables / facilitates (m.s.)	
מהווים		mehavim	are / constitute (m.pl.)	
ומספר		umispar	and a number	
המזרח		hamizrakh	the east	
התקיים		hitkayem	existed / took place / was held (m.s.)	
הוציאה		hotsi'a	she spent / she took out / she published	
העולים		ha'olim	the rising / the increasing / the climbing / the immigrants (m.pl.)	
הדרכים		hadrakhim	the ways / the roads	
דמוקרטית		demokratit	democratic (f.pl.)	
גשר		gesher	bridge	
טרור		teror	terror	
נמשכה		nimshekha	lasted / was pulled / was attracted / was withdrawn (f.s.)	
נחשבת		nekhshevet	is considered	
המשלוח		hamishlo'akh	the shipment / the delivery	
צפונה		tsafona	to the north	
שכונה		shkhuna	neighborhood	
פרוץ		paruts	broken open	
הרומית		haromit	the roman (f.s.)	
לים		layam	to the sea	
קשרים		ksharim	ties / bonds / links  / connections	
חזקה		khazaka	strong (f.s.) / possession / power (math.)	
אוכלוסיית		ukhlusiyat	population of	
הטלוויזיה		hatelevizya	the television	
שיחק		sikhek	played (m.s.)	
החלוקה		hakhaluka	the division	
האקלים		ha'aklim	the climate	
הארגונים		ha'irgunim	the organizations	
ההסתדרות		hahistadrut	the Histadrut (the General Federation of Laborers in Israel)	
פועלי		po'alei	workers of	
אופניים		ofanayim	bicycle	
מתרחשת		mitrakheshet	happens (f.s.)	
סיף		sayif	sward / fencing	
פירות		peirot	fruits	
שאם		she'im	that if	
שאם		she'em	that a mother	
רעב		ra'av	hunger	
רעב		ra'ev	hungry (m.s.)	
שהן		shehen	that they (f.) / that are (f.pl.)	
הקברות		[beit] hakvarot	the cemetery	
קבלת		kabalat	reception of / acceptance of	
השלום		hashalom	the peace	
במחצית		bemakhatsit	at a half / at a middle	
במחצית		bamakhatsit	at the half / at the middle	
נפלה		nafla	fell (f.s.)	
שלח		shalakh	sent (m.s.)	
השחור		hashakhor	the black (m.s.)	
שלם		shalem	whole / complete // pay (m.s. imperative)	
שהגיע		shehigi'a	that/who arrived (m.s.)	
פרשת		parashat	the affair of / the chapter of / the portion of	
ניתוח		nituakh	surgery	
שיא		si	top / peak	
בכמה		bekhama	in how many / in how much / in some	
בגובה		begova	at a height	
בגובה		bagova	at the height	
טבע		teva	nature	
מימי		mimei	from the days of	
מקומיים		mekomiyim	local (m.pl.)	
מבוסס		mevusas	well established / well based (m.s.)	
ישירה		yeshira	direct (f.s.)	
התנועות		hatnu'ot	the movements / the motions	
מלח		melakh	salt	
מלח		malakh	sailor	
סיוע		siyu'a	assistance / aid	
האיחוד		ha'ikhud	the union	
לצבא		letsava	to/for an army	
לצבא		latsava	to/for the army	
חופשי		khofshi	free	
ירי		yeri	shooting / fire	
התושבים		hatoshavim	the residents	
ביצורים		bitsurim	fortifications	
ביצורים		beyetsurim	with/in creatures	
ביצורים		bayetsurim	with/in the creatures	
שימשה		shimsha	was used for (f.s.)	
לספירה		lesfira	for a count	
לספירה		lasfira	for the count / A.D.	
הלאומית		hale'umit	the national (f.s.)	
נערכו		ne'erkhu	prepared / made arrangements / were held / were edited (pl.)	
ההשפעה		hahashpa'a	the effect / the influence	
תורת		torat	Torah of / theory of	
ובשנת		uvishnat	and in the year [X]	
משחקי		miskhakei	games of	
משחקי		miskhaki	my game / my play	
ישנן		yeshnan	there are (f.)	
פצצות		ptsatsot	bombs	
עיריית		iriyat	municipality of	
חקר		khakar	investigated / researched / inquired (m.s.)	
חקר		kheker	study of / research of	
זהה		zehe	identical	
נפוץ		nafots	common (m.s.)	
נהוג		nahug	customary / conventional / driven (m.s.)	
הקוטב		hakotev	the pole	
שאתה		she'ata	that you (m.s.)	
הכרוב		hakruv	the cabbage / the angel	
ירד		yarad	went down / came down / descended / decreased (m.s.)	
קדימה		kadima	forward	
מבית		mibeit	from the house of / from the home of	
מבית		mibayit	from a house / from inside	
ואפילו		ve'afilu	and even / and although	
למוות		lemavet	[to] death	
למוות		lamavet	[to the] death	
שבע		sheva	seven	
שבע		save'a	satisfied / full (not hungry) (m.s.)	
עמוד		amud	page / pillar	
עובר		over	passes / crosses / goes through (m.s.)	
עובר		ubar	embryo / fetus	
לשלוח		lishloakh	to send	
האמת		ha'emet	the truth	
בקיץ		bakayits	in the summer	
הלב		halev	the heart	
מצאו		mats'u	found (pl)	
קשות		kashot	difficult / hard (f.pl.)	
השערים		hashe'arim	the gates	
באליפות		ba'alifut	in the championship	
באליפות		be'alifut	in a championship	
בצבא		betsava	in an army	
בצבא		batsava	in the army	
להגנה		lehagana	for defense / for protection	
להגנה		lahagana	for the defense / for the protection	
פרץ		parats	broke into / broke out / burst (m.s.)	
אישית		ishit	personal (f.s.) / private (f.s.) / in person	
השתתפו		hishtatfu	participated (pl.)	
הכריז		hikhriz	proclaimed / announced / declared (m.s.)	
יחס		yakhas	relation / ratio / attitude	
לשחקן		lasakhkan	to/for the player / to/for the actor	
לשחקן		lesakhkan	to/for a player / to/for an actor	
הנוף		hanof	the view / the landscape / the boughs of a tree	
הנוער		hano'ar	the youth	
בדיקה		bdika	examination	
הפדרלי		hafederali	the federal (m.s.)	
הקבוצות		hakvutsot	the groups	
נבנתה		nivneta	was built (f.)	
ישיר		yashir	direct / will sing (m.s.)	
קצרה		katsara	short (f.s.)	
מיוחדות		meyukhadot	special (f.pl.)	
מסורת		masoret	tradition	
מודרנית		modernit	modern (f.s.)	
פלוגות		plugot	companies (mil.)	
איסור		isur	prohibition / ban	
יוצרים		yotsrim	creators / artists / makers (m.)	
תופעות		tofa'ot	phenomena	
בשדרה		basdera	in the boulevard	
בשדרה		besdera	in a boulevard	
בנחל		benakhal	in a stream	
בנחל		banakhal	in the stream	
הפילוסופיה		hafilosofia	the philosophy	
האנרגיה		ha'energiya	the energy	
אנאבוליים		an'aboliyim	anabolic (pl.)	
אבידות		avedot	losses / something which is lost (pl)	
אנכי		anokhi	I / me / myself / selfish	
אנכי		anakhi	vertical	
הרחק		harkhek	far away	
האביב		ha'aviv	the spring	
המטה		hamate	the stick / the wand / the headquarters	
לגובה		lagova	up / to a hight	
לגובה		legova	to a hight of	
לגובה		harosh	the head / the leader	
מועד		mo'ed	time / holiday	
מועד		mu'ad	prone to (m.s.)	
לפנות		lefanot	to evacuate	
עליהן		aleihen	on them / about them / on them (f.)	
לעזוב		la'azov	to leave	
ידועה		yedu'a	known (f.s.)	
להסביר		lehasbir	to explain	
תלוי		talui	depending on / depends (m.s.) / hung	
חייהם		khayeihem	their lives	
הסתיים		histayem	ended (m.s.)	
ברוח		baru'akh	in the wind / with the spirit	
ברוח		beru'akh	in a wind / with a spirit	
הודות		hodot	thanks to	
החלק		hakhelek	the part	
החלק		hakhalak	the smooth / the slippery (m.s.)	
ההחלטה		hahakhlata	the decision	
בתים		batim	houses	
נרחב		nirkhav	wide / broad (m.s.)	
קרבות		kravot	battles	
קרבות		krevot	getting close / approach (f.pl.)	
פרטי		prati	private (m.s.)	
אזרחות		ezrakhut	citizenship / nationality	
אזרח		ezrakh	citizen (m.s.)	
חסרת		khasrat	lacking (f.s.)	
כוחו		kokho	his power / his force / his strength / the power of / the force of / the strength of	
השפעת		hashpa'at	the influence of / the affect of	
השפעת		hashapa'at	the flu	
הדמות		hadmut	the image / the figure / the shape / the character	
בולט		bolet	protruding / stands out (m.s.)	
רימונים		rimonim	pomegranates / grenades	
בירת		birat	the capital of	
מאנשי		me'anshei	from the people of / of the people of	
הנוצרית		hanotsrit	the Christian (f.s.)	
גרסה		girsa	version	
בסדרת		besidrat	in a series of / in the series of	
דוגמת		dugmat	sample of / pattern of	
מבוססת		mevuseset	well established / well based (f.s.)	
למעט		lema'et	except	
למעט		leme'at	to/for a little	
למעט		lame'at	to/for the few	
אישור		ishur	approval / confirmation	
אוצר		otsar	treasure	
המוסלמים		hamuslemim	the Muslims	
נוצרים		notsrim	Christian (m.pl.)	
ייצור		yitsur	production	
ערבים		aravim	evenings	
ערבים		arevim	sureties	
ערבים		arvim	Arabs	
נעליים		na'alayim	shoes	
הכלב		hakelev	the dog	
הצרצר		hatsratsar	the cricket	
הביתה		habaita	home	
נורא		nora	awful / terrible / very (m.s.)	
בוקר		boker	morning	
בוקר		boker	cowboy	
ציפור		tsipor	bird	
קראו		kar'u	read / called (pl.)	
הקטנים		haktanim	the small / the little (m.pl.)	
שעבר		she'avar	that passed / the last (m.s.)	
זוג		zug	pair / couple	
כשהם		keshehem	when they	
בחדר		bekheder	in a room	
בחדר		bakheder	in the room	
ספק		sapak	supplier	
ספק		safek	doubt	
וחצי		vekhetsi	and half	
וחצי		vakhetsi	and a half	
ואלה		ve'ele	and these	
פתיחת		ptikhat	opening of	
פתוח		patuakh	open (m.s.)	
עשו		asu	did (pl.)	
חשש		khashash	worry / fear	
אחראי		akhra'i	responsible / in charge (m.s.)	
השופט		hashofet	the judge	
השאלה		hashe'ela	the question	
השאלה		hash'ala	landing	
הבין		hevin	understood (m.s.)	
השואה		hashva'a	comparison	
השואה		hasho'a	the holocaust	
נפץ		nefets	explosion	
נפץ		napats	detonator	
משמר		mishmar	guard	
משמר		meshamer	conserves (m.s.)	
ישירות		yeshirot	directly	
ישירות		yeshirut	directness / straightness	
חשובה		khashuva	important (f.s.)	
גברים		gvarim	men	
טענה		ta'ana	claimed / argued (f.s.) / claim / argue	
נודע		noda	known (m.s.) / became known	
יסוד		yesod	foundation / basis	
לאדם		la'adam	to/for the man / to/for the person / to/for mankind	
לאדם		le'adam	to/for a man / to/for a person	
להשתתף		lehishtatef	to participate	
שערי		sha'arei	gates of	
שערי		se'ari	my hair	
קבוע		kavu'a	constant / fixed / regular / permanent (m.s.)	
חג		khag	holiday	
הציבורי		hatsiburi	the public (m.s.)	
הסיבה		hasiba	the reason	
ספורטאים		sporta'im	athletes	
אויב		oyev	enemy	
ואנשי		ve'anshei	and the people of	
הצפונית		hatsfonit	the northern (f.s.)	
ההתנגדות		hahitnagdut	the resistance / the objection	
שכלל		shekalal	that included (m.s.)	
שכלל		sheklal	that a rule / that [not X] at all	
בספרות		basifrut	in literature	
בספרות		besaparut	in hairdressing	
המערבית		hama'aravit	the western (f.s.)	
ביצוע		bitsu'a	performance	
הקודש		hakodesh	the holiness	
עלייה		aliya	rise / increase / immigration	
התפתחה		hitpatkha	developed (f.s.)	
הקריירה		hakaryera	the career	
המודרני		hamoderni	the modern (m.s.)	
הביטוי		habitui	the expression	
אתרי		atarei	sites of	
דגים		dagim	fish (pl.)	
בשום		beshum	in no	
לספר		lesaper	to tell / to cut (hair)	
לספר		lesefer	[to] a book	
לספר		lasefer	[to] the book	
מגיעים		megi'im	arrive / deserve (m.pl.)	
גבר		gever	man	
גבר		gavar	overcame / defeated (m.s.)	
לעזור		la'azor	to help / to assist	
קם		kam	stood up / woke up (m.s.)	
לחפש		lekhapes	to search	
הבאה		haba'a	the next / the person who is coming (f.s.)	
בחזרה		bakhazara	back / at the rehearsal	
נכנס		nikhnas	entered (m.s.)	
חשבון		kheshbon	arithmetic / account / bill	
כתבי		kitvei	the works of	
כותב		kotev	write (m.s.)	
גורל		goral	fate / destiny	
מצליח		matsliakh	succeed / successful (m.s.)	
עונת		onat	season of	
אימה		eima	fear / terror	
התקשורת		hatikshoret	the communication / the media	
בתגובה		bitguva	in response	
ממשיך		mamshikh	continue (m.s.)	
האפשרות		ha'efsharut	the possibility / the option	
סיים		siyem	finished (m.s.)	
נרצחו		nirtsekhu	were murdered	
מעשי		ma'asi	practical (m.s.)	
ובעלי		uva'ali	and my husband	
ובעלי		uva'alei	and the owners of	
כושר		kosher	fitness / capability	
העביר		he'evir	passed / transferred (m.s.)	
המולדת		hamoledet	the homeland	
קיסר		keisar	Caesar	
בכיכר		bekikar	at a square / in a loaf	
בכיכר		bakikar	at the square / in the loaf	
במחלוקת		bemakhloket	in dispute	
במחלוקת		bamakhloket	in the dispute	
תושבים		toshavim	residents	
אמצעים		emtsa'im	means	
אירועי		eru'ei	events of	
התנאים		hatna'im	the conditions / the provisions	
התקיימו		hitkaimu	existed / took place / were held (pl.)	
פלוגת		plugat	company of (mil.)	
יוצאי		yotsei	veterans of / originated from (m.pl.)	
להפיק		lehafik	to produce	
השירה		hashira	the singing / the poetry	
השירה		heshira	dropped / shed  (f.s.)	
הבנייה		habniya	the building (v.)	
החמצן		hakhamtsan	the oxygen	
קת		kat	handle / shaft	
המרתון		hamaraton	the marathon	
השריקה		hashrika	the whistle	
השיבה		heshiva	replied / returned (f.s.)	
נדמה		nidme	apparently	
החלון		hakhalon	the window	
לו		lu	if (wishing)	
לשים		lasim	to place / to put	
לשים		lashim	knead (m.pl.)	
החדר		hakheder	the room	
החדר		hakhder	insert / penetrate (m.s. imperative)	
פרחים		prakhim	flowers	
יודעים		yod'im	know (m.pl.)	
שאף		sha'af	aspired / inhaled (m.s.)	
למחצה		lemekhetsa	half-	
לפעמים		lif'amim	sometimes	
התברר		hitbarer	became clear	
להוציא		lehotsi	to take out / to spend / to publish / excluding	
להחזיק		lehakhzik	to hold	
אפשרי		efshari	possible (m.s. adj.)	
במחנה		bemakhane	at a camp / in a group	
במחנה		bamakhane	at the camp / in the group	
בתא		bata	in the cell / in the chamber	
בתא		beta	in a cell / in a chamber	
בסדר		beseder	ok / well	
בנה		bana	built (m.s.)	
למחרת		lemokhorat	the next day	
למצב		lematsav	to a state / to a situation	
למצב		lamatsav	to the state / to the situation	
לסוף		lasof	to the end	
ארוכים		arukim	long (m.pl.)	
דמוי		dmui	-like / -form (m.s.)	
שחקן		sakhkan	player / actor	
פרסום		pirsum	publication / advertisement / fame	
לקו		lekav	to/for a line	
לקו		lakav	to/for the line	
המוח		hamoakh	the brain	
הקודם		hakodem	the former / the previous (m.s.)	
נפגש		nifgash	met (m.s.)	
שנועדו		sheno'adu	that are/were intended for / that are/were destined for / that conferred (pl.)	
השיטה		hashita	the method	
הרבייה		hareviya	the reproductiveness	
הצטרפו		hitstarfu	joined (pl.)	
בייחוד		beyikhud	especially	
מבצר		mivtsar	fort	
והייתה		vehaita	and was (f.s.)	
הובילה		hovila	led  / transported (f.s.)	
כאל		ke'el	as a god / as to	
כאל		ka'el	as the god	
מפלגת		mifleget	party of (political)	
הועברו		hu'avru	were passed / were transferred	
בתנאי		bitnai	on the condition / provided that	
בתנאי		bitna'ei	under the conditions of / under the provisions of	
עולמית		olamit	global / universal (f.s.)	
נטל		natal	took (m.s.)	
המחתרת		hamakhteret	the underground	
נפרד		nifrad	separated / individual (m.s.)	
שיצר		sheyatsar	that/who created / that/who made (m.s.)	
הסנדק		hasandak	the godfather	
הפירמידות		hapiramidot	the pyramids	
הרומח		haromakh	the spear	
רבייה		reviya	reproductiveness	
דעתי		da'ati	my opinion	
הערב		ha'erev	the evening / tonight / this evening	
הערב		ha'arev	the surety / the pleasant / the delicious	
רצון		ratson	will / desire	
לשיר		lashir	to sing	
דברי		divrei	the words of / the things of	
דברי		dvarai	my words / my things	
מסביב		misaviv	around	
למי		lemi	to whom	
מנה		mana	counted / included (m.s.) / portion	
לבנה		levana	white (f.s.)	
לבנה		levena	brick	
בשעות		basha'ot	in the hours	
בשעות		besha'ot	in hours	
בשעות		bish'ot	in the hours of	
קנה		kana	bought	
קנה		kane	barrel / shaft / trachea	
כזו		kazo	like this (f.)	
הקודמת		hakodemet	the former / the previous (f.s.)	
תלויה		tluya	hung / depending on (f.s.)	
נפלו		naflu	fell (pl.)	
מלון		malon	hotel	
מלון		melon	melon	
שלהן		shelahen	theirs (f)	
חלב		khalav	milk (n.) / milked (m.s.)	
חלב		khelev	tallow	
הענק		ha'anek	give (m.s. imperative)	
ההצבעה		hahatsba'a	the vote / the voting	
גזע		geza	trunk / race / stem	
באש		be'esh	in fire	
באש		ba'esh	in the fire	
לתקוף		litkof	to attack	
לעסוק		la'asok	to deal with / to engage in / to work in	
לכאורה		likh'ora	apparently / allegedly	
ובה		uva	and in her / and in it	
שפעלו		shepa'alu	that/who acted / that/who operated (pl.)	
שנותרו		shenotru	that/who were left (pl.)	
פעמיים		pa'amayim	twice	
המעבר		hama'avar	the pass / the transfer / the transition	
הקבר		hakever	the grave	
הזוג		hazug	the pair / the couple	
הסופר		hasofer	the author / who counts	
דגן		dagan	grain	
בפרט		bifrat	especially / particularly	
בבניית		bivniyat	in the building of	
צבע		tseva	color	
התקפה		hatkafa	attack	
מקדש		mikdash	temple / shrine	
שפת		sfat	language of / lip of / edge of	
האמונה		ha'emuna	the faith / the belief	
החינוך		hakhinukh	the education	
עבודות		avodot	works	
נפוצה		nefotsa	common (f.s.)	
מחלות		makhalot	illnesses / diseases	
חברתית		khevratit	social (f.s.)	
תחום		tkhum	field / area / range	
במבנה		bemivne	in a building / in a construction	
במבנה		bamivne	in the building / in the construction	
בקבוצה		bikvutsa	in a group	
בפרק		beperek	in chapter / in a chapter / in a period	
בפרק		baperek	in the chapter	
בפרק				
אלמוגים		almogim	corals	
אלוהים		elohim	god	
איתו		ito	with him	
תכף		tekhef	immediately / shortly	
הקרמת		hakramat	crusting of	
זחל		zakhal	caterpillar / army vehicle	
זקן		zaken	old (m.s.)	
קן		ken	nest	
קץ		kets	end / termination / ruin	
קץ		kats	was fed up with	
ומה		uma	and what	
ואחרי		ve'akharei	and after	
הבריאות		habri'ut	the health	
עושים		osim	do (m.pl.)	
שמע		shama	heard (m.s.)	
מקומו		mekomo	his place	
לטפל		letapel	to treat	
דרכי		darki	my way / through me	
בהיר		bahir	bright / fair	
ארגוני		irguni	organizational	
נפתח		niftakh	opens / opened (m.s.)	
מתחיל		matkhil	start (m.s.)	
מושג		musag	concept / obtained / achieved (m.s.)	
מקבל		mekabel	receives / accepts (m.s.)	
מקרים		mikrim	cases / events / incidents	
הזמנים		hzmanim	the times	
מחוז		makhoz	district	
להימנע		lehimana	to avoid	
והחל		vehakhel	and starting	
והחל		vehekhel	and started (m.s.)	
המספרים		hamisparim	the numbers	
המספרים		hamesaprim	the narrators / the story tellers	
בתום		betom	at the end / upon completion	
מיוחדים		meyukhadim	special (m.pl.)	
לימים		leyamim	subsequently	
המפורסם		hamefursam	the famous (m.s.)	
התנהגות		hitnahagut	behavior	
הזרים		hazarim	the foreign / the strangers (m.pl.)	
הגורם		hagorem	the factor / the cause	
גודל		godel	size	
בסביבות		bisvivot	around / in the area of	
מצור		matsor	siege	
מפלגות		miflagot	parties (political)	
עבד		avad	worked (m.s.)	
אנשיו		anashav	his people	
בכלי		bikhli	in an article / in a dish / in a vessel / with a tool	
בכלי		bikhlei	in the vessels of / with/in the tools of	
הקרוי		hakarui	that/who is called (m.s.)	
החברתי		hakhevrati	the social (m.s.)	
משתמש		mishtamesh	uses / user (m.s.)	
תחנות		takhanot	stations	
פעילותו		pe'iluto	his activity	
גטו		geto	ghetto	
למים		lemayim	to/for water	
למים		lamayim	to/for the water	
להצביע		lehatsbi'a	to vote / to raised a hand / to point at / to indicate	
הבור		habor	the hole / the pit	
הבור		habur	the ignorant / the fallow	
אתרים		atarim	sites	
האנדרטה		ha'andarta	the monument	
וכדומה		vekhadome	and so on / etc.	
במחקר		bemekhkar	in a research / in a study	
במחקר		bamekhkar	in the research / in the study	
החתול		hakhatul	the cat	
שתן		sheten	urine	
האיגרוף		ha'igruf	the boxing	
ביולוגיה		biologia	biology	
הטרופי		hatropi	the tropical (m.s.)	
המעלות		hama'alot	the advantages / the virtues / the stairs	
בעצמי		be'atsmi	by myself / personally	
צעקה		tsa'aka	shouted / yelled (f.s.)	
צעקה		tse'aka	shout / yell	
איפה		eifo	where	
ראיתי		ra'iti	I saw	
אתמול		etmol	yesterday	
רגלי		ragli	my leg / by foot	
רגלי		raglai	my legs	
מקרה		mikre	case / event / incident / fortune / chance	
מבקש		mevakesh	asking / asks / requesting / requests (m.s.)	
האפשר		ha'efshar	is it possible	
עומדת		omedet	stands / is about to / endures / succeeds / insists on (f.s.)	
נסע		nasa	drove / traveled (m.s.)	
מעטים		me'atim	little / few (m.pl.)	
השומר		hashomer	the guard / that/who guards / that/who protects (m.s.)	
גרמו		garmu	caused (pl.)	
שקיבל		shekibel	that/who received / that/who accepted (m.s.)	
אסור		asur	forbidden / imprisoned (m.s.)	
המידע		hameida	the information	
הקהל		hakahal	the public / the crowd / the audience	
בענף		be'anaf	[in] a branch / in a field	
בענף		ba'anaf	[in] the branch / in the field	
מלחמות		milkhamot	wars	
לוחם		lokhem	warrior (m.s.)	
ערכו		erko	its/his value	
ערכו		arkhu	edited / arranged / held (pl.)	
אזורי		azori	regional	
הלשון		halashon	the tongue / the language	
הקשת		hakeshet	the arch / the bow / the rainbow	
הטענה		hata'ana	the claim / the argument	
הסדר		haseder	the order	
בשדה		basade	in the field	
בשדה		besade	in a field	
בעיה		be'aya	problem	
סלע		sela	rock	
המבצר		hamivtsar	the fort	
סבר		savar	thought / assumed (m.s.)	
קצין		katsin	officer	
היווה		hiva	was / constituted (m.)	
בחירות		bkhirot	elections / selections	
נוצרה		notsra	was formed / was created (f.s.)	
מרחק		merkhak	distance	
פירוק		peruk	dismantling / decomposing / liquidating / unloading	
המציאות		hametsi'ut	reality	
מוסלמים		muslemim	Muslims	
משקל		mishkal	weight / scale	
המבנים		hamivnim	the buildings / the constructions	
העובדים		ha'ovdim	the workers	
מימן		mimen	financed	
מימן		meiman	hydrogen	
מסלול		maslul	course / path / track	
פיתח		piteakh	developed	
התחרות		hatakharut	the competition	
בנוכחות		benokhekhut	in the presence	
תהליכים		tahalikhim	processes	
חלבונים		khelbonim	proteins	
ישבתי		yashavti	I sat (pl.)	
הכנימה		haknima	the aphid	
הבקר		habakar	the cattle / the controller	
הבקר		haboker	the morning / this morning	
הבקר		haboker	the cowboy	
לשבת		lashevet	to sit	
צריכים		tsrikhim	need (m.pl.)	
מתים		metim	dead (m.pl.)	
מכתב		mikhtav	letter	
טובים		tovim	good (m.pl.)	
מתאים		mat'im	suitable / appropriate / applicable / identical (m.s.)	
שרק		sharak	whistled (m.s.)	
שרק		sherak	I wish	
ראשו		rosho	his head	
מתחילה		matkhila	start (f.s.)	
הישן		hayashan	the old (m.s.)	
הישן		hayashen	the sleeping (m.s.)	
שחקני		sakhkanei	the players of / the actors of	
עזר		azar	helped / assisted (m.s.)	
עזר		ezer	aid / auxiliary	
כיס		kis	pocket	
היסוד		hayesod	the foundation	
מסר		masar	gave / delivered (m.s.)	
מסר		meser	message	
לעבוד		la'avod	to work / to worship	
לעצור		la'atsor	to stop / to arrest	
והדבר		vehadavar	and the thing / and the object / and the matter / and the item	
והדבר		vehadever	and the plague	
שרידי		sridei	remnants of / survivors of	
התורה		hatora	the Torah / the theory	
הנמצא		hanimtsa	that is found / that is [at] (m.s.)	
בחצר		bekhatser	in a yard	
בחצר		bakhatser	in the yard	
לייצר		leyatser	to produce	
להחזיר		lehakhzir	to return [something]	
תקשורת		tikshoret	communication / media	
התקבל		hitkabel	was accepted (m.s.)	
הופך		hofekh	inverts / converts / turns / becomes / transforms (m.s.)	
בדיקת		bdikat	examination of / test of	
רעיונות		ra'ayonot	ideas	
מתוכם		mitokham	out of them / from them	
מוגבל		mugbal	limited / restricted (m.s.)	
מזרחה		mizrakha	to the east	
לח		lakh	humid	
שירי		shiri	my song / my poem	
שווה		shave	equals (m.s.) / equal / identical	
שווה		shava	equals (f.s.)	
פעולת		pe'ulat	action of / operation of	
הדור		hadur	elegant	
הדור		hador	the generation	
גיר		gir	chalk / lime	
במאבק		bema'avak	in a struggle / in a fight / in a conflict	
במאבק		bama'avak	in the struggle / in the fight / in the conflict	
בתנאים		betna'im	under conditions	
בתנאים		batna'im	under the conditions	
בהקשר		beheksher	in a context	
בהקשר		baheksher	in the context	
נכשל		nikhshal	failed (m.s.)	
נכשל		hamiflagot	the parties (political)	
ששימשו		sheshimshu	that were used [for]	
לצורכי		letsorkhei	for the purpose of	
המבוסס		hamevusas	the well established / the well based / that is based [on] (m.s.)	
הקולות		hakolot	the voices / the sounds	
מורשת		moreshet	legacy / inheritance	
שנוצר		shenotsar	that was formed / that was created (m.s.)	
המוסלמי		hamuslemi	the Muslim (m.s.)	
הרוב		harov	the majority	
דופן		dofen	wall / partition	
הופיעה		hofi'a	appeared / performed (f.s.)	
השירים		hashirim	the songs / the poems	
הרכב		herkev	composition	
רכבת		rakevet	train	
רכבת		rakhavta	you rode	
פתרון		pitron	solution	
כוללים		kolelim	include (m.pl.)	
ההעתקים		hahe'etekim	the copies	
והלח		vehalakh	and the humid	
צבי		tsvi	deer	
פסלים		psalim	statues / sculptures	
הקלאסית		haklasit	the classical (f.s.)	
אשרה		ashra	visa / permit	
תרכובות		tirkovot	compounds / compositions	
חומצות		khumtsot	acids	
האדון		ha'adon	the mister / the master	
לשמוע		lishmo'a	to hear	
נאה		na'e	handsome / nice (m.s.)	
הבר		habar	the wild / the son / the bar	
רוצים		rotsim	want (m.pl.)	
תועלת		to'elet	benefit / utility	
קרה		kara	happened / occurred / cold (f.s.) / frost	
הקיר		hakir	the wall	
עלינו		aleinu	on us / about us	
כאלו		ka'elu	like these / like those / such	
היינו		hayinu	we were	
הספרים		hasfarim	the books	
בשעת		bish'at	in the hour of / at a time of / at the time of	
לשלם		leshalem	to pay	
שבוע		shavu'a	week	
בקצה		bakatse	at the tip / at the end	
בקצה		bekatse	at a tip / at an end	
בקצה		biktse	at the tip of / at the end of	
בחורף		bekhoref	in a winter	
בחורף		bakhoref	in the winter	
ידעו		yad'u	knew (pl.)	
להתקיים		lehitkayem	to exist / to take place	
החצר		hakhatser	the yard	
מידי		midei	from	
מקומי		mekomi	local (m.s.)	
שחקנים		sakhkanim	players / actors	
פרש		parash	retired (m.s.) / rider (horse) / cavalier	
פרש		peresh	explained / interpreted (m.s.)	
הקול		hakol	the voice / the sound	
האמיתי		ha'amiti	the real (m.s.)	
הסכסוך		hasikhsukh	the conflict	
בעיתון		be'iton	in a newspaper	
בעיתון		ba'iton	in the newspaper	
ואל		ve'el	and to / and a god	
ואל		ve'al	and don't	
ובהמשך		uvehemshekh	and later	
ובהמשך		uvahemshekh	and later	
התהליך		hatahalikh	the process	
הפרטים		hapartim	the details / the individuals	
האצבעות		ha'etsba'ot	the fingers	
דן		dan	discussed / judged (m.s.)	
במסע		bemasa	on a journey	
במסע		bamasa	on the journey	
בקו		bekav	[in] a line	
בקו		bakav	[in] the line	
מטרות		matarot	goals / targets	
מצוק		matsok	cliff	
יתרון		yitaron	advantage	
ובהן		uvahen	and in them (f.)	
שמאל		smol	left	
ששימש		sheshimesh	that was used [for] (m.s.)	
אישי		ishi	personal (m.) / private (m.) / my man / my husband	
בשירה		beshira	[in] singing / in poetry	
בשירה		bashira	in the singing / in the poetry	
בחייו		bekhayav	in his life	
בהנהגת		behanhagat	led by	
ציד		tsayid	hunt	
האונייה		ha'oniya	the ship	
סמכות		samkhut	authority	
שכללה		shekalela	that included (f.s.)	
תעלת		te'alat	channel of / canal of / trench of	
שריון		shiryon	armor	
צבאיים		tsva'iyim	military (m.pl.)	
התנגדו		hitnagdu	resisted / objected (pl.)	
הרקע		hareka	the background	
העמים		ha'amim	the people / the nations (pl.)	
האוקיינוס		ha'okyanus	the ocean	
באוויר		ba'avir	in the air	
באוויר		be'avir	in air	
וחלק		vekhelek	and part	
וחלק		vekhalak	and smooth / and slippery (m.s.)	
חזית		khazit	front / frontier	
הדעות		hade'ot	the opinions	
הבינלאומית		habeynle'umit	the international (f.s.)	
הדתי		hadati	the religious (m.s.)	
תוכניות		tokhniyot	programs / plans	
בתוכנית		betokhnit	in a program / in a plan	
בתוכנית		batokhnit	in the program / in the plan	
מוקשים		mokshim	mines / traps	
מוצרי		mutsrei	products of	
חוקרים		khokrim	investigators / researchers / investigate / research / inquire (m.pl.)	
הפסל		hapesel	the statue / the sculpture	
הפסל		hapasal	the sculptor	
הנדסי		handasi	geometric / of engineering (m.s.)	
באותם		be'otam	in the same / at the same (m.pl.)	
אגן		agan	basin / pelvis / pan	
התאוריה		hate'orya	the theory	
בשלהי		beshilhei	at the end of	
אוניברסיטת		universitat	university of	
המדעי		hamada'i	the scientific	
הורמון		hormon	hormone	
בסמים		besamim	[in] drugs	
בסמים		basamim	[in] the drugs	
השחפת		hashakhefet	the tuberculosis	
הרגשתי		hirgashti	I felt / I sensed	
לישון		lishon	to sleep	
הלכתי		halakhti	I walked / I went	
יכלה		yakhla	could (f.s.)	
שמא		shema	lest / perhaps	
הציגה		hetsiga	introduced / displayed / presented / exhibited (f.s.)	
רחוק		rakhok	far (m.s.)	
צעדים		tsa'adim	steps	
חבל		khevel	rope	
חבל		khaval	it's a pity	
קלה		kala	easy / light weight (f.s.)	
השדה		hasade	the field	
נראו		nir'u	were seen / looked (pl.)	
החלטה		hakhlata	decision	
דרכה		darka	her way	
מעץ		me'ets	of wood / from a tree	
מטה		mata	down	
מטה		mate	stick	
מטה		mita	bed	
לראש		larosh	to/for the head	
לראש		lerosh	to/for a head	
הדיון		hadiyun	the discussion	
הרשות		hareshut	the permission	
הרשות		harashut	the authority	
לחוק		lekhok	to a law	
לחוק		lakhok	to the law	
התקבלה		hitkabla	was accepted (f.s.)	
התעופה		hate'ufa	the aviation	
סגן		sgan	deputy / vice	
מפתח		mafteakh	key	
מפתח		mefateakh	develop (m.s.)	
מסיבות		mesibot	for reasons / parties	
עוסק		osek	deals / engages  / works (m.s.)	
עברי		ivri	Hebrew (adj.)	
האירועים		ha'eru'im	the events	
הכיר		hikir	knew / recognized (m.s.)	
בניסיון		benisayon	under trial / [in] experience / in an attempt	
סכום		s'khum	sum	
משא		masa	burden / load	
משא		masa [umatan]	negotiation	
שילוב		shiluv	combination	
שאלת		she'elat	question of	
שאלת		sha'alta	you asked (m.s.)	
שאלת		sha'alt	you asked (f.s.)	
עזב		azav	left (m.s.)	
הועבר		hu'avar	was passed / was transferred (m.s.)	
הפיתוח		hapituakh	the development	
החשוב		hakhashuv	the important	
במדינת		bimdinat	in the state of	
בבניין		bebinyan	in a building / in the building [of]	
בבניין		babinyan	in the building	
דרומה		daroma	to the south	
הקרבות		hakravot	the battles	
הקרבות		hakervot	that/who are getting close / that/who approach (f.pl.)	
שטחים		shtakhim	areas / fields / territories	
הלוחם		halokhem	the warrior	
חוקית		khukit	legal (f.s.) / legally	
חברתי		khevrati	social (m.s.)	
חברתי		khaverti	my friend (f.s.)	
היריב		hayariv	the rival / the opponent / the enemy (m.s.)	
מאבק		ma'avak	struggle / fight / conflict	
דעות		de'ot	opinions	
הטוענים		hato'anim	who claim / that/who charge / that/who load (m.)	
רחבה		rekhava	wide (f.s.)	
רחבה		rakhava	square	
נתפס		nitpas	was/is caught / was/is perceived (m.s.)	
למד		lamad	studied / learned (m.s.)	
למד		lamed	teach (m.s. imperative) / learns (m.s.)	
הקומוניסטי		hakomunisti	the communist (m.s.)	
בקשר		bekesher	in connection / in relation / in contact / regarding	
סמך		samakh	relayed / counted [on]	
נאמר		nomar	we will say / let us say / let us suppose	
מחלוקת		makhloket	disagreement	
ומשם		umisham	and from there	
עשויה		asuya	might / made of (f.s.)	
המקומית		hamekomit	the local (f.s.)	
השוליים		hashulayim	the margins / the edges / the fringe	
הכלל		haklal	the rule / all	
הטמפרטורה		hatemperatura	the temperature	
גיל		gil	age / joy	
בור		bor	hole / pit	
בור		bur	ignorant / fallow	
בארגון		be'irgun	in an organization / in organizing	
בארגון		ba'irgun	in the organization	
ובית		uvait	and a house / and a home	
קשרי		kishrei	ties of / bonds of / links of / connections of	
עתיד		atid	future	
במקור		bemakor	[in] a source / by a beak	
במקור		bamakor	originally / by the beak	
בדרכים		badrakhim	on the road	
היקוות		hikavut	collection (of liquid) / drainage	
המוסד		hamosad	the institute / the Mossad (the Israeli intelligence agency)	
זהות		zehut	identity	
מציין		metsayen	note / mark / indicate (m.s.)	
יוצר		yotser	creates (m.s.) / creator / artist / maker	
יוצר		yutsar	was produced / was made	
מאפשרת		me'afsheret	enables / facilitates (f.s.)	
ירוק		yarok	green (m.s.)	
ובכל		uvkhol	and in all	
הצהריים		hatsohorayim	noon	
ישר		yashar	straight / honest (m.s.)	
פניו		panav	his face	
אישר		isher	approved / confirmed (m.s.)	
מתו		metu	died (pl.)	
לזמן		zmanit	temporary (f.s.) / temporarily	
הסביר		hisbir	explained (m.s.)	
הסביר		hasavir	the reasonable / the likely (m.s.)	
שעליו		she'alav	on whom / on which / about whom / about which (m.s.)	
השער		hasha'ar	the gate	
הסמוך		hasamukh	the near / the confident (m.s.)	
ברציפות		birtsifut	continuously	
לערוך		la'arokh	to edit / to arrange / to hold	
הצד		hatsad	the side	
הסכים		hiskim	agreed (m.s.)	
בלב		belev	in a heart	
בלב		balev	in the heart	
בפתח		befetakh	at the beginning of / at a doorway / in an opening	
בפתח		bapetakh	at the door / in the opening	
בצבע		betseva	in color	
בצבע		batseva	[in] the color	
נדיר		nadir	rare (m.s.)	
לציבור		letsibur	to the community of	
לציבור		latsibur	to the public	
הצדק		hatsedek	the justice	
הנוכחי		hanokhekhi	the present / the current	
בקלות		bekalut	easily	
רכב		rakhav	rode (m.s.)	
רכב		rekhev	vehicle	
מוחלט		mukhlat	decisive / definite / total (m.s.)	
לתקופה		letkufa	to/for a period / to/for an era	
לתקופה		latkufa	to/for the period / to/for the era	
לפתח		lefateakh	to develop	
לרגל		laregel	to/for the leg	
לרגל		[aliya] laregel	pilgrimage	
לרגל		leregel	to/for a leg / on the occasion of / because of	
לרגל		leragel	to spy	
תמיכה		tmikha	support	
תמונה		tmuna	picture	
פרקים		prakim	chapters / joints	
המטרה		hamatara	the goal / the target	
התגלו		hitgalu	were discovered	
הנמצאים		hanimtsa'im	that are found / that are [at] (m.pl.)	
גורמת		goremet	causes (f.s.)	
נותרה		notra	was left (f.s.)	
צבאו		tsva'o	his army	
צבאו		tsav'u	crowded	
החופשית		hakhofshit	the free (f.pl.)	
שליטה		shlita	control	
העברת		ha'avarat	passing of / transfer of	
חתם		khatam	signed (m.s.)	
עמדות		amadot	positions	
ביטול		bitul	cancellation	
תקף		takaf	attacked (m.s.)	
תקף		takef	valid (m.s.)	
האזרח		ha'ezrakh	the citizen (m.s.)	
לספק		lesapek	to supply / to provide	
בפעולות		bif'ulot	in actions	
לקבוע		likbo'a	to determine / to set	
שבט		shevet	tribe	
שבט		Shvat	the fifth month in the Jewish calendar	
מופיעים		mofi'im	appear / perform (m.pl.)	
מפקדת		mifkedet	the headquarters of	
זיהוי		zihui	identification	
השתתף		hishtatef	participated (m.s.)	
בתפקיד		betafkid	in a role of	
בתפקיד		batafkid	in the role of	
התיישבות		hityashvut	settlement	
המרחק		hamerkhak	the distance	
קיום		kiyum	existence / survival / holding of / fulfillment of	
תחומים		tkhumim	fields / areas / ranges	
הסגנון		hasignon	the style / the manner	
בפרס		bifras	[receive] an award / [win] a prize	
בפרס		bapras	[receive] the award / [win] the prize	
החומרים		hakhomarim	the materials	
האדונים		ha'adonim	the masters / Mr. (pl.)	
מחר		makhar	tomorrow	
וכעת		veka'et	and now	
המלכות		hamalkhut	the kingdom / the kingship	
המלכות		hamalkot	the queens	
מפה		mapa	map	
ודאי		vadai	certainly / of course	
ודאי		vada'i	certain / undoubted	
הכסף		hakesef	the money	
הפרחים		haprakhim	the flowers	
לילדים		leyeladim	for children	
לילדים		layeladim	for the children	
הצהיר		hits'hir	stated / declared (m.s.)	
מחשבה		makhshava	thought	
לדבריו		lidvarav	according to him	
בלא		belo	without	
כשהיא		keshehi	when she	
הולכת		holekhet	walk / go (f.s.)	
הקטנה		haktana	the small / the little / reduction / minimizing (f.s.)	
מוזיקה		muzika	music	
מכה		maka	hit / stroke / blow	
מביא		mevi	bring (m.s.)	
מנסה		menase	try (m.s.)	
שאינה		she'eina	that is not / that is not here (f.s.)	
התוצאה		hatotsa'a	the result / the outcome / the consequence	
בפי		befi	in my mouth / in the mouth of	
לאתר		le'atar	to a site	
לאתר		la'atar	to the site	
לאתר		le'ater	to locate	
להישגים		lehesegim	to/for achievements	
להרוג		laharog	to kill	
אינסולין		insulin	insulin	
אורח		oreakh	guest / visitor	
אורח		orakh	way / manner	
בתו		bito	his daughter	
בשיטה		bashita	[by] the method	
בשיטה		beshita	[by] a method	
נטען		nit'an	was loaded / was claimed / we will claim	
מתקדמים		mitkadmim	advance / advanced (m.pl.)	
מפעל		mif'al	plant / factory	
לאנשי		le'anshei	to the people of / for the people of	
אמן		amen	amen	
אמן		oman	artist	
אמן		iman	their mother (f.)	
כלשהי		kolshehi	any / of any kind (f.s.)	
התרחש		hitrakhesh	happened (m.s.)	
גדלים		gdelim	growing (m.pl.)	
גדלים		gdalim	sizes	
סיבה		siba	reason	
הלאומנים		hale'umanim	the nationalists	
פלישה		plisha	invasion	
בלחימה		belekhima	in combat	
בלחימה		balekhima	in the combat	
תוכניתו		tokhnito	his plan / his program / his layout	
נעצרו		ne'etsru	were stopped / were arrested	
הוועדה		hava'ada	the committee / the commission	
הסיבות		hasibot	the reasons	
איחוד		ikhud	union	
אוכלוסייה		ukhlusiya	population	
מאמץ		ma'amats	effort	
המלוכה		hamelukha	the kingdom / the kingship	
המקומי		hamekomi	the local (m.s.)	
באזורי		be'ezorei	in the areas of	
גדודי		gdudi	regimental	
גדודי		gdudei	regiments of	
במשקל		bemishkal	a weight of / by weight	
חלקית		khelkit	partially	
האישי		ha'ishi	the personal / the private (m.s.)	
החרב		hakherev	the sword	
בדמוקרטיה		bedemokratya	in democracy	
בדמוקרטיה		bademokratya	in the democracy	
מחלת		makhalat	disease of	
מהתקופה		mehatkufa	from the period / from the era	
מנגנון		manganon	system / mechanism	
לפעילות		lape'ilut	to/for the activity	
לפעילות		lepe'ilut	to/for an activity	
ומאוחר		veme'ukhar	and late	
שחמט		shakhmat	chess	
אפקט		efekt	effect	
הינם		hinam	they are / are (m.)	
השתמש		hishtamesh	used (m.s.)	
הפילוסוף		hafilosof	the philosopher	
ההיסטורי		hahistori	the historical (m.s.)	
הדמויות		hadmuyot	the shapes / the figures / the characters	
רמות		ramot	heights / levels	
ציורי		tsiyuri	artistic / figurative	
בדגל		bedegel	[in] a flag	
בדגל		badegel	[in] the flag	
הבימה		habima	the stage	
הציונות		hatsiyonut	Zionism	
רשימה		reshima	list	
להפקת		lehafakat	for the production of	
אקלים		aklim	climate	
האוניברסיטה		ha'universita	the university	
מדעי		mada'i	scientific	
לימודיו		limudav	his studies	
בתחרות		betakharut	in competition	
בתחרות		batakharut	in the competition	
ארסנל		arsenal	arsenal	
חן		khen	grace / charm	
והנה		vehine	and here is	
חפץ		khefets	object	
חפץ		khafets	want (m.s.)	
חפץ		khafats	wanted (m.s.)	
רעה		ra'a	bad (f.s.) / grazed (sheep) (m.s.)	
לבד		levad	alone	
כליל		klil	totally / entirely / completely	
משרה		misra	job / position	
משרה		mishra	marinade	
משרה		mashre	inspires / induces / marinades (m.s.)	
משרה		mashra	inspires / induces / marinades (f.s.)	
בתוכו		betokho	inside him/it	
טעם		ta'am	flavor / taste / reason	
טעם		ta'am	tasted (m.s.)	
הכהן		hakohen	the priest / the Cohen	
העלה		he'ela	raised / increased / lifted / brought up (m.s.)	
נותן		noten	gives (m.s.)	
ונראה		venir'e	and it seems / and visible / and apparent / and we will see	
ונראה		venir'a	and seemed / and was visible / and was apparent	
החולה		hakhole	the patient / the sick	
הגברים		hagvarim	the men	
לכבוד		likhvod	for / in honor of / on the occasion of	
עור		or	skin	
מגרש		migrash	field / yard	
לפתוח		liftoakh	to open	
ואולם		ve'ulam	but/ however / and a hall	
הגשר		hagesher	the bridge	
רצח		retsakh	murder	
רצח		ratsakh	murdered (m.s.)	
שדות		sadot	fields	
עזרה		ezra	help / assistance / aid	
כהה		kehe	dark	
הוציא		hotsi	spent / took out / published (m.s.)	
הצמחים		hatsmakhim	the plants	
הסמוכים		hasmukhim	the near / the confident (m.pl.)	
דור		dor	generation	
נושאים		nos'im	subjects  / carriers / carry / marry (m.pl.)	
משרדי		misradi	my office / clerical / ministerial	
משרדי		misradei	the offices of	
משרדי		misradai	my offices	
מחסור		makhsor	shortage / lack / deficiency	
מגלה		megale	discovers (m.s.)	
קדם		kedem	old / ancient / east	
קדם		kadam	preceded	
קדם		kdam	pre-	
אגם		agam	lake	
המשורר		hameshorer	the poet	
השרירים		hashririm	the muscles	
העבר		ha'avar	the past	
העבר		ha'aver	pass / transfer (m.s. impertaive)	
הרשמי		harishmi	the official	
בנשק		beneshek	with weapon	
בנשק		baneshek	with the weapon	
צור		tsur	rock / cliff	
נהג		nahag	driver / drove / used to (m.s.)	
נדרש		nidrash	required	
לניצחון		lenitsakhon	to/for a victory	
לניצחון		lanitsakhon	to/for the victory	
כבשו		kavshu	occupied / conquered (pl.)	
קורבנות		korbanot	victims	
החומות		hakhomot	the walls	
גנרל		general	general	
בוצעו		buts'u	were performed	
מפקדי		mefakdei	the commanders of	
מפקדי		nifkadei	the censuses of / the musters of	
לכיבוש		lekibush	to an occupation	
לכיבוש		lakibush	to the occupation	
תומכי		tomkhei	the supporters of	
לשלוט		lishlot	to rule / to control	
למטרות		lematarot	to/for goals / to/for targets	
למטרות		lamatarot	to/for the goals / to/for the targets	
למטרות		lematrot	to/for the goals of / to/for the targets of	
הכיכר		hakikar	the square / the loaf	
מתח		metakh	tension / suspense / voltage / trapeze	
מתח		matakh	stretched (m.s.)	
חל		khal	occurs	
הקשרים		haksharim	the ties / the bonds / the links / the connections	
הקשרים		heksherim	contexts	
הכרזת		hakhrazat	the proclamation of / the announcement of / the declaration of	
מתקדם		mitkadem	advance / advanced (m.s.)	
מחבר		mekhaber	connects / links / author (m.s.)	
מחבר		makhber	connector	
מחבר		mekhaver	from a friend	
לשינוי		lashinui	to/for the change	
לשינוי		leshinui	to/for a change	
לזהות		lezahot	to identify	
פסל		pesel	statue / sculpture	
פסל		pasal	sculptor / rejected / disqualified (m.s.)	
המונח		hamunakh	the term / that is placed / that is laid / that is lying	
המקובל		hamekubal	the accepted / the conventional / the popular (m.s.)	
הספרות		hasifrut	the literature	
הספרות		hasaparut	the hairdressing	
הספרות		hasfarot	the digits	
טלוויזיה		televizya	television	
ממוצע		memutsa	average (m.s.)	
שזכה		shezakha	that/who won (m.s.)	
שכבות		shkhavot	layers	
פגיעות		pgi'ot	hits / impacts / damages / offenses	
השפות		hasafot	the languages / the edges	
האש		ha'esh	the fire	
האש		haktiva	the writing	
הבדלים		hevdelim	differences	
הריצה		haritsa	the run	
הריצה		heritsa	ran [something] (f.s.)	
מוזכר		muzkar	mentioned (m.s.)	
מפלס		miflas	level	
מפלס		mefales	breaks through / levels (v.) (m.s.)	
גופים		gufim	bodies	
המאפיינים		hame'afyenim	the characteristics	
גנטית		genetit	genetic (f.s.)	
האלמוגים		ha'almogim	the corals	
הזבובים		hazvuvim	the flies	
בקרבי		bekirbi	in me	
צחק		tsakhak	laughed (m.s.)	
מכיר		mekir	recognizes / familiar with (m.s.)	
קולי		koli	my voice	
השמים		hashamayim	the sky	
צילום		tsilum	photograph / photography	
נמסר		nimsar	was delivered / was handed (m.s.)	
שייך		shayakh	belongs / relevant (m.s.)	
במה		bame	in what / how	
קוראים		kor'im	readers / read / call (m.pl.)	
באדמה		ba'adama	in the ground	
באדמה		be'adama	in soil / in a ground	
צמח		tsemakh	plant	
צר		tsar	narrow / enemy / lays siege to / created / shaped / sorry (m.s.)	
נשארו		nish'aru	remained / were left / stayed (pl.)	
מהרה		mehera	soon	
שבאו		sheba'u	that/who came (pl.)	
קלות		kalot	easy / light weight / slightly (f.pl.)	
ענפי		anfei	branches of / fields of	
שומר		shomer	guard / keeps / protects (m.s.)	
שחורים		skhorim	black (m.pl.)	
עסקים		asakim	business	
זמני		zmani	temporary (m.) / my time	
שנייה		shniya	second	
זכאי		zakai	innocent / eligible	
התייחס		hityakhes	referred to / applied (m.s.)	
הטילו		hetilu	cast / threw / projected / laid eggs (pl.)	
וכאשר		veka'asher	and when / and while	
חמור		khamor	donkey	
חמור		khamur	serious / severe (m.s.)	
אפשרית		efsharit	possible (f.s.)	
אנושי		enoshi	humane (m.s.)	
החליטה		hekhlita	decided (f.s.)	
הזכות		hazkhut	the right / the privilege	
הדומה		hadome	the similar (m.s.)	
במהרה		bimhera	soon	
רד		red	come down (m.s. imperative)	
מכאן		mikan	from here	
מסמר		masmer	nail	
לרב		larav	to/for the rabbi	
לרב		lerav	to/for a rabbi	
לרב		larov	mostly / in most cases / usually	
לנוע		lanu'a	to move	
שהביאו		shehevi'u	that/who brought (pl.)	
קשת		keshet	arch / bow / rainbow / curvature	
קשת		kashat	Sagittarius	
קרקע		karka	soil / ground / land	
פרצו		partsu	broke into / broke out / burst (pl.)	
עלילה		alila	plot / deed / libel / false charge	
אובדן		ovdan	loss	
אוסף		osef	collection	
אוסף		osef	collect (m.s.)	
כישלון		kishalon	failure	
המזרחית		hamizrakhit	the eastern (f.s.)	
הבשר		habasar	the meat	
דמיון		dimyon	imagination / fantasy / resemblance	
גול		gol	goal	
סיפורים		sipurim	stories	
נע		na	moves (m.s.)	
כשיר		kashir	qualified / eligible / able	
תגבורת		tigboret	reinforcement / contingent	
השבויים		hashvuyim	the prisoners (of war)	
נסוגו		nasogu	withdrew / retreated (pl.)	
הרוגים		harugim	casualties	
מטוסים		metosim	airplanes	
הקצינים		haktsinim	the officers	
מפרץ		mifrats	bay	
הוצאו		huts'u	were spent / ware taken out / were published	
שפות		safot	languages / edges	
שפות		sfot	the languages of / the edges of	
צו		tsav	order	
מלכותו		malkhuto	his kingship	
מלכותו		[hod] malkhuto	His Majesty	
הבמאי		habamai	the director	
ליברלית		liberalit	liberal	
ובראשם		uverosham	and they are/were led by (m.pl.)	
ובנוסף		uvnosaf	and in addition	
בשיתוף		beshituf	in collaboration / in cooperation / in participation	
להופיע		lehofi'a	to appear / to perform	
לבניית		livniyat	for the building of	
קטע		keta	segment / section	
המקומות		hamekomot	the places	
האמנים		ha'omanim	the artists	
לימודי		limudi	of study / tutorial	
לימודי		limudei	the studies of	
לימודי		limudai	my studies	
להבחין		lehavkhin	to observe	
תכונות		tkhunot	characters / attributes	
וזכה		vezakha	and won (m.s.)	
וזכה		vezaka	and pure (f.s.)	
פיצוץ		pitsuts	explosion	
עבודת		avodat	work of	
אימונים		imunim	training / practice	
המתחם		hamitkham	the site / the defined area	
הבינוני		habeynoni	the medium / the mediocre	
העיוורים		ha'ivrim	the blind (pl.)	
יציאת		yesti'at	exit of	
בתחומי		bitkhumei	in the fields of / in the areas of / in the ranges of	
הפקת		hafakat	production of	
האבל		ha'evel	the mourning	
האבל		ha'avel	the mourner	
אלבום		albom	album	
מרתון		maraton	marathon	
המירוץ		hameruts	the race	
הסיף		hasayif	the sward / the fencing	
מאומה		me'uma	nothing	
הכבוד		hakavod	the honor / the glory / the respect / the dignity	
הנסיכה		hanesikha	the princess	
בהחלט		behekhlet	certainly	
הקן		haken	the nest	
יבוא		yavo	will come (m.s.)	
תוכל		tukhal	you will be able / she will be able	
עשתה		asta	did (f.s.)	
השחרור		hashikhrur	the liberation	
רצו		ratsu	wanted (pl.)	
רצו		ratsu	ran (pl.)	
כתוב		katuv	written (m.s.)	
כתוב		ktov	write (m.s. imperative)	
הראה		her'a	showed (m.s.)	
יורד		yored	goes down / comes down / descends / decreases (m.s.)	
לפניו		lefanav	before him / in front of him / to/for his face	
עוברים		ovrim	pass / cross / go through (m.pl.)	
הכריזה		hikhriza	proclaimed / announced / declared (f.s.)	
הבעיה		habe'aya	the problem	
נוח		noakh	comfortable (m.s.)	
יחדיו		yakhdav	together	
לוותר		levater	to give up / to waive	
לחיים		lekhayim	for life / to life	
לחיים		lekhayim	cheers	
לחיים		lakhayim	to the life / for the life / for the living	
פינוי		pinui	evacuation	
גופו		gufo	his body	
בכנסת		bakneset	at the Knesset	
מנהל		menahel	manager / manages (m.s.)	
מנהל		minhal	administration / management	
להתייחס		lehityakhes	to refer	
דרומית		dromit	southern (f.s.)	
גבולות		gvulot	borders / limits	
מטרה		matara	goal / target	
לשלב		leshalev	to combine / to integrate	
לשלב		lashalav	to/for the stage / to/for the phase / to/for the rung	
לשלב		leshalav	to/for a stage / to/for a phase / to/for a rung	
לדרום		ladarom	to the south	
לדרום		ledarom	to the south	
לדרום		lidrom	to the south of	
וידאו		vidyo	video	
שחרור		shikhrur	liberation / release	
פגעו		pag'u	hit / damaged / offended (pl.)	
איי		iyei	the islands of	
המוזיקה		hamuzika	the music	
המקרים		hamikrim	the cases / the events / the incidents	
הקדוש		hakadosh	the holy (m.s.)	
הכניסה		haknisa	the entrance	
הכניסה		hikhnisa	inserted / entered (f.s.)	
הספורט		hasport	the sport	
בראיון		bere'ayon	in an interview	
בראיון		bare'ayon	in the interview	
בצורות		betsurot	in shapes / in forms	
בצורות		batsurot	in the shapes / in the forms	
בסביבה		basviva	in the area	
מתקפה		mitkafa	attack	
הדיוויזיה		hadivizya	the division	
הביצורים		habitsurim	the fortifications	
במחנות		bemakhanot	in camps / in groups	
במחנות		bamakhanot	in the camps / in the groups	
החוקה		hakhuka	the constitution	
במערכה		bema'arakha	in a battle / in a campaign / in an act	
במערכה		bama'arakha	in the battle / in the campaign / in the act	
לברית		lebrit	for a pact / for a alliance / for a covenant / for a circumcision	
לברית		labrit	for the pact / for the alliance / for the covenant / for the circumcision	
החזיקו		hekheziku	held / kept / owned (pl.)	
עסקו		asku	dealt / engaged / worked (pl.)	
הידועה		hayedu'a	the known (f.s.)	
בכיוון		bekivun	in a direction / in an adjustment / in tuning	
בכיוון		bakivun	the the direction / in the adjustment / in the tuning	
ממלכת		mamlekhet	the kingdom of	
מסמכים		mismakhim	documents	
ואילך		va'eilakh	[from now] on	
שקיבלו		shekiblu	that/who received / that/who accepted (pl.)	
עמם		amam	their nation / their people	
עמם		imam	with them	
טקס		tekes	ceremony	
פריצת		pritsat	breakthrough of / burglary of / irruption of	
היסטוריים		historiyim	historical (m.pl.)	
הפגיעה		hapgi'a	the hit / the impact / the damage / the offense	
גרעין		gar'in	grain / nucleus	
ביצירת		biytsirat	in  the formation of / in the creation of / in the artistic work of  / in the composition of	
מכיל		mekhil	contains (m.s.)	
תחומי		tkhumei	fields of / areas of / ranges of	
תאוריה		te'orya	theory	
שכתב		shekatav	who wrote (m.s.) / that was written by	
המסלול		hamaslul	the course / the path / the track	
הרבים		harabim	the many (m.pl.)	
יישוב		yishuv	settlement	
הרובע		harova	the quarter	
בתקופות		betkufot	in periods / in eras	
בתקופות		batkufot	in the periods / in the eras	
לפיתוח		lepitu'akh	for development	
לפיתוח		lapitu'akh	for the development	
קולנוע		kolno'a	cinema	
בהשפעת		behashpa'at	under the influence of / under the effect of	
מדע		mada	science	
הטבעית		hativ'it	the natural (f.s.)	
הדיפלומטיה		hadiplomatya	the diplomacy	
סופרים		sofrim	count (m.pl.) / authors	
מחקרים		mekhkarim	researches / studies	
הפסלים		hapsalim	the statues / the sculptures	
בחקר		bekheker	in the research of	
בסוג		besug	in a kind / in a class / in a type	
שרירים		shririm	muscles	
הזכר		hazekher	the memory	
הזכר		hazakhar	the male	
שריקה		shrika	whistle	
יודעת		yoda'at	know (f.s.)	
חושבת		khoshevet	think (f.s.)	
שמעתי		shamati	I heard	
אומרת		omeret	say (f.s.)	
איזו		eizo	which / what (f.)	
הרעב		hara'av	the hunger	
הרעב		hara'ev	the hungry	
לפנים		lefanim	forward / before / in the past	
לפנים		lepanim	for a face	
לפנים		lapanim	for the face	
יקרה		yukra	prestige	
ויהי		vayehi	and there was / and there shall be (biblical)	
קרונות		kronot	cars (of a train) / wagons	
לאיש		le'ish	to/for a man / to/for a person	
לאיש		la'ish	to/for the man / to/for the person	
מאמין		ma'amin	believes / believer (m.s.)	
הנס		hanes	the miracle	
שמחה		simkha	joy / happiness	
שמחה		smekha	glad / happy (f.s.)	
שמחה		samkha	was glad / was happy (f.s.)	
רגליו		raglav	his legs	
תפוחי		tapukhei	apples of	
בצל		batsal	onion	
בצל		batsel	in the shadow	
בצל		betsel	in the shadow of	
להכיר		lehakir	to know / to recognize	
לנהל		lenahel	to manage	
פונה		pone	turns (m.s.)	
פונה		pona	turns (f.s.)	
פונה		puna	was evacuated (m.s.)	
ביד		beyad	in a hand	
ביד		bayad	in the hand / by hand	
המחנה		hamakhane	the camp / the group	
חלקה		khalaka	smooth (f.)	
חלקה		khalka	shared / disagreed / differed (f.s.)	
חלקה		khelka	lot	
רשות		reshut	permission	
רשות		rashut	authority	
משכן		mishkan	dwelling	
לציון		letsiyun	to note / to mark / to point out / to grade	
לציון		letsiyon	to Zion	
שוק		shuk	market	
שוק		shok	shock / leg	
פינה		pina	corner	
עורך		orekh	editor / arranges / holds (m.s.)	
אביה		aviha	her father	
אבי		avi	my father / the father of	
כראש		kerosh	as a head / as the head of	
ביתו		beito	his home	
ספינה		sfina	ship	
נוהגים		nohagim	drive / do usually  (m.pl.)	
משמשת		meshameshet	is used for (f.s.)	
לתמוך		litmokh	to support	
להיכנס		lehikanes	to enter	
שהפך		shehafakh	that inverted / that converted / that turned / that become / that transformed (m.s.)	
שהחל		shehekhel	that started (m.s.)	
שנערכו		shene'erkhu	who prepared / who made arrangements / that were held / that were edited (pl.)	
עצמאית		atsma'it	independent (f.s.)	
איבדו		ibdu	lost (pl.)	
חזה		khaza	watched / prophesied	
חזה		khaze	chest / breast	
אסון		ason	disaster	
הוצגו		hutsgu	were introduced / were displayed / were presented / were exhibited (pl.)	
החוקי		hakhuki	the legal (m.s.)	
הגמר		hagmar	the end / the final	
באמצעים		be'emtsa'im	by means	
בחלקו		bekhelko	in part / in his part	
צהוב		tsahov	yellow	
כוחותיו		kokhotav	his powers / his forces / his strengths	
ההתקדמות		hahitkadmut	the progress	
לקבלת		lekabalat	for receiving / for the acceptance of	
במרד		bemered	[in] a rebellion	
במרד		bamered	[in] the rebellion	
סחר		sakhar	commerce / trade	
סחר		sakhar	traded (m.s.)	
השמאל		hasmol	the left	
נרחבים		nirkhavim	wide / broad (m.pl.)	
שינה		sheina	sleep	
כלכלי		kalkali	economic (m.s.)	
טענות		ta'anot	claims / arguments	
מסיבה		mesiba	for a reason [of] / party	
שהוקם		shehukam	that was established (m.s.)	
האזורים		ha'ezorim	the areas / the regions / the zones	
נפטר		niftar	died / deceased / got rid of (m.s.)	
מקרב		mekarev	brings closer (m.s.)	
מקרב		mikrav	from a battle	
השפיעה		hishpi'a	had an effect / influenced (f.s.)	
ברורה		brura	clear / obvious (f.s.)	
ספרות		sifrut	literature	
ספרות		saparut	hair dressing	
ספרות		sfarot	digits	
עמק		emek	valley	
ביטחון		bitakhon	security / confidence	
בחלקים		bekhalakim	in parts	
בהשוואה		behashva'a	compared	
רחבי		rokhbi	transverse / lateral	
תמונות		tmunot	pictures	
תאוריות		te'oryot	theories	
חלקו		khalku	shared (pl.)	
חלקו		khelko	his share / his part	
הקשורים		hakshurim	that/who are tied / that/who are linked / that/who are connected (m.pl.)	
העוסקים		ha'oskim	that/who deal / that/who engage / work (m.pl.)	
בימינו		beyameinu	these days	
סניף		snif	branch	
יהודיים		yehudiyim	Jewish (m.pl.)	
הציוני		hatsiyoni	the Zionist (m.s.)	
רבן		raban	rabbi / their rabbi (f.)	
בולטת		boletet	protruding / stands out (f.s.)	
נמנים		nimnim	are included [in] / are counted (m.pl.)	
בממוצע		bememutsa	on average	
עלילת		alilat	plot of / deed of / libel of / false charge of	
בתחרויות		betakhruyot	in competitions	
הטבעיים		hativ'iyim	the natural (m.pl.)	
סרטי		sirtei	movies of	
רכיבה		rekhiva	riding	
פשוטי		pshutei	the simple of	
פשוטי		pshutei [ha'am]	the working class	
המכניקה		hamekhanika	the mechanics	
חייבת		khayevet	must / debtor (f.s.)	
אינך		einkha	you are not	
מסודר		mesudar	organized (m.s.)	
להאמין		leha'amin	to believe	
הגבעה		hagiv'a	the hill	
שמנה		shmena	fat (adj.) (f.s.)	
שקל		shakal	weighed (m.s.)	
שקל		shekel	Shekel (the Israeli currency)	
ניר		nir	plowed field	
לשאול		lish'ol	to ask / to borrow	
הילד		hayeled	the child / the boy	
התחיל		hitkhil	started (m.s.)	
מזל		mazal	luck	
סעיף		sa'if	clause	
מיץ		mits	juice	
לאחרונה		la'akhrona	lately	
אמיתי		amiti	real (m.s.)	
לחדור		lakhdor	to penetrate / to intrude	
עוזר		ozer	helps / assists / assistant (m.s.)	
המתאים		hamat'im	the suitable / the appropriate / the applicable / the identical (m.s.)	
הלכו		halkhu	walked / went (pl.)	
השמן		hashamen	the fat (adj.) (m.s.)	
השמן		hashemen	the oil	
הזכרים		hazkharim	the males	
בינתיים		beintayim	meanwhile	
בערך		be'erekh	approximately / around / sort of	
ליל		leyl	the night of	
ליל		layil	night	
להעלות		leha'alot	to raise / to increase / to lift / to bring up	
שורה		shura	line	
עונה		ona	season / answers (f.s.)	
זרם		zerem	current / flow / stream / trend	
היקום		hayekum	the universe	
השקט		hasheket	the silence	
החלב		hakhalav	the milk	
החלב		hakhelev	the tallow	
צדק		tsedek	justice	
ארמון		armon	palace	
המלח		hamelakh	the salt	
המלח		hamalakh	the sailor	
הסתיימה		histaima	ended (f.s.)	
ציין		tsiyen	noted / marked / pointed out (m.s.)	
סופית		sofit	final (f.s.)	
ממערב		mima'arav	from the west / to the west [of]	
מטרת		matrat	goal of / target of	
לחצות		lakhatsot	to cut in half / to cross	
לחצות		lekhatsot	to midnight	
לסיום		lesiyum	finally / in conclusion	
ולפיכך		ulfikhakh	and therefore	
שירו		shiro	his song / his poem	
שירו		shiru	sing (pl. imperative)	
שכבת		shikhvat	a layer of	
פשוטים		pshutim	simple (m.pl.)	
כינה		kina	called / named (m.s.) / louse	
כספים		ksafim	finances	
המכון		hamakhon	the institute	
הופעת		hofa'at	the appearance of / the performance of	
הופעות		hofa'ot	shows / performances	
השראה		hashra'a	inspiration	
הפנימי		hapnimi	the internal (m.s.)	
הפנימי		hafnimi	internalize (f.s. imperative)	
הכדור		hakadur	the ball / the pill	
הגזע		hageza	the trunk / the race / the stem	
צד		tsad	side	
סף		saf	threshold / verge	
נמוכים		nemukhim	low / short (m.pl.)	
נוצרו		notsru	were formed / were created (f.s.)	
נכשלו		nikhshelu	failed (pl.)	
הצבאות		hatsva'ot	the armies	
טבח		tabakh	cook (n.)	
טבח		tevakh	slaughter	
לסגת		laseget	to withdraw / to retreat	
השפלה		hashpala	humiliation	
השפלה		hashfela	the lowland / the plain	
לרשות		larashut	to the authority	
פוליטיות		politiyot	political (f.pl.)	
הרשמית		harishmit	the official (f.s.)	
לממשלה		lememshala	for/to a government	
לממשלה		lamemshala	for/to the government	
למטרה		lematara	to/for a goal / to/for a target / for a purpose	
למטרה		lamatara	to/for the goal / to/for the target / for the purpose	
השבטים		hashvatim	the tribes	
צבאות		tsva'ot	armies	
ביצעו		bits'u	performed (pl.)	
בזירה		bezira	in an arena / at a scene	
בזירה		bazira	in the arena / at the scene	
מאמצים		ma'amatsim	efforts	
מכלל		miklal	from all of	
התוצאות		hatotsa'ot	the results / the outcomes / the consequences	
סירבו		servu	refused (pl.)	
ניהול		nihul	management	
מוחלטת		mukhletet	decisive / definite / total (f.s.)	
ואכן		ve'akhen	and indeed	
שנקראה		shenikre'a	that/who is called (f.s.)	
הובילו		hovilu	led  / transported (pl.)	
החליטו		hekhlitu	decided (pl.)	
בערים		be'arim	in cities	
בערים		ba'arim	in the cities	
רדיו		radio	radio	
סייעו		siy'u	assisted / helped (pl.)	
מסוף		masof	terminal	
והפך		vehafakh	and turned (m.s.)	
חינוך		khinukh	education	
חלוקת		khalukat	division of	
חוקים		khukim	laws	
כנסיית		knesiyat	the church of	
המושבה		hamoshava	the village	
השלב		hashalav	the stage / the phase / the rung	
האות		ha'ot	the sign / the signal / the letter	
לנשים		le'nashim	for/to women	
לנשים		la'nashim	for/to the women	
תנאים		tna'im	conditions / provisions	
אימון		imun	training / practice	
חברות		khaverut	friendship / membership	
חברות		khaverot	friends (f.)	
כללית		klalit	general (f.s.)	
המשמש		hameshamesh	that is used for (m.s.)	
הגן		hegen	defended (m.s.)	
בינלאומי		beynle'umi	international (m.s.)	
בנושאים		benos'im	on subjects	
בנושאים		banos'im	on the subjects	
לאמנות		le'omanut	to art	
לאמנות		la'omanut	to the art	
לאמנות		le'amanot	to treaties / to conventions	
לאמנות		la'amanot	to the treaties / to the conventions	
קבוצתו		kvutsato	his group	
עיקריים		ikariyim	main / principal / primary (m.pl.)	
המוזיאון		hamuze'on	the museum	
הפתיחה		haptikha	the opening	
בהיעדר		behe'eder	in (the) absence of / in (the) lack of	
צלזיוס		tselsius	Celsius	
נתונים		netunim	data / given (m.pl.)	
סילוק		siluk	removal / dismissal	
במקורות		bamekorot	[in] the sources / in the text	
במקורות		bimkorot	[in] the sources of	
ריבוי		ribui	plurality / multitude / variety	
ריבוי		makhon	institute	
לוואי		levai	adjunct / secondary / if only	
ברשימת		birshimat	in the list of	
לשפה		lasafa	to/for the language / to/for the lip / to/for the edge	
לשפה		lesafa	to/for a language / to/for a lip / to/for an edge	
הבקיע		hivki'a	scored goal (m.s.)	
ריצה		ritsa	run / served (penalty) (m.s.)	
החולד		hakholed	the Spalax	
עניתי		aniti	I answered	
שאנחנו		she'anakhnu	that we	
השמיכה		hasmikha	the blanket	
השוטר		hashoter	the policeman	
הקוקיה		hakukiya	the cuckoo	
הפרעוש		hapar'osh	the flea	
האיכר		ha'ikar	the peasant / the farmer	
הספסל		hasafsal	the bench	
התפוח		hatapu'akh	the apple	
התפוח		hatafu'akh	the tumid (m.s.)	
הפשע		hapesha	the crime	
נמלים		nemalim	harbors / ants	
לעצמי		le'atsmi	for myself	
העורך		ha'orekh	the editor	
היקר		hayakar	the dear / the expensive	
הציפורים		hatsiporim	the birds	
ישבו		yashvu	sat (pl.)	
להטיל		lehatil	to cast / to throw / / to project / to lay eggs	
שכר		sakhar	fee / wage	
בראשי		beroshi	in my head	
ילדי		yaldei	the children of	
עמוקה		amuka	deep (f.s.)	
הבוקר		haboker	the morning	
הבוקר		haboker	the cowboy	
ליום		leyom	for [day / date] / for a day	
לצפות		litspot	to watch / to observe / to anticipate	
לצפות		letsapot	to cover / to coat / to expect	
העדה		ha'eda	the witness (f.s.) / the congregation	
צל		tsel	shadow	
מוסר		musar	morale / ethics	
מוסר		moser	deliver (m.s.) / deliverer	
נעים		na'im	pleasant	
ושאר		ush'ar	and the rest	
ואחד		ve'ekhad	and one (m.)	
עומדים		omdim	stand / are about to / endure / succeed / insist on (m.pl.)	
אות		ot	sign / signal / letter	
חוף		khof	beach	
הרגיל		haragil	the usual (m.s.)	
רגילה		regila	usual / used to (f.s.)	
נוטה		note	inclined / tends to / tilted (m.s.)	
נכונה		nekhona	correct / ready (f.s.)	
מוכנים		mukhanim	ready / willing (m.pl.)	
יכולתו		yekholto	his ability / his capability	
וכלי		ukhli	and an article / and a dish / and a vessel / and ware / and a tool	
שמירה		shmira	keeping / guarding / protection	
המראה		hamar'e	the sight / the view / the appearance	
המראה		hamar'a	the mirror / that/who shows (f.s.)	
הנמל		hanamal	the harbor	
הנקבה		hanekeva	the female	
הנקבה		hanikba	the tunnel	
דלק		delek	fuel	
בשיר		bashir	in the song / in the poem	
בשיר		beshir	in a song / in a poem	
לזו		lazo	for this (f.)	
לכדי		likhdei	about / to	
שעדיין		she'adayin	that still	
פירוש		perush	meaning / explanation / interpretation	
פקודה		pkuda	order	
עצמאי		atsma'i	independent (m.s.)	
חלה		khala	became sick / challah (bread)	
זוכה		zokhe	wins / winner (m.s.)	
זוכה		zokha	wins / winner (f.s.)	
זוכה		zuka	was acquitted (m.s.)	
כבדה		kveda	heavy (f.s.)	
המדע		hamada	the science	
העין		ha'ayin	the eye	
הכלי		hakli	the article / the dish / the vessel / the ware / the tool	
הטרור		hateror	the terror	
הניסיון		hanisayon	the trial / the experience / the attempt	
גבול		gvul	border / limit	
במטבח		bamitbakh	in the kitchen	
בשמו		bishmo	on his behalf / in his name	
בעבודה		be'avoda	in work	
בעבודה		ba'avoda	at work	
רפואה		refu'a	medicine	
סיפורי		sipuri	my story	
נלחמו		nilkhamu	fought (pl.)	
נהנה		nehene	enjoys (m.s.)	
נהנה		nehena	enjoyed (m.s.)	
שביתת		shvitat	strike of	
מאורע		me'ora	event	
המפקד		hamefaked	the commander	
המפקד		hamifkad	the census / the muster	
מלכתחילה		milkhatkhila	from the beginning / to begin with	
החוקים		hakhukim	the laws	
רכוש		rekhush	property	
התקפות		hatkafot	attacks	
בתמורה		bitmura	in return / in exchange / in a change / in a transformation	
בתמורה		batmura	in the change / in the transformation	
בקרבות		bekravot	in battles	
להפסיק		lehafsik	to stop / to cease	
שלל		shalal	negated (m.s.) / denied (m.s.) / loot / plunder	
חופשיים		khofshiyim	free (m.pl.)	
המושבות		hamoshavot	the villages / the colonies	
התקדמות		hitkadmut	advance / progress	
במקומו		bimkomo	in his place	
נשלח		nishlakh	was sent (m.s.) / we will send	
מיקום		mikum	location	
חידוש		khidush	innovation	
טווח		tvakh	range	
תיאטרון		te'atron	theater	
תקדים		takdim	precedent	
וכתוצאה		uketotsa'a	and as a result	
פרטיים		pratiyim	private (m.pl.)	
הובאו		huv'u	were brought	
החלטות		hakhlatot	decisions	
מתקיים		mitkayem	held / carried out / maintained / survives (m.s.)	
מוסד		mosad	institution	
לסרט		leseret	to/for a movie / to/for a ribbon/strip	
לסרט		laseret	to/for the movie / to/for the ribbon/strip	
וניתן		venitan	and it is possible / and is given	
וניתן		veniten	and we will give	
קודש		kodesh	holiness	
עלול		alul	might (m.s.)	
אישים		ishim	personage	
מורכבת		murkevet	complex / composed of (f.s.)	
מחלקת		mekhaleket	divide (f.s.)	
מחלקת		makhleket	department of	
מגורים		megurim	residence / stimulated	
מבקרים		mevakrim	visitors / critics / inspectors	
יצירות		yetsira	formations / creations / works of art / compositions	
לציין		letsayen	to note / to indicate	
ובעל		uva'al	and an owner / and the owner of / and a husband	
שנבנה		shenivna	that was built (m.)	
פגש		pagash	met (m.s.)	
המושג		hamusag	the concept / the is obtained / that is achieved	
המשתתפים		hamishtatfim	the participants	
העוסק		ha'osek	that/who deals / that/who engages / works (m.s.)	
הגל		hagal	the wave	
דוגמאות		dugma'ot	samples / examples	
במגוון		bemigvan	in a variety	
בהיותו		beheyoto	as he / being [X]	
ניצב		nitsav	stands / perpendicular / vertical	
עיוורים		ivrim	blind (pl.)	
המרי		hameri	the rebellion	
מחלקה		makhlaka	department	
ובייחוד		uveyikhud	and especially	
במקרא		bamikra	in the Bible / in the legend	
משמשים		meshamshim	are used for (m.pl.)	
מציג		metsig	introduces / displays / presents / exhibits (m.s.)	
תרגום		targum	translation	
בשיטות		bashitot	[by] the methods	
בשיטות		beshitot	[by] methods	
באולימפיאדת		be'olimpyadat	in the Olympiad of	
אורגניות		organiyot	organic (f.pl.)	
החשמלי		hakhashmali	the electric	
פעמי		pe'ami	time (adj.)	
פעמי		[khad] pe'ami	unique / disposable	
פעמי		pa'amei	steps of	
השמיע		hishmi'a	made a sound / announced	
ביצה		beitsa	egg	
ביצה		bitsa	swamp	
באיזה		be'eize	in which / in what (m.)	
לגדול		ligdol	to grow	
ארוחת		arukhat	meal of	
בונה		bone	builds (m.s.)	
בונה		bona	builds (f.s.)	
וכמו		vekmo	and like	
האוכל		ha'okhel	the food	
האוכל		ha'okhel	the one who eats	
מבט		mabat	look	
וכמה		vekhama	and how many / and how much / and some	
שעת		sheat	hour of / time of / time for	
דיבר		diber	spoke / talked (m.s.) / commandment	
שעברה		she'avra	that passed (f.s.)	
מקבלים		mekablim	receive / accept (m.pl.)	
לנצח		lenatse'akh	to win	
לנצח		lanetsakh	forever	
פועלת		po'elet	worker / operates (f.s.)	
הבטיח		hevti'akh	promised	
למלך		lemelekh	to/for a king	
למלך		lamelekh	to/for the king	
שירות		sherut	service	
היכולת		hayekholet	the ability / the capability	
סיכוי		sikui	chance / probability	
מוכן		mukhan	ready / willing (m.s.)	
שורות		shurot	lines	
המחלקה		hamakhlaka	the department	
ההצלחה		hahatslakha	the success	
ההסכם		haheskem	the agreement	
הסיכוי		hasikui	the chance / the probability	
גרעיני		gar'ini	nuclear	
בהגנה		behagana	in defense	
בהגנה		bahagana	in the defense	
בדרכו		bedarko	on his way / his way	
בטענה		bete'ana	arguing that / claiming that	
בטענה		bate'ana	arguing that / claiming that	
נתנו		natnu	gave (pl.)	
משטרה		mishtara	police	
מפגש		mifgash	meeting / encounter / reunion	
מאזור		me'ezor	from an area	
לשיא		lasi	to the top / to the peak	
לשיא		lesi	to a top / to a peak	
תוצאה		totsa'a	result / outcome / consequence	
תכנן		tikhnen	planned / designed (m.s.)	
שעברו		she'avru	that passed (pl.)	
הסכמה		haskama	agreement	
גרמה		garma	caused (f.s.)	
במובן		bemuvan	in the sense of	
במובן		bamuvan	in the sense	
סגור		sagur	closed (m.s.)	
הסובייטית		hasovyetit	the soviet (f.s.)	
מטוסי		metosi	my airplane	
מטוסי		metosei	the airplanes of	
המחנות		hamakhanot	the camps / the groups	
הטנקים		hatankim	the tanks	
אימפריית		imperyat	empire of	
פיקודו		pikudo	his command	
ולמעשה		ulema'ase	and in fact	
שנועדה		sheno'ada	that is/was intended for / that is/was destined for / that conferred (f.s.)	
התגוררו		hitgoreru	lived (pl.)	
התנגד		hitnaged	resisted / objected (m.s.)	
הודו		hodu	thanked / confessed (pl.)	
ההרים		haharim	the mountains	
ליחידות		liykhidat	to/for the unit / to/for the squad	
שהוקמה		shehukma	that was established (f.s.)	
הוראות		hora'ot	orders / instructions	
הפעיל		hapa'il	the active / the activist (m.s.)	
הפעיל		hif'il	operated / activated (m.s.)	
כשל		keshel	failure / mishap / lapse	
כשל		kashal	failed (m.s.)	
המדובר		hamedubar	the said / that was spoken (m.s.)	
השינוי		hashinui	the change	
בשנית		bashenit	again	
מקלעים		mikla'im	machine guns	
מצע		matsa	platform / bedding	
לקבוצת		lekvutsat	to/for the group of	
הקלעים		hakla'im	the curtains	
הקלעים		hakala'im	the marksmen	
נועדה		no'ada	intended for / destined for / conferred (f.s.)	
מעורב		me'orav	mixed / involved (m.s.)	
מחברי		mekhabrei	the authors of	
מחברי		mekhavrei	from the friends of / from the members of	
מחברי		makhberei	connectors of	
מחברי		mekhaveri	from my friend	
מטבח		mitbakh	kitchen	
תפקידו		tafkido	his role	
שימושים		shimushim	uses	
עובדים		ovdim	workers	
הפרשה		haparasha	the affair / the chapter / the portion	
הפרשה		hafrasha	secretion / setting aside / allowance	
האנושות		ha'enoshut	humanity / mankind	
הרחבה		harkhava	widening / broadening	
הרחבה		harakhava	the square	
בבסיס		bivsis	at the basis of	
בבסיס		babasis	at the basis / at the base	
אדריכל		adrikhal	architect	
פרעות		pra'ot	pogroms / riot	
הפעולות		hape'ulot	the actions / the operations / the deeds / the transactions	
משימות		mesimot	tasks / assignments / missions	
המרכזיים		hamerkaziyim	the central (m.pl.)	
הכלים		hakelim	the articles / the dish / the vessels / the ware / the tools	
מסחרי		miskhari	commercial (m.s.)	
הוצאת		hotsa'at	taking out [of] / publishing of	
הוצאת		hotset	you took out (f.s.)	
מאפייני		me'afyenei	the characteristics of	
טמפרטורה		temperatura	temperature	
פותח		pote'akh	opens (m.s.)	
העשרה		ha'ashara	enrichment	
הייסורים		hayisurim	the torment / the agony	
האבולוציה		ha'evolutsia	the evolution	
העצם		ha'etsem	the bone	
מהירות		mehirut	speed / velocity	
לספורטאים		lesporta'im	to/for athletes	
לספורטאים		lasporta'im	to/for the athletes	
גדילי		gdilei	fringes of	
מירוץ		meruts	race	
מלאכותית		melakhutit	artificial (f.s.)	
נגיף		nagif	virus	
ובכן		uvkhen	well	
כמוני		kamoni	like me	
המון		hamon	crowd / plenty	
בריה		briya	creature	
ושוב		veshuv	and again / and return (m.s. imperative)	
השעון		hasha'on	the clock / the watch	
החיות		hakhayot	the animals	
החיות		hakhayut	the vitality	
הגברת		hagbarat	enhancement / amplification / strengthening	
מספרים		misparim	numbers	
מספרים		misfarim	from books	
מספרים		mesaprim	tell (m.pl.)	
לאנשים		le'anashim	to/for people	
לאנשים		la'anashim	to/for the people	
איתם		itam	with them (m.)	
המעשה		hama'ase	the deed / the story / he tale	
מונח		munakh	term / laid	
שים		sim	put (m.s. imperative)	
מר		mar	Mr. / bitter	
מסכים		maskim	agrees (m.s.)	
ארצה		artsa	her country	
ארצה		artsa	to the country	
הלח		halakh	the humid	
בשיא		basi	at the peak / at the top	
בשיא		besi	at a top / at a peak	
משטרת		mishteret	police of	
יערות		ye'arot	forests	
למרחק		lemerkhak	to a long distance / to a distance of	
ואולי		ve'ulai	and maybe / and perhaps	
הסופרים		hasofrim	the authors	
גביע		gavi'a	cup / grail	
במעלה		be'ma'ale	up [the]	
במעלה		bema'ala	priority / [in] a virtue / [in] a degree	
ביתר		beyeter	[in] the rest	
בחצי		bekhetsi	in half / by half	
בחצי		bakhetsi	in the half	
ראשונה		rishona	first (f.s.)	
רגיל		ragil	usual / used to (m.s.)	
נזק		nezek	damage	
מתחילים		matkhilim	start (m.pl.)	
מגע		maga	contact / touch	
ירידה		yerida	going down / coming down / descent / decrease	
קובע		kove'a	determines / fixes / sets (m.s.)	
עלולים		alulim	might (m.pl.)	
אבני		avnei	the stones of	
חנינה		khanina	pardon / clemency	
ביקור		bikur	visit	
רצונו		retsono	his will	
סבל		sevel	suffering	
ממזרח		mimizrakh	from the east / to the west of	
משלו		mishelo	of his [X] / of his own	
משלו		mashlu	ruled (pl.)	
משותף		meshutaf	common / mutual / shared (m.s.)	
יצור		yetsur	creature	
לשכנע		leshakhne'a	to convince	
לחקור		lakhkor	to investigate / to research / to inquire	
להתרחש		lehitrakhesh	to happen	
להשלים		lehashlim	to complete / to accept / to come to terms	
שנמצא		shenimtsa	that was found / that is [at] (m.s.)	
קושי		koshi	difficulty / hardness	
פוליטיים		politiyim	political (m.pl.)	
עוסקת		oseket	deals / engages / works (f.s.)	
ערים		arim	cities	
חומה		khoma	wall	
כמקום		kemakom	as a place	
כמקום		kimkom	as the place of	
כביש		kvish	road	
המזרחיים		hamizrakhiyim	the eastern (m.pl.)	
התחתונה		hatakhtona	the bottom / the lower / the inferior (f.s.)	
הקדושים		hakdoshim	the holy (m.pl.)	
העיתון		ha'iton	the newspaper	
גילו		gilo	his age	
גילו		gilu	discovered (pl.)	
רשימת		reshimat	list of	
רגלים		regalim	the pilgrim festivals	
רגלים		raglayim	legs	
סך		sakh	amount / total / procession	
הקיפו		hekifu	surrounded / encircled (pl.)	
המגינים		hameginim	the defenders / that/who defend (m.pl.)	
ירו		yaru	shot / fired (pl.)	
הקונגרס		hakongres	the congress	
בשטחים		bashtakhim	in the areas / in the territories	
בשטחים		beshtakhim	in areas / in territories	
מתנדבים		mitnadvim	volunteers	
שנועד		sheno'ad	that is/was intended for / that is/was destined for / that conferred (m.s.)	
התפשטות		hitpashtut	spreading / undressing	
מנע		mana	prevented (m.s.)	
מנע		mena	prevention	
המשותף		hameshutaf	the common / the mutual / the shared (m.s.)	
המשבר		hamashber	the crisis	
ההכנות		hahakhanot	the preparations	
הסופית		hasofit	the final (f.s.)	
ותחילת		utkhilat	and the beginning of	
פיקד		piked	commanded / ordered (m.s.)	
כבש		kavash	occupied / conquered (m.s.)	
כבש		keves	lamb / sheep	
כבש		kevesh	ramp	
בציבור		batsibur	in public	
בציבור		betsibur	in the public of	
מוגבלת		mugbelet	limited / restricted (f.s.)	
להעניק		leha'anik	to give	
עצמן		atsman	themselves (f.pl.)	
היוותה		hivta	was (f.)	
בודד		boded	lonely / single (m.s.)	
נתפסו		nitpesu	were caught / were perceived (pl.)	
מוצג		mutsag	is introduced / is displayed / is presented / is exhibited (m.s.)	
ימיים		yamiyim	marine (m.pl.)	
לדגל		ladegel	to the flag	
לבחור		livkhor	to select / to vote	
שכללו		shekalelu	that included (pl.)	
שנכתב		shenikhtav	that was written	
קומה		koma	floor / height	
עיקריות		ikariyot	main / principal / primary (f.pl.)	
אורכו		orko	its length / its duration	
החברתית		hakhevratit	the social (f.s.)	
הכוללת		hakolelet	that includes (f.s.)	
בקריירה		bekaryera	in a career	
בקריירה		bakaryera	in the career	
בעבודות		be'avodot	in works	
בעבודות		ba'avodot	in the works	
באמנות		be'omanut	in art	
באמנות		ba'omanut	in the art	
ציר		tsir	axis / axle / hinge / delegate / sauce / contraction	
נקראת		nikret	is read / is called (f.s.)	
מצויה		metsuya	is [at] / common / available (f.s.)	
שאינן		she'einan	that are not / that are not here (f.pl.)	
חייל		khayal	soldier	
האסון		ha'ason	the disaster	
דיכוי		dikui	suppression	
דתיים		datiyim	religious (m.pl.)	
במוזיאון		bemuze'on	in a museum	
במוזיאון		bamuze'on	in the museum	
רחובות		rekhovot	streets	
הכפיפה		hikhfifa	subordinated (f.s)	
להר		lehar	to a mountain	
להר		lahar	to the mountain	
אנושית		enoshit	humane (f.s.)	
מתייחס		mityakhes	refers  (m.s.)	
שירתו		shertu	served (pl.)	
הציבורית		hatsiburit	the public (f.s.)	
עונות		onot	seasons / answer (f.pl.)	
אמו		imo	his mother	
הצורה		hatsura	the shape / the form / the manner	
פילוסופיה		filosofia	philosophy	
הביקורת		habikoret	the criticism / the inspection	
תבליטים		tavlitim	embossments	
הגדילה		hagdila	the growth	
הגדילה		higdila	enlarged / increased (f.s.)	
המושא		hamusa	the object / the objective	
הגיבור		hagibor	the hero	
לקבוצה		lekvutsa	to/for a group	
לקבוצה		lakvutsa	to/for the group	
חוקרת		khokeret	investigator / researcher / investigates / researches / inquires (f.s.)	
החלבונים		hakhelbonim	the proteins	
הדקר		hadeker	the pick	
הגדילים		hagdilim	the fringes	
השלשול		hashilshul	the diarrhea / the earthworm	
העשב		ha'esev	the grass / the weed	
משונה		meshune	weird / odd	
קראה		kar'a	read / called (f.s.)	
תראה		tir'e	look (m.s. imperative) / she will see	
ומיד		umiyad	and immediately	
חיה		khaya	living / alive (f.s.)	
חיה		khaya	animal	
יבשה		yabasha	land	
לדברי		ledivrei	according to	
בבקשה		bevakasha	please / you are welcome	
ציפורים		tsiporim	birds	
יוכלו		yukhlu	will be able (m.pl.)	
מותר		mutar	allowed / permitted	
שבא		sheba	that/who is coming / that/who came (m.s.)	
התפקיד		hatafkid	the role	
השבת		hashavat	return of / blowing of	
השבת		hashabat	the Sabbath / this Sabbath	
נפצעו		niftse'u	were injured	
לעבודה		le'avoda	to/for work	
לעבודה		la'avoda	to/for the work	
להתקדם		lehitkadem	to advance / to progress	
לבנים		levanim	white (m.pl.) / underwear	
לבנים		lebanim	for boys	
לבנים		labanim	for the boys	
נפתחה		niftekha	opened (f.s.)	
נכבד		nikhbad	honorable / notable	
מחיר		mekhir	price	
מחצית		makhatsit	half	
קרובים		krovim	close / relatives (m.pl.)	
האמין		he'emin	believed (m.s.)	
נאום		ne'um	speech	
נראית		nir'et	is seen / seems / looks (f.s.)	
מגדלים		migdalim	towers	
מגדלים		megadlim	grow / raise (m.pl.)	
מטעני		mit'ani	my baggage / my load	
מטעני		mit'anei	the baggage of / the loads of / the charges of	
למסור		limsor	to give / to deliver	
לנקוט		linkot	to take (measures / steps)	
לנקוט		she'amad	that/who stood / that/who was about to / that/who endured / that/who succeeded / that/who insisted on (m.s.)	
קטעים		kta'im	segments / sections	
כלא		kele	prison	
האיכרים		ha'ikarim	the peasants / the farmers	
החזק		hakhazak	the strong (m.s.)	
החזק		hakhzek	hold / keep / own (m.s. imperative)	
גדלה		gadla	grew (f.s.)	
במי		bemi	[in] whom	
בעודו		be'odo	while he	
נושאי		nos'ei	subjects of / carriers of	
מאוחרים		me'ukharim	late (adj.) (m.pl.)	
ימין		yamin	right	
לירות		lirot	to shoot / to fire	
לקחו		lakkhu	took (pl.)	
לסוג		lesug	to/for a kind / to/for a class / to/for a type	
לסוג		lasug	to/for the kind / to/for the class / to/for the type	
שהצליח		shehitsli'akh	that/who succeeded	
עלות		alut	cost	
עקבות		ikvot	traces / footprints	
היחידים		hayekhidim	the only (m.pl.)	
הפרש		hefresh	difference	
העל		ha'al	the super-	
הגומלין		hagomlin	the reciprocal / the mutual	
הנשימה		haneshima	the breath / the breathing	
דחה		dakha	rejected / postponed	
גובה		gova	height	
גובה		gove	collects / collector (of money) (m.s.)	
גובה		gova	collects / collector (of money) (f.s.)	
בארמון		be'armon	in a palace	
בארמון		ba'armon	in the palace	
המפקדים		hamefakdim	the commanders	
ניתנה		nitna	was possible / was given (f.s.)	
למרד		lemered	to/for a rebellion	
למרד		lamered	to/for the rebellion	
ובסופו		uvsofo	and at its end	
מהירה		mehira	fast / rapid / quick (f.s.)	
חיו		khayu	lived (pl.)	
ממדינות		mimdinot	from states / from the states of	
לכיכר		lekikar	to a square	
לכיכר		lakikar	to the square	
הראשיים		harashiyim	the main / the principal (m.pl.)	
סברו		savru	thought / assumed (pl.)	
לחומות		lekhomot	for/to walls	
לחומות		lakhomot	for/to the walls	
ותוך		vetokh	and the inside / and the content / and within	
שרשרת		sharsheret	chain / necklace	
הפוליטיים		hapolitiyim	the political (m.pl.)	
דתית		datit	religious (f.s.)	
דתי		dati	religious (m.s.)	
בקנה		bakane	in the barrel / in the shaft / in the trachea	
בענייני		be'inyanei	on matters of / on the matters of	
סטודנטים		studentim	students	
נתיב		nativ	path	
לז		laz	one (person)	
שמקורו		shemekoro	originated from (m.s.)	
בשורות		besorot	news	
בשורות		beshura	in line	
בחירת		bkhirat	selection of / vote for	
מחודשת		mekhudeshet	renewed (f.s.)	
לזכות		lizkot	to win	
תוכנן		tokhnan	their content (f.)	
כלכלית		kalkalit	economic (f.s.)	
הישיר		hayashir	the direct (m.s.)	
התפתחו		hitpatkhu	developed (pl.)	
האינדיאנים		ha'indiyanim	the Indians	
הבסיסי		habsisi	the basic	
הראשוני		harishoni	the preliminary / the primary (m.s.)	
בחודשים		bekhodashim	in months	
בחודשים		bakhodashim	in the months [of]	
בנוי		banui	built up (adj.) (m.s.)	
טבעית		tiv'it	natural (f.s.)	
ממשפחת		mimishpakhat	from the family of / from the [name] family	
מוגדר		mugdar	defined	
מזכיר		mazkir	secretary / reminds (m.s.)	
תפיסה		tfisa	catch / capture / grasp / seizure / perception	
חיבור		khibur	connection / link / linkage / joining / joint / junction	
המידה		hamida	the measure / the size / the quality	
המוקדמים		hamukdamim	the early / the preliminary (m.pl.)	
הכשרה		hakhshara	training	
הסופי		hasofi	the final (m.s.)	
דמויי		dmuyei	-like / -form (m.pl.)	
ברובע		barova	in the quarter	
ברובע		berova	in a quarter / in the quarter of	
נציגים		netsigim	representatives	
הרומאים		haroma'im	the Romans	
ביישוב		biyshuv	in a settlement	
ביישוב		bayeshuv	in the settlement	
המקראי		hamikra'i	the biblical	
קיומו		kiyumo	his existence / his survival / its holding / its fulfillment	
באר		be'er	well	
עיסוק		isuk	occupation / work	
בנקודה		binkuda	at a point	
בנקודה		banekuda	at the point	
התפיסה		hatfisa	the catching / the capture / the grasp / the seizure / the perception	
הנושאים		hanos'im	the subjects / the carriers	
גרסאות		girsa'ot	versions	
מכילה		mekhila	contains (f.s.)	
לתחייה		[kam] litkhiya	resurrected	
שריר		shrir	muscle	
התייחסות		hityakhasut	reference	
מקצועי		miktso'i	professional (m.s.)	
כמלך		kemelekh	as a king	
כמלך		kamelekh	as the king	
המשמשים		hameshamshim	that are used for (m.pl.)	
עבודותיו		avodotav	his works	
שחיה		skhiya	swimming	
היערן		haya'aran	the forester	
הדב		hadov	the bear	
הנך		hinkha	you are / here you are (m.s.)	
הנך		hinekh	you are / here you are (f.s.)	
נחמד		nekhmad	nice	
ועכשיו		ve'akhshav	and now	
המשוכה		hamesukha	the hedge	
להגיד		lehagid	to say	
הפלוגה		hapluga	the company (mil.)	
בפנים		befanim	with [x] face	
בפנים		bifnim	inside	
בפנים		bapanim	on the face	
ידיד		yadid	friend	
לבו		libo	his heart	
שאמר		she'amar	who said (m.s.)	
הירוק		hayarok	the green (m.s.)	
בגדי		bigdei	the clothes of	
בגדי		bgadai	my clothes	
שתהיה		shetihiye	that you will be (m.s.) / that will be (f.s.)	
יקר		yakar	dear / expensive (m.s.)	
גמר		gmar	end / finals	
להראות		lehar'ot	to show	
הכלא		hakele	the prison	
דיווח		divu'akh	report	
רחוקות		rekhokot	far (f.pl.)	
מחלה		makhala	sickness	
לרדת		laredet	to go down / to come down / to descend / to decrease	
שבת		shabat	Saturday / Sabbath	
שבת		shavat	went on strike (m.s.)	
שבת		shevet	sitting / dwelling	
קורה		kore	happens / occurs	
קורה		kora	beam	
אלון		alon	oak	
הסוהר		hasoher	the warden	
במשחקים		bamiskhakim	in the games	
במשחקים		bemiskhakim	in games	
מכתבים		mikhtavim	letters	
מהסוג		mehasug	of the kind / of the class / of the type	
תגובה		tguva	response	
שומן		shuman	fat	
שבר		shever	fracture / fragment	
איבד		ibed	lost (m.s.)	
אסף		asaf	collected (m.s.)	
הקודמים		hakodmim	the former / the previous (m.pl.)	
הספיק		hispik	was sufficient / was enough	
דיון		diyun	discussion	
בכתב		bikhtav	in writing	
להתחיל		lehatkhil	to start	
תמך		tamakh	supported (m.s.)	
וזו		vezo	and this (f.)	
שיצא		sheyatsa	that/who went out / that/who came out (m.s.)	
קהל		kahal	public / crowd / audience	
קריית		kiryat	city of / suburb of / district of	
אזרחי		ezrakhi	civilian (m.s.)	
חצר		khatser	yard	
מפעלי		mif'alei	plants of / factories of	
לחקר		lekheker	to/for the research of	
לאסוף		le'esof	to collect	
להגיש		lehagish	to serve / to submit / to present	
ואינו		ve'eino	and is not / and is not here (m.s.)	
שאותה		she'ota	that the same / that/who (f.s.)	
אמורה		amura	supposed (f.s.)	
ארוכות		arukot	long (f.pl.)	
אצבעות		etsba'ot	fingers	
אסטרטגי		estrategi	strategic	
המקרה		hamikre	the case / the event / the incident / the fortune / the chance	
השמאלית		hasmalit	the left (adj.) / the left handed (f.s.)	
הקורא		hakore	the reader / who reads / that/who calls (m.s.)	
האקדמיה		ha'akademya	the academy	
דיבור		dibur	speech	
בגדר		begader	with a fence	
בגדר		bagader	with the fence / in the fence	
בגדר		begeder	within the limits of	
רצים		ratsim	run / runners (m.pl.)	
ניצחונות		nitskhonot	victories	
נתון		natun	datum / given (m.s.)	
נקבות		nekevot	females	
נקבות		nikbot	tunnels	
הגולה		hagola	the diaspora	
הגולה		hagula	the marble (game)	
דיביזיית		divizyat	division	
מתקפת		mitkefet	attack of	
הסוחרים		hasokharim	the merchants / the dealers / the sellers	
קפטן		kepten	captain	
הפריצה		hapritsa	the breakthrough / the burglary / the irruption	
הנוצרי		hanotsri	the Christian (m.s.)	
חוקה		khuka	constitution	
הקשים		hakashim	the difficult / the hard (m.pl.)	
רישום		rishum<span style='mso-spacerun:yes'>  </span>	record / sketch	
שקדמה		shekadma	that/who preceded (f.s.)	
שאותו		she'oto	that the same / that/who (m.s.)	
עוצמת		otsmat	power of / force of / intensity of	
הוצאה		hotsa'a	taking out / removal / expense / edition / publishing house	
מתכת		matekhet	metal	
מוצרים		mutsarim	products	
מפלגה		miflaga	party (political)	
מערבית		ma'aravit	western (f.s.)	
מגיל		megil	from the age of / of joy	
לוחות		lukhot	boards	
שיצאו		sheyats'u	that/who went out / that/who came out (pl.)	
קהילת		kehilat	community of	
התיאטרון		hate'atron	the theater	
הפילוג		hapilug	the split	
הזרם		hazerem	the current / the flow / the stream / the trend	
בדרגת		bedargat	at a degree of / a rank of	
ניצח		nitsakh	won (m.s.)	
מקומית		mekomit	local (f.s.)	
למנות		lemanot	to appoint	
למנות		limnot	to count	
פסיכולוגי		psikhologi	psychological	
אחים		akhim	brothers / siblings / nurses (m.)	
אספקת		aspakat	supply of	
המוסלמית		hamuslemit	the Muslim (f.s.)	
טבעיים		tiv'iyim	natural (m.pl.)	
סוסים		susim	horses	
נכתבו		nikhtevu	were written	
מנזר		minzar	monastery	
הממצאים		hamimtsa'im	the findings	
בשדרות		basderot	in the boulevard	
בשדרות		besderot	in the boulevard of	
תחנת		takhanat	station of	
תכנון		tikhnun	plan / design / layout	
בריכת		brekhat	pool of	
התאמה		hat'ama	suitability / fitting / adjustment / harmony / agreement	
הציד		hatsayid	the hunt	
במדי		bemadei	in the uniform of	
תוצר		totsar	product	
ההבדלים		hahevdelim	the differences	
משיריו		mishirav	from his poems	
ואלוף		ve'aluf	and a champion	
הסימפוניה		hasimfonya	the symphony	
הכחדה		hakkhada	extermination / extinction	
השחמט		hashakhmat	the chess	
חומצה		khumtsa	acid	
בטמפרטורה		betemperatura	at a temperature	
בועות		bu'ot	bubbles	
הנעליים		hana'alayim	the shoes	
האינדוקציה		ha'induktsia	the induction	
חלף		khalaf	passed (m.s.)	
זבוב		zvuv	fly	
לזאת		lazot	for this (f.)	
היית		hayit	you were (f.s.)	
היית		hayita	you were (m.s.)	
מובן		muvan	understood / meaning / sense	
לרוץ		laruts	to run	
העוברים		ha'ovrim	that/who pass / the transients (m.pl.)	
העוברים		ha'ubarim	the embryos / the fetuses	
בשבילי		bishvili	for me	
מוזר		muzar	strange / weird	
לעוף		la'uf	to fly	
שמי		shmi	my name	
אגב		agav	by the way / while	
התחילה		hitkhila	started (f.s.)	
דמי		dami	my blood / hematic	
דמי		damei	the blood of	
דמי		dmei	fee of	
לעת		le'et	at a time of	
לעת		la'et	for the time	
מאכל		ma'akhal	food / dish	
יוצאים		yots'im	going out / coming out (m.pl.)	
לחשוף		lakhsof	to expose	
מסחר		miskhar	commerce / trade	
ירדו		yardu	went down / came down / descended / decreased (pl.)	
פרח		perakh	flower	
פרח		parakh	blossomed (m.s.)	
חייבים		khayavim	must (m.pl.) / debtors	
סביבה		sviva	area	
נשאו		nas'u	carried / married (pl.)	
לכמה		lekhama	to/for how many / to/for how much	
ובאופן		uv'ofen	and in a way	
אירע		era	happened / occurred (m.s.)	
מחשש		mekhashash	for the fear of	
מחזור		makhzor	cycle / circulation / turnover / class [of year X] / period / prayer book	
מרים		merim	lifts (m.s.)	
למסע		lemasa	on a journey	
למסע		lamasa	on the journey	
לאלה		le'ele	to/for these	
לאלה		le'ela	to/for a goddess	
לאלה		la'ela	to/for the goddess	
תשומת		tsumet	paying [attention]	
אילן		ilan	tree	
כבדים		kvedim	heavy (m.pl.)	
מובהק		muvhak	unmistakable / significant (m.s.)	
מפת		mapat	map of	
מצדו		mitsido	from his side / as far as he is concerned	
יעילה		ye'ila	effective / efficient (f.s.)	
יאיר		ya'ir	will illuminate (m.s.)	
יזם		yazam	initiated / promoter / entrepreneur	
למכור		limkor	to sell	
להימלט		lehimalet	to escape	
שהיוו		shehivu	that/who were / that/who constituted	
שהגיעה		shehigi'a	that/who arrived (f.s.)	
קלע		kela	bullet / sling	
קלע		kala	marksman / hit	
חמורה		khamura	serious / severe (f.s.)	
חול		khol	sand / secular	
אדיר		adir	great / mighty / powerful (m.s.)	
חדרו		khadro	his room	
חדרו		khadru	penetrated / intruded (pl.)	
אבו		ibo	his tender years	
אבו		abu	father of (Arabic)	
כמויות		kamuyot	quantities / amounts	
כהן		kohen	priest / Cohen	
המתנגדים		hamitnagdim	the objectors	
המובילים		hamovilim	the leaders / the transporters / the carriers (m.)	
הולכים		holkhim	walk / go (m.pl.)	
החלוץ		hakhaluts	the pioneer	
הזכויות		hazkhuyot	the rights / the privileges	
הביע		hebi'a	expressed (m.s.)	
הריכוז		harikuz	the concentration	
הסדירה		hasdira	the regular	
הסדירה		hisdira	settled / arranged / regulated (f.s.)	
גוש		gush	lump / block / mass / region	
בממשלה		bememshala	in a government	
בממשלה		bamemshala	in the government	
ביערות		biy'arot	in forests	
ביערות		baye'arot	in the forests	
בודדים		bodedim	lonely / single / few (m.pl.)	
בעץ		be'ets	in a tree / in wood	
בעץ		ba'ets	in the tree / in the wood	
בסיום		besiyum	at the end of	
בסיום		basiyum	at the end	
בסכנת		besakanat	in danger of / at risk	
רכבות		rakavot	trains	
נמצאה		nimtse'a	was found / was [at] (f.s.)	
נקראה		nikre'a	was read / was called (f.s.)	
נחשבים		nekhshavim	are considered (m.)	
המסדר		hamesader	that/who arranges (m.s.)	
המסדר		hamisdar	the lineup / the parade	
לגייס		legayes	to recruit	
הספינות		hasfinot	the ships	
ממשל		mimshal	government	
משלחת		mishlakhat	expedition / delegation	
הקימו		hekimu	established / built (pl.)	
בראשותו		berashuto	headed by him / led by him	
נרחבת		nirkhevet	wide / broad (f.s.)	
משפטי		mishpati	my sentence / my trial / judicial	
ספורים		sfurim	are counted (m.pl.)	
יצרה		yatsra	created / made (f.s.)	
שמר		shamar	kept / guarded / protected (m.s.)	
קהילה		kehila	community	
חש		khash	felt / rushed (m.s.)	
היכן		heykhan	where	
נעשתה		na'asta	was done / became (f.s)	
מסעות		masa'ot	journeys	
שליט		shalit	ruler	
חברתיים		khevratiyim	social (m.pl.)	
כמקור		kemakor	as a source / as a beak	
בקולנוע		bekolno'a	at a cinema	
בקולנוע		bakolno'a	at the cinema	
נשיפה		neshifa	exhalation / blow	
נהרס		neheras	was destroyed / was demolished (m.s.)	
מיעוט		mi'ut	minority	
מדויק		meduyak	precise / accurate (m.s.)	
למעמד		lema'amad	to/for a position / to/for a class / to/for a pedestal / to/for a scene	
למעמד		lama'amad	to/for the position / to/for the class / to/for the pedestal / to/for the scene	
לאיחוד		le'ikhud	to/for a union	
לאיחוד		la'ikhud	to/for the union	
התקיימה		hitkayma	existed / took place / was held (f.s.)	
התגלה		hitgala	was discovered (m.s.)	
הגרסה		hagirsa	the version	
הניתן		hanitan	that is possible / that is given (m.s.)	
בוגר		boger	mature / adult / graduate	
בפיתוח		bepitu'akh	in development / in the development of	
בפיתוח		bapitu'akh	in the development	
בדמות		bidmut	in the shape of / in the image of	
ציבור		tsibur	public	
נתונה		netuna	given / that is situated  (f.s.)	
מאוחרת		me'ukheret	late (f.s.)	
מדרגות		madregot	stairs	
ייחודי		yikhudi	unique (m.s.)	
למותו		lemoto	[to] his death	
לדעתו		leda'ato	in his opinion	
וכו		vekhulei	etc.	
עמה		ama	her people / her nation	
עמה		ima	with her	
עופות		ofot	birds	
זמנו		zmano	his time	
בולטים		boltim	protruding / stand out (m.pl.)	
קורס		kurs	course	
בשמות		bishmot	[in] the names of	
בשמות		beshemot	[in] names	
רשמיים		rishmiyim	official (m.pl.)	
ממצאים		mimtsa'im	findings	
לפעולות		lif'ulot	to/for actions / to/for operations / to/for the actions of / to/for the operations of	
לפעולות		lape'ulot	to/for the actions / to/for the operations	
תוספת		tosefet	addition / supplement	
דב		dov	bear	
משבר		mashber	crisis	
משבר		mishbar	wave	
מאותה		me'ota	from the same (f.s.)	
משטח		mishtakh	surface / plane / platform / smear	
למבנה		lemivne	to/for a building/construction	
למבנה		lamivne	to/for the building/construction	
הקשורות		hakshurot	that are tied / that are linked / that are connected (f.pl.)	
המבקרים		hamevakrim	the visitors / the critics / the inspectors	
חנה		khana	parked	
המקורות		hamekorot	the sources / the text	
רפואיים		refu'iyim	medical (m.pl.)	
המתמטי		hamatemati	the mathematical (m.s.)	
פארק		park	park	
ניסויים		nisuyim	experiments / trials	
השחייה		haskhiya	the swimming	
המרחבי		hamerkhavi	the spatial	
הורמונים		hormonim	hormones	
העופות		ha'ofot	the birds	
האלמוג		ha'almog	the coral	
אפשרה		ifshera	enabled / facilitated (f.s.)	
ידעתי		yadati	I knew	
ואלך		ve'elekh	and I will go / and I will walk	
והגזיר		vehagzir	and the chip	
אתן		aten	you (f.pl.)	
אתן		eten	I will give	
אתן		itan	with them (f.pl.)	
חפצתי		khafatsti	I wanted	
באויר		ba'avir	in the air	
שאתם		she'atem	that you (m.pl.)	
שכבו		shakhvu	lay down (pl.)	
לשכב		lishkav	to lie down	
שמעו		sham'u	heard (pl.)	
ישבה		yashva	sat (f.s.)	
אנה		ana	where to	
אנה		ane [va'ana]	hither and thither	
התסיסה		hatsisa	the fermentation / the unrest	
העלמה		ha'alma	Miss / the lass / the maiden	
העלמה		ha'alama	hiding / concealing / evasion (tax)	
לוקח		loke'akh	takes (m.s.)	
מכבי		makabi	Maccabee	
ההיא		hahi	that one (f.)	
גבו		gabo	his back	
גבו		gavu	charged / collected (money) (pl.)	
סביבו		svivo	around him	
פתחה		patkha	opened (f.s.)	
ברק		barak	lightning	
מאמן		me'amen	trainer / coach	
קורא		kore	reader / reads / calls (m.s.)	
ענפים		anafim	branches / fields	
האחר		ha'akher	the other (m.s.)	
ריח		re'akh	smell / scent / aroma / odor	
צפוי		tsafui	expected / anticipated (m.s.)	
מיליארד		milyard	billion	
מטוס		matos	airplane	
עלולה		alula	might (f.s.)	
אהבה		ahava	love	
הפה		hape	the mouth	
נסיון		nisayon	experience / trial	
מיום		miyom	from [day / date] / from the day [that]	
התחילו		hitkhilu	started (pl.)	
הארוך		ha'arokh	the long (m.s.)	
הצבע		hatseva	the color	
בידו		beyado	in his hand / on his hand	
רמה		rama	height / level	
לעם		le'am	to/for a people	
לעם		la'am	to/for the people	
לחברה		lekhevra	[to/for] a company	
לחברה		lakhevra	[to/for] the company	
לחברה		lekhavera	to/for a friend / to/for a member (f.)	
לחברה		lakhavera	to/for the friend / to/for the member (f.)	
לחברה		lehovil	to lead / to transport	
להרחיב		leharkhiv	to widen / to to broaden	
לבדוק		livdok	to examine / to test	
תצוגה		tetsuga	display / show	
ואינם		ve'einam	and are not / and are not here (m.pl.)	
שנמשך		shenimshakh	that lasted / that was pulled / that was attracted / that was withdrawn (m.s.)	
זמנים		zmanim	times	
המחשבה		hamakhshava	the thought	
המצויים		hametsuyim	that are [at] / the common / the available (m.pl.)	
דומות		domot	similar / resembling (f.pl.)	
דבריו		dvarav	his words / his things	
גבוהים		gvohim	high / tall (m.pl.)	
בלשון		bilshon	in the language of	
בלשון		belashon	with a tongue	
בלשון		balashon	with the tongue	
בשלבים		bishlavim	in stages  / in phases	
בגודל		begodel	at a size of	
מכשולים		mikhsholim	obstacles / hurdles	
מצוין		metsuyan	excellent	
למאבק		lema'avak	to/for struggle / to/for a fight / to/for a conflict	
למאבק		lama'avak	to/for the struggle / to/for the fight / to/for the conflict	
למרכז		lemerkaz	to a center / to the center of	
למרכז		lamerkaz	to the center	
תעופה		te'ufa	aviation	
קרני		karnei	beams of / rays of / horns of	
קרני		karni	my honor	
פתוחים		ptukhim	open (m.p.)	
פס		pas	stripe / rail	
איכות		eikhut	quality	
חלונות		khalonot	windows	
אחותו		akhoto	his sister	
המדיניות		hamediniyut	the policy	
התמוטט		hitmotet	collapsed (m.s.)	
התקבלו		hitkablu	were accepted (pl.)	
הקרוב		hakarov	the close / the relative / the next (m.s.)	
העליונות		ha'elyonut	the supremacy / the superiority	
האמן		ha'amen	believe (m.s. imperative)	
האמן		ha'oman	the artist	
החיסון		hakhisun	the immunization / the vaccination	
בינה		beina	between her	
בינה		bina	intelligence / wisdom	
בתנועה		bitnu'a	in motion / in a movement	
בתנועה		batnu'a	in the motion / in the movement / in traffic	
בפיקוד		bapikud	in the headquarters	
בפיקוד		befikud	under the command of	
בעתיד		ba'atid	in the future	
נשקם		nishkam	their weapon	
נחשבו		nekhshevu	were considered	
למתקפה		lemitkafa	on an attack	
למתקפה		lamitkafa	on the attack	
תותחים		totakhim	cannons	
העקירה		ha'akira	the uprooting / the displacement	
צי		tsi	navy / armada	
מלחים		melakhim	salts	
מלחים		malakhim	sailors	
לחמו		lakhamu	fought (pl.)	
לחמו		lakhmo	his bread	
וכלל		veklal	and a rule / and [not] at all	
וכלל		vekalal	and included (m.s.)	
קיצוני		kitsoni	extreme / extremist / radical (m.s.)	
למדינת		limdinat	to/for the state of	
שבויים		shvuyim	prisoners (of war)	
חמושים		khamushim	armed (m.pl.)	
הועלו		hu'alu	were raised / were lifted / were increased / were brought up	
רובים		rovim	rifles	
נתקלו		nitkelu	came up against / bumped into (pl.)	
לחוף		lekhof	to a beach / on the beach of	
לחוף		lakhof	to the beach	
התומכים		hatomkhim	the supporters	
שניסו		shenisu	who tried (pl.)	
איים		iyim	islands	
אדמות		adamot	lands	
דרשו		darshu	required / demanded / preached / interpreted (pl.)	
בעיקרו		be'ikaro	mainly / principally	
פעלה		pa'ala	acted / operated (f.s.)	
עידן		idan	era	
אמונה		emuna	faith / belief	
חטיבת		khativat	the brigade of / the section of	
באוכלוסייה		ba'ukhlusiya	in the population	
באוכלוסייה		be'ukhlusiya	in a population	
ניהל		nihel	managed / conducted (m.s.)	
שהביאה		shehevi'a	that/who brought (f.s.)	
שנודע		shenoda	that/who was known / that/who became known (m.s.)	
הממלכה		hamamlakha	the kingdom	
מודל		model	model	
ובעקבות		ube'ikvot	and in the footsteps of / and following / and as a result of	
שפע		shefa	plenty	
שפע		shafa	yield abundantly	
אישיים		ishiyim	personal	
חקירה		khakira	investigation / research / inquiry	
חזקים		khazakim	strong (m.pl.)	
המוכרים		hamukarim	the known / the familiar	
השליט		hashalit	the ruler / the sovereign	
הקושי		hakoshi	the difficulty / the hardness	
הרגליים		haraglayim	the legs	
סביר		savir	reasonable / likely (m.s.)	
משמאל		mismol	on the left / from the left	
אלמנטים		elementim	elements	
הממוצע		hamemutsa	the average	
המשווה		hamashve	the equator	
הפרדה		hafrada	separation	
האבן		ha'even	the stone	
הדגים		hidgim	demonstrated (m.s.)	
הדגים		hadagim	the fish (pl.)	
הציור		hatsiyur	the painting / the drawing	
דיפלומטיה		diplomatya	diplomacy	
בריכוז		berikuz	at a concentration of	
סנטימטרים		sentimeterim	centimeters	
נוסד		nosad	was founded (m.s.)	
המצוק		hamatsok	the cliff	
במת		bamat	stage of	
ליהודי		leyehudi	to/for a Jew	
ליהודי		layehudi	to/for the Jew	
נציגי		netsigei	the representatives of	
אקצה		aktse	I will allocate	
חיבר		khiber	connected / linked  (m.s.)	
הגופים		hagufim	the bodies	
לבניין		lebinyan	to/for a building / for the building of	
לבניין		labinyan	to/for the building	
התפתח		hitpate'akh	developed (m.s.)	
התרחשה		hitrakhasha	happened / occurred / took place (f.s.)	
נובעת		nova'at	stems from / derived from / spouts (f.s.)	
ייצוג		yitsug	representation	
עצמות		atsamot	bones	
חזיר		khazir	pig	
האימה		ha'eima	the fear / the terror	
ערכים		arakhim	values	
בטבע		bateva	in nature	
הפרי		hapri	the fruit	
יצירותיו		yetsirotav	his creations / his works of art / his compositions	
לפיסול		lepisul	to/for sculpture	
לפיסול		lapisul	to/for the sculpture	
התסריט		hatasrit	the script	
האקספרסיוניזם		ha'expresionizm	the expressionism	
בפיסול		bepisul	[in] sculpture	
בפיסול		bapisul	[in] the sculpture	
ביצירה		biytsira	in a formation / in a creation / in a work of art / in a composition	
ביצירה		bayetsira	in the formation / in the creation / in the work of art / in the composition	
הפותחת		hapotakhat	that opens (f.s.)	
אסורים		asurim	forbidden / imprisoned (m.pl.)	
התרופה		hatrufa	the medication / the drug	
עירויי		iruyei	transfusions of	
כמתאגרף		kemit'agref	as a boxer	
בביולוגיה		bebiologya	in biology	
בביולוגיה		babiologya	in the biology	
חשמלי		khashmali	electric	
משחות		mishkhot	creams / ointments	
הקרחונים		hakarkhonim	the icebergs	
מוטב		mutav	preferably / better / beneficiary	
שמתי		samti	I placed / I put	
זבובים		zvuvim	flies	
הביטו		hebitu	looked (pl.)	
בדעתי		beda'ati	I intend to	
ירוקים		yerukim	green (m.pl.)	
החולות		hakholot	the sands	
מרגיש		margish	feels / senses (m.s.)	
לבה		liba	her heart	
לבה		laba	lava	
החובל		hakhovel	the seaman	
שקלים		shkalim	Shekels (Israeli currency)	
כביר		kabir	huge / great	
האמיתיים		ha'amitiyim	the real (m.pl.)	
מוכרח		mukhrakh	must (m.s.)	
מחסומים		makhsomim	barriers / blocks	
חכם		khakham	smart / wise	
כתבה		katva	wrote (f.s.)	
כתבה		katava	reportage	
המלאה		hamele'a	the full / the complete (m.s.)	
למרגלות		lemargelot	at the feet of	
אכלו		akhlu	ate (pl.)	
הישנה		hayeshana	the old (f.s.)	
הישנה		hayeshena	the sleeping (f.s.)	
באים		ba'im	coming (m.pl.)	
להכין		lehakhin	to prepare	
התעלה		hit'ala	rose above / excelled (m.s.)	
בשבוע		bashavu'a	in the week / per week	
בשבוע		beshavu'a	in a week / per week	
בטקס		betekes	in a ceremony	
בטקס		batekes	during the ceremony	
להוסיף		lehosif	to add	
הלחץ		halakhats	the pressure / the stress	
הסוסים		hasusim	the horses	
הנפש		hanefesh	the soul / the spirit / the life	
בינוני		beynoni	mediocre	
רוחות		rukhot	winds / ghosts	
נעשית		na'aset	is done (f.s.)	
מעצמות		ma'atsamot	great nations	
מעצמות		me'atsamot	of bones	
ידיים		yadayim	hands	
לאחת		le'akhat	to/for one (f.)	
תלויים		tluyim	are hung / depending on (m.pl.)	
תחושת		tkhushat	feeling of / sensation of	
ובלתי		uvilti	and im- / and in- / and un- / and dis- / and except	
ובני		uvni	and my son	
ובני		uvanai	and my sons	
קמה		kama	stood up / woke up / was established (f.s.)	
קמה		kama	standing corn	
העתיד		ha'atid	the future	
הגיש		higish	served / submitted / presented (m.s.)	
הציגו		hetsigu	introduced / displayed / presented / exhibited (pl.)	
הסכימו		hiskimu	agreed (pl.)	
במורד		bemorad	down a	
במורד		bamorad	down the	
בקצב		beketsev	in a rhythm	
בקצב		baketsev	in the rhythm	
צדקה		tsdaka	charity	
סופה		sofa	her end / its end	
סופה		sufa	storm	
משחת		mishkhat	cream of / ointment of	
מפעיל		maf'il	operates / operator (m.s.)	
מעמדו		ma'amado	his position / his status / his class	
מזרחית		mizrakhit	eastern / east of (f.s.)	
מרחב		merkhav	space	
למין		lemin	to/for a kind / to/for a species / to/for a gender / to/for a sex	
למין		lamin	to/for the kind / to/for the species / to/for the gender / to/for the sex	
לשנה		lashana	for the year	
לשנה		leshana	for a year / per year	
לעניין		le'inyan	in the matter of	
לעניין		la'inyan	to the point	
להשתלט		lehishtalet	to take control of	
לצדו		letsido	by his side	
וטען		veta'an	and claimed / and argued (m.s.)	
שליד		sheleyad	that/who is near / that/who is next to	
שוכן		shokhen	live / dwell (m.s.)	
שאלות		she'elot	questions	
שנעשו		shena'asu	that were done / that/who became	
ערי		arei	cities of	
חיובית		khiyuvit	positive (f.s.)	
זרעים		zra'im	seeds	
כלכלת		kalkalat	the economy of	
המלכותי		hamalkhuti	the royal (m.s.)	
המחאה		hamkha'a	check	
המחאה		hamekha'a	the protest	
הפסיק		hifsik	stopped / ceased (m.s.)	
הפסקת		hafsakat	break of / intermission of	
העתידית		ha'atidit	the future / the prospective / the futuristic (f.s.)	
החלקים		hakhalakim	the parts / the smooth / the slippery (m.pl.)	
החלפת		hakhlafat	replacement of / change of	
הכוכבים		hakokhavim	the stars	
בשילוב		beshiluv<span style='mso-spacerun:yes'>  </span>	in combination	
בדרכם		bedarkam	on their way / their way	
סופי		sofi	final (m.s.)	
מברק		mivrak	telegram	
ללחימה		lilkhima	for warfare	
ללחימה		lalekhima	for the warfare	
לדון		ladun	to discuss / to judge	
כוחם		kokham	their power / their force / their strength	
מצודת		metsudat	the fortress of / the castle of	
שופטים		shoftim	judges	
פרצה		paratsa	broke into / broke out / burst (f.s.)	
אספקה		aspaka	supply	
המבצע		hamivtsa	the operation / the sale	
הקומוניסטים		hakomunistim	the communists / the communist (pl.)	
להגנת		lehaganat	to/for the defense of	
השטחים		hashtakhim	the areas / the fields / the territories	
מסים		misim	taxes	
שהחלה		shehekhela	that started (f.s.)	
קיצוניים		kitsoniyim	extremes / extremists / radicals / radical (m.pl.)	
פיקוד		pikud	command	
היסטוריונים		historyonim	historians	
העדיפו		he'edifu	preferred (pl.)	
בשטחי		beshitkhei	in the areas of / in the fields of / in the territories of	
נאמנים		ne'emanim	loyal / trustees (m.pl.)	
מבצעים		mevats'im	who perform (m.pl.)	
חופי		khofi	of a beach	
העיקריות		ha'ikariyot	the main / the principal / the primary (f.pl.)	
נוקשה		nukshe	stiff / rigid / tough	
עוררה		orera	woke / has excited (f.s.)	
המערביים		hama'araviyim	the western (m.pl.)	
האחראי		ha'akhra'i	the responsible / the person in charge (m.s.)	
הצלחת		hatslakhat	success of	
הצלחת		hatsalakhat	the plate	
רכושם		rekhusham	their property	
נמנע		nimna	was/is prevented / abstains (m.s.)	
ממקום		mimakom	from a place	
ממקום		mimkom	from the place of	
לרכוש		lirkosh	to acquire	
לרכוש		lerekhush	to/for property	
לרכוש		larekhush	to/for the property	
שנחשב		shenekhshav	that/who is considered (m.s.)	
אמצע		emtsa	middle	
זיכרון		zikaron	memory	
הסיפורים		hasipurim	the stories	
ביצירתו		biytsirato	in its formation / in its creation / in his artistic work  / in his composition	
מנהרות		minharot	tunnels	
לימוד		limud	study	
להב		lahav	blade / flame / blaze	
לגידול		legidul	for the growth of / for the increase of / [for/to] a tumor	
לגידול		lagidul	for the growth / for the increase / for the tumor	
תקופות		tkufot	periods / eras	
תפוצה		tfutsa	distribution	
תפקידים		tafkidim	roles	
שפרסם		shepirsem	that/who published / that/who advertised	
המקובלת		hamekubelet	the accepted / the conventional / the popular (f.s.)	
היותו		heyoto	being (m.s.)	
הוצע		hutsa	was proposed / was suggested / was offered	
הוצב		hutsav	was posted / was placed (m.s.)	
הפדרציה		hafederatsya	the federation	
הערך		ha'erekh	the value	
האסלאמית		ha'islamit	the Islamic (f.s.)	
הבחירה		habkhira	the selection / the choice	
הצלחתו		hatslakhato	his/its success	
הצורות		hatsurot	the shapes / the forms	
ביטויים		bituyim	expressions	
בריכות		brekhot	pools	
נפוצים		nefotsim	common (m.pl.)	
הלגיון		haligyon	the legion	
בפינת		bepinat	at the corner of	
הסלע		hasela	the rock	
הלאומיים		hale'umiyim	the national (m.pl.)	
קפה		kafe	coffee	
הצמחייה		hatsimkhiya	the flora	
מאידך		me'idakh	on the other hand	
מייצרים		meyatsrim	produce (m.pl.)	
משתתפים		mishtatfim	participants / participate (m.pl.)	
לגוף		leguf	[to/for] a body	
לגוף		laguf	to/for the body	
קדומים		kdumim	ancient (m.pl.)	
התזמורת		hatizmoret	the orchestra	
הצבעה		hatsba'a	vote / voting / raising a hand / pointing at / indicating	
הפרט		haprat	the detail / the individual	
עולמו		olamo	his world	
המיניות		haminiyut	the sexuality	
בטלוויזיה		batelevizya	on television	
מחשב		makhshev	computer	
מחשב		mekhashev	calculates (m.s.)	
בבדיקות		bivdikot	in examinations	
בבדיקות		babdikot	in the examinations	
לווייתן		livyatan	whale	
טורפים		torfim	predators	
גזי		gazi	gaseous	
קמתי		kamti	I stood up / I woke up	
איכפת		ikhpat	care for	
כמוך		kamokha	like you	
הערת		he'arta	you woke / you commented (m.s.)	
הערת		he'art	you woke / you commented (f.s.)	
הערת		he'arat	comment of	
הזבוב		hazvuv	the fly	
הגון		hagun	decent / honest (m.s.)	
הרקבון		harikavon	the decay	
צלחתי		tsalakhti	I crossed / I succeeded	
צלחתי		tsalakhti	my plate	
סליחה		slikha	excuse me / I'm sorry / forgiveness / pardon	
אליך		elekha	to you (m.)	
אליך		elaikh	to you (f.)	
עצה		etsa	advice	
עצה		atse	lignin	
כעין		ke'ein	as the eye of / like / in the color of	
הירוקים		hayerukim	the green (m.pl.)	
בכבדות		bikhvedut	heavily	
צמחו		tsamkhu	grew	
בבת		bevat [akhat]	at once	
בבת		bavat [ha'ayin]	pupil (of the eye)	
לקחה		lakkha	took (m.s.)	
פניה		paneha	her face	
הכי		hakhi	most	
הדר		hadar	glory / splendor / citrus fruits	
בעלה		ba'ala	her husband	
כמוהו		kamohu	like him	
המסך		hamasakh	the screen / the curtain	
הרגע		harega	this moment	
באור		ba'or	in the light	
באור		be'or	in a light / under a light	
טובות		tovot	good (f.pl.) / favors	
רץ		rats	runs / runner (m.s.)	
נעלי		na'alei	shoes of	
למשפחה		lemishpakha	to/for a family	
למשפחה		lamishpakha	to/for the family	
שיכלו		sheyakhlu	that/who could	
אט		at	slowly	
המפתח		hamafte'akh	the key	
בטוח		batu'akh	secure / safe / certain (m.s.)	
בראשו		berosho	in his head / / at its top / led by	
טיפוס		tipus	type / climbing	
נשמעו		nishme'u	sounded (pl.)	
מיון		miyun	classification / categorization	
מבוא		mavo	introduction / entrance	
לאדמה		la'adama	to the land / to the earth / to the soil / to the ground	
לאדמה		le'adama	to a land / to an earth / to soil / to a ground	
עיניהם		einehem	their eyes	
השיחה		hasikha	the conversation	
הניתוח		hanitu'akh	the surgery	
לסגור		lisgor	to close	
שהדבר		shehadavar	that the thing / that the object / that the matter / that the item	
חמים		khamim	warm / hot	
נתוני		netunei	data of	
נעשים		na'asim	are done	
מציע		metsi'a	proposes / suggests / offers (m.s.)	
ואחת		ve'akhat	and one (f.)	
שנראה		shenir'e	that/who seems (m.s.)	
שנראה		shenir'a	that/who seemed (m.s.)	
קרבה		kirva	proximity / relativeness / closeness	
קרבה		kreva	getting close / approaches (f.s.)	
חיזוק		khizuk	strengthening	
המיוחד		ha'meyukhad	the special (m.s.)	
המגדל		hamigdal	the tower	
גג		gag	roof	
בתוכה		betokha	inside her/it	
ממשלתו		memshalto	his government	
מעצר		ma'atsar	arrest	
מאמצי		ma'amatsei	efforts of	
מאחור		me'akhor	from behind	
יצירה		yetsira	formation / creation / work of art / composition	
לשרת		lesharet	to serve	
להתגבר		lehitgaber	to overcome	
לדמות		lidmot	to resemble	
לדמות		ledamot	to imagine / to simulate	
לדרך		laderekh	for the road	
לדרך		lederekh	to a road / to a way	
לטענת		leta'anat	according to the claim of / according to the argue of	
ובדרום		uvadarom	and in the south	
שזו		shezo	that this (f.)	
קרקעית		karka'it	ground (adj.) (f.s.) / bottom	
קצרים		katsarim	short (m.pl.)	
פתחו		patkhu	opened (pl.)	
עצמית		atsmit	self- / auto- (f.s.)	
אליהן		eleihen	to them (f.)	
כחולים		kkhulim	blue (m.pl.)	
הליכה		halikha	walk	
הכרה		hakara	recognition / consciousness	
הברה		havara	syllable	
הנוסעים		hanos'im	the passengers / the travelers	
גומי		gumi	rubber	
בשאלה		bish'ela	in a question	
בשאלה		bashe'ela	in the question	
נפתחו		niftekhu	opened (pl.)	
נפט		neft	kerosene / oil	
נגזר		nigzar	cut / decreed / conjugated / derived	
מושל		moshel	governor / governs (m.s.)	
מרחבי		merkhavi	spatial	
למרחקים		lamerkhakim	[to] far away	
למרחקים		lemerkhakim	to distances	
לייצור		leyitsur	for the production of	
לייצור		layitsur	for the production	
לשפר		leshaper	to improve	
לשער		lasha'ar	to the gate	
לשער		lesha'ar	to a gate / to the gate of	
לשער		lesha'er	to assume	
לשער		lase'ar	for the hair	
לשער		lese'ar	for hair	
להבטיח		lehavti'akh	to promise	
ויצרו		veyatsru	and created / and made (pl.)	
שיריו		shirav	his songs / his poems	
שעליה		she'aleha	that on her/it / that about her/it / on whom/which / about whom/which (f.s.)	
שנתן		shenatan	that/who gave	
קלים		kalim	easy / light weight (m.pl.)	
פורסמו		pursemu	were published / were advertised (f.s.)	
פער		pa'ar	gap	
עוברת		overet	passes / crosses / goes through (f.s.)	
עבורם		avuram	for them	
חששו		khasheshu	were worried / feared (pl.)	
חפצים		khafatsim	items	
חפצים		khafetsim	want (m.pl.)	
המופיעים		hamofi'im	who appear / who perform (m.s.)	
הופכים		hofkhim	turn / become / transform (m.pl.)	
הוטל		hutal	cast / threw / projected (m.s.)	
הוצג		hutsag	was introduced / was displayed / was presented / was exhibited (m.s.)	
הרוחני		harukhani	the spiritual	
במציאות		bametsi'ut	in reality	
במסלול		bemaslul	on a course / on a path / on a track	
במסלול		bemaslul	on the course / on the path / on the track	
ביקורו		bikuro	his visit	
בתקווה		betikva	in hope that	
בשוק		beshok	in shock	
בשוק		bashuk	at the market	
בשוק		beshuk	at a market	
בחוף		bekhof	at a beach	
בחוף		bakhof	at the beach	
סל		sal	basket	
נעצר		ne'etsar	was stopped / was arrested (m.s.)	
הסריסים		hasarisim	eunuchs	
בידיהם		biydehem	in their hands	
להתקפה		lehatkafa	to/for an attack	
להתקפה		lahatkafa	to/for the attack	
לנתק		lenatek	to disconnect	
הסמכות		hasamkhut	the authority	
הסובייטי		hasovyeti	the soviet (m.s.)	
העמדות		ha'amadot	the positions	
הבינלאומיות		habeynleumiyot	the international (f.pl.)	
מסדר		mesader	arranges (m.s.)	
מסדר		misdar	lineup / parade	
למערב		lama'arav	to the west	
העממית		ha'amamit	the popular / the national / the folk (f.s.)	
בשאלת		bish'elat	in regard to / in the question of	
בניצחון		benitsakhon	in a victory	
בניצחון		banitsakhon	in the victory	
לזירה		lezira	to an arena / to a scene	
לזירה		lazira	to the arena / to the scene	
המודיעין		hamodi'in	the information / the intelligence	
התעמולה		hata'amula	the propaganda	
מיידית		miyadit	immediately	
כיבושה		kibusha	its occupation	
היערות		haye'arot	the forests	
החיצוניים		hakhitsoniyim	the external / the outer (m.pl.)	
יעיל		ya'il	efficient (m.s.)	
שיצרו		sheyatsru	that/who created / that/who made (pl.)	
שראו		shera'u	that/who saw (pl.)	
המעמד		hama'amad	the position / the class / the pedestal / the scene	
הוצבו		hutsvu	were posted / were placed	
בניינים		binyanim	buildings	
ראשוני		rishoni	preliminary / primary / initial	
נערכה		ne'erkha	prepared / made arrangements / was held / was edited (f.s.)	
נכנסו		nikhnesu	entered (pl.)	
שהה		sha'ha	stayed (m.s.)	
אוניות		oniyot	ships	
כלים		kelim	articles / dishes / vessels / ware / tools	
המיעוט		hami'ut	the minority	
החליף		hekhlif	replaced / changed	
בינלאומיים		beynleumiyim	international (m.pl.)	
באימפריה		ba'imperia	in the empire	
באימפריה		be'imperia	in an empire	
בנמל		benamal	in a harbor	
בנמל		banamal	in the harbor	
סכנה		sakana	danger / risk / hazard	
נמל		namal	harbor	
נוסדה		nosda	was founded (f.s.)	
נגדו		negdo	against him	
מכונות		mekhonot	machines	
תעמולה		ta'amula	propaganda	
אנדרטה		andarta	monument	
המקורית		hamekorit	the original (f.s.)	
האירוע		ha'eru'a	the event	
דאג		da'ag	was worried / cared for (m.s.)	
בנים		banim	boys / sons	
בנוסח		benosakh	version of / phrased / style of	
בנוסח		banosakh	the version of / the style of	
נמצאות		nimtsa'ot	are found / are [at] (f.pl.)	
משותפת		meshutefet	common / mutual / shared (f.s.)	
מערך		ma'arakh	array / set	
לקידום		lekidum	to promote / for the promotion of	
לפרסם		lefarsem	to publish / to advertise	
להבדיל		lehavdil	to differentiate / to separate / to distinguish	
ובראשונה		uvarishona	and at the beginning / and for the first time	
שנערכה		shene'erkha	who prepared / who made arrangements / that was held / that was edited (f.s.)	
אוכלוסיות		ukhlusiyot	populations	
המיתוס		hamitos	the myth	
המועמדים		hamu'amadim	the applicants / the candidates / the nominees	
התבטא		hitbate	expressed himself (m.s.)	
האמיתית		ha'amitit	the real (f.s.)	
החשובות		hakhashuvot	the important (f.pl.)	
הרופאים		harof'im	the physicians	
הצעות		hatsa'ot	proposals / suggestions / offers	
הניסוי		hanisui	the experiment / the trial	
הנקרא		hanikra	that/who is called / that/who is summoned (m.s.)	
בלדר		baldar	courier	
בתקופתו		bitkufato	in his time / in his era	
בחיי		bekhayai	in my life / upon my word	
בחיי		bakhayei	in the life of	
ציורים		tsiyurim	paintings / drawings	
הקיוסק		hakyosk	the kiosk	
הנחלים		hanekhalim	the streams	
מהיהודים		mehayehudim	from the Jews	
הבונים		habonim	the builders	
העבריים		ha'ivriyim	the Hebrew (adj.) (m.pl.)	
במפעל		bemif'al	in a plant / in a factory	
במפעל		bamif'al	in the plant / in the factory	
הרומי		haromi	the roman (m.s.)	
הקדומה		hakduma	the ancient (f.s.)	
ההלכה		hahalakha	the law / the Halachah (the Jewish law)	
קומות		komot	floors	
האופניים		ha'ofanayim	the bicycle	
בנושאי		benos'ei	on the subjects of	
זהים		zehim	identical (m.pl.)	
לפרק		lefarek	to dismantle	
לפרק		leperek	to/for a chapter / to/for a joint	
לפרק		laperek	to/for the chapter / to/for the joint	
תומך		tomekh	supports (m.s.)	
וכלה		vekhale	and ending	
וכלה		vekala	and a bride / and a daughter in law	
חברו		khavru	joined / associated	
התחנות		hatakhanot	the stations / the stops / the bases	
השפיע		hishpi'a	had an effect / influenced (m.s.)	
הרצון		haratson	the will	
ציבורית		tsiburit	public (f.s.)	
מתחרים		mitkharim	competitors	
ייחודית		yikhudit	unique (f.s.)	
המוביל		hamovil	the leader / the transporter / the currier (m.s.)	
המשנה		hameshane	that changes	
המשנה		hamishne	the deputy / Mishnah (oral Jewish laws)	
היסודות		haysodot	the foundations	
הבדל		hevdel	difference	
הספירה		hasfira	the count	
נייר		niyar	paper	
ניב		niv	dialect / idiom / tusk	
ניתנת		nitenet	is possible / is given (f.s.)	
מסתרי		misterei	the mysteries of	
לקולנוע		lekolno'a	to/for a cinema	
לקולנוע		lakolno'a	to/for the cinema	
דגושה		dgusha	stressed	
נהגית		neheget	pronounced	
נטיית		netiyat	inclination of / tendency of / tilt of	
למדע		lemada	to science	
למדע		lamada	to the science	
צאצאים		tse'etsa'im	offsprings	
המתחרים		hamitkharim	the competitors	
החייזרים		hakhayzarim	the aliens	
הרהיט		harahit	the furniture	
המולקולה		hamolekula	the molecule	
הגנים		haganim	the gardens / the kindergartens	
הגנים		hagenim	the genes	
צחוק		tskhok	laughter	
יושבת		yoshevet	sitting / sits (f.s.)	
באתי		bati	I came	
מטילה		metila	casts / throws / projects / lays eggs (f.s.)	
שבני		shebni	that my son	
שצריך		shetsarikh	that is needed / that needs	
נער		na'ar	boy / youngster	
שעון		sha'on	clock / watch	
חולה		khole	sick / patient	
הבעל		haba'al	the owner / the husband	
הרצפה		haritspa	the floor	
הניחו		henikhu	assumed / placed (pl.)	
לעזרה		le'ezra	for help / for assistance	
עוף		of	bird / poultry	
אימת		eimat	when / fear of	
בקר		bakar	beef / cattle / inspector	
בקר		biker	visited / criticized (m.s.)	
באביב		ba'aviv	in the spring	
באביב		be'aviv	in a spring	
לעץ		le'ets	to/for a tree	
לעץ		la'ets	to/for the tree	
קצה		katse	tip / end	
אבד		avad	was lost (m.s.)	
המשמר		hamishmar	the guard	
דעתו		da'ato	his opinion	
מקלט		miklat	shelter	
מקלט		maklet	receiver	
לבדו		levado	on his own	
אותיות		otiyot	letters	
אפור		afor	gray	
כולן		kulan	everybody (f.)	
הודיעה		hodi'a	informed / announced (f.s.)	
העדיף		he'edif	preferred (m.s.)	
מחאה		mekha'a	protest	
מגיעה		megi'a	arrives / deserved (f.s.)	
מספרת		mesaperet	tells (f.s.)	
מספרת		misparat	hair salon of	
מנהג		minhag	custom / habit	
למקור		lemakor	to/for a source / to/for a beak	
למקור		lamakor	to/for the source / to/for the beak	
לקנות		liknot	to buy	
לאות		le'ot	as a sign / to a letter / tired (f.pl.)	
לאות		le'ut	fatigue / tiredness	
להקל		lehakel	to relieve / to ease	
תכלת		tkhelet	light blue	
שמירת		shmirat	keeping of / guarding of / protection of	
קבורה		kvura	burial / buried (f.s.)	
פיו		piv	his mouth	
איה		aye	where	
המוני		hamonei	crowd of / plenty of	
האח		ha'akh	the brother / the nurse (m.)	
הסבר		hesber	explanation	
הסבר		hasber	explain (m.s. imperative)	
במידת		bamidat	partly / measure of / size of / to some degree / to the extent that	
בקשה		bakasha	request	
בפומבי		befumbi	in public	
מלווה		melave	escort	
מלווה		malve	creditor	
יונקים		yonkim	mammals	
לעין		le'ayin	for an eye	
לעין		la'ayin	for the eye	
לעצמם		le'atsmam	for themselves	
לזכר		lezekher	in memory of	
לזכר		lezakhar	to/for a male	
לזכר		lazakhar	to/for the male	
להחליף		lehakhlif	to replace / to change / to exchange	
לבתי		lebiti	for my daughter	
ולשם		uleshem	and for / and for the purpose of	
ולשם		velashem	and to/for the name	
ולשם		ulesham	and [to] there	
ואשתו		ve'ishto	and his wife	
שמדובר		shemedubar	that is said / that is spoken / the subject of the conversation / the topic (m.s.)	
שי		shai	present	
שעשה		she'asa	that/who did (m.s.)	
שכנו		shkheno	his neighbor	
שכנו		shakhnu	lived / dwelt (pl.)	
קירות		kirot	walls	
קבועה		kvu'a	constant / fixed / regular / permanent (f.s.)	
פגעה		pag'a	hit / damaged / offended (f.s.)	
איבדה		ibda	lost (f.s.)	
חומצת		khumtsat	[X] acid	
המחבר		hamekhaber	the author / that connects	
הישיבה		hayeshiva	the meeting / the sitting	
התעשייה		hata'asiya	the industry	
הוכרז		hukhraz	was proclaimed / was announced / was declared (m.s.)	
העירוני		ha'ironi	the municipal / the urban (m.s.)	
האישה		ha'isha	the woman / the wife	
הכנת		hakhanat	preparation of	
הגבוהים		hagvohim	the high / the tall (m.s.)	
בדם		bedam	in blood	
בדם		badam	in the blood	
ברשת		bareshet	in the net	
ברשת		bereshat	in a net	
הכף		hakaf	the spoon / the palm	
הגשרים		hagsharim	the bridges	
באנשי		be'anshei	among the people of	
הקורבנות		hakorbanot	the victims	
הציר		hatsir	the axis / the axle / the hinge / the delegate / the sauce / the contraction	
הסיוע		hasiyu'a	the aid / the assistance	
נהנו		nehenu	enjoyed (pl.)	
לעומק		le'omek	to a depth / to a depth of	
לעומק		la'omek	deep / deeply / in depth / thoroughly	
לחזית		lakhazit	to the front	
צפונית		tsfonit	northern / to the north of	
הישג		heseg	achievement	
הפוליטיות		hapolitiyot	the political (f.pl.)	
הפנימית		hapnimit	the internal (f.s.)	
במפלגה		bemiflaga	in a party (political)	
במפלגה		bamiflaga	in the party (political)	
ביבשת		beyabeshet	in a continent	
ביבשת		bayabeshet	in the continent	
סיור		siyur	tour	
ממנהיגי		mimanhigei	of the leaders of	
לתוכנית		letokhnit	to/for a program / to/for a plan	
לתוכנית		latokhnit	to/for the program / to/for the plan	
עשויות		asuyot	might / made (f.pl.)	
הקדושה		hakdosha	the holy (f.s.)	
הבניינים		habinyanim	the buildings	
באיים		ba'iyim	on the islands	
באיים		be'iyim	on islands	
נפגעו		nifge'u	were hit / were damaged / were offended (m.s.)	
מודרניים		moderniyim	modern (m.pl.)	
מנעו		man'u	prevented (pl.)	
לכתר		laketer	[to] the crown	
לכתר		lekhater	to besiege / to surround	
לנצל		lenatsel	to use / to exploit	
היסטורית		historyat	the history of	
האגדה		ha'agada	the fairy tale / the legend	
צדדית		tsdadit	lateral / secondary (f.s.)	
מתפקידו		mitafkido	[it is] his role	
מוסלמי		muslemi	Muslim (m.s.)	
מסורות		masorot	traditions	
לתקופת		letkufat	to/for a period of / to/for the period of / to/for the era of	
שערך		she'arakh	who edited / who arranged / who held (m.s.)	
שערך		she'erekh	that a value / that the value of	
שהחלו		shehekhelu	that/who started (pl.)	
כשנה		keshana	approximately one year	
הסיכון		hasikun	the risk	
הנחה		hanakha	assumption / placement / discount	
רצועת		retsu'at	a strip of	
נגרם		nigram	was/is caused (m.s.)	
מוכר		mukar	known / familiar (m.s.)	
מוכר		mokher	seller / salesman	
ילדות		yeladot	girls	
ילדות		yaldut	childhood	
למפלגה		lemiflagot	to/for parties / to/for the parties of (political)	
למפלגה		lamiflagot	to/for the parties (political)	
לארגון		le'irgun	to/for an organization / to/for the organization of	
לארגון		la'irgun	to/for the organization	
ושימש		veshimesh	and was used for (m.s.)	
וכיום		vekayom	and today / and nowadays	
ובנו		uvno	and his son	
המהגרים		hamehagrim	the immigrants	
הקדיש		hikdish	dedicated / devoted (m.s.)	
הקדיש		hakadish	the Kaddish (Jewish prayer for the dead)	
בתנועת		bitnu'at	in the movement of / in the motion of / in the traffic of	
בוצע		butsa	was performed (m.s.)	
ברובם		berubam	most of them	
מילולי		miluli	verbal / literal	
מתון		matun	moderate / mild / calm (m.s.)	
מעורבות		me'oravut	involvement	
מנגנוני		manganonei	systems of / mechanisms of	
לעלייה		le'aliya	to/for raising / to/for increase / to/for immigration	
לעלייה		la'aliya	to/for the raising / to/for the increase / to/for the immigration	
לכלי		likhli	to an article / to a dish /to a vessel / to a tool	
לכלי		lakli	to the article / to the dish /to the vessel / to the tool	
להפעיל		lehaf'il	to operate / to activate	
ומוסדות		umosadot	and institutes	
שמקורה		shemekora	that originated from (f.s.)	
קברו		kavru	buried (pl.)	
קברו		kivro	his grave	
פרויקט		proyekt	project	
איור		iyur	illustration	
אינדיאנים		indiyanim	Indians	
העוסקת		ha'oseket	that/who deals / that/who engages / work (f.s.)	
ההבדל		hahevdel	the difference	
בחירה		bkhira	selection / choice	
בחוק		bekhok	by law	
בחוק		bakhok	according to the law / in the law	
בחריפות		bekharifut	sharply / severely /	
סיירת		sayeret	cruiser	
הזיהוי		hazihui	the identification	
יהודיות		yehudiyot	Jewish (adj.) (f.pl.)	
יציאה		yetsi'a	exit	
המוסדות		hamosdot	the institutes	
ישיבת		yeshivat	meeting of	
ליהדות		layahadut	[to] Judaism	
עפר		afar	earth / soil / dust	
עפר		ofer	young deer	
מצוות		mitsvot	commandment / good deed / mitzvah	
הקיימת		hakayemet	that exists (f.s.)	
מקובלת		mekubelet	accepted / conventional (f.s.)	
מרכזיים		merkaziyim	central (m.pl)	
כיהן		kihen	served as / held office	
הוכחה		hokhakha	proof / evidence	
הוכחה		hukhekha	was proven (f.s.)	
הוספת		hosafat	addition of	
השפעתו		hashpa'ato	his effect / his influence	
משאבים		mash'abim	resources	
מסעותיו		mas'otav	his journeys	
לאלו		le'elu	to/for these	
והגיע		vehegi'a	and arrived (m.s.)	
הגותו		haguto	his meditation / his cogitation	
היהדות		hayahadut	Judaism	
במילה		bemila	in a word / [in] circumcision	
במילה		bamila	in the word / / [in] the circumcision	
מתקיימים		mitkaymim	held / carried out / maintained / survive (m.pl.)	
שאנו		she'anu	when we	
התחייה		hatkhiya	the resurrection / the renaissance / the regeneration	
בעידן		be'idan	in the era	
תרכובת		tirkovet	compound / composition	
חלבון		khelbon	protein	
ההחלפה		hahakhlafa	the change / the replacement	
קרח		kerakh	ice	
האיים		ha'iyim	the islands	
לזלול		lizlol	to overeat / to eat greedily	
שלכם		shelakhem	yours (m.pl.)	
שולחן		shulkhan	table / desk	
שכחתי		shakhakhti	I forgot	
שכבתי		shakhavti	I lay down	
זכרוני		zikhroni	my memory	
הכלניות		hakalaniyot	the windflowers	
הצדה		hatsida	to the side	
הצדה		hatsada	who hunts (f.s.)	
רוחי		rukhi	my spirit	
קראתי		karati	I read / I called	
חשבתי		khashavti	I thought	
אדון		adon	Sir, mister	
כבודו		kvodo	his honor / his glory / his respect / his dignity	
הירוקה		hayeruka	the green (f.s.)	
בך		bekha	in you (m.s.)	
בך		bakh	in you (f.s.)	
בתוכי		betokhi	in me / inside me	
בשבילך		bishvilkha	for you (m.s.)	
בשבילך		bishvilekh	for you (f.s.)	
בריות		briyot	creatures / people	
אחריה		akhareha	after her	
חסד		khesed	charity / kindness / mercy	
הטילה		hetila	cast / threw / projected / laid eggs (f.s.)	
לבלי		livli	without	
עכבישים		akhvishim	spiders	
רם		ram	high / tall	
לאחור		le'akhor	backward / to the back	
ההוא		hahu	that one (m.)	
רושם		roshem	impression	
רושם		roshem	writes / takes notes (m.s.)	
מכירה		mekira	knows / recognizes (f.s.)	
מרחוק		merakhok	from far	
ממה		mima	what from / from what	
יבש		yavesh	dry	
לפתע		lefeta	suddenly	
קר		kar	cold	
אייר		iyer	drew / illustrated (m.s.)	
אצלו		etslo	in his possession / at his place / near him	
החדרים		hakhadarim	the rooms	
דק		dak	thin (m.s.)	
בוא		bo	come (m.s. imperative)	
בקרוב		bekarov	soon	
צעירה		tse'ira	young (f.s.)	
ממילא		mimeyla	anyway / in any case	
מלאים		mele'im	full / complete (m.pl.)	
מאמינים		ma'aminim	believe / believers (m.pl.)	
לחייו		lekhayav	to/for his life	
להביע		lehabi'a	to express	
ולכל		ulkhol	and to all	
התשובה		hatshuva	the answer / the reply / the return / the repentance	
הקדמונים		hakadmonim	the prehistoric / the ancient / the primitive (m.pl.)	
הסערה		hase'ara	the storm	
דלת		delet	door	
ומראה		umar'e	and a sight / and a view / and an appearance / and shows (m.s.)	
ומראה		umar'a	ans shows (f.s.) / and a mirror	
חזרו		khazru	returned / repeated (pl.)	
אסירים		asirim	prisoners	
הלבנים		halevanim	he white (m.pl.)	
הלבנים		halvenim	the bricks	
גרוע		garu'a	bad (m.s.)	
בקיצור		bekitsur	in short	
בקרקע		bekarka	in a soil / in a ground / in a land	
בקרקע		kakarka	in the soil / in the ground / in the land	
בכירים		bkhirim	seniors	
בבני		bevanai	of my sons	
בבני		bivni	in my son	
ידם		yadam	their hand	
שיוכל		sheyukhal	that he will be able	
שוות		shavot	equal /returning (f.pl.)	
פשוטה		pshuta	simple (f.s.)	
אומרים		omrim	say (m.pl.)	
חשיפת		khasifat	exposure of	
היצור		hayetsur	the creature	
העור		ha'or	the skin	
החדשות		hakhadashot	the new (f.pl.) / the news	
הגעת		haga'at	the arrival of	
הגעת		higata	you arrived (m.s.)	
הגעת		higaat	you arrived (f.s.)	
הצעה		hatsa'a	proposal / suggestion / offer	
הנקבות		hanekevot	the females	
הנקבות		hanikbot	the tunnels	
בשאר		bash'ar	in the rest	
בשאר		bish'ar	in the rest of	
סיכון		sikun	risk	
ניסתה		nista	tried (f.s.)	
מיליוני		milyonei	millions of	
מתאימים		mat'imim	suitable / appropriate / applicable / identical (m.pl.)	
מקרי		mikri	accidental / random / by chance	
מפנה		mefane	evacuates	
מפנה		mifne	turn / change	
מראות		mar'ot	views / show (f.pl.) / mirrors	
מסגרת		misgeret	frame / framework	
ידיעות		yedi'ot	news / knowledge	
יסודי		yesodi	elementary / fundamental / thorough	
למשפחת		lemishpakhat	to/for the [name] family  / to/for the family of	
לידיו		leyadav	to him / into his hands	
לתושבים		letoshavim	to/for residents	
לתושבים		latoshavim	to/for the residents	
להתפתח		lehitpate'akh	to develop	
להשפיע		lehashpi'a	to effect / to influence	
לבקר		levaker	to visit / to criticize	
לנושא		lenose	to a subject/ to the subject of	
לנושא		lanose	to the subject	
לנוכח		lenokhakh	in light of	
תורם		torem	donates / contributes / donor (m.s.)	
תשלום		tashlum	payment	
תפילה		tfila	prayer	
וכמעט		vekhim'at	and almost	
והביא		vehevi	and brought (m.s.)	
שלטו		shaltu	ruled / controlled (pl.)	
שופט		shofet	judge	
פעולתו		pe'ulato	his action / his operation	
עמודים		amudim	pages / pillars	
עצמאיים		atsma'iyim	independent (m.pl.)	
אלימות		alimut	violence	
חופשית		khofshit	free (f.s.)	
אריה		arye	lion	
המאפשר		hame'afsher	that enables / that facilitates (m.s.)	
המצודה		hametsuda	the fortress / the castle	
הירח		hayare'akh	the moon	
התותחים		hatotakhim	the cannons	
הופעתו		hofa'ato	his appearance	
הודיעו		hodi'u	informed (pl.)	
הודיעו		hashlita	the control	
הקרח		hakerakh	the ice	
האוצר		ha'otsar	the treasure	
החזקה		hakhazaka	the strong (f.s.)	
החזקה		hakhzaka	holding / keeping / maintenance	
האדומים		ha'adumim	the red (m.pl.)	
הדתית		hadatit	the religious (f.s.)	
הרבות		harabot	the many (f.pl.)	
הציב		hetsiv	placed / posted (m.s.)	
הנודע		hanoda	the famous / the known	
הנקודות		hanekudot	the points / the dots	
הנבחרים		hanivkharim	the elected / the selected (m.pl.)	
גלי		galei	waves of	
גלי		gali	discover / disclose (f.s. imperative) / in a wave form	
במדיניות		bimdiniyut	[in] a policy	
במדיניות		bamediniyut	[in] the policy	
בענפי		be'anfei	[in] the branches of / in the fields of	
טבעו		tiv'o	his nature	
טבעו		tav'u	drowned (pl.)	
צליל		tslil	sound	
נובע		nove'a	stems from / derived from / spouts (m.s.)	
נכונות		nekhonot	correct / ready (f.pl.)	
נכונות		nekhonut	readiness / willingness	
נס		nes	miracle	
עבדות		avdut	slavery	
המבצרים		hamivtsarim	the forts	
התגבורת		hatigboret	the reinforcement / the contingent	
הדייל		hadayal	the steward	
פרשים		parashim	riders (horse) / cavaliers	
אווירית		avirit	aero- / aerial (f.s.)	
האבירים		ha'abirim	the knights	
כבדות		kvedut	heaviness	
כבדות		kvedot	heavy (f.pl.)	
גרילה		gerila	guerrilla	
התקווה		hatikva	the hope / Hatikva (the anthem of Israel)	
השאיר		hish'ir	left (m.s.)	
בשלטון		bashilton	in power	
בשלטון		beshilton	under the rule of	
הדרומיים		hadromiyim	the southern (m.pl.)	
במתקפה		bemitkafa	in/under an attack	
במתקפה		bamitkafa	in/under the attack	
יומיים		yomayim	two days	
לצפון		latsafon	to the north	
לצפון		litsfon	to the north of	
שלמות		shlemut	perfection / integrity	
שאנשי		she'anshei	that the people of	
הפרשים		hefreshim	differences	
הפרשים		haparashim	the riders (horse) / the cavaliers	
הכלכלה		hakalkala	the economy	
ההוצאה		hahotsa'a	the removal / the expense / the edition / the publishing house	
בשורת		besorat	news of	
בשורת		beshurat	in the line of	
למלחמת		lemilkhemet	to the war of	
אזרחית		ezrakhit	citizen / civil (f.s.)	
הורשו		hurshu	were allowed [to]	
החיצונית		hakhitsonit	the external / the outer (f.s.)	
הצו		hatsav	the order	
מדיני		medini	political (m.s.)	
לפעולה		lif'ula	for action / for operation	
לפעולה		lape'ula	to/for the action / to/for the operation	
לבסס		levases	to establish / to base	
ואלו		ve'elu	and these	
המנהיג		hamanhig	the leader	
גשרים		gsharim	bridges	
מאלו		me'elu	from these	
לתפוס		litpos	to catch / to capture / to grasp / to seize / to perceive	
לשחרור		lashikhrur	to/for the liberation / to/for the release	
תוקף		tokef	attacks / attacker (m.s.)	
תוקף		tokef	validity	
פנימי		pnimi	internal (m.s.)	
חרף		kheref	despite	
כמפקד		kimfaked	as a commander / as the commander of	
הוצא		hutsa	was spent / was taken out / was removed (m.s.)	
הכלכלית		hakalkalit	the economic (f.s.)	
הצפוניים		hatsfoniyim	the northern (m.pl.)	
הסחר		hasakhar	the trade	
בל		bal	not / do not	
נוחה		nokha	comfortable (f.s.)	
נוצרי		notsri	Christian (m.s.)	
נקט		nakat	took (action / step) (m.s.)	
ממספר		memasper	numbers (v.) (m.s.) / numerator	
ממספר		mimispar	from the number / from a number	
מעיד		me'id	testifies	
להתאים		lehat'im	to fit / to match / to suit	
תומכים		tomkhim	supporters	
וביניהם		uveynehem	and between them	
חריפה		kharifa	hot / severe (f.s.)	
היבשת		hayabeshet	the continent	
דגש		dagesh	stress / emphasis	
באורך		be'orekh	at a length of	
נוספו		nosfu	were added	
נטייה		netiya	inclination / tendency / tilt	
מחתרת		makhteret	underground	
לביקורת		lebikoret	to/for criticism / to/for inspection	
לביקורת		labikoret	to/for the criticism / to/for the inspection	
תערובת		ta'arovet	mix	
שרף		saraf	burned (m.s.) / resin / angel	
אמירה		amira	saying (n.)	
אלמוגי		almogei	the corals of	
המבוססת		hamevuseset	that is based / the well established / the well based (f.s.)	
המסחרי		hamiskhari	the commercial	
היישובים		hayeshuvim	the settlements	
הלהב		halahav	the blade	
הוצגה		hutsga	was introduced / was displayed / was presented / was exhibited (f.s.)	
הקרובה		hakrova	the close / the relative (f.s.)	
הענקים		ha'anakim	the giant (adj.) / the giants (n.) / the necklaces	
האומה		ha'uma	the nation	
הכוונה		hakavana	the intention / the meaning	
הכוונה		hakhvana	guidance / direction	
ההנהגה		hahanhaga	the leadership	
הבסיסית		habsisit	the basic (f.s.)	
הנהלת		hanhalat	the management of	
באסלאם		ba'islam	in the Islam	
בנפרד		benifrad	separately	
קלעי		kala'i	marksman	
ההבלגה		hahavlaga	the restraint	
אחוזת		akhuzat	mansion of / estate of / possessed by / stricken by (f.s.)	
קרבית		kravit	combat (adj.) (f.s.)	
לאומית		le'umit	national (f.s.)	
תיבות		teyvot	boxes / cases / arks	
תלמידי		talmidei	students of	
עדות		edut	evidence / testimony	
שאותם		she'otam	whom / that the same (m.pl.)	
שאחד		she'ekhad	that one	
אחוזי		akhuzei	percentage of / possessed by / stricken by (m.pl.)	
הייחודי		ha'ykhudi	the unique	
מוצגים		mutsagim	are introduced / are displayed / are presented / are exhibited / exhibits (m.pl.)	
לחזות		lakhazot	to watch / to predict	
המנוע		hamano'a	the engine	
הוויכוח		haviku'akh	the argument / the dispute	
הקיים		hakayam	that exists (m.s.)	
מורכבות		murkavut	complexity	
מורכבות		murkavot	complex / composed of (f.pl.)	
תסיסה		tsisa	fermentation / unrest	
קשריו		ksharav	his/its ties / his/its bonds / his/its links  / his/its connections	
עולמי		olami	my world / global / universal (m.s.)	
אלוהי		elohei	the god of	
אלוהי		elohai	my god	
הצופה		hatsofe	the scout / the ranger / the observer / the spectator / that/who observes / that/who watches (m.s.)	
הצופה		hatsofa	the scout / the ranger / the observer / the spectator / that/who observes / that/who watches (f.s.)	
הקלפי		hakalpi	the poll / the polling booth	
ביוגרפיה		biyografya	biography	
סימון		simun	marking	
למחקר		lemekhkar	for research / for a study	
למחקר		lamekhkar	for the research / for the study	
תמונת		tmunat	picture of	
צולם		tsulam	was photographed	
אופקים		ofakim	horizons / knowledge	
ההגייה		hahagiya	the pronunciation	
נמרוד		nimrod	we will rebel	
להקת		lahakat	band of	
לביקורות		lebikorot	to/for criticism / to/for inspections	
לביקורות		labikorot	to/for the criticism / to/for the inspections	
מתמטית		matematit	mathematical (f.s.)	
חיוביות		khiyuviyot	positive (f.pl.)	
אקולוגיה		ha'ekologya	ecology	
בסיבוב		besivuv	in a rotation / in a revolution	
בסיבוב		basivuv	in the rotation / in the revolution	
השאול		hasha'ul	the borrowed	
השאול		hash'ol	hell	
הסיוף		hasiyuf	the fencing	
גדילה		gdila	growth	
הנפוצים		hanefotsim	the common (m.pl.)	
הפחמן		hapakhman	the carbon	
קרחונים		karkhonim	icebergs	
ממך		mimkha	from you (m.s.)	
ממך		mimekh	from you (f.s.)	
מודה		mode	thanks / confesses (m.s.)	
מודה		moda	thanks / confesses (f.s.)	
עשיתי		asiti	I did	
שכב		shakhav	lay down (m.s.)	
ההשגחה		hahashgakha	the supervision / Providence	
המעצר		hama'atsar	the arrest	
למראה		lemar'e	at a sight / at the sight of	
למראה		lamar'e	at/to the sight	
למראה		lemar'a	to a mirror / at her sight	
למראה		lamar'a	to the mirror	
ליער		leya'ar	to a forest	
ליער		laya'ar	to the forest	
שאי		she'i	that an island / that is not	
מהו		mahu	what is	
לדאוג		lid'og	to worry	
ובכלל		uvikhlal	and in general	
הנפט		haneft	the kerosene / the oil	
מעניין		me'anyen	interesting	
מענה		ma'ane	answer / reply	
מענה		me'ane	tortures / torments (m.s.)	
להניע		lehani'a	to move	
שאלו		sha'alu	asked / borrowed (pl.)	
אוהב		ohev	loves (m.s.)	
המועד		hamo'ed	the time / the holiday	
המועד		hamu'ad	that is prone to (m.s.)	
בבכי		bivkhi	tearfully	
מלוא		melo	fullness / to a full / full	
מתושבי		mitoshvei	from the residents of	
לחדר		lakheder	to the room	
להפסקת		lehafsakat	to/for the break of / to/for the intermission of	
ודרך		vederekh	and through / and via / and way / and road	
ודרך		vedarakh	and stepped [on] (m.s.)	
אמון		emun	trust	
אמון		imun	training / practice	
זר		zar	foreign / stranger	
חצות		khatsot	midnight	
החזיר		hekhzir	returned / gave back	
הגוזלים		hagozalim	the nestlings	
הגוזלים		hagozlim	that are robbing	
הניח		heni'akh	assumed / placed (m.s.)	
גב		gav	back	
צומחים		tsomkhim	grow (m.pl.)	
סר		sar	moved away / dropped in / was removed / sullen (m.s.)	
נוהג		noheg	drives / uses to (m.s.)	
נוהג		nohag	custom	
מלאכה		melakha	work / craft	
משל		mishel	of / belongs to	
משל		mashal	proverb / allegory / example	
משאר		mish'ar	from the rest	
מקורו		mekoro	its source / his/its origin (m.s.)	
מקורו		makoro	its beak	
מאמרים		ma'amarim	articles	
ישנו		yeshno	there is (m.s.)	
וראה		vera'a	and saw (m.s.)	
שד		shed	devil	
שד		shad	breast	
פרשה		parasha	affair / chapter / portion	
פרשה		parsha	retired (f.s.)	
אוטומטי		otomati	automatic	
חשובות		khashuvot	important (f.pl.)	
חריף		kharif	hot / severe (m.s.)	
התרשם		hitrashem	was impressed / got the impression	
ההפרדה		hahafrada	the separation	
הרעיונות		hara'ayonot	the ideas	
הצמח		hatsemakh	the plant	
גישור		gishur	bridging	
במוח		bemo'akh	in a brain	
במוח		bamo'akh	in the brain	
ביקורות		bikorot	criticism / inspections	
בלוח		belu'akh	on a board	
בלוח		balu'akh	on the board	
בכדור		bekadur	with a ball / in a pill	
בכדור		bakadur	with the ball / in the pill	
רופא		rofe	physician	
צפויה		tsfuya	expected / anticipated (f.s.)	
סחורות		skhorot	goods / merchandise	
מוביל		movil	leader / transporter / currier (m.s.)	
מוצלחת		mutslakhat	successful (m.s.)	
משקה		mashke	drink	
יגאל		yig'al	will redeem (m.s.)	
למדינות		limdinot	to states	
למדינות		lamedinot	to the states	
לשתף		leshatef	to share / to let join / to let participate	
לפועל		lapo'el	to/for the worker	
לפועל		lafo'al	into action	
לעומתם		le'umatam	compared with them / against them / opposite them (m.)	
לכוח		leko'akh	to power / to force / to strength	
לכוח		lako'akh	to the power / to the force / to the strength	
להצטרף		lehitstaref	to join	
לדיון		lediyun	for discussion	
לדיון		ladiyun	to/for the discussion	
ויכוח		viku'akh	argument / dispute	
ועליו		ve'alav	and on him/it / and about him/it	
שלמים		shlemim	whole / complete (m.pl.)	
שהתקיימה		shehitkayma	that was held / that existed / that survived (f.s.)	
שרידים		sridim	remnants / survivors	
שנשא		shenasa	that/who carried / who married (m.s.)	
עזבו		azvu	left (pl.)	
עבדים		avadim	slaves	
איתן		itan	with them (f.)	
איתן		eitan	strong / firm	
אחריהם		akharehem	after them (m.)	
אבות		avot	fathers / ancestors / Avot	
כוכבי		kokhvei	stars of	
כשהיה		keshehaya	when there was	
התמונה		hatmuna	the picture / the photo	
התייחסו		hityakhasu	treated / referred to / applied (pl.)	
הושלמה		hushlema	was completed (f.s.)	
השופטים		hashoftim	the judges	
הפיק		hefik	produced	
הערכות		ha'arakhot	assessments / estimations / appreciations / credits	
האזרחית		ha'ezrakhit	the citizen / the civil (f.s.)	
הכוללים		hakolelim	that include (m.pl.)	
הבניה		habniya	the building (n.)	
גנים		ganim	gardens / kindergartens	
גנים		genim	genes	
במכתב		bemikhtav	in a letter	
במכתב		bamikhtav	in the letter	
באוניברסיטה		ba'universita	at/in the university	
באוניברסיטה		be'universita	at/in a university	
בגודלה		begodla	[in her] size	
צורתו		tsurato	its shape / its form	
נמנה		nimna	is included [in] / was counted (m.s.)	
נכנע		nikhna	surrendered (m.s.)	
המחלוקת		hamakhloket	the dispute	
העקורים		ha'akurim	the uprooted / the displaced (m.pl.)	
העימות		ha'imut	the conflict	
הנגד		haneged	the opposition	
הנגד		hanagad	the resistor / the non commissioned officer	
לוחמת		lokhemet	warrior (f.s.)	
חציית		khatsiyat	crossing of	
המאמץ		hama'amats	the effort	
השושלת		hashoshelet	the dynasty	
החודשים		hakhodashim	the months	
משמעותיים		mashma'utiyim	significant (m.pl.)	
לוחמה		lokhama	warfare	
תקפו		takfu	attacked (pl.)	
קרויה		kruya	is called (f.s.)	
מכרעת		makhra'at	decisive / crucial (f.s.)	
למחנה		lemakhane	to/for a camp / to/for a group	
למחנה		lamakhane	to/for the camp / to/for the group	
לביצוע		lebitsu'a	to the performance of / to the execution of / to be performed	
ונשים		ve'nashim	and women	
שיט		shayit	cruise	
שהוציא		shehotsi	that took out / that removed / that spent / that published (m.s.)	
הזדמנות		hizdamnut	opportunity	
גורלו		goralo	his fate	
גברה		gavra	overcame / defeated (f.s.)	
בשפת		bisfat	in the language of / on the edge of	
בפגישה		bepgisha	at/in a meeting	
בפגישה		bapgisha	at/in the meeting	
ניכרים		nikarim	obvious / evident (m.pl.)	
משפטית		mishpatit	judicial / statutory / forensic	
מקביל		makbil	parallel (m.s.)	
למניעת		lemeni'at	for the prevention of	
חמוש		khamush	armed (m.s.)	
ארגונים		irgunim	organizations	
כוונה		kavana	intention / meaning	
המזכירים		hamazkirim	that remind (m.pl.) / the secretaries (m.)	
ההמונים		hahamonim	the crowd / the many	
הגיב		hegiv	responded	
הגרעין		hagar'in	the grain / the nucleus	
דורש		doresh	demands / requires (m.s.)	
גדות		gadot	banks / shores	
ניצחונו		nitskhunu	we won	
משולש		meshulash	triangle	
תיקון		tikun	correction / repair	
פופולרי		populari	popular (m.s.)	
עז		ez	goat	
חוקיות		khukiyot	legal (f.pl.)	
חודשי		khodshi	monthly	
חודשי		khodshei	the months of	
כאמצעי		ke'emtsa'i	as means	
כאמצעי		ke'emtsa'ei	as means of	
כבסיס		kevasis	as a basis	
כבסיס		kabasis	as the basis	
הלימודים		halimudim	the studies	
הפעלת		haf'alat	operation of / activation of	
האפיפיור		ha'apifyor	the Pope	
הרווחת		hirvakhta	you earned / you gained (m.s.)	
הרווחת		hirvakht	you earned / you gained (f.s.)	
בהכרח		behekhrakh	necessarily	
בנשים		banashim	among the women	
בנשים		benashim	among women	
טכנולוגיות		tekhnologyot	technologies	
ממקור		mimakor	from a source / from an origin	
מתמטיים		matematiyim	mathematical (m.pl.)	
מתרחש		mitrakhesh	happening (m.s.)	
מועמד		mu'amad	applicant / candidate / nominee (m.s.)	
משורר		meshorer	poet	
מעשית		ma'asit	practical (f.s.)	
מערבי		ma'aravi	western (m.s.)	
מזרחי		mizrakhi	eastern (m.s.)	
מדרגת		madregat	stair of	
מדרגת		midargat	from a degree of / from a level of / from a rank of	
מרכזית		merkazit	central (f.s.)	
למזרח		lamizrakh	to the east	
לשימור		leshimur	for conservation	
לשתות		lishtot	to drink	
לקבוצות		lekvutsot	to/for groups	
לקבוצות		lakvutsot	to/for the groups	
לערך		le'erekh	approximately / around / roughly / to a value	
לדמוקרטיה		ledemokratya	to/for a democracy	
לדמוקרטיה		lademokratya	to/for democracy	
ונחשב		venekhshav	and is considered	
ונחשב		venekhashev	and we will calculate	
שטרות		shtarot	bills	
שנבנו		shenivnu	that were built	
קשור		kashur	tied / linked / connected (m.s.)	
קדוש		kadosh	holy	
פולחן		pulkhan	rite / ritual / sacramental	
כינוי		kinui	nickname	
כריתת		kritat	cutting down of / amputation of	
המרחב		hamerkhav	the space	
התרבותי		hatarbuti	the civilized / the cultural / the cultivated	
השוואה		hashva'a	comparison	
השגרירות		hashagrirut	the embassy	
הפופולריות		hapopulariyut	the popularity	
הפופולריות		hapopulariyot	the popular (f.pl.)	
הזיכרון		hazikaron	the memory	
הצומח		hatsome'akh	that grows / the flora	
במרבית		bemarbit	in most of	
בורות		borot	holes / pits	
בורות		burut	ignorance	
בשירות		basherut	in the service	
בשירות		besherut	in a service / in/at the service of	
בעיית		be'ayat	the problem of	
רישומים		rishumim	records / sketches	
נפרדים		nifradim	separated / individual (m.pl.)	
ביהודי		beyehudei	among the Jews of	
לנחל		lenakhal	to a stream	
לנחל		lanakhal	to the stream	
סמלים		smalim	symbols	
סמלים		samalim	sergeants	
עיתון		iton	newspaper	
ראייה		re'iya	sight / eye sight / vision / seeing	
המסמך		hamismakh	the document	
תלמידים		talmidim	students	
רכישת		rekhishat	acquisition of / purchase of	
הבאר		ha'be'er	the well	
בשנותיו		bishnotav	in/at his years	
וכיצד		vekeytsad	and how	
שיקום		shikum	rehabilitation / reconstruction	
זנב		zanav	tail	
מסלולים		maslulim	courses / paths / tracks	
ושיטות		veshitot	and methods	
פרישתו		prishato	his retirement	
אימוני		imunei	training of / practice of	
חילוף		khiluf	change / exchange	
כמעין		keme'ein	like	
היין		hayayin	the wine	
הושפע		hushpa	was influenced / was affected	
הצופים		hatsofim	the scouts / the rangers / the observers / the spectators / that/who observe / that/who watch (m.pl.)	
נולדה		nolda	was born (f.s.)	
נחש		nakhash	snake	
העבודות		ha'avodot	the works / the jobs	
פילוסופים		filosofim	philosophers	
ביכולתו		biykholto	he is able [to] / within his power	
אבולוציה		evolutsia	evolution	
השייכות		hashayakhut	the relevance / the relation / the ownership	
השייכות		hashayakhot	that/who belong (f.pl.)	
בילה		bila	had fun / spent time (m.s.)	
בתערוכה		beta'arukha	in a show / in an exhibition	
בתערוכה		bata'arukha	in the show / in the exhibition	
המכירות		hamekhirot	the sales	
מתמטי		matemati	mathematical (m.s.)	
הרפואה		harefu'a	the medicine	
פסלי		pislei	statues of / sculptures of	
מינית		minit	sexual / sexually / you appointed (f.s.)	
מינית		minita	you appointed (m.s.)	
בסרטן		besartan	[in] a crab / [in] cancer	
בסרטן		basartan	[in] the crab / [in] the cancer	
לאלים		la'elim	to/for the gods	
לאלים		le'elim	to/for gods	
לאלים		la'alim	to/for the violent	
לאלים		le'alim	to/for a violent	
המדידה		hamedida	the measurement / the measuring	
הביולוגי		habiyologi	the biological	
רקמות		rekamot	tissues	
רקמות		rikmot	embroideries	
הגנטי		hageneti	the genetic (m.s.)	
חרקים		kharakim	insects	
הארוחה		ha'arukha	the meal	
הבישול		habishul	the cooking	
מחשבות		makhshavot	thoughts	
ואמנם		ve'omnam	and indeed	
ואביט		ve'abit	and I will look	
קיבה		keyva	stomach	
עף		af	flew (m.s.)	
עט		et	pen	
עט		at	swooped down	
אתכם		itkhem	with you (m.pl.)	
אתכם		etkhem	you (m.pl.)	
המלוה		hamlave	the escort	
המלוה		hamalve	the creditor	
המחרת		hamokhorat	the next day	
העופרת		ha'oferet	the lead	
החלותי		hakhiloti	I started	
ביציע		beyatsi'a	in a gallery / in a wing	
ביציע		bayatsi'a	in the gallery / in the wing	
רטן		ratan	grumbled / complained (m.s.)	
צחקו		tsakhaku	laughed (pl.)	
צרצר		tsratsar	cricket	
במחשבות		bemakhshavot	in thoughts	
במחשבות		bamakhshavot	in the thoughts	
בחוץ		bakhuts	outside	
רגעים		rega'im	moments	
מצבי		matsavi	my state / my situation	
קרבי		kravi	combat (adj.) (m.s.)	
כדאי		kedai	worthwhile	
כדאי		keda'i	it is worthwhile	
הכרטיסים		hakartisim	the tickets	
יכולתי		yekholti	my ability / my capability	
יכולתי		yakholti	I could	
עמל		amal	work / suffering / worked hard	
עמל		amel	worker / works hard	
עמל		imi	my mother	
חשבו		khashvu	thought (pl.)	
מכירים		mekirim	know / recognize (m.pl.)	
פרסומת		pirsomet	advertisement / commercials	
השניה		hashniya	the second / the other	
הדלתות		hadlatot	the doors	
גופי		gufi	my body	
גור		gur	cub / puppy	
ברעב		bera'av	in hunger	
מלמעלה		milemala	from above	
מזמן		mizman	long time ago	
מאליו		me'elav	by itself	
הביצה		habeytsa	the egg	
הביצה		habitsa	the swamp	
באין		be'ein	without	
משלי		misheli	of mine	
משלי		mishlei	proverbs of / Book of proverbs	
מחירי		mekhirei	prices of	
מאלה		me'ele	from these	
מכוסה		mekhuse	covered (m.s.)	
לענות		la'anot	to answer	
לענות		le'anot	to torture / to torment	
לביתו		leveito	to/for his home	
לסיים		lesayem	to finish	
הקרובים		hakrovim	the close / the relatives (m.pl.)	
ההשקעה		hahashka'a	the investment	
מכירת		mekhirat	sale of	
מסייע		mesaye'a	assists / helps (m.s.)	
מסביר		masbir	explains (m.s.)	
תכופות		tkhufot	frequently	
שבכל		shebekhol	that in all	
חשד		khashad	suspected (m.s.) / suspicion	
המאכלים		ha'ma'akhalim	the food / the dishes	
העולה		ha'ole	the rising / the climbing / the immigrant (m.s.)	
העולה		ha'ola	the rising / the climbing / the immigrant (f.s.)	
ממוגן		memugan	protected / shielded (m.s.)	
מסך		masakh	screen / display / curtain	
יק		yak	yak	
ידו		yado	his hand	
לפרלמנט		leparlament	to/for a parliament	
לפרלמנט		laparlament	to/for the parliament	
לרוח		laru'akh	to the wind / to/for the spirit	
לרוח		leru'akh	to a wind / to/for a spirit	
תחושה		tkhusha	feeling / sensation	
שכבה		shakhva	lay down (f.s.)	
שכבה		shikhva	layer	
שבתוך		shebetokh	that is inside	
עמדתו		emdato	his position	
עשיר		ashir	rich (m.s.)	
אגדה		agada	fairy tale / legend	
המלאכה		hamelakha	the work / the craft	
המוצא		hamotsa	the way out / the origin	
השלבים		hashlabim	the stages / the phases / the rungs	
הרוחות		harukhot	the winds	
הרבנים		harabanim	the rabbis	
במגרש		bemigrash	in a field / in a yard	
במגרש		bamigrash	in the field / in the yard	
בתוקף		betokef	valid / firmly / assertively	
בשער		basha'ar	at the gate	
בשער		besha'ar	at the gate of	
בעין		be'ayin	in/with an eye	
בעין		ba'ayin	in/with the eye	
ריצת		ritsat	run of	
סגורה		sgura	closed (f.s.)	
משתנים		mishtanim	variables / vary / change (m.pl.)	
מעריכים		ma'arikhim	estimate / value / appreciate (m.pl.)	
מחסה		makhase	shelter	
למסקנה		lemaskana	to a conclusion	
למסקנה		lamaskana	to the conclusion	
לקום		lakum	to stand up / to wake up	
לקדם		lekadem	to promote / to welcome	
לבטל		levatel	to cancel	
לסדרת		lesidrat	to a series of / to the series of	
ובמשך		uvemeshekh	and during	
ובשל		ubeshel	and because of	
ובשל		ubashel	and ripe	
ובשל		vebishel	and cooked (m.s.)	
עטיפת		atifat	wrapping of	
אמיתית		amitit	real (f.s.)	
איטי		iti	slow	
חלום		khalom	dream	
חוקרי		khokrei	investigators of / researchers of	
חוקר		khoker	investigator / researcher / investigates / researches / inquires (m.s.)	
אחיה		akhiha	her brother	
אחוזים		akhuzim	percentage / possessed / stricken (m.pl.)	
כשלון		kishalon	failure	
כשר		kasher	kosher	
ככלי		kikhli	as an article	
ככלי		kikhlei	as articles / as the articles of	
כהונתו		kehunato	his cadence / his tenure	
המודעות		hamoda'ot	the notices / the ads	
המודעות		hamuda'ut	the awareness	
המודעות		hamuda'ot	that are aware (f.pl.)	
המגן		hamagen	the defender / the shield	
היציאה		hayetsi'a	the exit	
השוטרים		hashotrim	the policemen	
הפינוי		hapinui	the eviction / the evacuation	
הפסידה		hifsida	lost (f.s.)	
החליפה		hekhlifa	changed / replaced (f.s.)	
ההוראה		hahora'a	the order / the instruction	
הבולט		habolet	the protruding / that/who stands out (m.s.)	
הבכיר		habakhir	the senior	
דווח		duvakh	was reported	
דווח		davakh	report (m.s. imperative)	
במרחב		bamerkhav	in space	
במרחב		bemerkhav	in a space / in the space of	
בתחתית		betakhtit	at the bottom of	
בתחתית		batakhtit	at the bottom / in the subway	
בעומק		be'omek	at a depth of	
בעומק		ba'omek	deep / at the depth	
בהתנגדות		behitnagdut	[in] a resistance / [in] an objection	
בהתנגדות		bahitnagdut	[in] the resistance / [in] the objection	
בהוצאת		behotsa'at	[in] an expense / in a removal / in an edition / published by	
בדעה		bede'a	holds the opinion / in [clear] mind	
ספריו		sfarav	his books	
נמלטו		nimletu	escaped (pl.)	
נועד		no'ad	intended for / destined for / conferred (m.s.)	
נעורים		ne'urim	youth	
נטו		neto	net (weight, wages)	
נטו		natu	they were inclined / they tended to / they were tilted	
משוריינות		meshuryanot	shielded / armored / secured / iron-bound (f.pl.)	
ארטילריה		artilerya	artillery	
הקונפדרציה		hakonfederatsya	the confederation	
האספקה		ha'aspaka	the supply	
מפציצים		maftsitsim	bombers / bomb (m.s.)	
קיסרי		keysari	caesarian	
בצי		betsi	in a navy / in an armada	
בצי		batsi	in the navy / in the armada	
להתקיף		lehatkif	to attack	
המזוינת		hamezuyenet	the armed (f.s.)	
פקידים		pkidim	clerks / officials	
פקודת		pkudat	order of	
פצועים		ptsu'im	injured (m.pl.)	
משטרו		mishtaro	his regime / his reign	
בכוחות		bekokhot	with powers / with forces	
להוות		lehavot	to be / to constitute	
שקדמו		shekadmu	that/who preceded (pl.)	
שנמצאו		shenimtse'u	that/who were found / that/who were [at]	
עצמאיות		atsma'iyot	independent (f.pl.)	
אצילים		atsilim	aristocrats / noble (m.pl.)	
העבירו		he'eviru	passed / transferred (pl.)	
ההנחה		hahanakha	the assumption / the discount	
במושבות		bemoshavot	in villages / in colonies	
במושבות		bamoshavot	in the villages / in the colonies	
בהתקפה		behatkafa	in/under an attack	
בהתקפה		bahatkafa	in/under the attack	
מילימטרים		milimetrim	millimeters	
להשמיד		lehashmid	to destroy	
בכיבוש		bekibush	[in] an occupation / by occupying	
בכיבוש		bakibush	[by] the occupation	
רובי		rovei	rifles of	
רובי		rovi	my rifle	
נורו		noru	were shot	
נשמר		nishmar	is/was guarded / is/was kept / is/was protected (m.s.)	
מודיעין		modi'in	information / intelligence	
לחיל		lekheil	to the forces of	
לחיל		lekhayil	to forces / to success	
להחליט		lehakhlit	to decide	
להבקיע		lehavki'a	to score [a goal]	
הקרויים		hakruyim	that/who are called (m.pl.)	
החשש		hakhashash	the worry / the fear	
הסטודנטים		hastudentim	the students	
ביחידות		beyekhidot	in units / in squad	
ביחידות		bayekhidot	in the units / in the squads	
בגלוי		begalui	openly	
ציבורי		tsiburi	public	
נדרשו		nidreshu	were required	
מייסד		meyased	the founder	
מילולית		milulit	verbally / literally	
מקו		mikav	from a line / from the line of	
מחוזות		mekhozot	districts	
מדינית		medinit	political (f.s.)	
מטענים		mit'anim	cargoes / luggage / load	
לפיו		lefiv	according to him/it	
וליצור		velitsor	and to create / and to make	
וחלקם		vekhelkam	and some of them / and their part / and their share	
שעלתה		she'alta	that/who went up / that/who climbed / that/who increased / that/who immigrated (f.s.)	
קודמות		kodmot	former / previous (f.pl)	
פיגועי		pigu'ei	the terrorist acts of	
כפולה		kfula	double / multiple	
המוחלט		hamukhlat	the total (m.s.)	
התגובה		hatguva	the response	
הנסיך		hanasikh	the prince	
סבו		savo	his grandfather	
סבו		savu	encircled / rotate (pl.)	
נתגלו		nitgalu	were discovered	
נהרסו		nehersu	were destroyed / were demolished	
מתוארים		meto'arim	are described (m.pl.)	
מתקני		mitkanei	installations of / devices of	
מועמדים		mu'amadim	applicants / candidates / nominees (m.pl.)	
מכוסים		mekhusim	covered (m.pl.)	
מהעיר		meha'ir	from the city	
מנהרה		minhara	tunnel	
לבלתי		levilti	in order not	
תעשיית		ta'asiyat	industry of	
ובתי		uvatei	and the houses of / and the homes of	
שליחים		shlikhim	messengers / delegates / couriers	
שזכו		shezakhu	who won / who attained (pl.)	
קשורים		kshurim	tied / linked / connected (m.pl.)	
קהילות		kehilot	communities	
עמודי		amudei	pages of / pillars of	
אופיינית		ofyanit	characteristic (f.s.)	
חשיבה		khashiva	thinking	
חזקות		khazakot	strong (f.pl.) / powers (math.)	
כבית		kevayit	as a home	
המוקדמת		hamukdemet	the early / the preliminary (f.s.)	
המוכר		hamukar	the known / the familiar	
המוכר		hamokher	the seller / the salesman	
המשפיעים		hamashpi'im	that effect / that influence (m.pl.)	
האופן		ha'ofen	the mode / the manner / the way	
האופן		ha'ofan	the wheel	
הכותרת		hakoteret	the title	
ההצעה		hahatsa'a	the proposal / the suggestion / the offer	
הסיום		hasiyum	the end	
הסיבוב		hasivuv	the rotation / the revolution	
הנהרות		haneharot	the rivers	
הנטייה		hanetiya	the inclination / the tendency / the tilt	
דורות		dorot	generations	
בעמק		be'emek	in a valley	
בעמק		ba'emek	in the valley	
טרופי		tropi	tropical (m.s.)	
רומן		roman	love affair / novel	
צפיפות		tsfifut	density / crowding	
סיפק		sipek	satisfied / supplies (m.s.)	
סם		sam	drug	
נאסר		ne'esar	/ was forbidden / was imprisoned (m.s.)	
מלב		milev	from a heart / from the heart of	
הרבני		harabani	the rabbinical	
תהומי		tehomi	abyssal / deep / bottomless	
שחקים		shkhakim	sky	
השדרות		hasderot	the boulevards	
בפרעות		bifra'ot	in pogroms / in riots	
בפרעות		bapra'ot	in the pogroms / in the riots	
גדי		gdi	young goat / Capricorn	
סגירת		sgirat	closing of	
מבצעי		mevats'ei	the people who perform [X]	
מאורעות		me'ora'ot	events	
המנהרות		haminharot	the tunnels	
עתיקות		atikot	ancient / old (f.pl.) / antiquities	
חבריו		khaverav	his friends	
המגורים		hamegurim	the residence / the stimulated (m.pl.)	
משקאות		mashka'ot	drinks	
מעיינות		ma'ayanot	springs	
התאחדות		hit'akhadut	association	
רשויות		rashuyot	authorities	
צינורות		tsinorot	pipes	
מייצג		meyatseg	represents (m.s.)	
מושגים		musagim	concepts / obtained / achieved (m.pl.)	
לתרבות		letarbut	to/for civilization / to/for culture	
לתרבות		latarbut	to/for the civilization / to/for the culture	
לשרוד		lisrod	to survive	
תא		ta	cell	
פלגת		palgat	group of (mil.) / division of (family)	
גופם		gufam	their body	
בתחומים		bitkhumim	in fields / in areas / in ranges	
בתחומים		batkhumim	in the fields / in the areas / in the ranges	
בדיעבד		bedi'avad	post factum	
מנסים		menasim	try (m.pl.)	
ידועות		yedu'ot	known (f.pl.)	
השימור		hashimur	the conservation	
הקשור		hakashur	that/who is tied / that/who is linked / that/who is connected (m.s.)	
בקלפי		bakalpi	at the poll / in the polling booth	
ליברליות		liberaliyut	liberalism	
ליברליות		liberaliyot	liberal (f.pl.)	
מורה		more	teacher	
יציבה		yatsiva	stable (f.s.)	
תאוריית		te'oryat	the theory of	
זיקה		zika	affinity / linkage / disposition	
לתואר		leto'ar	to/for a title / to/for a degree / to/for an adjective / to/for an appearance / to/for a shape	
לתואר		lato'ar	to/for the title / to/for the degree / to/for the adjective / to/for the appearance / to/for the shape	
תפוצת		tfutsat	the distribution of	
אמנותי		omanuti	artistic (m.s.) / my art	
הכדורגל		hakaduregel	the football / the soccer	
בירה		bira	capital	
בירה		bira	beer	
נפח		nefakh	volume	
נפח		napakh	blacksmith	
השיגעון		hashiga'on	the madness / the insanity	
מטפל		metapel	the care giver / treats / handles (m.s.)	
במאים		bama'im	directors	
הגייה		hagiya	pronunciation	
הוריו		horav	his parents	
להיכל		leheykhal	to a palace / to a temple	
להיכל		laheykhal	to the palace / to the temple	
סרטון		sirton	film strip	
נגן		nagan	player (of music)	
נגן		nagen	play (music) (m.s. imperative)	
החזרה		hakhzara	return / giving back	
החזרה		hakhazara	the repetition / the rehearsal	
הפואמה		hapo'ema	the poem	
לנוער		leno'ar	for youth / for the youth of	
לנוער		leno'ar	for the youth	
התופעות		hatofa'ot	the phenomena	
הדומים		hadomim	the similar (m.pl.)	
רוכב		rokhev	rides (m.s.)	
המימן		hameiman	the hydrogen	
החיידקים		hakhaydakim	the bacteria	
הכדורסל		hakadursal	the basketball	
גלוקוז		glukoz	glucose	
גומלין		gomlin	reciprocal / mutual	
ברומח		baromakh	by/with the lance	
ברומח		beromakh	by/with a lance	
רומח		romakh	spear / lance	
סיבובים		sivuvim	rotations / revolutions / whirls	
לתחרות		letakharut	to/for a competition	
לתחרות		latakharut	to/for the competition	
פיזיולוגיה		fiziologia	physiology	
מכילים		mekhilim	contain (m.pl.)	
בטמפרטורות		betemperaturot	at temperatures	
חיזור		khizur	courting / reduction (chemistry)	
ירדתי		yaradeti	I went down / I came down / I descended	
אצלי		etsli	in my possession / at my place / near me	
כולנו		kulanu	all of us	
לבנין		lebinyan	to a building / for the building of	
וכה		veko	and so	
וכה		vakho	thither [hither and thither]	
שלשול		shilshul	diarrhea / earthworm	
שזיפים		shezifim	plums	
ענפיו		anafav	its branches	
להציע		lehatsi'a	to propose / to suggest / to offer	
בשמש		bashemesh	in the sun	
בשלום		beshalom	in peace	
מלכת		malkat	queen of	
מאין		me'ayin	from where	
חרושת		kharoshet	industry / manufacture	
מתוק		matok	sweet (m.s.)	
לתוכה		letokha	into her/it	
פיה		piya	nozzle / mouthpiece	
פיה		feya	fairy	
עופרת		oferet	lead	
ציינו		tsiyenu	noted / marked / pointed out (pl.)	
נחתם		nekhtam	was signed	
להודיע		lehodi'a	to notify	
ויאמר		veyomar	and he will say	
ויאמר		va'yomer	and he shall say / and he said (biblical)	
ויאמר		veye'amer	and will be said	
הישנים		hayeshanim	the old (m.pl.)	
הישנים		hayeshenim	the sleeping (m.pl.)	
ההכרה		hahakara	the recognition / the consciousness	
הס		has	quite	
דיברו		dibru	spoke / talked (pl.)	
בכבוד		bekhavod	respectfully / with honor	
צמודה		tsmuda	attached / linked / adjacent (f.s.)	
משך		meshekh	duration	
משך		mashakh	pulled / attracted / withdrew	
מנוחה		menukha	rest	
מנוחה		menokha	deceased (f.s.)	
זכוכית		zkhukhit	glass	
הזרעים		hazra'im	the seeds	
החרדים		hakharedim	the fearful / the anxious / the ultra-orthodox (m.pl.)	
הבגדים		habgadim	the clothes	
הטובות		hatovot	the good / the favors (f.pl.)	
בדברים		badvarim	in the things / in the matters / in the words / in the speech / in the things that were said	
בדברים		[ba] bidvarim	talked / negotiated	
מצליחים		matslikhim	succeed / successful (m.pl.)	
לשדה		lasade	to the field	
לשדה		lesade	to a field	
שהעניק		shehe'enik	that/who gave (m.s.)	
עונש		onesh	punishment	
עצום		atsum	huge (m.s.)	
חלש		khalash	weak (m.s.)	
חופשיות		khofshiyot	free (f.s.)	
הידיעות		hayedi'ot	the news	
הידיעה		hayedi'a	the knowledge / the news	
הולכי		holekhei	the walkers of	
הולכי		holkhey [regel]	pedestrians	
השתנה		hishtana	changed (m.s.)	
השחורים		hashkhorim	the black (m.pl.)	
האותיות		ha'otiyot	the letters	
האנושיות		ha'enoshiyut	the humanism	
האנושיות		ha'enoshiyot	the humane (f.pl.)	
הסכנה		hasakana	the danger / the risk	
במקצת		bemiktsat	somewhat / slightly	
בחר		bakhar	chose / selected / voted (m.s.)	
נענה		na'ana	answered / agreed / was answered (m.s.)	
נסיעה		nesi'a	drive / travel	
משרת		mesharet	servant / serves (m.s.)	
מפורט		meforat	detailed (m.s.)	
מהארץ		meha'arets	from the country / from Israel	
מטופל		metupal	patient / taken care of  / person who is taken care of (m.s.)	
מסודרים		mesudarim	organized / settled (m.pl.)	
להכריע		lehakhri'a	to decide / to overpower	
לרגלי		leraglei	at the feet of	
לרגלי		leraglai	at my feet / to/for my legs	
ומאז		ume'az	and since then	
ולו		velo	and to/for him / and he has / and he had	
ולו		velu	even if	
ואחרות		ve'akherot	and other (f.pl.) / and others (f.)	
והחלו		vehekhelu	and started (pl.)	
שלחו		shalkhu	sent (pl.)	
שלטה		shalta	ruled (f.s.)	
ששמו		shesamu	that/who placed / that/who put (pl.)	
שעלו		she'alu	that/who went up / that/who climbed / that/who increased / who immigrated (pl.)	
שכונתה		shekunta	that/who was named (f.s.)	
פוגע		poge'a	hits / damages / offensive (m.s.)	
פשרה		pshara	compromise / conciliation	
פנימית		pnimit	internal (f.s.)	
עבודתם		avodatam	their work	
חיפוש		khipus	search	
איכרים		ikarim	peasants / farmers	
זוהר		zoher	glowing / shining	
זוהר		zohar	glow / shine	
חשיבותו		khashivuto	his importance / its importance	
כפול		kaful	double	
המוקדמות		hamukdamot	the early / the preliminary (f.pl.)	
היקף		hekef	perimeter/ circumference / scope	
התיק		hatik	the bag / the case / the file / the portfolio	
התקדם		hitkadem	advanced / made a progress (m.s.)	
התפילה		hatfila	the prayer	
השמרנית		hashamranit	the conservative (f.s.)	
החשובה		hakhashuva	the important (f.s.)	
הכפרים		hakfarim	the villages	
הרים		harim	mountains	
הרים		herim	lifted (m.s.)	
הרדיו		haradio	the radio	
הנקראת		hanikret	that/who is called / that/who is summoned (f.s.)	
גורלם		goralam	their fate	
גזר		gezer	carrot	
גזר		gazar	cut / ruled / concluded (m.s.)	
במחלה		bemakhala	in sickness	
בינו		beino	between him	
בשבת		beshabat	on Saturday	
בשבת		bashabat	on the Saturday	
בגופו		begufo	in/with his body	
בבירור		beverur	clearly / obviously / under inquiry	
בטעות		beta'ut	by mistake	
צבעים		tsva'im	colors	
צבעים		tsaba'im	painters	
סוד		sod	secret	
סכנת		sakanat	risk of	
כקיסר		kekeisar	as a Caesar	
הקומוניזם		hakomunizm	communism	
הכניעה		hakni'a	the surrender	
לנהר		lenahar	to a river	
לנהר		lanahar	to the river	
בחבל		bekhevel	with a rope	
בחבל		bakhevel	with the rope	
פיטר		piter	fired	
פקידי		pkidei	clerks of / officials of	
בשיאה		besi'a	at her/its top / at her/its peak	
בהרים		baharim	[at/on] the mountains	
נסיגה		nesiga	withdrawal / retreat	
לתאם		leta'em	to coordinate	
להעברת		leha'avarat	for the pass of / for the transfer of	
כלכלה		kalkala	economy	
המחוזות		hamekhozot	the districts	
הקיסרות		hakeysarut	the empire	
סבלו		savlu	suffered (pl.)	
מנתה		manta	counted / included (f.s.)	
לגשר		legasher	to bridge / to mediate	
לגשר		lagesher	to the bridge	
לגשר		legesher	to a bridge	
והעיר		veha'ir	and the city	
אבירי		abiri	valiant / knightly	
סייעה		siy'a	assisted / helped (f.s.)	
מאזן		ma'azan	balance (statement)	
מאזן		me'azen	balances (m.s.)	
מנקודת		minkudat	from the point of	
לכת		lekhet	going / walking	
והצבא		vehatsava	and the army	
ובקרב		uvikrav	and in the battle of	
ובקרב		uvakrav	and in the battle	
ובקרב		uvkerev	and among	
ששהו		sheshahu	that/who stayed (pl.)	
שרדו		sardu	survived (pl.)	
המהלך		hamahalakh	the move / the step / the distance	
הימי		hayami	the marine (m.s.)	
הקתולית		hakatolit	the Catholic	
העומד		ha'omed	that/who stands / that/who is about to / that/who endures / that/who succeeds / that/who insists on (m.s.)	
בידם		beyadam	in their hand / up to them	
ניווט		nivut	navigation	
ניווט		moderni	modern (m.s.)	
מרביתם		marbitam	most of them	
למעבר		lema'avar	for pass / for transfer / for transit	
למעבר		lama'avar	for the pass / for the transfer / for the transit	
למבצע		lemivtsa	to/for an operation  / for a sale	
למבצע		lamivtsa	to/for the operation / for the sale	
וכוחות		vekokhot	and powers / and forces / and strengths	
ונתן		venatan	and gave (m.s.)	
שקדם		shekadam	the former / the preceding	
חולקו		khulku	were divided	
אחרית		akharit	end / remainder	
כמאה		keme'a	approximately a hundred	
התפתחויות		hitpatkhuyot	developments	
האצילים		ha'atsilim	the aristocrats / the noble (m.pl.)	
הרס		heres	destruction / demolition	
בעיתונות		ba'itonut	in the press	
סיבות		sibot	reasons	
ניצלו		nitslu	used (pl.) / exploited (pl.) / were saved / were roasted	
ממושך		memushakh	prolonged / continuous	
מורכבים		murkavim	complicated / complex / consist of / assembled (m.pl.)	
מפקדים		mefakdim	commanders	
מפקדים		mifkadim	censuses / musters	
מעורבים		me'oravim	mixed / involved (m.pl.)	
מרגע		merega	from the moment [of]	
יחסים		yakhasim	relations	
למערכת		lema'arekhet	to/for a system /  to/for an editorial board / to/for the system of /  to/for the editorial board of	
למערכת		lama'arekhet	to/for the system /  to/for the editorial board	
לתקשר		letaksher	to communicate	
לתנאי		letnai	to a condition/ to a provision	
לתנאי		letna'ei	to the conditions of / to the provisions of	
שלבים		shlabim	stages / phases / rungs	
שפעל		shepa'al	that/who acted / that/who operated (m.s.)	
שרת		sharat	server / janitor	
קיומה		kiyuma	her existence / her survival / its holding / its fulfillment (f.s.)	
עוצמה		otsma	power / force / intensity	
חלקן		khelkan	some of them / their part / their share (f.pl.)	
כונה		kuna	was named	
המורכבת		hamurkevet	the complicated / the complex / that consists of / that is assembled (f.s.)	
השכלה		haskala	education	
גיוס		giyus	recruitment	
בוצעה		buts'a	was performed / was carried out (f.s.)	
רובן		ruban	most of them (f.)	
ראשונות		rishonot	first (f.pl.)	
סבלה		savla	suffered (f.s.)	
נוסח		nosakh	version / phrased / style	
מקצועיים		miktso'iyim	professional (m.pl.)	
לתרום		litrom	to donate / to contribute	
לחודש		lekhodesh	for a month / per month	
שלטונות		shiltonot	authorities	
שותף		shutaf	partner	
שורשים		shorashim	roots	
שעסק		she'asak	that/who dealt / that/who engaged / that/who worked (m.s.)	
שחלק		shekhelek	that part	
שחלק		shekhalak	who disagreed	
שהוביל		shehovil	that/who led  / that/who transported (m.s.)	
שריפת		srefat	the burning of / the fire of	
פוטנציאל		potentsyal	potential	
פריצה		pritsa	breakthrough / burglary / irruption	
אופייני		ofyani	characteristic (m.s.)	
כוכב		kokhav	star	
המאוחדת		hame'ukhedet	the united	
המהווים		hamehavim	that are / that constitute (m.pl.)	
הפסקה		hafsaka	break / intermission	
הדמוקרטי		hademokrati	the democratic (m.s.)	
במשפט		bamishpat	in the trial / in the sentence	
במשפט		bemishpat	in a trial / in a sentence	
בלחץ		belakhats	at a pressure of / under pressure	
בלחץ		balakhats	under the pressure	
בתקשורת		batikshoret	in the media / in the communication	
בזמנו		bizmano	in/at the time	
בכמות		bekhamut	at a quantity of / at an amount of	
סרטו		sirto	his movie / his ribbon/strip	
נפילתו		nefilato	his fall	
נאלצה		ne'eltsa	was forced / was compelled (f.s.)	
הציוניות		hatsiyoniyot	the Zionist (f.pl.)	
ומגדל		umigdal	and a tower	
צירים		tsirim	axes / axles / hinges / delegates / sauces / contractions	
יורדים		yordim	go down / come down / descend / decreases (m.pl.)	
העיתונות		ha'itonut	the press	
הארי		ha'ari	the lion	
הארי		[khelek] ha'ari	the main part	
הריסת		harisat	demolition of / destruction of	
קיבוץ		kibuts	kibbutz	
ממוקם		memukam	located / situated (m.s.)	
פעולותיו		pe'ulotav	his actions / his operations / his deeds	
המיוחדת		ha'meyukhedet	the special (f.s.)	
התאים		hit'im	was suitable / was appropriate / was applicable / was identical / suited (m.s.)	
הציורים		hatsiyurim	the paintings / the drawings	
הסברה		hasbara	explanation / information	
מאובנים		me'ubanim	fossils	
מספקים		mesapkim	satisfying / supply (m.pl.)	
תהליכי		tahalikhei	processes of	
עשור		asor	decade	
ענקיים		anakiyim	great / giant (m.pl.)	
המקהלה		hamakhela	the choir	
בהשתתפות		behishtatfut	in the participation of	
מתבססת		mitbaseset	based on / becomes established (f.s.)	
מסה		masa	mass	
לשמר		leshamer	to conserve	
לפרס		lifras	to/for an award / to/for a prize	
לפרס		lapras	to/for the award / to/for the prize	
שנכתבו		shenikhtevu	that were written	
קשורה		kshura	tied / linked / connected (f.s.)	
קצרות		katsarot	short (f.pl.)	
איגוד		igud	union	
חוקיים		khukiyim	legal (m.pl.)	
חשמל		khashmal	electricity	
אטום		atom	atom	
אטום		atum	sealed / opaque	
העתיק		he'etik	copied	
הדורות		hadorot	the generations	
הנמוך		hanamukh	the low / the short (m.s.)	
הנוכחית		hanokhekhit	the current	
גבוהות		gvohot	high / tall (f.pl.)	
בשונה		beshone	unlike / different from	
נמוכות		nemukhot	low / short (f.pl.)	
נבחרים		nivkharim	elected / selected (m.pl.)	
נצפה		nitspa	was seen / was watched  / was observed / was anticipated (m.s.)	
נצפה		netsape	we will expect / we will cover / we will coat	
הפרדת		hafradat	separation of	
גישתו		gishato	his attitude	
לקשר		lekasher	to link / to connect	
שלד		sheled	skeleton / framework	
חגי		khagei	the holidays of	
חגי		khagi	my celebration	
ירקות		yerakot	vegetables	
מילות		milot	words of	
מתוקים		metukim	sweet (m.pl.)	
מסתיים		mistayem	ends (m.s.)	
לתופעות		letofa'ot	to/for phenomena	
לתופעות		latofa'ot	to/for the phenomena	
איטית		itit	slow	
כשחקן		kesakhkan	as a player / as an actor	
כחומר		kekhomer	as a material / as a clay	
המלון		hamalon	the hotel	
המלון		hamelon	the melon	
חזרתו		khazarato	his/its return / his /its repetition	
עבורו		avuro	for him	
מקיים		mekayem	holds / fulfills / carries out / maintains (m.s.)	
מאכלים		ma'akhalim	food / dishes	
סבון		sabon	soap	
מולקולת		molekulat	molecule of	
ויטמין		vitamin	vitamin	
התופעה		hatofa'a	the phenomenon	
תוחלת		tokhelet	expectancy / hope	
חממה		khamama	greenhouse	
הבהאי		habahai	the Bahai (m.s.)	
יצאתי		yatsati	I went out / I came out	
ואצא		ve'etse	and I will go out / and I will come out	
והכל		vehakol	and everything	
ובזה		uvaze	and by this / and in this one (m.)	
פרעוש		par'osh	flea	
אחרתי		ekharti	I was late	
אכלתי		akhalti	I ate	
כפעם		kefa'am	as before / as in the past	
הוספתי		hosafti	I added	
השועל		hashu'al	the fox	
הפרושים		haperushim	the interpretations	
הפרושים		haprushim	the ascetics / the seclusive / the Pharisees	
הפרקליטות		hapraklitut	the advocacy / the legal practice / the attorney general	
האין		ha'ein	is there not / are there not	
החתונה		hakhatuna	the wedding	
הכפתורים		hakaftorim	the buttons	
גליון		gilayon	sheet of paper / issue	
גדמי		gidmei	the stumps of	
במרוצה		bimrutsa	[came] running	
בלבי		belibi	in my heart	
צעק		tsa'ak	shouted / yelled (m.s.)	
נמלה		nemala	ant	
לשום		leshum	for no	
תראו		tir'u	look (pl. imperative) / you will see (pl.)	
עצמך		atsmekha	yourself (m.s.)	
עצמך		atsmekh	yourself (f.s.)	
חלפו		khalfu	passed (pl.)	
בעצמך		be'atsmekha	by yourself / personally (m.s.)	
בעצמך		be'atsmekh	by yourself / personally (f.s.)	
בחור		bakhur	fellow / guy	
בזאת		bazot	hereby	
בזאת		bezot	in this one (f.)	
ברכי		barkhi	bless (f.s. imperative)	
ברכי		birki	my knee	
ברכי		birkei	the knees of	
רבע		reva	quarter	
נגמר		nigmar	finished / ended	
לחכות		lekhakot	to wait	
להביט		lehabit	to look	
לגשת		lageshet	to approach	
שבתי		shavti	I returned	
שבתי		shebiti	that my daughter	
חלון		khalon	window	
אוהדי		ohadim	followers of / fans of	
כדבר		kidvar	as [X] have said / as [X] say	
כדבר		kedavar	as a thing / as an object / as a matter / as an item	
כדבר		kadavar	as the thing / as the object / as the matter / as the item	
האבטלה		ha'avtala	the unemployment	
בשקט		basheket	in the silence	
בשקט		besheket	silently / quietly	
בחדרי		bekhadri	in my room	
בחדרי		bekhadrei	in the rooms of	
יפים		yafim	pretty / good (m.pl.)	
חדרי		khadri	my room	
חדרי		khadrei	the rooms of	
היריבה		hayeriva	the rival / the opponent / the enemy (f.s.)	
הקואליציה		hako'alitsya	the coalition	
הכנפיים		haknafayim	the wings	
ברוך		barukh	blessed	
נופלים		noflim	fall (m.pl.)	
מעורר		me'orer	wakes / excites (m.s.)	
ישנים		yeshanim	old (m.pl.)	
ישנים		yeshenim	sleeping (m.pl.)	
אישום		ishum	indictment / accusation	
חשב		khashav	thought (m.s.)	
חדל		khadal	stop (imperative) / stopped (m.s.)	
הענף		ha'anaf	the branch / the field	
הארוכים		ha'arukim	the long (m.pl.)	
הסוחר		hasokher	the merchant / the dealer / the seller	
דמעות		dma'ot	tears	
משפחתי		mishpakhti	my family / familial	
ליתר		leyeter	to/for the rest	
לסדר		lesader	to arrange	
שעלה		she'ala	that/who went up / that/who climbed / that/who increased / that/who immigrated (m.s.)	
שכמעט		shekim'at	that/who almost	
התאבד		hit'abed	committed suicide (m.s.)	
העז		he'ez	dared (m.s.)	
האהבה		ha'ahava	the love	
הארמון		ha'armon	the palace	
הרפואי		harefu'i	the medical (m.s.)	
הרף		heref	instant / wink / stop	
נחת		nakhat	satisfaction / complacence	
נחת		nakhat	landed / Marine Corps member	
מאסר		ma'asar	incarceration	
מגלים		megalim	discovers (m.pl.)	
להורות		lehorot	to instruct	
שוחרר		shukhrar	was released (m.s.)	
שקע		shaka	sank / declined (m.s.)	
שקע		sheka	socket / depression / recess / lacuna	
פיל		pil	elephant	
התמרמרות		hitmarmerut	resentment / grievance	
השלימו		hislimu	completed / accepted / came to terms (pl.)	
הפסיקו		hifsiku	stopped / ceased (pl.)	
ההורים		hahorim	the parents	
גוזלים		gozalim	nestlings	
גוזלים		gozlim	rob (m.pl.)	
בענפים		be'anafim	[in] branches / in fields	
בענפים		ba'anafim	[in] the branches / in the fields	
בזו		bazu	felt contempt (pl.)	
בזו		bazu	in this one (f.)	
בד		bad [bevad]	at the same time as	
בד		bad	linen / cloth / branch	
רחוקה		rekhoka	far (f.s.)	
נעלם		ne'elam	disappeared / hidden / concealed / unknown (algebra) (m.s.)	
מוכרחים		mukhrakhim	must (m.pl.)	
מעצי		me'atsei	from trees of	
מנגד		mineged	oppositely / at a distance	
למשוך		limshokh	to pull / to attract / to withdraw	
לסל		lesal	to/for a basket	
לסל		lasal	to/for the basket	
ומעבר		uma'avar	and pass / and transfer / and transition	
וגדל		vegadel	and growing (m.s.)	
וגדל		vegadal	and grew (m.s.)	
וראש		verosh	and a head	
וספר		vesefer	and a book	
וספר		vesafar	and counted (m.s.)	
וספר		vesapar	and a barber	
וספר		vesfar	and a border	
שיוכלו		sheyukhlu	that they will be able	
שארית		she'erit	leftover / residue / remnant	
שניסה		shenisa	who tried (m.s.)	
פורסמה		pursema	was published / was advertised (f.s.)	
עמוקות		amukot	deep (f.pl.) / deeply	
זקוק		zakuk	needs (m.s.)	
כרטיס		kartis	ticket	
הודה		hoda	thanked / confessed (m.s.)	
השבוע		hashavu'a	the week / this week	
האלופות		ha'alufot	the champions (f.)	
הנייר		haniyar	the paper	
בכלא		bakele	in prison	
בריתו		brito	his pact / his alliance / his covenant	
מימין		miyamin	from the right / to the right [of]	
מישור		mishor	plane / level	
מתקן		metaken	corrects / repairs (m.s.)	
מתקן		mitkan	installation / device	
מועדון		mo'adon	club	
מארץ		me'erets	from a country	
מגמה		megama	trend	
מטען		mit'an	load / cargo / baggage	
מצבו		matsavo	his state / his situation	
מצבם		matsavam	their state / their situation	
מסופר		mesupar	told / cut (hair)	
מסקנות		maskanot	conclusions	
למתן		lematen	to moderate	
למתן		lematan	[for] giving	
לתחילת		litkhilat	to the start of	
לכפר		lekhaper	to atone	
לכפר		lekfar	to a village	
לכפר		lakfar	to the village	
לגור		lagur	to live	
לסביבה		lesviva	to/for an area	
לסביבה		lasviva	to/for the area	
תרומה		truma	donation / contribution	
וללא		ulelo	and without	
וקבע		vekeva	and permanence / and regularity	
וקבע		vekava	and determined / and fixed / and set (m.s.)	
ורז		veraz	and a secret	
שליח		shali'akh	messenger / delegate / courier	
שכך		shekakh	that like this	
שכם		shekhem	shoulder	
שבמהלך		shebemahalakh	that during	
פתוחה		ptu'kha	open (m.s.)	
פסקו		pasku	gave judgment / decided / rules / stopped (pl.)	
עלילות		alilot	plots / deeds / libels / false charges	
עדים		edim	witnesses	
עצרו		atsru	stopped / arrested (pl.)	
עסוק		asuk	busy	
חמורות		khamurot	serious / severe (f.pl.)	
אמה		ima	her mother	
אמה		ama	maid (archaic) / third finger / cubit	
חתול		khatul	cat	
אדומה		aduma	red (f.s.)	
חדרים		khadarim	rooms	
חרב		kherev	sward	
חרב		kharav	was ruined	
כים		kayam	as the sea	
כים		keyam	as a sea	
כלכליות		kalkaliyot	economic (f.pl.)	
כתיבה		ktiva	writing	
הושלך		hushlakh	was thrown / was projected	
הופצו		huftsu	were distributed / were spread	
הפתוח		hapatu'akh	the open	
הפתרון		hapitaron	the solution	
האיום		ha'iyum	the threat	
האיום		ha'ayom	the terrible / the horrible (m.s.)	
האישיים		ha'ishiyim	the personal / the private (m.pl.)	
האישית		ha'ishit	the personal / the private (f.s.)	
האדיר		ha'adir	the great / the mighty / the powerful (f.s.)	
הארוכה		ha'aruka	the long (f.s.)	
הזנב		hazanav	the tail	
הד		hed	echo	
הבינו		hevinu	understood (pl.)	
הבחין		hivkhin	observed / noticed (m.s.)	
הבדיקות		habdikot	the examinations	
הראו		her'u	showed (pl.)	
דבש		dvash	honey	
במגדל		bemigdal	in a tower	
במגדל		bamigdal	in the tower	
בביתו		bebeito	in/at his home	
רוחב		rokhav	width	
רפה		rafe	loose	
סימנים		simanim	signs	
סופר		sofer	counts (m.s.) / author	
סבורים		svurim	think / assume (m.pl.)	
נישא		nisa	was carried / got married / high (m.s.)	
ניצחה		nitskha	won (f.s.)	
נוצות		notsot	feathers	
נכנעו		nikhne'u	surrendered (pl.)	
נטה		nata	was inclined / tended to / was tilted (m.s.)	
מהחומה		mehakhoma	from the wall	
לבורים		leburim	to/for ignorant (m.pl.)	
לבורים		laburim	to/for the ignorant (m.pl.)	
הפיצול		hapitsul	the split	
והורה		vehora	and instructed	
והורה		vehore	and a parent	
המלחמות		hamilkhamot	the wars	
מיטב		meitav	the best	
המעורבות		hame'oravut	the involvement	
שאריות		she'eriyot	leftovers / residue / remnants	
אווירי		aviri	aero / aerial (m.s.)	
המרידה		hamerida	the mutiny	
התביעה		hatvi'a	the law suit / the prosecution	
הטיל		hetil	cast / threw / projected (m.s.)	
נייטרליות		netraliyot	neutral (f.pl.)	
נייטרליות		netraliyut	neutral	
מפשע		mipesha	from a crime	
לרכז		lerakez	to concentrate / to coordinate	
והגיעו		vehegi'u	and arrived (pl.)	
העירוניים		ha'ironiyim	the municipal / the urban (m.pl.)	
מחלוקות		makhlokot	disagreements	
לכישלון		lekishalon	to failure	
לכישלון		lakishalon	to the failure	
להכות		lehakot	to beat / to hit	
תחבורה		takhbura	transportation / traffic	
ודרום		vedarom	and south	
ודרום		udrom	and the south of	
שמדרום		shemidarom	that is on the south / that is to the south of	
שעשו		she'asu	that/who did (pl.)	
שריפה		srefa	fire	
עימות		imut	conflict	
זמנית		zmani	temporary / my time	
חבלים		khavalim	ropes	
כניסת		knisat	the entrance of	
הימנית		hayemanit	the right / the right handed / the rightist (f.s.)	
הליך		halikh	procedure / proceeding	
הדעה		hade'a	the opinion	
במדויק		bimduyak	exactly / precisely	
סיפקו		sipku	satisfied / supplies (pl.)	
ניהלו		nihalu	managed / conducted (pl.)	
ניצל		nitsel	used / exploited (m.s.)	
ניצל		nitsal	was saved (m.s.)	
מודע		muda	aware (m.s.)	
מפרש		mefaresh	explains / interprets (m.s.)	
יבשת		yabeshet	continent	
יציבות		yatsivut	stability	
לשאלה		lashe'ela	to the question	
לשאלה		leshe'ela	to a question	
לאוכלוסייה		la'ukhlusiya	to the population	
לאוכלוסייה		le'ukhlusiya	to a population	
תמכו		tamkhu	supported (pl.)	
ומבנים		vemivnim	and buildings / and constructions	
וציוד		vetsiyud	and equipment	
שהיווה		shehiva	that was / that constituted	
שהובאו		shehuv'u	that were brought (pl.)	
חורבות		khurvot	ruins	
כמחצית		kemakhatsit	approximately half	
כשפה		kesafa	as a language / as a lip / as an edge	
המיוחדים		ha'meyukhadim	the special (m.pl.)	
האטלנטי		ha'atlanti	the Atlantic	
הגבוהות		hagvohot	the high / the tall (f.pl.)	
הנסיכויות		hanesikhuyot	the emirates / the princedoms	
דרגה		darga	degree / level / grade / rank	
גופות		gufot	corpses	
גודלו		godlo	his/its size	
גרגרי		gargerei	grains of	
בעורף		ba'oref	on the neck / at the rear / hinterland	
ברצועת		birtsu'ot	[in] strips	
ברצועת		baretsu'ot	[in] the strips	
ניסוי		nisui	experiment / trial	
נסגר		nisgar	was closed	
מתייחסים		mityakhasim	refer (m.pl.)	
מתייחסת		mityakheset	refers (f.s.)	
מסעו		masa'o	his journey	
מסחרית		miskharit	commercial (f.s.)	
ייסד		yised	founded / established (m.s.)	
להגדיר		lehagdir	to define	
לראשות		lerashut	to the leadership of	
תצפית		tatspit	observation / vantage point	
ומות		umot	and the death of	
שבנה		shebana	that had built	
עירוניים		ironiyim	municipal / urban (m.pl.)	
איסוף		isuf	collection	
המצעד		hamits'ad	the parade / the march	
ההיסטוריון		hahistoryon	the historian	
הרחב		harakhav	the wide	
הרחב		harkhev	widen (m.s. imperative)	
הרכבות		harkavot	assemblies / vaccinations / grafting	
במזון		bemazon	in food	
במזון		bamazon	in the food	
ברובה		berove	with a rifle	
ברובה		barove	with the rifle	
ברובה		beruba	most of it (f.s.)	
ברורים		brurim	clear / obvious (m.pl.)	
ברבים		berabim	in many / plural	
בסיפורים		besipurim	in stories	
בסיפורים		basipurim	in the stories	
רגילים		regilim	usual / used to (m.pl.)	
נייטרלי		netrali	neutral (m.s.)	
נתיבי		netivei	paths of / lanes of	
נוף		nof	view / landscape / boughs of a tree	
נפרדת		nifredet	separated / individual (f.s.)	
להניף		lehanif	to lift / to wave	
לגטו		legeto	to a ghetto	
לגטו		lageto	to the ghetto	
והאחות		veha'akhot	and the sister / and the nurse (f.)	
ערוגות		arugot	garden beds	
חייליו		khayalav	his soldiers	
מחלקות		mekhalkot	divide / distribute (f.pl.)	
מחלקות		makhlakot	departments	
להנדסה		lehandasa	to engineering	
להנדסה		lahandasa	to the engineering	
שכונת		shkhunat	neighborhood of	
רובה		rove	rifle	
רובה		ruba	most of it (f.s.)	
מדברי		midbari	desert-like	
מדברי		midvarai	from what I said	
מדברי		medivrei	from the words of	
לחצים		lekhatsim	pressures	
תוצרת		totseret	produce / output	
זרוע		zaru'a	seeded / scattered	
השכונה		hashkhuna	the neighborhood	
הקמתו		hakamato	(the) establishment of	
ולמרות		velamrot	and despite	
כנסייה		knesiya	church	
מסוגים		misugim	of kinds / of classes / of types	
ייסוד		yisud	founding / establishing	
תוואי		tvai	path / way	
עיצוב		itsuv	design	
חקיקה		khakika	legislation	
אחראית		akhra'it	responsible / in charge (f.s.)	
בציור		betsiyur	in a painting / in a drawing	
בציור		batsiyur	in the painting / in the drawing	
מאגר		ma'agar	reservoir / pool	
לתחום		letkhum	to a field / to an area / to a range	
לתחום		latkhum	to the field / to the area / to the range	
קובעת		kova'at	determines / fixes / sets (f.s.)	
עוסקים		oskim	deal / engage  / work (m.pl.)	
אימצה		imtsa	adopted (f.s.)	
זיהה		ziha	identified	
גדולי		gdolei	the great [of] (m.pl.)	
במסורת		bemasoret	in a tradition	
במסורת		bamasoret	in the tradition	
באותן		be'otan	in/at the same (f.pl.)	
נהוגה		nahuga	customary / conventional / driven (f.s.)	
מאפשרים		me'afsherim	enable / facilitate (m.pl.)	
מסמל		mesamel	symbolizes	
תלמידו		talmido	his pupil / his student	
תופעת		tofa'at	the phenomenon of	
ויין		veyayin	and wine	
המדוברת		hameduberet	the said / that was spoken (f.s.)	
התמודדות		hitmodedut	confrontation / competition / dealing	
העזר		ha'ezer	the aid / the auxiliary	
הבשורה		habsora	the news	
דיוק		diyuk	precision / accuracy	
בעיצוב		be'itsuv	design of	
בחולות		bakholot	in the sands	
בגמר		bagmar	the the end / at the final	
בגמר		bigmar	at the end of	
נחושת		nekhoshet	copper	
האוריינט		ha'oriyent	the orient	
בשיטת		beshitat	by the method of	
הקיימים		hakayamim	that exist (m.pl.)	
בפילוסופיה		befilosofia	in philosophy	
המדעית		hamada'it	the scientific	
מתבטא		mitbate	expresses himself (m.s.)	
מובהקת		muvheket	unmistakable / significant (m.s.)	
לפילוסופיה		lefilosofia	to/for philosophy	
לפילוסופיה		lafilosofia	to/for the philosophy	
ומקום		vemakom	and a place	
חברתיות		khevratiyot	social (f.pl.)	
חברתיות		khevratiyut	sociability	
בעבודתו		be'avodato	in/at his work	
לסדרה		lesidra	to/for a series	
לסדרה		lasidra	to/for the series	
אנדרטת		andartat	monument of	
כתיבת		ktiva	writing of	
דרמה		drama	drama	
סיפוריו		sipurav	his stories	
אולפני		ulpenei	the studios of	
סרטוני		sirtonei	film strips of	
ההפקה		hahafaka	the production	
מיוצר		meyutsar	is produced	
הלוואי		halevai	I wish / if only	
לפירוט		lepeyrut	to detailing / to the detailing of	
לפירוט		laperut	to the detailing	
הגדלת		hagdalat	increase / enlargement	
דגי		dgei	fish of	
תזונה		tzuna	nutrition	
השורשים		hashorashim	the roots	
הפסקול		hapaskol	the soundtrack	
האינטראקציות		ha'inter'aktsyot	the interactions	
בבעלי		beba'alei	[in] the owners of	
בבעלי		beba'ali	[in] my husband	
ממריצים		mamritsim	energize (m.pl.)	
להגדלת		lehagdalat	for increase of / for enlargement of	
קליפה		klipa	peel / shell	
אסורות		asurot	forbidden / imprisoned (f.pl.)	
התחרויות		hatakhruyot	the competitions	
רוכבים		rokhvim	riders	
תגובות		tguvot	responses	
הבדיקה		habdika	the examination	
מולקולה		molekula	molecule	
מנות		manot	portions	
זכרים		zkharim	males	
אלמוג		almog	coral	
התחממות		hitkhamemut	heating / warming	
מהרתי		miharti	I hurried / I was in a hurry	
חנקן		khankan	nitrogen	
כשאני		keshe'ani	when I	
התעסוקה		hata'asuka	the employment / the occupation	
משים		mesim	on purpose	
ששם		shesam	that/who placed / that/who put (m.s.)	
ששם		shesham	that is there / that there	
ששם		sheshem	that the name of / that a name	
אעשה		e'ese	I will do	
האופוזיציה		ha'opozitsya	the opposition	
ראשיהם		rasheyhem	their heads	
מתה		meta	dead / died (f.s.)	
מנוח		mano'akh	rest / deceased	
לסעוד		lis'od	to eat / to dine / to assist (nursing)	
שמים		shamayim	sky	
עכביש		akavish	spider	
חניון		khenyon	parking lot	
כנפיים		knafayim	wings	
הפחות		hapakhut	the inferior / the lesser	
בצהריים		batsohorayim	at noon	
נשאה		nas'a	carried / married (f.s.)	
נקי		naki	clean / net	
יתן		yiten	will give (m.s.)	
וחזר		vekhazar	and returned / and repeated (m.s.)	
חור		khor	hole / aperture	
אבדה		avda	was lost (f.s.)	
אבדה		aveda	loss / something which is lost / casualty	
באלה		be'ele	in these	
צרות		tsarot	troubles / narrow (f.pl.)	
נפשו		nafsho	his soul / his spirit / his life	
להשיב		lehashiv	to reply / to return [something]	
להסתפק		lehistapek	to be satisfied with / to be content with	
עשב		esev	grass / weed	
הרופא		harofe	the physician	
ברכה		brakha	blessing / greeting	
מאחד		me'akhed	unites (m.s.)	
מאחד		me'ekhad	from one	
לתא		lata	to/for the cell	
לתא		leta	to/for a cell	
לשלום		lashalom	for the peace	
לשלום		leshalom	for peace / in peace	
לשלום		lashalom	to/for the peace	
להסכים		lehaskim	to agree	
וכדי		vekedei	and in order to	
חורף		khoref	winter	
אונים		onim	strength / power	
אבנים		avanim	stones	
השחר		hashakhar	[the] dawn	
הזרה		hazara	the foreign / the stranger (f.s)	
בוחן		bokhen	examiner / examines (m.s.)	
בוחן		bokhan	examination	
ראיות		re'ayot	evidence (pl.)	
צאת		tset	the exit of	
נעלמה		ne'elma	disappeared / hidden / concealed (f.s.)	
מומחים		mumkhim	specialists / experts	
מקומה		mekoma	her place	
מרובה		merube	numerous / poly- / multiple- (m.s.)	
ידידות		yedidut	friendship	
לשירה		lashira	to/for the singing / to/for the poetry	
לשירה		leshira	to/for singing / to/for poetry / to/for her song	
ומי		vemi / umi	and who / and whom	
ולפי		ulefi	and according to	
וכיוצא		vekhayotse [baze]	and so on / etc.	
שמרה		shamra	kept / guarded / protected (f.s.)	
שיהיו		sheyihiyu	that/who will be (pl.)	
חליפות		khalifot	alternately / suits	
חם		kham	hot / warm	
כשם		keshem	as / as the name of	
התפטרותו		hitpatruto	his resignation	
הודעה		hoda'a	message / notice	
השרים		hasarim	the ministers	
הפירות		haperot	the fruits	
הפלא		hapele	the wonder / the miracle	
הפלא		hafle [vafele]	miraculously / unbelievably / how wonderful	
העיכול		ha'ikul	the digestion	
דובר		dover	speaker	
בוטל		butal	canceled	
בקשת		bakashat	request for / request of	
בקשת		bekeshet	[in] an arch / [in] a rainbow	
בחומר		bekhomer	[in] a material / with a material / with clay	
בחומר		bakhomer	[in] the material / with the material / with the clay	
בראשה		berosha	in her head / at its top / led by	
נובל		novel	wilting	
נובל		nobel	Nobel	
נכנסה		nikhnesa	entered (f.s.)	
מושבה		moshava	village / colony	
מוכרים		mukarim	known / familiar (m.s.)	
מוכרים		mokhrim	sell (m.pl.) / sellers / salesmen	
מעגל		ma'agal	circle	
מאותו		me'oto	from the same	
מחברת		mekhaberet	author / connects / links (f.s.)	
מחברת		makhberet	notebook	
מחברת		mekhevrat	from the company of	
מביניהם		mibeinehem	from between them / from among them	
מבקר		mevaker	visitor / critic / inspector	
מסוגלת		mesugelet	capable (f.s.)	
יופי		yofi	beauty	
למאה		leme'a	to/for a hundred	
למאה		lame'a	to/for the century	
לשוני		leshoni	lingual / my tongue	
לשוני		lashoni	to the difference	
לפתור		liftor	to solve	
לחתום		lakhtom	to sign	
לחזק		lekhazek	to strengthen	
להגביר		lehagbir	to increase / to amplify / to strengthen	
לרשותו		lirshuto	at his disposal	
לסיפור		lesipur	to/for a story	
לסיפור		lasipur	to/for the story	
לסיבוב		lesivuv	to/for/per round / to/for/per revolution	
לסיבוב		lasivuv	to/for the round / to/for the revolution	
ומוות		umavet	and death	
ומעט		ume'at	and a little / and a few	
ואמצעי		ve'emtsa'i	and means / and middle	
וגורם		vegorem	and a factor / and a cause / and causes (m.s.)	
שייכים		shayakhim	belong / relevant (m.pl.)	
שלג		sheleg	snow	
שאיפשר		she'ifsher	that enabled / that facilitated (m.s.)	
שבועיים		shvu'ayim	fortnight	
שנפל		shenafal	that/who fell (m.s.)	
פתאומי		pit'omi	sudden	
פסולת		psolet	waste	
עורר		orer	woke / has excited (m.s.)	
עזבה		azva	left (f.s.)	
עצומה		atsuma	huge / petition (f.s.)	
זעירים		ze'irim	tiny (pl.)	
זרות		zarot	foreign / strangers (f.pl.)	
כוס		kos	glass / cup	
כפות		kapot	spoons / palms	
כרכים		krakhim	volumes	
המלא		hamale	the full / the complete (m.s.)	
המתיישבים		hamityashvim	the settlers	
המהירות		hamehirut	the speed / the velocity	
המהווה		hamehave	that is / that constitutes (m.s.)	
התנגדה		hitnagda	resisted / objected (f.s.)	
הקלה		hakala	the easy / the light weight (f.s.)	
הקטע		haketa	the segment / the section	
העיסוק		ha'isuk	the occupation / the work	
העלו		he'elu	raised / increased / lifted / brought up (pl.)	
הבעלים		be'alim	owners / husbands	
הראייה		hare'iya	the sight / the eye sight / the vision / the seeing	
דקר		dakar	pierced / punctured / stabbed	
דקר		deker	pick	
במתכוון		bemitkaven	intentionally	
ביקשה		biksha	asked / requested (f.s.)	
בוודאות		bevada'ut	definitely / for certain / at a certainty [of]	
בשורה		besora	tidings / news	
בשורה		bashura	in the line	
בשורה		beshura	in a line / in line	
בשדות		basadot	in the fields	
בשדות		besadot	in fields	
בניתוח		benitu'akh	in surgery / in analysis	
בניתוח		banitu'akh	in the surgery / in the analysis	
רכש		rekhesh	acquisition	
רכש		rakhash	purchased (m.s.)	
ניצול		nitsul	use / exploit	
ניצול		nitsol	survivor (m.s.)	
נאות		na'ot	good looking (f.pl.) / appropriate	
נחרצות		nekhratsot	resolved (adj.) (f.pl.) / with resolution / absolutely	
נגרמת		nigremet	is caused (f.s.)	
נסיבות		nesibot	circumstances	
לקיסר		lekeisar	to/for a Caesar	
לקיסר		lakeisar	to/for the Caesar	
האווירית		ha'avirit	the aero / the aerial (f.s.)	
הבריגדות		habrigadot	the brigades	
למחנות		lemakhanot	to/for camps	
למחנות		lamakhanot	to/for the camps / to/for the groups	
לחיילים		lekhayalim	to/for soldiers	
לחיילים		lakhayalim	to/for the soldiers	
עליונות		elyonut	supremacy / superiority	
בוש		bosh	ashamed / be ashamed (m.s.)	
להכריז		lehakhriz	to proclaim / to announce / to declare	
התיקון		hatikun	the correction / the repair	
התקדמו		hitkadmu	advanced / made a progress (pl.)	
נכבשה		nikhbesha	was conquered	
תמכה		tamkha	supported (f.s.)	
שטחה		shitkha	its area	
שנמשכה		shenimshekha	that lasted / that was pulled / that was attracted / that was withdrawn (f.s.)	
התמיכה		hatmikha	the support	
רפורמות		reformot	reforms	
מצוידים		metsuyadim	equipped (m.pl.)	
מנו		manu	counted / included (pl.)	
לכינוי		lekhinui	to/for a nickname	
לכינוי		lakinui	to/for the nickname	
תקיפה		tkifa	attack	
ולנסות		ulenasot	and to try	
וגרם		vegaram	and caused (m.s.)	
וגרם		vegerem	and an object	
המקדשים		hamikdashim	the shrines / the temples	
המקדשים		hamekadshim	the sanctifiers / that/who sanctifies	
הוחלף		hukhlaf	was replaced	
החקלאית		hakhakla'it	the agricultural / the farmer (f.s.)	
הראשונית		harishonit	the preliminary / the primary (f.s.)	
בגבהים		begvahim	at heights	
בגבהים		bagvahim	at the heights	
צבאיות		tsva'iyut	militarism	
צבאיות		tsva'iyot	military	
נאמנות		ne'emanut	loyalty / faithfulness	
נאמנות		ne'emanot	loyal / trustees (f.pl.)	
מקצוע		miktso'a	profession	
מסילת		mesilat	track of / rail of	
קציני		ktsinei	the officers of	
אולטימטום		ultimatum	ultimatum	
אחרון		akharon	last (m.s.)	
המוסר		hamusar	the morale / the ethics	
המוסר		hamoser	the deliverer	
המעורבים		hame'oravim	the ones involved	
השיג		hesig	achieved / criticized (m.s.)	
הפולחן		hapulkhan	the rite / the ritual / the sacramental	
האידאולוגיה		ha'ide'ologia	the ideology	
בידיו		beyadav	in his hands	
בפעולה		bif'ula	in action / in operation	
בסיסיות		bsisiyot	basic (f.pl.)	
סלילת		slilat	paving of	
נלקח		nilkakh	was taken (m.s.)	
מוקדמת		mukdemet	early / preliminary (f.s.)	
מעורבת		me'orevet	mixed / involved (f.s.)	
לבגרות		le'bagrut	to adulthood / to maturity / to puberty	
תפס		tafas	caught / perceived (m.s.)	
ותחמושת		vetakhmoshet	and ammunition	
וקיבל		vekibel	and received / and accepted	
וצפון		vetsafon	and north	
שמרו		shamru	kept / guarded / protected (pl.)	
שיפור		shipur	improvement	
שורת		shurat	the line of	
שקיבלה		shekibla	that/who received / that/who accepted (f.s.)	
שעסקו		asku	that/who dealt / that/who engaged / that/who worked (pl.)	
שהציע		shehetsi'a	that proposed / that suggested / that offered (m.s.)	
אושר		osher	happiness	
אושר		ushar	has been approved	
כלכליים		kalkaliyim	economic (m.pl.)	
התערבות		hit'arvut	intervention / bet	
התחתית		hatakhtit	the bottom / the subway	
השגת		hasagat	the achieving of / the perception of	
הקרויה		hakruya	that/who is called (f.s.)	
העוסקות		ha'oskot	that/who deal / that/who engage / who work (f.pl.)	
ההיסטורית		hahistorit	the historical (f.s.)	
הגיוס		hagiyus	the recruitment	
הבסיסיים		habsisiyim	the basic (m.pl.)	
הרואים		haro'im	that/who see (m.pl.)	
הצטרפה		hitstarfa	joined (f.s.)	
הנפוץ		hanafots	the common (m.s.)	
דינו		dino	his judgment / his sentence / his law	
דרמטית		dramatit	dramatic (f.s.)	
בעוצמה		be'otsma	with power / with force / with intensity	
טנק		tank	tank	
רשימות		reshimot	lists / records	
סיפורו		sipuro	his story	
סדיר		sadir	regular	
מקומיות		mekomiyot	local (f.pl.)	
מקורה		mekora	its source (f.s.)	
מקורה		makora	its beak (f.s.)	
מקורה		mekure	roofed	
מרכיבים		markivim	components / assemble / install (m.pl.)	
לתנועת		litnu'at	to the motion of / to the movement of / to the traffic of	
לערער		le'ar'er	to appeal / to undermine	
תפקידם		tafkidam	their role	
והפכו		vehafkhu	and inverted / and converted / and turned / and become / and transformed (pl.)	
שוטרים		shotrim	policemen	
שפורסם		shepursam	that was published / that was advertised	
קטעי		kit'ei	segments of / sections of	
פריטים		pritim	items	
עיקרי		ikari	main / principal / primary (m.s.)	
עיקרי		ikarei	highlights / main points	
עותקים		otakim	duplicates	
חוליות		khulyot	links / copula / vertebrate	
כאתר		ke'atar	as a site	
המתרחש		hamitrakhesh	that is happening	
המולד		hamolad	birth / new moon	
המולד		hamulad	the innate	
המוקדם		hamukdam	the early / the preliminary (m.s.)	
המורכב		hamurkav	the complex / the assembled / that is assembled	
היוצר		hayotser	that/who creates (m.s.) / the creator / the artist / the maker	
הלה		hala	that one	
התמנה		hitmana	was appointed / was nominated	
התנהגותו		hitnahaguto	his behavior	
הפסיד		hifsid	lost (m.s.)	
העשור		ha'asor	the decade	
ההרס		haheres	the destruction / the demolition	
הסמלים		hasmalim	the symbols	
הסמלים		hasamalim	the sergeants	
דהיינו		dehainu	meaning / namely	
דגם		dogem	sampler	
בתוואי		betvai	in a path / in a way	
בתוואי		batvai	in the path / in the way	
בעיירה		be'ayara	in a small town	
בעיירה		ba'ayara	in the small town	
בצעירותו		bits'iruto	in his youth	
טור		tur	line / series / column	
צבעי		tsaba'i	painter	
נחשף		nekhsaf	was exposed (m.s.)	
מבתי		mibiti	from my daughter	
תש		tash	was exhausted / worn out / weakened	
הסניף		hasnif	the branch	
ביהודים		bayehudim	among the Jews	
מתחם		mitkham	site / defined area	
ייעודו		ye'udo	his mission	
דרור		dror	freedom	
באישור		be'ishur	with the approval of	
שאול		sha'ul	borrowed	
שאול		sh'ol	hell	
בחיל		bekheil	in the forces of	
בחיל		bekhil	with fear	
נציג		natsig	representative	
שירותים		sherutim	services / toilets	
שכונות		shkhunot	neighborhoods	
מכוניות		mekhoniyot	cars	
האדריכלים		ha'adrikhalim	the architects	
הרמה		harama	lifting / the highland	
ופיתוח		ufitu'akh	and development / and the development of	
אינתיפאדת		intifadat	Intifada of (uprising of)	
מידת		midat	measure of / size of / quality of	
מופת		mofet	example / ideal / sign	
מספק		mesapek	satisfying / supplies (m.s.)	
שילב		shilev	combined (m.s.)	
אגודת		agudat	association of	
היוצרים		hayotsrim	the creators / the artists / the makers	
השיא		hasi	the top / the peak / the record	
הפלגה		haflaga	sailing	
הבורות		haborot	the holes / the pits	
הבורות		haburut	the ignorance	
רבת		rabat	with many	
מובילים		movilim	leaders / transporters (m.)	
מונע		mone'a	prevents (m.s.)	
מצומצם		metsumtsam	reduced / minimized	
לחלופין		lekhilufin	alternately	
לאותה		le'ota	to/for the same (f.s.)	
להתפתחות		lehitpatkhut	for development	
להתפתחות		lahitpatkhut	for the development	
תופס		tofes	catches / perceives (m.s.)	
ומכאן		umikan	and from here / hence	
אורגניזמים		organismim	organisms	
ארצי		artsi	my country / terrestrial / earthy	
כדוגמה		kedugma	as a sample / as an example	
היחסי		hayakhasi	the relative	
היבטים		hebetim	aspects/ views	
הדמיון		hadimyon	the imagination / the fantasy / the resemblance	
בפרויקט		bifroyekt	in a project	
בפרויקט		baproyekt	in the project	
באירועים		be'eru'im	in events	
באירועים		ba'eru'im	in the events	
הפרויקט		haproyekt	the project	
כללים		klalim	rules	
מתקיימת		mitkayemet	held / carried out / maintained / survives (f.s.)	
מנגנונים		manganonim	systems / mechanisms	
מצטרפים		mitstarfim	join (m.pl.)	
פעלים		pe'alim	acts / verbs	
המושגית		hamusagit	the conceptual (f.s.)	
הגאונים		hage'onim	the geniuses	
צריכת		tsrikhat	consumption of	
אנדרטאות		andarta'ot	monuments	
בתרגום		betargum	in translation / translated	
בתרגום		batargum	in the translation	
מתחום		mitkhum	from a field / from an area / from a range	
קולט		kolet	takes in / receives (m.s.)	
התכונות		hatkhunot	the characters / the attributes	
הפרעה		hafra'a	disturbance	
הסימנים		hasimanim	the signs	
אליפות		alifut	championship	
בחמצן		bekhamtsan	in/with oxygen	
בחמצן		bakhamtsan	in/with the oxygen	
במעבדה		bema'abada	in/at a laboratory	
במעבדה		bama'abada	in/at the laboratory	
נשימה		neshima	breath / breathing	
נשאי		nasa'ei	carriers of	
לווייתנים		livyatanim	whales	
גרורות		grurot	metastasis	
נאכלו		ne'ekhlu	were eaten	
מאתו		me'ito	from him	
מכוער		mekho'ar	ugly	
מהוגן		mehugan	decent / honest	
מהוגן		yitakhen	possible	
יען		ya'an	since	
ידידי		yedidi	my friend	
ידידי		yedidai	my friends	
ידידי		yedidei	the friends of	
לפטפט		lefatpet	to chat	
תואיל		to'il	you will be willing  (m.s.) / she will be willing	
וארגיש		ve'argish	and I will feel / and I will sense	
ואנה		ve'ana	and where	
ואנה		[ane] va'ana	hither and thither	
שהייתי		shehayiti	that I was	
שטויות		shtuyot	nonsense	
עפו		afu	flew (pl.)	
זוכר		zokher	remembers (m.s.)	
אהיה		eheye	I will be	
זרחה		zarkha	shone / was shining (f.s.)	
כאִלו		ka'elu	like these / like those	
כהוגן		kahogen	very	
התפלה		hatpala	desalination	
השזיפים		hashezifim	the plums	
הפרדס		hapardes	the orchard	
העורב		ha'orev	the raven	
האמנם		ha'umnam	is it possible / is that so?	
הגלמים		haglamim	the dummies / the stupid / the cocoons	
הגלעין		hagal'in	the pit	
הצעירות		hatse'irot	the young (f.pl.)	
הצנימים		hatsnimim	the toasts	
גמרתי		gamarti	I finished	
בעינים		be'einayim	in/with eyes	
בעינים		ba'einayim	in/with the eyes	
בחזקה		bekhazaka	in the possession	
בחזקה		bekhezka	power (math.)	
בהביטי		behabiti	when I look	
בטח		betakh	sure / certainly / must be	
בטח		batakh	trusted (m.s.)	
רגליה		ragleha	her legs	
צרורי		tsrori	my bundle / my package	
סביבי		svivi	around me	
נאנח		ne'enakh	moaned (m.s.)	
מישהו		mishehu	someone / somebody	
יעלה		ya'ale	will rise / will increase / will lift / will come up / will bring up (m.s.)	
ענו		anu	answered (pl.)	
זקנה		zkena	old (f.s.)	
התפוחים		hatapu'khim	the apples	
התפוחים		hatfukhim	the tumid (m.pl.)	
הנם		hinam	are	
במוחי		bemokhi	in my brain	
בזהירות		biz'hirut	carefully	
בצחוק		bits'khok	jokingly	
ומדי		umidei	and whenever / and as often as	
ומדי		umadei	and the uniform of	
והשמש		vehashemeh	and the sun	
והשמש		vehashamash	and the attendant	
עבה		ave	thick	
אליכם		eleikhem	to you (m.pl.)	
אשם		ashem	guilty	
אשם		asham	guilt	
כרגע		karega	at the moment	
רגש		regesh	feeling / emotion	
סערה		se'ara	storm (n.) / stormed (f.s.)	
מרוצה		merutsa	running (n.) / sutisfied (f.s.)	
מרוצה		merutse	sutisfied (m.s.)	
ידה		yada	her hand	
לשבוע		lashavu'a	for the week	
לשבוע		leshavu'a	for a week	
לחבית		lekhavit	into a barrel	
לחבית		lakhavit	into the barrel	
שחורה		skhora	black (f.s.)	
הקץ		hakets	the end / the termination / the ruin	
הקטנות		haktanot	the small / the little (f.pl.)	
הפקיד		hapakid	the clerk / the official	
הפקיד		hifkid	deposited	
הדעת		hada'at	the mind / the knowledge / the wisdom	
גדלו		gadlu	grew (pl.)	
בתאונה		bate'una	in the accident	
בתאונה		bete'una	in an accident	
מכות		makot	hits / strokes / blows	
פתע		peta	sudden / suddenly	
עיניים		einayim	eyes	
אזי		azai	then	
היפה		hayafe	the pretty / the good (m.s.)	
היפה		hayafa	the pretty / the good (f.s.)	
התאבדות		hit'abdut	suicide	
הועיל		ho'il	was useful	
הרצח		haretsakh	the murder	
דודו		dodo	his uncle	
רווח		revakh	profit / gain / gap	
רווח		ravakh	widespread / relief	
צעירות		tse'irot	young (f.pl.)	
מוצלח		mutslakh	successful (m.s.)	
מחזה		makhaze	play / show	
ילדה		yalda	child (f.) / girl	
ישן		yashan	old (m.s.)	
ישן		yashen	sleeping (m.s.)	
לקלוע		liklo'a	to shoot / to hit (a target)	
לחלל		lakhalal	to space	
שישב		sheyashav	that/who sat (m.s.)	
שעתיים		sha'atayim	two hours	
שאליו		she'elav	that to him	
פן		pen	lest	
פן		pan	side / characteristic	
פנימה		pnima	inside / inwardly	
זרע		zera	seed / sperm	
המונים		hamonim	crowd / a lot	
המשפחות		hamishpakhot	the families	
המנוח		hamano'akh	the deceased	
הסכימה		hiskima	agreed (f.s.)	
בלעדי		bil'adi	exclusive	
בלעדי		bil'adai	without me	
בלעדי		bil'adei	without	
נשמרו		nishmeru	were kept / were guarded / were protected	
ממשיכה		mamshikha	continues (f.s.)	
מוכרת		mukeret	known / familiar (f.s.)	
מוכרת		mokheret	seller / salswoman / sells (f.s.)	
מהשדה		mehasade	from the field	
מבפנים		mibifnim	from inside	
לעובדה		le'uvda	to/for a fact	
לעובדה		la'uvda	to/for the fact	
להמתין		lehamtin	to wait	
תחתיו		takhtav	under him/it / in his/its place	
ובתוך		uvetokh	and inside	
שלחה		shalkha	sent (f.s.)	
שראה		shera'a	that/who saw (m.s.)	
פשע		pesha	crime	
פשע		pasha	commited a crime	
פרחי		pirkhei	flowers of	
עובדות		uvdot	facts	
עובדות		ovdot	work / workers (f.pl.)	
אדירה		adira	great / mighty / powerful (f.s.)	
כעשרים		ke'esrim	about twenty	
המחיר		hamekhir	the price	
המכונים		hamekhonim	the institutes	
המכונים		hamekhunim	that are called (m.pl.)	
הפרה		hafara	breach / violation	
הפרה		hefera	breached (f.s.)	
הפרה		hapara	the cow	
העצבים		ha'atsabim	the nerves	
הראי		har'i	show (f.s. imperative)	
הראי		hare'i	the mirror	
בשיעור		beshi'ur	in a lesson / to an extent	
בשיעור		bashi'ur	in the lesson / to the extent	
בחרו		bakhru	chose / selected / voted (pl.)	
ברצון		birtson	at the will of	
ברצון		beratson	willingly	
צינור		tsinor	pipe	
צומח		tsome'akh	grows (m.s.) / flora	
צפופה		tsfufa	dense / crowded	
נשמת		nishmat	the soul of / the breath of	
מלאכותי		melakhuti	artificial (m.s.)	
מושב		moshav	cooperative settlements / seat / session	
משקפי		mishkafei	glasses of	
מפתיע		mafti'a	surprising	
מפרק		mefarek	takes apart / dismantles (m.s.)	
מפרק		mifrak	joint	
מחולק		mekhulak	divided (m.s.)	
מטופלים		metupalim	patients / taken care of (m.pl.)	
למלא		lemale	to fill	
למקומות		lemekomot	to places	
למקומות		lamekomot	to the places	
למחלה		lemakhala	for sickness	
למחלה		lamakhala	for the sickness	
ליגת		ligat	the league of	
לתנועה		litnu'a	to a motion / to a movement/ to traffic	
לתנועה		latnu'a	to the motion / to the movement / to traffic	
לאו		lav	no	
לזכייה		lezkhiya	for a winning	
לזכייה		lazkhiya	for the winning	
תרם		taram	donated / contributed (m.s.)	
ומת		vamet	and died	
ומעולם		ume'olam	and never	
ואנשים		ve'anashim	and people	
וביקש		uvikesh	and asked / and requested (m.s.)	
שיצאה		sheyats'a	that/who went out / that /who came out (f.s.)	
שוכנים		shokhnim	live / dwell (m.pl.)	
שפירושו		sheperusho	which meaning is (m.s.)	
שעיר		sa'ir	hairy	
שעיר		sa'ir [la'aza'zel]	scapegoat	
קיומם		kiyumam	their existence / their survival / their holding / their fulfillment (m.pl.)	
פגע		paga	hit / damaged / offended (m.s.)	
עשירים		ashirim	rich (m.pl.)	
איומים		iyumim	threats	
איומים		ayumim	terrible / horrible (m.pl.)	
חוזרת		khozeret	returns (f.s.) / repeats (f.s.) / repeating	
אוהד		ohed	sympathizes / sympathizer / follower / fan (m.s.)	
זרה		zara	foreign / stranger (f.s.)	
כנס		kenes	conference	
המועדון		hamo'adon	the club	
המסמכים		hamismakhim	the documents	
התיכונה		hatikhona	the middle (f.s.)	
התקשו		hitkashu	hardened	
התנהלו		hitnahalu	were managed / were conducted / walked (pl.)	
הקוראים		hakor'im	the readers / who read / that/who call (m.pl.)	
הקריאה		hakri'a	the reading / the call	
הפגנות		hafganot	demonstrations	
העריך		he'erikh	assessed / estimated / appreciated (m.s.)	
החקירה		hakhakira	the inquiry / the investigation / the inquiry	
הכינוי		hakinui	the nickname	
הכביש		hakvish	the road	
ההחלטות		hahakhlatot	the decisions	
הדרושה		hadrusha	that is required (f.s.)	
הגם		hagam	although	
הטענות		hata'anot	the claims / the arguments	
דאגה		de'aga	worry	
דרוש		darush	required / needed (m.s.)	
דרכם		darkam	their way / through them	
גזעים		gza'im	trunks / races	
במאמר		be'ma'amar	in an article / in a saying	
במאמר		ba'ma'amar	in the article / in the saying	
בהמות		behemot	cattle / beast / hippopotamus	
בבנק		bebank	in/at a bank	
בבנק		babank	in/at the bank	
בסעיף		besa'if	in clause	
בסעיף		basa'if	in the clause	
בנויה		bnuya	built (adj.) (f.s.)	
סיבוב		sivuv	rotation / revolution	
סבור		savur	thinks / assumes (m.s.)	
נלחם		nilkham	fights / fought (m.s.)	
נוסע		nose'a	goes (by a vehicle) / passenger / traveler (m.s.)	
נפצע		niftsa	was injured (m.s.)	
נאכל		ne'ekhal	was eaten (m.s.)	
נזכר		nizkar	remembered	
קיסרים		keysarim	caesars	
פשרת		psharat	compromise of / conciliation of	
אבירים		abirim	knights	
הכליאה		hakli'a	the incarceration	
משלוח		mishlo'akh	shipment / delivery	
מגננה		mignana	defensive	
תכניות		tokhniyot	plans / programs / layouts	
קצונה		ktsuna	commissioned rank	
פשיטות		pshitot	raids / incursions	
הימית		hayamit	the marine (f.s.)	
השיש		hashayish	the marble	
הקיסרים		hakeysarim	the caesars	
הקיסרי		hakeysari	the caesarian	
הפדרלית		hafederalit	the federal (f.s.)	
האבדות		ha'avedot	the losses	
בורים		burim	ignorant (m.pl.)	
לעבדות		le'avdut	to/for slavery	
לדרגת		ledargat	to a degree of / to a level of / to a rank of	
וחימוש		vekhimush	and armament	
אסורה		asura	forbidden / imprisoned (f.s.)	
המלחים		hamelakhim	the salts	
המלחים		hamalakhim	the sailors	
השיחות		hasikhot	the conversations	
הצלחות		hatslakhot	successes	
בחקלאות		bekhakla'ut	in agriculture	
מילואים		milu'im	supplement / addition / reserves (military)	
מקדשים		mikdashim	shrines / temples	
מעמדות		ma'amadot	classes	
מסיבי		masivi	massive	
לפשוט		lifshot	to remove / to take of / to attack	
וחלקים		vekhalakim	and parts / and smooth / and slippery (m.pl.)	
והמשיך		vehimshikh	and continued (m.s.)	
חלשה		khalasha	weak (f.s.)	
הקודמות		hakodmot	the former / the previous (f.pl.)	
החקלאות		hakhakla'ut	the agriculture	
האסטרטגית		ha'estrategit	the strategic (f.s.)	
הטריטוריה		hateritorya	the territory	
מדגם		midgam	sample (stat.)	
ומשפחתו		umishpakhto	and his family	
עיתונאים		itona'im	journalists	
אלמנט		element	element	
התמוטטות		hitmotetut	collapse / breakdown / crash	
השלמת		hashlamat	completion of	
העניקו		he'eniku	gave (pl.)	
הנצורים		hanetsurim	the besieged / the treasured (m.pl.)	
סירות		sirot	boats	
לכלול		likhlol	to include	
תפסו		tafsu	caught / perceived (pl.)	
ולתת		velatet	and to give	
ועדה		va'ada	committee / commission	
שנפלו		shenaflu	that/who fell / who were killed in action (pl.)	
קמו		kamu	stood up / woke up / were established (pl.)	
עובדי		ovdei	workers of	
חוות		khavot	farms	
אקדחים		ekdakhim	pistols	
חדירה		khadira	penetration / incursion	
המקבילה		hamakbila	the parallel / the simultaneous (f.s.)	
הותיר		hotir	left	
השתמשה		hishtamsha	used (f.s.)	
הפרטי		haprati	the private (m.s.)	
העניקה		he'enika	gave (f.s.)	
הציעו		hetsi'u	proposed / suggested / offered (pl.)	
גורשו		gorshu	were expelled	
במשא		bemasa	[in] a burden / [in] a load	
במשא		bamasa	[in] the burden / [in] the load	
נמשכו		nimshekhu	lasted / were pulled / were attracted / were withdrawn (f.s.)	
ממרחק		mimerkhak	from a distance	
מוערך		mo'arakh	estimated / valued / appreciated	
מוצאם		motsa'am	their origin (m.pl.)	
מעמדה		ma'amada	her position / her status / her class	
מהוות		mehavot	are / constitute (f.pl.)	
למשפט		lamishpat	to/for the trial	
למשפט		lemishpat	to/for a trial	
ללימודים		lelimudim	for studies	
ללימודים		lalimudim	for the studies	
לשעה		lesha'a	per hour / for an hour	
לשעה		lasha'a	for the hour	
לבעלי		leba'ali	for my husband	
לבעלי		leba'alei	for the owners of	
ששרדו		shesardu	that/who survived	
שהתנגדו		shehitnagdu	that/who resisted / who objected (pl.)	
שבטי		shivti	tribal / my tribe	
שבטי		shivtei	tribes of	
שנויה		shnuya	repeated (f.s.)	
שנויה		shnuya [bemakhloket]	controversial / in dispute (f.s.)	
פירושה		perusha	its meaning / its explanation / its interpretation	
חומת		khomat	the wall of	
המופת		hamofet	the example / the ideal / the sign	
המערכות		hama'arakhot	the systems / the battles / the acts	
המאורעות		hame'ora'ot	the events	
המהירה		hamehira	the  fast / the rapid / the quick (f.s.)	
המס		hemes	dissolved	
המס		hamas	the tax	
הילידים		hayeladim	the children	
התנהל		hitnahel	was managed / was conducted / walked (m.s.)	
השפיעו		hishpi'u	had an effect / influenced (pl.)	
החייל		hakhayal	the soldier	
הכתר		haketer	the crown	
הציירים		hatsayarim	the painters	
בכינוי		bekhinui	by a nickname	
בכינוי		bakinui	by the nikname	
בגבול		bigvul	at the border / at the limit	
טילים		tilim	missiles	
טונות		tonot	tones	
נקראו		nikre'u	were read / were called	
מוצבים		mutsavim	posted / placed (m.pl.) / strongholds	
מקיף		mekif	surrounds / encircles / comprehensive (m.s.)	
מרובי		merubei	numerous / poly- / multiple- (m.pl.)	
מראים		mar'im	show (m.pl.)	
יחסו		yakhaso	his attitude	
יריות		yeriyot	shots	
לימין		leyamin	to the right	
לימין		layamin	to the right	
ליש		layish	lion	
ופינוי		ufinui	and evacuation / and the evacuation of	
שלפני		shelifnei	that before	
ששימשה		sheshimsha	that was used for (f.s.)	
שאיננו		she'eineno	that/who is not / that/who is not here / that/who is missing (m.s.)	
שהובילו		shehovilu	that/who led / that/who transported (pl.)	
פלוגה		hapluga	the company (mil.)	
עבדו		avdu	worked (pl.)	
אזהרות		azharot	warnings	
אנושיים		enoshiyim	humane (m.p.)	
המיעוטים		hami'utim	the minorities	
המוחלטת		hamukhletet	the total (f.s.)	
המורכבות		hamurkavut	the complexity	
המורכבות		hamurkavot	the complex / composed of (f.pl.)	
המאוחרת		ha'me'ukheret	the late (f.s.)	
המזוהה		hamezuhe	the identified / that/who is associated [with] (m.s.)	
המזוהה		hamezuha	the identified / that/who is associated [with] (f.s.)	
המחזמר		hamakhazemer	the musical	
הלחין		hilkhin	composed (m.s.)	
התייצב		hityatsev	stabilized / stood before (m.s.)	
הותקף		hutkaf	was attacked	
הפליטים		haplitim	the refugees / the survivors (m.pl.)	
הפגין		hifgin	demonstrated (m.s.)	
הפסדים		hefsedim	losses	
העיד		he'id	testified	
העדר		he'eder	absence / lack	
ההתפתחות		hahitpatkhut	the development	
הדוק		haduk	tight	
הדרמה		hadrama	the drama	
הגירה		hagira	immigration	
הבסיסים		habsisim	the bases	
הרכיבה		harekhiva	the ride	
הרכיבה		hirkiva	assembled	
הנציב		hanatsiv	the governor / the commissioner / the pillar	
במוסדות		bemosadot	in institutes	
במוסדות		bamosadot	in the institutes	
במוסדות		bemosdot	in the institutes of	
ביקשו		bikshu	asked / requested (pl.)	
בתמונה		betmuna	in a picture	
בתמונה		batmuna	in the picture	
בתוספת		betosefet	in addition	
בקהילה		bekehila	in a community	
בקהילה		bakehila	in the community	
בקבוצת		bikvutsat	in a group of / in the group of	
בקבוצות		bikvutsot	in groups / in the groups of	
בקבוצות		bakvutsot	in the groups	
בפסטיבל		bafestival	in the festival	
בצפונה		bitsfona	on the north of	
בנייני		binyanei	buildings of	
צרה		tsara	trouble / narrow / enemy (f.s.)	
סצינות		stsenot	scenes	
נמכרו		nimkeru	were sold	
נדירים		nedirim	rare (m.pl.)	
נבחרה		nivkhara	was elected / was selected (f.s.)	
מנשייה		mineshiya	from oblivion	
הקרבית		hakravit	the combat (adj.) (f.s.)	
הפרדות		hafradot	separations	
האוטובוס		ha'otobus	the bus	
הנפת		hanafat	lifting the / waving the	
פלסים		plasim	levels	
ארכאולוגיים		arkhe'ologiyim	archeological	
ההשמדה		hahashmada	the destroying / the extermination	
הנדסית		handasit	geometric / of engineering (f.s.)	
בגדוד		begdud	in a regiment	
בגדוד		bagdud	in the regiment	
מכני		mekhani	mechanical	
מוזכרים		muzkarim	mentioned (m.pl.)	
למימון		lemimun	for financing	
דאז		de'az	then / former	
בסלע		basela	in rock	
בסלע		[mila] besela	speech is silver	
סבא		saba	grandfather	
מילא		meila	never mind / so be it	
מילא		mila	filled (m.s.)	
קרקעיים		karka'iyim	ground (adj.) (m.pl.)	
עלייתם		aliyatam	their rise / their increase / their immigration	
חנויות		khanuyot	stores / shops	
ציבוריים		tsiburiyim	public (m.pl.)	
נחלת		nakhalat	estate of / land of / heritage of	
פטירתו		ptirato	his death	
פסוקים		psukim	verses	
ההיסטוריים		hahistoriyim	the historical (m.pl.)	
הגוש		hagush	the lump / the block / the mass / the region	
בקירוב		bekeruv	approximately	
מוקד		moked	center / focus / fire	
וצמחים		vetsmakhim	and plants	
שוויון		shivyon	equality	
שהרי		sheharei	you see / since / because	
עסקה		aska	dealt / engaged / worked (f.s.)	
אופייניים		ofyaniyim	characteristic (m.pl.)	
השונה		hashone	the different / that/who is different (m.s.)	
הספרותית		hasafrutit	the literary (f.s.)	
גון		gon	shade / hue	
ספירת		sfirat	counting of	
מייחסים		meyakhasim	ascribe (m.pl.)	
מציאות		metsi'ut	reality	
מניעת		meni'at	prevention of	
ייחודיים		yikhudiyim	unique (m.pl.)	
ללשון		lilshon	to/for the language of	
ללשון		lalashon	to/for the tongue / to/for the language	
תפיסת		tfisat	catching of / capture of / grasp of / seizure of / perception of	
פוליטיקה		politica	politics	
הישירה		hayeshira	the direct (f.s.)	
השוויון		hashivyon	the equality	
גיבור		gibor	hero	
גשמים		gshamim	rains	
בחרב		bekherev	by sword / by a sword	
בחרב		bakherev	by the sword	
בכתביו		bikhtavav	in his works (of an author)	
טמפרטורת		temperaturat	temperature of	
רוכבי		rokhvei	the riders of	
נתפסת		nitpeset	is caught / is perceived (f.s.)	
אורות		orot	lights	
החופשי		hakhofshi	the free (m.s.)	
השבעה		hashiv'a	the seven / Shiva (the seven days of mourning)	
השבעה		hashba'a	swearing in	
השבעה		hasve'a	the satisfied / the full (not hungry) (f.s.)	
מתקיימות		mitkaymot	held / carried out / maintained / survive (f.pl.)	
מרכיב		markiv	component / assembles / installs (m.s.)	
למגוון		lemigvan	to a variety	
למגוון		lamigvan	to the variety	
האוכלוסין		ha'ukhlusin	the population	
קריטריונים		kriteryonim	criteria	
כתר		keter	crown	
קריירה		karyera	career	
משפטים		mishpatim	trials / sentences	
יונה		yona	dove / pigeon	
ובמידה		uvemida	and of a measure / and of size / of a quality / to the extent that / [if (slang)]	
פיזי		fizi	physical	
התוצר		hatotsar	the product	
האבולוציוני		ha'evulutsyoni	the evolutionary (m.s.)	
הכבידה		hakvida	gravitation	
בהשראת		behashra'at	inspired by	
רש		rash	poor	
רש		ne'urav	his youth	
עונתה		unta	was tortured (f.s.)	
המתמטיקאים		hamatematika'im	the mathematicians	
היומיומי		hayomyomi	the daily	
הקולנועית		hakolno'it	the cinematic	
הפיוט		hapiyut	the hymn	
העקיף		ha'akif	the indirect / the vicarious / the bypass	
דקדוקית		dikdukit	grammatical (f.s.) / grammatically	
בסטודיו		bestudio	in/at a studio	
בסטודיו		bastudio	in/at the studio	
צייר		tsayar	painter	
צייר		tsiyer	painted	
ביקורתית		bikortit	critical (f.s.)	
מתמטיקאים		matematika'im	mathematicians	
בטכניקות		betekhnikot	using techniques	
בטכניקות		batekhnikot	using the techniques	
בחלל		bakhalal	in space	
מפיק		mefik	producer	
פסקול		paskol	soundtrack	
תוצרי		totsrei	products of	
שניות		shniyot	seconds	
הפואטית		hapo'etit	the poetic	
הספורטאים		hasporta'im	the athletes	
מהלומות		mahalumot	strokes	
אווירנית		aviranit	aerobic (f.s.)	
האסורות		ha'asurot	the forbidden / the imprisoned (f.pl.)	
בטא		bate	express (m.s. imperative)	
בסיסים		bsisim	bases	
מולקולרית		molekularit	molecular	
נוזלים		nozlim	liquids / fluids / running / leaking (m.pl.)	
מדענים		mad'anim	scientists	
הנגיפים		hanegifim	the viruses	
ההדבקה		hahadbaka	the gluing / the infecting	
מוחי		mokhi	cerebral / my brain	
שאוכל		she'ukhal	that I will be able	
שאוכל		she'okhal	that I will eat	
שאוכל		she'okhel	that/who eats (m.s.)	
שאוכל		she'ukal	that was consumed / that was burnt	
פקדה		pakda	commanded / ordered / visited / attended (f.s.)	
בנשף		beneshef	at/in a ball / at/in a party	
בנשף		baneshef	at/in the ball / at/in the party	
ספסל		safsal	bench	
עצבי		itsbei	nerves of	
הרבע		hareva	the quarter	
לסבול		lisbol	to suffer	
כאב		ke'ev	pain	
החרדית		hakharedit	the orthodox (f.s.)	
הבריות		habriyot	the people	
גמורה		gmura	total / complete / finished (f.s.)	
בקושי		bekoshi	hardly	
מלפני		milifnei	from before	
מלכות		malkhut	kingdom / kingship	
מלכות		malkot	queens	
מבקשת		mevakshot	ask / request (f.pl.)	
לעצמה		le'atsma	for herself	
לצמוח		litsmo'akh	to grow	
אורחים		orkhim	guests	
כתמים		ktamim	stains	
המופע		hamofa	the show / the performance	
הורגים		horgim	kill (m.pl.)	
הוסיפו		hosifu	added (pl.)	
השלג		hasheleg	the snow	
הפגישה		hapgisha	the meeting	
הציפור		hatsipor	the bird	
בדרכי		bedarki	on my way / my way	
רצתה		ratsta	wanted (f.s.)	
נהיה		nihiya	became (m.s.)	
נהיה		nihiye	we will be	
מוצאת		motset	finds (f.s.)	
משוכנע		meshukhna	convinced (m.s.)	
והוסיף		vehosif	and added (m.s.)	
שהו		shahu	stayed (pl.)	
קיץ		kayits	summer	
עובד		oved	works (m.s.)	
חשבונות		kheshbonot	arithmetic / accounts / bills	
כמי		kemi	as who / as whom	
היריבות		hayerivut	the rivalry	
בדים		badim	linen / lies	
בדים		[sipur] badim	fabricated story	
בריא		bari	healthy (m.s.)	
נעלמו		ne'elmu	disappeared / hidden / concealed (pl.)	
מתי		matai	when	
מונחים		munakhim	terms / placed / lying (m.pl.)	
יקרות		yekarot	dear / expensive (f.pl.)	
לקרקע		lekarke'a	to ground	
לבוש		levush	clothing	
שייכת		shayekhet	belongs / relevant (f.s.)	
שקטה		shketa	quiet / silent (f.s.)	
שקטה		shakta	calmed down / became quiet (f.s.)	
קום		kum	get up (m.s. imperative)	
קור		kor	cold	
קבעה		kav'a	determined / fixed / set (f.s.)	
פומבי		pumbi	public / overt (m.s.)	
פסוק		pasuk	verse	
עמי		ami	my people	
עצרה		atsra	stopped / arrested (f.s.)	
חילופי		khilufi	spare	
זעיר		za'ir	tiny	
כחודש		kekhodesh	approximately one month	
כחצי		kekhetsi	approximately half	
כבן		keven	as a son	
כביכול		kivyakhol	supposedly / so to speak / so called	
המדיני		hamedini	the political (m.s.)	
הקירות		hakirot	the walls	
האחורי		ha'akhori	the back / the rear (m.s.)	
הדיבור		hadibur	the speech	
בליווי		belivui	accompanied by	
בודדות		bodedot	lonely / single (f.pl.)	
בהתאמה		behat'ama	correspondingly / respectively / compatibly / harmonically	
רבני		rabani	rabbinical	
סיר		sir	pot	
נים		nim	capillary / asleep	
נופל		nofel	falls (m.s.)	
נערים		ne'arim	boys / youngsters	
מלאות		mele'ot	full / complete (f.pl.)	
מעלים		ma'alim	hides (m.s.) / conceals (m.s.) / rise (m.pl.) / lift (m.pl.)	
מחוסר		mekhusar	lacking / without / --less  (m.s.)	
מחזיר		makhzir	returns (m.s.)	
מזהה		mezahe	identifies / recognizes (m.s.)	
מאבקים		ma'avakim	struggles / fights / conflicts	
מד		mad	meter / gauge	
מספרי		mispari	my number / numerical	
מספרי		mesifri	from my book	
מספרי		misifrei	from the book of	
יוצאת		yotset	goes out / comes out (f.s.)	
ליהנות		lehenot	to enjoy	
לחמוק		lakhamok	to evade / to avoid / to run away / to slip away	
לאין		le'ein	without	
לחיי		lekhayei	to the life of (m.) / cheers	
לבדה		levada	alone / by herself (f.s.)	
לרעיון		lara'ayon	to the idea	
תרופה		trufa	medication / drug	
וקרא		vekara	and read / and called (m.s.)	
ואיש		ve'ish	and a man / and a person	
ובעולם		uva'olam	and in the world	
וראו		vera'u	and saw (pl.)	
וראו		ur'u	and look / and see (pl. imperative)	
וניסה		venisa	and tried (m.s.)	
שמועות		shmu'ot	rumors	
שמרני		shamrani	conservative (m.s.)	
שירותי		sherutei	services of / toilets of	
שקיעת		shki'at	sinking of / decline of / setting of	
שעליהם		she'aleihem	that on them / that about them / on whom / about whom (m.pl.)	
שאיפה		she'ifa	aspiration / inhalation	
שכנה		shkhena	neighbor (f.s.)	
שכנה		shakhna	lived / dwelt (f.s.)	
שהעניקו		shehe'eniku	that/who gave (pl.)	
שניתנו		shenitnu	that were given	
קריאת		kri'at	reading of / call of	
פרסומים		pirsumim	publications / advertisements	
עממית		amamit	popular / national / folk (f.s.)	
עשן		ashan	smoke	
עצומות		atsumot	huge (f.pl.)	
חולי		kholi	sickness	
חודשיים		khodshayim	two months	
זורמים		zormim	flow (v.) (m.pl.)	
חריגים		kharigim	exceptions / deviations / irregular	
כופה		kofe	imposes (m.s.)	
כדורי		kaduri	spherical / round	
כדורסל		kadursal	basketball	
המפגינים		ha'mafginim	the demonstrators	
המבוגר		hamevugar	the adult	
התפטר		hitpater	resigned (m.s.)	
הקצר		hakatsar	the short	
הפצת		hafatsat	distribution of	
העסקים		ha'asakim	the business	
החיזור		hakhizur	the courting / reduction (chemistry)	
הזירה		hazira	the arena / the scene	
החלטת		hakhlatat	decision of	
האשמה		ha'ashma	the blame / the guilt	
הזאב		haze'ev	the wolf	
הכבד		hakaved	the heavy	
הכספית		hakaspit	the mercury	
הגודל		hagodel	the size	
הסוללה		hasolela	the battery	
הנזק		hanezek	the damage	
דיו		dayo	had enough	
דיו		dyo	ink	
דל		dal	poor (m.s.)	
דוברי		dovrei	speakers of	
גידלו		gidlu	grew / raised (pl.)	
גובהו		govho	his height	
גורמי		gormei	factors of / causes of	
גני		gani	my garden	
בליגת		beligat	in the league of	
בקשרים		beksharim	in connections / in relations / in bonds	
בפניו		befanav	in front of him / in his presence	
בהיקף		behekef	on a circumference / at a scope	
בהיקף		bahekef	on the circumference	
בהתקפות		behatkafot	in attacks	
בהתקפות		bahatkafot	in the attacks	
בגליל		bagalil	in the cylinder / in the roll / in the Galilee	
בגליל		begalil	in a cylinder / in a roll	
בסיוע		besiyu'a	with the assistance of	
בסיסית		bsisit	basic (f.s.)	
בסכנה		besakana	in danger / at risk	
בנסיבות		binsibot	under the circumstances [of]	
בנסיבות		banesibot	under the circumstances	
טבעת		taba'at	ring	
רוחנית		rukhanit	spiritual	
ראויים		re'uyim	worthy of / suitable / deserving / eligible / appropriate (m.pl.)	
צמיחה		tsmikha	growth	
סייע		siya	assisted / helped (m.s.)	
ספציפיים		spetsifiyim	specific (m.pl.)	
נותנת		notenet	gives (f.s.)	
נועדו		no'adu	intended for / destined for / conferred (pl.)	
נוער		no'ar	youth	
נשבר		nishbar	broke (m.s.)	
נפתחת		niftakhat	opens (f.s.)	
לאמות		lamot	llamas (animal)	
להדוף		lahadof	to push / to repel	
לסיוע		lesiyu'a	for aid / for assistance	
הקומנדו		hakomando	the commando	
הנסיגה		hanesiga	the withdrawal / the retreat	
מברית		mibrit	from a pact / from a alliance / from a covenant / from a circumcision	
מצדם		mitsidam	from their side / as far as they are concerned	
עדיפות		adifut	priority	
חאן		khan	inn	
כינו		kinu	called / named (pl.)	
המשוריינת		hameshuryenet	the armored (f.s.)	
התבצע		hitbatse'a	was performed / was executed	
נוהלו		nuhalu	were managed / were conducted	
ממחנה		mimakhane	from a camp / from the camp of / from a group / from the group of	
מוגן		mugan	defended / protected (m.s.)	
מכוח		miko'akh	by the power of	
לשטח		lashetakh	to the area / to the field / to the territory	
לשטח		leshetakh	to an area / to a field / to a territory	
ומאות		ume'ot	and hundreds / and centuries	
חקלאות		khakla'ut	agriculture	
התכנון		hatikhnun	the planning / the design / the layout	
הפקידים		hapkidim	the clerks / the officials	
הפעילו		hif'ilu	operated / activated (pl.)	
האומות		ha'umot	the nations	
הכיוון		hakivun	the direction / the adjustment / the tuning	
הביס		hevis	defeated	
בזירת		bezirat	in the arena of / at the scene of	
בצו		betsav	by order	
בנהר		benahar	in a river	
בנהר		banahar	in the river	
ניתוק		nituk	disconnection / cutting off / severance	
נכשלה		nikhshela	failed (f.s.)	
מתמדת		matmedet	constant / continuous / continued	
מוצאו		motsa'o	his/its origin	
משפחותיהם		mishpakhoteihem	their families	
מהפכת		mahapekhat	the revolution of	
מהאוויר		meha'avir	from the air	
מסרים		mesarim	messages	
לגדל		legadel	to grow / to raise	
שאמורה		she'amura	that is supposed (f.s.)	
אימץ		imets	adopted (m.s.)	
חיפשו		khipsu	searched (pl.)	
המתאימים		hamat'imim	the suitable / the appropriate / the applicable / the identical (m.pl.)	
השתתפות		hishtatfut	participation	
הקוד		hakod	the code	
האגף		ha'agaf	the section / the wing	
גויסו		guysu	were recruited	
במונח		bemunakh	in a term	
במונח		bamunakh	in the term	
נר		ner	candle	
מקל		makel	stick / cane	
מקל		mekel	eases	
מפעילי		maf'ilei	operators of	
מצויד		metsuyad	equipped (m.s.)	
מסורתי		masorti	traditional (m.s.)	
יוצרו		yotsro	his/its creator / his/its maker	
יוצרו		yutsru	were made / were manufactured	
יכולתם		yekholtam	their ability / their capability	
לשמירת		lishmirat	for keeping / for guarding / for protecting	
לעצמאות		le'atsma'ut	to/for independence	
לעצמאות		la'atsma'ut	to/for the independence	
תעשייה		ta'asiya	industry	
ומשום		umishum	and because	
שהפכה		shehafkha	that inverted / that converted / that turned / that become / that transformed (f.s.)	
שנגרם		shenigram	that is caused	
קיימו		kiymu	held / carried out / maintained (pl.)	
פרטיות		pratiyut	privacy	
אזהרה		azhara	warning	
המאוחרות		ha'me'ukharot	the late (f.pl.)	
הימני		hayemani	the right / the right handed / the rightist (m.s.)	
התעשייתית		hata'asiyatit	the industrial	
השלכות		hashlakhot	implications	
הפנימיים		hapnimiyim	the internal (m.pl.)	
האמור		ha'amur	the supposed / the said	
הארכיון		ha'arkhiyon	the archive	
במערכות		bema'arakhot	in systems / in battles / in acts	
במערכות		bama'arakhot	in the systems / in the battles / in the acts	
באגם		ba'agam	in the lake	
באגם		be'agam	in a lake	
בבד		[bad] bevad	at the same time as	
בריאות		briyut	health	
רובע		rova	quarter	
סמלי		simli	symbolic	
סרן		seren	captain / axle	
מייצגים		meyatsgim	represent (m.pl.)	
מיתר		meytar	chord / string / tendon	
מושא		musa	object / objective	
מושגי		musagi	conceptual (m.s.)	
מועטים		mu'atim	little / few / slight (m.pl.)	
מוצגת		mutseget	presented (f.s.)	
מעטות		me'atot	little / few (f.pl.)	
מזכירים		mazkirim	remind (m.pl.) / secretaries	
מאבן		me'even	of stone	
מכוון		mekhaven	directs / adjusts / tunes (m.s.)	
מכוון		mekhuvan	intentional / adjusted / tuned (m.s.)	
מהגרים		mehagrim	immigrants / immigrate (m.pl.)	
מגדולי		migdolei	among the the great [X] (m.pl.)	
מטבע		miteva	by nature	
מטבע		matbe'a	coin	
יעדים		ya'adim	purposes / objectives / destinations	
למציאות		lametsi'ut	to reality	
לתפקידו		letafkido	to/for his role / to/for his duty / to/for his capacity	
לפינוי		lepinui	to/for an evacuation	
לפינוי		lapinui	to/for the evacuation	
לעתיד		le'atid	for the future	
לאזורים		la'ezorim	to the areas	
לאזורים		le'ezorim	to areas	
להשגת		lehasagat	for achieving	
להכרה		lehakara	to recognition / to consciousness	
להכרה		lahakara	to the recognition / to the consciousness	
לגברים		legvarim	for men	
לגברים		lagvarim	for the men	
לברר		levarer	to inquire	
תבליט		tavlit	embossment	
ושמו		ushmo	and his name / named	
ושמו		vesamu	and they put	
והפכה		vehafkha	and inverted / and converted / and turned / and become / and transformed (f.s.)	
ובמקומו		uvimkomo	and in his place	
ובתחילת		uvitkhilat	and at the beginning / and at the start	
ובפרט		ubifrat	and especially / and particularly	
ורוב		verov	and the majority of / and most of	
שמת		samta	you placed / you put (m.s.)	
שמת		samt	you placed / you put (f.s.)	
שיטתי		shitati	methodical / systematic	
שובו		shuvu	return (pl. imperative)	
שובו		shuvo	his return	
שהתקיים		shehitkayem	that was held / that existed / that survived (m.s.)	
שבירת		shvirat	breaking of	
קבר		kever	grave	
פוצצו		potsetsu	detonated / exploded (pl.)	
עשירה		ashira	rich (f.s.)	
אמני		omanei	artists of / the artists of	
חווה		khava	farm / experienced	
כונו		kunu	were named / were called	
כפולות		kfulot<span style='mso-spacerun:yes'>  </span>	multiples	
המסורתית		hamasortit	the traditional (f.s.)	
היותה		heyota	being (f.s.)	
הידועות		hayedu'ot	the known (f.pl.)	
הינן		hinan	are (f.pl.)	
התת		hatat	the hypo- / the sub- / the infra-	
הושלם		hushlam	was completed (m.s.)	
הונחו		hunkhu	were placed / were guided / were instructed	
הקבע		hakeva	the permanent / the permanence / the regularity	
הקבע		[tsva] hakeva	career army	
הקרקעות		hakarka'ot	the soils / the grounds / the lands	
הפוכה		hafukha	inverted / chaotic	
הפורשים		haporshim	the dissidents / the retired	
הפרו		heferu	breached / violated (pl.)	
העתק		he'etek	copy	
הערכה		ha'arakha	assessment / estimation / appreciation / credit	
החשיבה		hakhashiva	the thinking	
הדרגתית		hadragatit	gradual (f.s.)	
הביטוח		habitu'akh	the insurance	
הנפוצות		hanefotsot	the common (f.pl.)	
גלוי		galui	open / exposed	
במסעו		bemasa'o	in his journey	
בינלאומית		beynle'umit	international (f.s.)	
בליל		blil	mix	
בליל		beleil	in the night of	
בליל		belayil	at night	
בליל		balayil	at night	
בליל		baleil	at night	
בתוכן		betokhan	inside them (f.)	
בתהליכי		betahalikhei	in processes of	
בוגרים		bogrim	adults / graduates	
בצירוף		betseruf	combined with / with the addition of	
רחוקים		rekhokim	far (m.pl.)	
סלעים		sla'im	rocks	
נוכחות		nokhekhut	presence	
האורך		ha'orekh	the length	
הגטאות		hageta'ot	the ghettos	
דיר		dir	pen / shed	
דגלי		diglei	flags of	
גבולה		gvula	its border / its limit / her limit	
נהגי		nahagei	drivers of	
נהגי		nohagei	customs of	
ששכן		sheshakhan	that/who lived / that/who dwelt (m.s.)	
אשראי		ashrai	credit	
הארכאולוגיים		ha'arkhe'ologiyim	the archeological	
הנדסיים		handasiyim	geometric / of engineering (m.pl.)	
סיכת		sikat	pin of / lubrication of	
לגיוס		legiyus	for recruitment / for the recruitment of	
לגיוס		lagiyus	for the recruitment	
לרחוב		larekhov	to the street	
לרחוב		lerekhov	to a street / to [X] street	
עירוני		ironi	municipal / urban	
חילוקי		khilukei	differences of	
התלמידים		hatalmidim	the pupils / the students	
הכיפורים		[yom] hakipurim	the day of atonement	
בבנייה		bivniya	under construction	
למיעוטים		lemi'utim	for minorities	
למיעוטים		lami'utim	to/for the minorities	
המקביל		hamakbil	the parallel / the simultaneous	
ההתיישבות		hahityashvut	the settlement	
בהקמת		behakamat	in the establishment of / in the building of	
מקצועות		miktso'ot	professions	
מגבלות		migbalot	limitations / restrictions	
למוזיאון		lemuze'on	to/for a museum	
למוזיאון		lamuze'on	to/for the museum	
לזיהוי		lezihui	for identification / for the identification of	
שביל		shvil	path	
קצרת		katseret	asthma	
כביטוי		kevitui	as an expression	
הכותל		hakotel	the wall / the Western Wall	
הנתונים		hanetunim	the data / that are given	
ציוני		tsiyoni	Zionist (m.s.)	
סברה		savra	thought / assumed (f.s.)	
סברה		svara	assumption	
מיגון		migun	protection / shield	
מזוהה		mezuhe	identified	
לברוח		livro'akh	to run away	
ובמהלך		uvemahalakh	and during	
פסלו		pislu	sculpted (pl.)	
פסלו		pislo	his sculpture	
פסלו		paslu	rejected / disqualified (pl.)	
זוהה		zuha	was identified	
היחסית		hayakhasit	the relative (f.s.)	
התרחשו		hitrakhashu	happened / occurred (pl.)	
השתתפה		hishtatfa	participated (f.s.)	
הכחולים		hakkhulim	the blue (m.pl.)	
דולרים		dolarim	dollars	
בצורתו		betsurato	[in] his shape	
בסביבת		bisvivat	around / in the area of	
רובוט		robot	robot	
סמלית		simlit	symbolic (f.s.)	
ממשי		mamashi	real / concrete	
מוצאים		mots'im	find (m.pl.)	
מוצאים		motsa'im	origins	
מכר		makar	acquaintance	
מכר		makhar	sold (m.s.)	
מהותי		mahuti	fundamental	
מדויקת		meduyeket	precise / accurate (f.s.)	
מדעית		mada'it	scientific	
להוצאת		lehotsa'at	to/for the taking out of / to/for the removal of / to/for the spending of / to/for the publication of	
שבאזור		sheba'ezor	that is in the area	
שבאזור		shebe'ezor	that is in an area	
קיצונית		kitsonit	extreme / extremist / radical (f.s.)	
קובץ		kovets	file (computers) / collection	
פרסים		prasim	awards / prizes	
עתיק		atik	ancient / old (m.s.)	
אוטו		oto	car	
חוצה		khotse	cuts in half / crosses (m.s.)	
חוצה		khotsa	cuts in half / crosses (f.s.)	
ארסיים		arsiyim	poisonous	
המופשט		hamufshat	the abstract	
המופשט		hitmodedu	dealt with / confronted (pl.)	
באבן		be'even	in stone / with stone / by stone	
באבן		ba'even	in the stone / with the stone / by the stone	
נחשבה		nekhsheva	was considered (f.s.)	
נכלל		nikhlal	was included (m.s.)	
הבוחרים		habokharim	the voters / the electors / the selectors	
לשינויים		lashinuyim	to the changes	
לשינויים		leshinuyim	to changes	
ידית		yadit	handle	
מרי		meri	rebellion	
יעילות		ye'ilut	efficiency	
תלמיד		talmid	pupil / student	
ומערכת		uma'arekhet	and a system / and the system of / and an editorial board / and the editorial board  of	
ופחות		vepakhot	and less	
הלוחות		halukhot	the boards	
ההבחנה		hahavkhana	the observation	
הצטיין		hitstayen	excelled (m.s.)	
הסרטן		hasartan	the crab / the cancer	
ריפוי		ripui	healing	
מקבילות		makbilot	parallel (f.pl.)	
מקבילות		makbilut	parallelism	
תארים		te'arim	titles / degrees / adjectives / appearances / shapes	
שנותיו		shnotav	his years	
עתיקה		atika	ancient / old (f.s.)	
חליפת		khalifat	exchange of / suit of	
המסורתיות		hamasortiyot	the traditional (f.pl.)	
הסמים		hasamim	the drugs	
סדרות		sdarot	series (pl.)	
מוטיבים		motivim	motives	
האנדרטאות		ha'andarta'ot	the monuments	
אמירות		amirot	sayings (n.)	
אמנותית		omanutit	artistic (f.s.)	
נקודה		nekuda	point	
מציגה		metsiga	introduces / displays / presents / exhibits (f.s.)	
המתמטית		hamatematit	the mathematical (f.s.)	
הסדרות		hasdarot	the series (pl.)	
לידתו		leidato	his birth	
המכיל		hamekhil	that contains (m.s.)	
מכסה		mikhse	cover	
השומן		hashuman	the fat	
תצפיות		tatspiyot	observations / vantage points	
רקמת		rikmat	tissue of / embroidery of	
המחשב		hamakhshev	the computer	
הסוג		hasug	the kind / the class / the type	
האכילה		ha'akhila	the eating	
להתחממות		lehitkhamemut	to/for the heating / to/for the warming	
הלווייתנים		halivyatanim	the whales	
האיזוטופים		ha'izotopim	the isotopes	
ההתחממות		hahitkhamemut	the heating / the warming	
הבועה		habu'a	the bubble	
הפרברים		haparvarim	the suburbs	
מלכותכן		malkhutkhen	your kingship (f.pl.)	
מעילי		me'ili	my coat	
מצלחתי		mitsalakhti	from my plate	
למצוץ		limtsots	to suck	
להסתכל		lehistakel	to look	
ואשב		ve'eshev	and I will sit	
ואכל		ve'akhal	and ate (m.s.)	
והביטה		vehebita	and looked (f.s.)	
שומע		shome'a	hears (m.s.)	
פרפרים		parparim	butterflies	
ענפיהם		anfeihem	their branches / their fields	
זרועי		zro'i	my arm	
כמוכם		kmokhem	like you (m.pl.)	
כלו		kalu	finished / ended (biblical)	
היורשה		hayurshe	may [I] be allowed	
הוצאתי		hotseti	I spent / I took out / I published	
העש		ha'ash	the moth	
העברים		ha'ivrim	the Hebrew people	
האיר		he'ir	illuminated (m.s.)	
הגדמים		hagdamim	the stumps	
הבלים		havalim	nonsense / vanity	
הבטתי		hebateti	I looked	
הרימות		harimot	the worms / the maggots	
דואג		do'eg	worries / cares for (m.s.)	
במשוכה		bemesukha	[in] a hedge	
במשוכה		bamesukha	[in] the hedge	
בקשתי		bikashti	I asked / I requested	
בעיניה		be'eineha	in her eyes / in her opinion	
בענין		be'inyan	on the matter of / with interest	
בנפשי		benafshi	[with] my soul / at the risk of my life (something very important)	
רבותי		rabotai	[ladies and] gentlemen	
נשרו		nashru	dropped (pl.)	
לשוא		lashav	in vain	
להודות		lehodot	to thank / to confess	
להסתדר		lehistader	to be arranged / to settle down / to manage	
שמתחשק		shemitkhashek	that is desired	
פרחו		parkhu	blossomed (pl.)	
עונג		oneg	pleasure	
המשרת		hamesharet	the servant / who serves (m.s.)	
התגלגל		hitgalgel	rolled	
צעקו		tsa'aku	shouted / yelled (pl.)	
ספסלי		safsalei	benches of	
מעתה		me'ata	from now	
לילד		leyeled	to/for a child	
לילד		layeled	to/for the child	
ויצא		veyatsa	and went out / and came out (m.s.)	
ואיך		ve'eikh	and how	
שמחים		smekhim	glad / happy (m.pl.)	
חנות		khanut	shop / store	
כר		kar	pillow / meadow	
המאמן		hame'amen	the trainer / the coach	
הפתח		hapetakh	the opening / the door / the aperture	
העצב		ha'etsev	the sadness / the sorrow / the nerve	
הסטודנט		hastudent	the student	
ראשה		rosha	her head	
מבעד		miba'ad	through	
מבטו		mabato	his look	
לביטחון		lebitakhon	for security	
לביטחון		labitakhon	for the security	
לביטחון		levitkhon	for the security of	
ואסור		ve'asur	and [it is] forbidden / and [I am / he is] imprisoned (m.s.)	
עלמה		alma	lass / maiden	
זקנים		zkenim	old (m.pl.)	
השיבו		heshivu	returned (something) / answered (pl.)	
השר		hasar	the minister	
בתת		batat	in hypo- / in sub- / in infra-	
בתת		betat	in hypo- / in sub- / in infra-	
בעלים		be'alim	owners / husbands	
בזמנים		bizmanim	at times	
באחרונה		ba'akhrona	lately	
ממין		mimin	of a kind / of a gender / of a species / of sex	
יסעור		yas'ur	albatross	
לשהות		lish'hot	to stay / to spend time	
להתפטר		lehitpater	to resign	
ויוצא		veyotse	and goes out / and comes out (m.s.)	
וכבר		ukhvar	and already	
שעוד		she'od	that still / that more	
קולו		kolo	his voice	
פחד		pakhad	fear	
פחד		pakhad	feared / was afraid (m.s.)	
פאר		pe'er	luxury	
חפצי		kheftsei	items of	
כלב		kelev	dog	
החמה		hakhama	the warm / the hot (f.s.) / the sun	
הכיתי		hikiti	I have beaten / I hit	
ההמון		hahamon	the crowd / the plenty	
ההתאבדות		hahit'abdut	the suicide	
הצחוק		hatskhok	the laughter	
הסוכר		hasukar	the sugar	
הנקודה		hanekuda	the point	
בעצים		be'etsim	in trees / in logs	
בעצים		ba'etsim	in the trees / in the logs	
בטל		batel	canceled / void / idle	
טרף		teref	prey	
רוחו		rukho	his spirit	
צמוד		tsamud	attached / linked / adjacent (m.s.)	
נתנה		natna	gave (f.s.)	
נשר		nesher<span style='mso-spacerun:yes'>  </span>	vulture	
נשר		nashar	dropped (m.s.)	
מתקבלת		mitkabelet	is accepted / is received (f.s.)	
מפריע		mafri'a	disturbs / interferes / interrupts (m.s.)	
מעוררת		me'oreret	wakes / exciting (f.s.)	
מביאים		mevi'im	bring (m.pl.)	
מבחוץ		mibakhuts	from outside	
מריו		miryo	his rebellion	
ימשיכו		yamshikhu	will continue (pl.)	
יקבל		yekabel	will receive / will accept	
לפשרה		lifshara	to compromise / to conciliation	
לפשרה		lapshara	to the compromise / to the conciliation	
לפרוש		lifrosh	to retire	
לפרוש		lifros	to spread / to stretch	
לעורר		le'orer	to wake / to excite	
לענף		le'anaf	to/for a branch / to/for a field	
לענף		la'anaf	to/for the branch / to/for the field	
לאישור		le'ishur	for approval / for confirmation	
לאישור		la'ishur	for the approval / for the confirmation	
להיראות		lehera'ot	to be seen / to be visible / to look	
והים		vehayam	and the sea	
והולך		veholekh	and walks / and goes (m.s.)	
שעושים		she'osim	that/who do (m.pl.)	
עודנו		odenu	is still (m.s.)	
אמות		amot	cubits	
אמות		amot [mida]	standards	
אמות		amut	I will die	
חורש		khoresh	grove / wood / ploughs (m.s.)	
כפסל		kefesel	as a statue	
המקומיות		hamekomiyot	the local (f.pl.)	
המכריע		hamakhri'a	the decisive / the crucial	
התועלת		hato'elet	the benefit / the utility	
התחוללה		hitkholela	happened / occurred (f.s.)	
הולכות		holkhot	walk / go (f.pl.)	
הקליעה		hakli'a	the shot	
הקרונות		hakronot	the cars (of a train) / the wagons	
העצום		ha'atsum	the huge	
הכירו		hekiru	knew / recognized (pl.)	
דעה		de'a	opinion / mind	
ביש		bish	bad / ill	
בקור		bakor	in the cold	
בכוונתו		bekhavanato	intends to (m.s.)	
בסתיו		bestav	in the autumn of	
בסתיו		bastav	in the autumn	
צמד		tsemed	pair / couple	
צעירי		tse'irei	youngsters of	
נושאת		noset	carries / marries (f.s.)	
ממאה		mime'a	of a hundred / from a century	
מתונה		metuna	moderate / mild / calm (f.s.)	
מוקף		mukaf	is surrounded / is encircled	
מעליו		me'alav	on him/it / on top of him/it / above him/it	
מזיקים		mazikim	pest / do damage (m.pl.)	
מזהב		mizahav	of gold	
מדברים		medabrim	speak / talk (m.pl.)	
מסודרת		mesuderet	organized (f.s.)	
יתרה		yitra	remainder / balance	
יוצאות		yots'ot	go out / come out (f.pl.)	
יכולתה		yekholta	her ability / her capability	
לממן		lemamen	to finance	
למזון		lemazon	to/for food	
למזון		lamazon	to/for the food	
לידו		leyado	near him / next to him	
לתהליך		letahalikh	to a process	
לתהליך		latahalikh	to the process	
לשוק		lashuk	to the market	
לשוק		leshuk	to a market	
לשוק		lashok	to/for the leg / into the shock	
לשוק		leshok	to/for the leg / into shock	
לפרוח		lifro'akh	to blossom	
לעודד		le'oded	to encourage / to cheer	
לעד		la'ad	forever	
לעד		le'ed	to/for a witness / as a witness	
לעד		la'ed	to/for the witness	
לחמש		lekhamesh	to arm	
לחיסול		lekhisul	for extermination / for elimination	
לחיסול		lakhisul	for the extermination / for the elimination	
לאסון		le'ason	to a disaster	
לאסון		la'ason	to the disaster	
להיצמד		lehitsamed	to get close / to attach / to conjugate	
להתפנות		lehitpanot	to be evacuated / to find time	
להפליא		lehafli	incredibly / wonderfully	
לנשיא		lenasi	to/for a president	
לנשיא		lanasi	to/for the president	
תמה		tama	finished / completed / innocent / simple (f.s.)	
תמה		tama	wondered	
תקוע		taku'a	stuck	
תפוחים		tapu'khim	apples	
תפוחים		tfukhim	tumid (m.pl.)	
ומפקד		umefaked	and a commander / and the commander of	
ומפקד		vemifkad	and a census / and a muster	
ויתר		veyeter	and the rest	
ולח		velakh	and humid	
וראשי		veroshi	and my head	
שמהם		shemehem	that [is] from them	
שינו		shinu	changed (pl.)	
שומרים		shomrim	guards / keep / guard (v.) / protect (m.pl.)	
שוחררו		shukhreru	were released	
שהתרחשה		shehitrakhasha	that happened / that occurred (f.s.)	
שנולדו		shenoldu	that were born	
פגישה		pgisha	meeting	
ערבות		arvut	guarantee / bail / surety	
עננים		ananim	clouds	
זית		zayit	olive	
חיוניים		khiyuniyim	essential	
אישיות		ishiyut	personality / personage	
חודר		khoder	penetrates / intrudes	
זוגות		zugot	pairs / couples	
חקירת		khakirat	the investigation of / the research of / the inquiry of	
אגדות		agadot	fairy tales / legends	
זרמים		zramim	currents	
המשפטי		hamishpati	the judicial  / the statutory / the forensic	
המעצמות		hama'atsamot	the great nations	
המדרגות		hamadregot	the stairs	
השיקום		hashikum	the rehabilitation / the reconstruction	
הקדום		hakadum	the ancient	
הקרה		hakara	the frost / the cold (f.s.)	
הפיכה		hafikha	revolution / conversion / turning / inversion	
הפשוט		hapashut	the simple	
הפסיקה		hifsika	stopped / ceased (f.s.)	
העננים		ha'ananim	the clouds	
הרגו		hargu	killed (pl.)	
הרג		harag	killed (m.s.)	
הצעת		hatsa'at	proposal of / suggestion of / offer of	
הסכום		haskhum	the sum	
דלות		dalot	poor (f.pl.)	
דקה		daka	minute / thin (f.s.)	
גרועה		gru'a	bad (f.s.)	
גר		gar	lived / lives (m.s.)	
גר		ger	proselyte	
במאות		beme'ot	in hundreds	
במאות		bame'ot	in the centuries	
בפניה		befaneha	in front of her / in her presence	
בעיניו		be'einav	in his eyes / in his opinion	
בערוץ		be'aruts	on channel	
באירועי		be'eru'ei	in the events of	
באדום		be'adom	in red	
באדום		ba'adom	in the red	
בכיר		bakhir	senior	
בכחול		bekakhol	in blue	
בהחלטה		behakhlata	[in] a decision	
בהחלטה		bahakhlata	[in] the decision	
בדיוני		bidyoni	fiction	
בגן		began	in a garden / in/at a kindergarten	
בגן		bagan	in the garden / in/at the kindergarten	
בגדה		bagda	betrayed (f.s.)	
בגדה		bigda	her cloth	
בגדה		bagada	at the bank / at the shore	
בטור		betur	in line / in series / in a column	
בטור		batur	in the line / in the series / in the  column	
בנאום		bene'um	in a speech	
בנאום		bane'um	in the speech	
רשאים		rasha'im	permitted [to] / allowed [to] (m.pl.)	
סיימו		siyemu	finished (pl.)	
סובל		sovel	suffers (m.s.)	
סוס		sus	horse	
נתפש		nitpas	was/is caught / was/is perceived (m.s.)	
נפוצו		nafotsu	scattered	
נכחו		nakhekhu	were present	
מורט		moret	pluck / tear out (m.s.)	
ירית		yarita	you shot (m.s.)	
ירית		yarit	you shot (f.s.)	
כניעה		kni'a	surrender	
הממוכנת		hamemukenet	the mechanized	
הפרצה		hapirtsa	the breach / the crack	
הרציחות		haretsikhot	the murders	
בארטילריה		be'artilerya	with artillery	
לפלישה		liflisha	for an invasion	
לפלישה		laplisha	for the invasion	
לנשיאות		lanesi'ut	for presidency	
לנשיאות		lenesi'ut	for presidency	
הושמד		hushmad	was destroyed / was exterminated (m.s.)	
בפסק		bifsak	in a verdict / in a judgment	
בפסק		bapsak	in the verdict / in the judgment	
בפסק		befesek	during time out / during intermission	
מבודד		mevudad	isolated / insulated	
מבודד		mevoded	insulates (m.s.)	
לשיאו		lesi'o	to his/its top / to his/its peak / to his record	
לחייליו		lekhayalav	to/for his soldiers	
שתמכו		shetamkhu	that/who supported (pl.)	
חזיתית		khazitit	frontal / head on	
השיט		hashayit	the cruise	
הסתערו		hista'aru	attacked / stormed (pl.)	
הנצרות		hanatsrut	Christianity	
נרצח		nirtsakh	was murdered (m.s.)	
מושבת		moshevet	village of / colony of	
מטרתה		matrata	her/its goal / her/its target	
לארגן		le'argen	to organize	
לאסור		le'esor	to forbid / to imprison	
לגיון		ligyon	legion	
שילמו		shilmu	paid (pl.)	
שהתנגד		shehitnaged	that/who resisted / who objected (m.s.)	
כרבע		kereva	as a quarter / approximately one quarter	
הלוחמה		halokhama	the warfare	
התוקף		hatokef	the validity	
התוקף		hatokef	the attacker / the assailant	
התקפת		hatkafat	attack of	
הובס		huvas	was defeated	
העילית		ha'ilit	the upper / the top	
העומדים		ha'omed	that/who stand / that/who are about to / that/who endure / that/who succeed / that/who insist on (m.pl.)	
האסטרטגיה		ha'estrategia	the strategy	
הצהוב		hatsahov	the yellow	
דמים		damim	money / fee	
במחוזות		bemekhozot	in districts	
במחוזות		bamekhozot	in the districts	
בניהול		benihul	in management / under the management of	
טון		ton	ton / tone	
ריגול		rigul	espionage	
נאסרה		ne'esra	was forbidden / was imprisoned (f.s.)	
מתנגדי		mitnagdei	the opponents of / the objectors of	
מוכשרים		mukhsharim	talented / qualified (m.pl.)	
מפלה		mapala	defeat / failure	
מפלה		mafle	discriminates (m.s.)	
מפלה		mafla	discriminates (f.s.)	
מארצות		me'aratsot	from countries	
מארצות		me'artsot	from the countries of	
מספקת		mesapeket	satisfying / supplies (f.s.)	
מנעה		man'a	prevented (f.s.)	
לאישה		le'isha	to/for a woman	
לאישה		la'isha	to/for the woman	
לבירה		labira	to the capital	
לבירה		lebira	to a capital	
לבירה		labira	for the beer	
לבירה		lebira	for a beer	
תגובת		tguvat	the response of	
וזהב		vezahav	and gold	
והמשיכו		vehimshikhu	and continued (pl.)	
והיתר		vehayeter	and the rest	
שממנו		shemimeno	that from him	
שמטרתה		shematrata	that her/its goal / that her/its target	
שאיפשרה		she'ifsher	that enabled / that facilitated (f.s.)	
שהתרחש		shehitrakhesh	that happened / that occurred (m.s.)	
שביצע		shebitsa	that/who performed (m.s.)	
פשעים		psha'im	crimes	
פסקי		piskei	verdicts of / judgments of	
המעמדות		hama'amadot	the positions / the classes	
הקלע		hakela	the bullet / the sling	
הקלע		hakala	the marksman	
דיונים		diyunim	discussions	
דגמים		dgamim	models	
במלחמות		bemilkhamot	in/at wars	
במלחמות		bamilkhamot	in the wars	
במחוז		bemakhoz	in a district	
במחוז		bamakhoz	in the district	
במחוז		bimkhoz [kheftso]	at his destination	
בעיקרה		be'ikara	mainly / principally	
בספינה		besfina	on a ship	
בספינה		basfina	on the ship	
טעות		ta'ut	mistake	
רגשות		regashot	feelings / emotions	
סכסוכים		sikhsukhim	conflicts	
נכלאו		nikhle'u	was incarcerated / were caged	
נספו		nispu	were killed	
מתקדמת		mitkademet	advances / advanced (f.s.)	
משמעותיות		mashma'utiyot	significant (f.pl.)	
למקדש		lemikdash	to/for a shrine / to/for a temple	
למקדש		lamikdash	to/for the shrine / to/for the temple	
לעבודות		le'avodot	to/for jobs	
לעבודות		la'avodot	to/for the jobs	
לאב		la'av	to the father	
לאב		le'av	to a father	
לכלא		lakele	to prison	
לרבים		lerabim	to/for many (m.s.)	
לצייר		letsayer	to paint / to draw	
תורגם		turgam	was translated	
ושימשו		veshimshu	and were used for (pl.)	
וחסרי		vekhasrei	and lacking / and –less (m.pl.)	
שכנע		shikhne'a	convinced (v.) (m.s.)	
שהוקמו		shehukmu	that were established	
שטענו		sheta'anu	who claimed / who argued (pl.)	
שנותר		shenotar	that/who was left (m.s.)	
שנוצרה		shenotsra	that was formed / that was created (f.s.)	
שנשלחו		shenishlekhu	that/who were sent	
שנאספו		shene'esfu	that were collected / that/who gathered	
חלשים		khalashim	weak (m.pl.)	
אופיו		ofyo	his character / his nature	
חוזרים		khozrim	return (m.pl.) / repeat (m.pl.) / repeating / circulars	
חקלאיים		hakhakla'iyim	agricultural (m.pl.)	
חקלאית		khakla'it	agricultural / farmer (f.s.)	
כספית		kaspit	mercury	
המשמעות		hamashma'ut	the meaning	
המשאבים		hamash'abim	the resources	
המכילים		hamekhilim	that contain (m.pl.)	
הקל		hekel	alleviated / relieved / eased (m.s.)	
הקל		hakal	the easy / the lightweight	
הקנאים		hakana'im	the fanatics / the jealous people	
ההזדמנות		hahizdamnut	the opportunity	
הביעו		hebi'u	expressed (pl.)	
הטריטוריות		hateritoryot	the territories	
דואר		do'ar	mail	
גאוגרפיה		ge'ografya	geography	
במעבר		bema'avar	in a pass / in a transfer / in a transition	
במעבר		bama'avar	in the pass / in the transfer / in the transition	
במערה		beme'ara	in a cave	
במערה		bame'ara	in the cave	
בפניהם		bifnehem	in front of them / in their presence	
בכמויות		bekhamuyot	in amounts of / in quantities of / in large quantities	
בהוראת		behora'at	under the order of	
רפורמה		reforma	reform	
נקבעה		nikbe'a	was determined / was fixed / was set (f.s.)	
נאסרו		ne'esru	were imprisoned / were forbidden	
מימון		mimun	financing	
מועט		mu'at	little / few / slight (m.s.)	
מוסלמיות		muslemiyot	Muslim (f.pl.)	
משותפים		meshutafim	common / mutual / shared (m.pl.)	
משרדים		misradim	offices / bureaus / Ministries	
מצביעים		matsbi'im	vote / raise a hand / point at / indicate (m.pl.)	
מצביע		matsbi'a	votes / raises a hand / points at / indicates (m.s.)	
מסדרת		mesaderet	arranges / organizes (f.s.)	
לשדוד		lishdod	to rob	
לחללי		lekhalelei	to the spaces of / to the casualties of	
לגדודים		legdudim	to/for regiments	
לגדודים		lagdudim	to/for the regiments	
תתי		tatei	hypo- / sub- / infra- (pl.)	
תוארו		to'aru	were described	
תוארו		to'aro	his title	
תוכננה		tukhnena	was planned / was designed (f.s.)	
והארגון		veha'irgun	and the organization	
ששרר		shesarar	that prevailed	
שפירושה		sheperusha	which meaning is (f.s.)	
שחיו		shekhayu	that/who lived (pl.)	
שחיו		shehitkaimu	that were held / that existed / that survived (pl.)	
שהתפתח		shehitpate'akh	that developed	
שהעלה		shehe'ela	that/who raised / that/who increased / that/who lifted / that/who brought up (m.s.)	
שטרם		sheterem	that not yet	
שספרו		shesifro	that his book	
שספרו		shesafru	that/who counted	
שספרו		shesipru	who told	
שנוסדה		shenosda	that was founded (f.s.)	
עינויים		inuyim	torture	
עליון		elyon	upper / superior (m.s.)	
עודף		odef	surplus (adj.)	
עודף		odef	excess / change (money) (n.)	
עונשין		onshin	panel	
אידאולוגית		ide'ologit	ideological	
אוניברסיטה		universita	university	
זרועות		zro'ot	arms	
כס		kes	throne	
המדינית		hamedinit	the political (f.s.)	
התעניינות		hit'anyenut	interest	
התגברות		hitgabrut	overcoming	
הועמד		hu'amad	was caused to stand (m.s.)	
השינויים		hashinuyim	the changes	
השתלטות		hishtaltut	taking control / takeover	
השווה		hashave	the equal	
הקוראן		hakur'an	the Koran	
החוגים		hakhugim	the circles / the social groups / the coteries / the course	
האחראים		ha'akhra'im	the responsible / the people in charge (m.pl.)	
האזרחי		ha'ezrakhi	the civil	
ההכרזה		hahakhraza	the proclamation / the announcement / the declaration	
הדוגמה		hadugma	the sample / the example	
הדגלים		hadgalim	the flags	
הגירוש		hagerush	the expulsion / the deportation	
הסימון		hasimun	the marking	
הנשיפה		haneshifa	the exhalation / the blow	
דרמטי		dramati	dramatic (m.s.)	
במתן		bematan	by giving	
במשותף		bimshutaf	in common / in collaboration	
במפרץ		bemifrats	in a bay / in the bay of	
במפרץ		bamifrats	in the bay	
במהלכו		bemahalakho	during which	
בעשורים		be'asorim	by decades	
בעשורים		ba'asorim	in the decades	
בחלקה		bekhelka	in part / in her part / in a lot	
בחלקה		bakhelka	in the lot	
בכיכובו		bekikhuvo	starring -	
בהיותה		beheyota	as she	
בטרור		beteror	using terror	
ברשימה		bareshima	in the list	
ברשימה		birshima	in a list	
ציפה		tsifa	floating / buoyancy	
ציפה		tsipa (v.)	covered / coated / expected (m.s.)	
ציפה		tsipa (n.)	pillow cover	
נמנו		nimnu	were included [in] / were counted (pl)	
נישואים		nisu'im	marriage	
נפרדות		nifradot	separate / individual (f.pl.)	
נכתבה		nikhteva	was written (f.s.)	
נגיעה		negi'a	touch (n.)	
מחתרתי		makhtarti	underground (adj.)	
ואדי		ve'edei	and the fumes of / and the vapor of	
ואדי		vadi	valley (Arabic)	
המדרגה		hamadrega	the stair	
מעפילים		ma'apilim	illegal immigrants (to Israel during the British mandate)	
המחתרות		hamakhtarot	the undergrounds	
הוריה		horaya	indication	
אוטובוס		otobus	bus	
השכונות		hashkhunot	the neighborhoods	
לשתייה		lishtiya	for drinking	
לקיום		lekiyum	to/for the existence of / to/for the holding of / to/for the fulfillment of	
להסכם		leheskem	to/for an agreement/contract	
להסכם		laheskem	to/for the agreement/contract	
אולמות		ulamot	halls	
ההפלגה		hahaflaga	the sail	
ציונה		tsiyona	to Zion	
מכשיר		makhshir (n.)	tool / instrument / qualified (m.s.)	
מכשיר		makhshir (v.)	qualifies (m.s.)	
למוסדות		lemosadot	to/for institutes	
למוסדות		lamosadot	to/for the institutes	
שמטרתן		shematratan	which goal / which target (f.)	
פתרונות		pitronot	solutions	
חוגים		khugim	circles / social groups / courses	
בנויים		bnuyim	built (m.pl.)	
מיקומה		mikuma	her location	
מחד		me'khad	on the one hand	
מצבה		matsava	her state / her situation	
מצבה		matseva	gravestone	
לכלל		laklal	to all	
להאריך		leha'arikh	to lengthen	
ועבר		ve'avar	and passed / crossed / and went through (m.s.)	
וכולל		vekolel	and includes / and including	
שזכתה		shezakhta	that won (f.s.)	
עיוור		iver	blind	
עידוד		idud	encouragement / support / incentive / boost	
המשמשת		hameshameshet	that is used for (m.s.)	
הלימוד		halimud	the study	
השורש		hashoresh	the root	
הקפלה		hakapela	the chapel	
הפרטיים		hapratiyim	the private (m.pl.)	
האיסור		ha'isur	the prohibition / the ban	
הארצי		ha'artsi	the earthly / the terrestrial	
ההלכתית		hahilkhatit	of the Jewish law	
הדדית		hadadit	reciprocal / mutual	
בשריפה		basrefa	in the fire	
בשריפה		besrefa	in a fire	
בבחינת		bivkhinat	as / like / in the sense of	
ממוקמת		memukemet	located / situated (f.s.)	
ממדים		memadim	dimensions	
מומלץ		mumlats	recommended	
מושבים		moshavim	seats / cooperative settlements	
משטחי		mishtakhei	planes of / surfaces of / platforms of	
מקבילה		makbila	parallel (f.s.)	
מחזיק		makhzik	holds / keeps owns (m.s.)	
לפירוק		leperuk	for dismantling / for decomposing	
להתגורר		lehitgorer	to live	
להגברת		lehagbarat	for the increase of / for the amplification of / to strengthen the (pl.)	
לטענתו		leta'anato	according to his claim	
ומשמש		umshamesh	and is used for (m.s.)	
ובן		uven	and a boy / and a son	
וסיים		vesiyem	and ended	
שחיבר		shekhiber	that/who connected / who wrote (m.s.)	
עשורים		asorim	decades	
עבריים		ha'ivriyim	the Hebrews (adj.) (m.pl.)	
חכמי		khakhmei	the wise people of	
השנתי		hashnati	the annual	
הפסידו		hifsidu	lost (pl.)	
הדורשים		hadorshim	that/who require / that/who demand (m.pl.)	
הרצף		haretsef	the continuity / the sequence	
הנביא		hanavi	the prophet	
דחיית		dkhiyat	rejection of / postponement of	
במעין		beme'ein	in a kind of - -	
במעין		bema'ayan	in a spring	
במעין		bama'ayan	in the spring	
בתאים		bata'im	in the cells	
בתאים		beta'im	in cells	
בתאוריה		bate'orya	in theory	
בתאוריה		bete'orya	in a theory	
בשאלות		bish'elot	in questions	
בשאלות		bashe'elot	in the questions	
בבתים		bevatim	in houses / in homes	
בבתים		babatim	in/at the houses / in/at the homes	
בדורות		bedorot	in generations	
מביאה		mevi'a	brings (f.s.)	
ימיו		yamav	his days	
עיקרון		ikaron	principle	
מוקדמים		mukdamim	early / preliminary (m.pl.)	
מספריו		misparav	his numbers / his scissors	
מספריו		misfarav	from/of his books	
מנוע		mano'a	engine	
הפרקים		haprakim	the chapters	
יוצרת		yotseret (v.)	creates (f.s.)	
יוצרת		yotseret (n.)	creator / artist / maker	
להיסטוריה		lehistoria	to history	
להיסטוריה		lahistoria	to the history	
וגידול		vegidul	and growth / and increase / and tumor	
אחרונות		akhronot	last (f.pl.)	
המדענים		hamad'anim	the scientists	
הישויות		hayeshuyot	the entities	
הפילוסופים		hafilosofim	the philosophers	
החוקר		hakhoker	the investigator / the researcher	
האופייני		ha'ofyani	the characteristic (m.s.)	
הזוהר		hazoher (adj.)	the glowing / the shining	
הזוהר		hazohar	the glow / the shine	
בגרסה		begirsa	in a version	
בגרסה		bagirsa	in the version	
טקסטים		textim	texts	
פזמונים		pizmonim	songs	
אפוקליפסה		apokalipsa	apocalypse	
כבמאי		kevamai	as a director	
כבמאי		kabamai	as the director	
המטפל		hametapel	the care giver / who treats / who handles  (m.s.)	
התקליטים		hataklitim	the records	
הקליניקה		haklinika	the clinic	
העיצורים		ha'itsurim	the consonants	
האמנותי		ha'omanuti	the artistic (m.s.)	
ההווה		hahove	the present	
הנודד		hanoded	the wanderer / the migrant	
גיבוריו		giborav	his heroes	
בצלים		betsalim	onions	
בתה		bita	her daughter	
רישומי		rishumei	records of / sketches of	
מוטיב		motiv	motive	
אנושיות		enoshiyut	humanism	
המתמטיים		hamatematiyim	the mathematical (m.pl.)	
מלכים		melakhim	kings	
עזיבתו		azivato	his leaving	
התחום		hatkhum	the field / the area / the range	
באות		ba'ot	come (f.pl.)	
כותרת		koteret	title	
התצוגה		hatetsuga	the display	
שיאו		si'o	his/its top / his/its peak / his record	
עצמיים		atsmiyim	self- / auto- (m.pl.)	
האופרה		ha'opera	the opera	
בתעשיית		beta'asiyat	in the industry of	
מפלצות		miflatsot	monsters	
למוצר		lemutsar	to/for a product	
למוצר		lamutsar	to/for the product	
למחלת		lemakhalat	for the disease of	
לבחון		livkhon	to examine	
המיתולוגיה		hamitologya	the mythology	
גפן		gefen	grapevine	
קידומת		kidomet	prefix / area code	
אבלות		avlut	mourning	
כחלוץ		kekhaluts	as a pioneer	
כחלוץ		kakhaluts	as the pioneer	
השתן		hasheten	the urine	
החומצה		hakhumtsa	the acid	
הברירה		habrera	the choice / the selection / the option	
הסייפים		hasayafim	the fencers	
במירוץ		bameruts	in the race	
במירוץ		bemeruts	in a race	
סוכרת		sukeret	diabetes	
תאיים		ta'iyim	cellular (m.pl.)	
תאיים		te'ayem	you will threaten / she/it will threaten	
השריר		hashrir	the muscle	
לטמפרטורה		letemperatura	to a temperature	
לטמפרטורה		latemperatura	to the temperature	
חימום		khimum	heating / warming	
להקטין		lehaktin	to reduce / to minimize	
דמוית		dmuyat	-like / -form (f.s.)	
ממיני		meminei	of kind of / of genders of / of species of	
האטומים		ha'atomim	the atoms	
האטומים		ha'atumim	the sealed / the opaue	
הספרייה		hasifriya	the library	
נגיפים		negifim	viruses	
מאכלי		ma'akhalei	the dishes of	
פליטות		plitot	refugees (f.pl.) / survivors (f.pl.) / ejections / discharges	
מוזיאונים		muze'onim	museums	
מאמינה		ma'amina (v.)	believe (f.s.)	
מאמינה		ma'amina (n.)	believer (f.s.)	
ואתן		va'aten	and you (f.pl.)	
אנוס		anus	forced (m.s.)	
הזרזיר		hazarzir	the starling	
הרקיע		haraki'a	the sky	
בעדם		ba'adam	in favor of them / through them	
טין		tin	mud	
צודק		tsodek	correct / right	
מהכלל		mehaklal	of the general / of the rule	
יעשה		ya'ase	[he] will do	
יעשה		ye'ase	will be done	
יבואו		yavo'u	will come (m.pl.)	
תסמונת		tismonet	syndrome	
ויצאה		veyats'a	and went out / and comes out (m.s.)	
והרי		vaharei	and here is/are / and you see / and the mountains of	
המכתבים		hamikhtavim	the letters	
הקצה		hakatse	the tip / the end	
גברת		gveret	lady / Mrs. / madam	
באבו		be'ibo	at a tender age	
מבינים		mevinim	understand (m.pl.)	
ללון		lalun	to stay overnight	
לאמר		lemor	that is to say	
תקוה		tikva	hope	
אמש		emesh	last night	
הגיר		higir	shed (m.s.)	
הגיר		hagir	the chalk / lime	
הרעים		hara'im	the bad (m.pl.)	
גמור		gamur	finished (m.s.)	
במקומה		bimkoma	in her place	
ברגל		baregel	in the leg / by foot	
ברגל		beregel	with a leg	
ריק		rek	empty (m.s.)	
סיפרו		sipru	told / cut (hair) (pl.)	
סיפרו		sifro	his book	
נערכת		ne'erekhet	prepares / makes arrangements / is held (f.s.)	
ממשיכים		mamshikhim	continue (m.pl.)	
מיליונים		milyonim	millions	
מקרוב		mikarov	closely / from near by	
ילדיהם		yaldehem	their children	
לחוש		lakhush	to feel / to sense / to rush	
לאבד		le'abed	to lose	
להתערב		lehit'arev	to intervene / to interfere / to bet	
להוריד		lehorid	to take down / to lower / to decrease	
לדרוש		lidrosh	to require / to demand	
והמשיכה		vehimshikha	and continued (f.s.)	
שמנים		shmenim	fat (adj.) (m.pl.)	
שמנים		shmanim	oils	
עמוס		amus	loaded / burdened	
היוקרתי		hayukrati	the prestigious / the exclusive	
היעד		haya'ad	the purpose / the objective / the destination	
התערב		hit'arev	intervened / interfered / bet (m.s.)	
הון		hon	capital / wealth	
הוגן		hogen	fair	
הפרופסור		haprofesor	the professor	
הרגשה		hargasha	feeling / sensation	
הסוד		hasod	the secret	
דקים		dakim	thin (m.pl.)	
במספרים		bemisparim	in numbers	
במספרים		bamisparim	in the numbers	
בבוז		bevuz	with contempt	
בצמרת		batsameret	at the top / at the tree top	
בצמרת		betsameret	at the top of	
מתחלק		mitkhalek	divides	
מכתבי		mikhtavi	my letter	
מכתבי		mikhtavai	my letters	
מכתבי		mikhtavei	the letters of	
מכפי		mikfi	than	
מכפי		mikapi	from my palm / from my spoon	
מכבר		mikvar	long ago	
מהצד		mehatsad	from the side	
מציינים		metsaynim	note / indicate / mark (m.pl.)	
מניח		meni'akh	assumes / places	
לשחרר		leshakhrer	to liberate / to release	
לאף		le'af	to no -- / to a nose / for a nose	
לאף		la'af	to/for the nose	
לזכור		lizkor	to remember	
לחבר		lekhaber	to add / to connect / to combine / to compose / to write	
לחבר		lekhaver	to/for a friend	
לחבר		lakhaver	to/for the friend	
להקיף		lehakif	to surround / to encircle	
שביקשו		shebikshu	that asked / that requested (pl.)	
פגשה		pagsha	met (f.s.)	
עבים		avim	thick / clouds	
אמיר		amir	treetop	
זקוקה		zkuka	needs (f.s.)	
כתובת		ktovet	address	
כאיש		ke'ish	as a man / as a person	
המקצוע		hamiktso'a	the profession	
המגיע		hamegi'a	that arrives / that is deserved	
הזמר		hazamar	the singer (m.s.)	
הזמר		hazemer	the song	
האורחים		ha'orkhim	the guests / the visitors	
האחוריות		ha'akhoriyot	the back / the rear (f.pl.)	
ההתחלה		hahatkhala	the beginning	
הגבעות		hagva'ot	the hills	
הצמודה		hatsmuda	the attached / the linked / the adjacent (f.s.)	
במבט		bemabat	in a view	
במבט		bamabat	in the view	
בבשר		bebasar	in/with meat	
בבשר		babasar	in the meat	
בריאותי		bri'uti	of health (adj.)	
נתפסים		nitpasim	are caught / are perceived (m.pl.)	
מיהר		miher	hurried / was in a hurry (m.s.)	
מינה		mina	appointed	
מוטל		mutal	thrown / imposed upon / levied (m.s.)	
משימה		mesima	task / assignment / mission	
מעידה		me'ida (n.)	stumble / slip	
מעידה		me'ida (v.)	testifies (f.s.)	
מנהגים		minhagim	customs	
יגיע		yagi'a	will arrive (m.s.)	
למאכל		le'ma'akhal	for eating	
למדיניות		lemediniyut	to a policy	
למדיניות		lamediniyut	to the policy	
לירי		liri	lyric	
לתל		latel	to the hill	
לאשר		le'asher	to approve / to confirm	
להטות		lehatot	to divert / to conjugate / to tilt	
לרמה		larama	to height / to the level / to the highland	
לרמה		lerama	to a level	
לצמצם		letsamtsem	to reduce / to minimize	
לצוד		latsud	to hunt	
לספרות		lesifrut	to/for literature	
לספרות		lasifrut	to/for the literature	
לספרות		lesaparut	to/for hairdressing	
לספרות		lasaparut	to/for the hairdressing	
תולעים		tola'im	worms	
ועמו		ve'imo	and with him	
ועמו		ve'amo	and his people	
ועמד		ve'amad	and stood / and was about to / and endured / and succeeded / and insisted on (m.s.)	
ועליהם		ve'aleihem	and on them / and about them	
והודיע		vehodi'a	and informed / and announced	
והקימו		vehekimu	and established / and built (pl.)	
והחלה		vehekhela	and started (f.s.)	
ובכללם		uvikhlalam	and among them	
שמוצאו		shemotsa'o	that originated from (m.s.)	
שמצאו		shemats'u	that/who found (pl.)	
שיחקה		sikhaka	played (f.s.)	
שלילית		shlilit	negative (f.s.)	
שאיננה		she'einena	that is not / that is not here (f.s.)	
שאדם		she'adam	that a man / that a person	
שכזה		shekaze	such / like this (m.)	
שבצפון		shebatsafon	that is in the north	
שרר		sarar	prevailed	
שרצה		sheratsa	that/who wanted (m.s.)	
שרצה		sheratsa	that/who runs	
שנוי		shanui [bemakhloket]	controversial / in dispute (m.s.)	
קריאות		kri'ot	calls	
קרים		karim	cold (pl.)	
פיתחו		pitkhu	developed (pl.)	
פלג		peleg	section / division / stream / creek	
פעילי		pe'ilei	activists of	
פחותה		pkhuta	less / inferior / lesser (f.s.)	
פרסמה		pirsema	published / advertised (f.s.)	
חמורים		khamurim	serious / severe (m.pl.)	
חמורים		khamorim	donkeys	
זרימת		zrimat	the flow of	
חסות		khasut	protection / patronage	
חסרות		khasrot	lacking (f.pl.)	
המתקיימת		hamitkayemet	that exists / that takes place / that is held (f.s.)	
המתח		hametakh	the tension / the suspense / the voltage / the trapeze	
המטבע		hamatbe'a	the coin	
הלהקה		halahaka	the band	
הורג		horeg	kills (m.s.)	
השכל		hasekhel	the mind	
החום		hakhom	the heat / the fever / the temperature	
החום		hakhum	the brown	
החזיק		hekhezik	held (m.s.)	
הארוכות		ha'arukot	the long (f.pl.)	
הדלק		hadelek	the fuel	
הבחינו		hivkhinu	observed (pl.)	
הרשימה		hareshima	the list	
הרע		hara	the bad	
הרגילים		haregilim (adj.)	the ordinary / the usual / the regular / the experienced / that/who are used to (m.pl.)	
הצלה		hatsala	rescue	
הסעודה		hase'uda	the meal	
דעתם		da'atam	their opinion	
גושי		gushei	lumps of / blocks of / masses of / regions of	
גאון		ga'on	genius	
גז		gaz	gas	
גז		gez	shearing	
במעמד		bema'amad	in a position / [in] a class / [in] a pedestal / at a scene / in the presence of	
במרוצת		bimrutsat	during the	
בכניסה		bikhnisa	when entering	
בכניסה		beknisa	at an entrance	
בכניסה		baknisa	at the entrance	
בכנס		bekhenes	at a conference	
בכנס		bakenes	at the conference	
בדמותו		bidmuto	in his shape of / in his image	
בגדים		bgadim	clothes	
ברשות		birshut	with permission / with the permission of	
ברשות		berashut	led by / headed by	
ברשות		barashut	in the authority	
ריקה		reka	empty (f.s.)	
רוק		rok	saliva	
רעידת		re'idat	vibration of	
רחבות		rekhavot	wide (f.pl.)	
רחבות		rakhavot	squares	
סופות		sufot	storms	
סוכר		sukar	sugar	
נמלט		nimlat	escaped (m.s.)	
נוטים		notim	inclined / tend to / tilted (m.pl.)	
נסוג		nasog	withdrew / retreated (m.s.)	
מנהיגיה		manhigeha	her/its leaders	
כמדינה		kemedina	as a state	
כמדינה		kamedina	as the state	
למרידה		lemerida	to/for a mutiny	
למרידה		lamerida	to/for the mutiny	
לפקד		lefaked	to command	
תביא		tavi	you will bring / she will bring	
המינהל		haminhal	the administration / the management	
הוראת		hora'at	order of / instruction of	
בתביעה		betvi'a	in a law suit / in a prosecution	
בתביעה		batvi'a	in the law suit / in the prosecution	
בריתה		brita	Brita (a birth party for a  girl)	
סוכנים		sokhnim	agents	
מגנים		megenim (v.)	defend (m.pl.)	
מגנים		megenim (n.)	shields	
למצור		lematsor	to/for a siege	
למצור		lamatsor	to/for the siege	
להתיישב		lehityashev	to sit / to settle	
ויחידות		veyekhidat	and the unit of / and the squad of	
ולהגיע		ulehagi'a	and to arrive	
ולהביא		ulehavi	and to bring	
והיחסים		vehayakhasim	and the relations	
והצליח		vehitsli'akh	and succeeded (m.s.)	
חיזוי		khizui	forecasting / prediction	
חתמה		khatma	signed (f.s.)	
הועלה		hu'ala	was raised / was lifted / was increased / was brought up (m.s.)	
החפירות		hakhafirot	the excavation / the digging	
דרומיים		dromiyim	southern (m.pl.)	
בשליטה		beshlita	under control	
בשושלת		bashoshelet	in the dynasty	
בשושלת		beshoshelet	in a dynasty	
מספרם		misparam	their number	
מספרם		mesifram	from their book	
לתוצאה		letotsa'a	to a result	
לתוצאה		latotsa'a	to the result	
תוצאת		totsa'at	the result of / the consequence of	
תכננו		tikhnenu	planned / designed (pl.)	
ואנשיו		ve'anashav	and his people	
ובמזרח		uvamizrakh	and at the east / and to the east	
שיאפשר		sheye'afsher	that will enable / that will facilitate (m.s.)	
שכזו		shekazo	such / like this (f.)	
קשתות		kshatot	arches / bows / rainbows / curvatures	
פונו		punu	were evacuated	
כבלתי		kevilti	as im-, as in-, as un-, as dis-	
הוכרזה		hukhreza	was proclaimed / was announced / was declared (f.s.)	
הפיכת		hafikhat	revolution of / conversion of / turning of / inversion of	
הפיכת		ha'ashirim	the rich (m.pl.)	
ההערכות		haha'arakhot	the assessments / the estimations / the appreciations / the credits	
הדתיים		hadatiyim (adj.)	the religious (m.pl.)	
הדתיים		hadatiyim (n.)	the religious (m.pl.)	
הציוד		hatsiyud	the equipment	
בכסף		bekhesef	with money	
בכסף		bakesef	with the money	
מתנגדים		mitnagdim	resist / object (m.pl.)	
מוגברת		mugberet	enhanced / amplified / strengthened	
מוצב		mutsav (adj.)	placed / positioned / posted (m.s.)	
מוצב		mutsav (n.)	post / position (military)	
משיקולים		mishikulim	of considerations / for reasons	
מפות		mapot	maps	
מעברו		me'evro	beyond it / from its other side	
מעברו		ma'avaro	his/its pass / his/its transfer	
מסילות		mesilot	tracks	
יוזמה		yozma	initiative / enterprise	
למפקד		lemefaked	to/for a commander	
למפקד		lamefaked	to/for the commander	
למפקד		lemifkad	to/for a census / to/for a muster	
למפקד		lamifkad	to/for the census / to/for the muster	
לשירות		lesherut	at the service of	
לשירות		lasherut	to/for the service	
לפרסום		lefirsum	to/for a fame / to/for a publication / to/for an advertisement / to/for advertising	
לפרסום		lapirsum	to/for the fame / to/for the publication / to/for the advertisement / to/for the advertising [of]	
לזכויות		lizkhuyot	for/to rights / for/to privileges	
לטווח		litvakh	to a range / for a [long / short] run	
והחברה		vehakhevra	and the company / and the society	
ובהתאם		uvhet'em	and accordingly	
שהתקבלה		shehitkabla	that was received / that was accepted (f.s.)	
פעילה		pe'ila	active / activist (f.s.)	
אירעה		er'a	happened / occurred (f.s.)	
אחריות		akhrayut	responsibility	
אזרחיים		ezrakhiyim	civilian / civil (m.pl.)	
זנים		zanim	species / feed (m.pl.)	
כוחה		kokha	her power / her force / her strength	
כניסה		knisa	entrance	
כנגדם		keneged	against / contrary to / in exchange to	
המיועד		hameyu'ad	the intended / the designated	
המודרניים		hamoderniyim	the modern (m.pl.)	
המרכיבות		hamarkivot	that assemble / that constitute (f.pl)	
התכוון		hitkaven	meant / intended (m.s.)	
הושפעו		hushpe'u	were influenced / were affected	
הוכח		hukhakh	has been proved (m.s.)	
השמדת		hashmadat	destroy of / extermination of	
השמדת		hishmadeta	you destroyed (m.s.)	
השמדת		hishmadet	you destroyed (f.s.)	
הענקית		ha'anakit	the huge / the giant (f.s.)	
האחריות		ha'akhrayut	the responsibility	
החברתיים		hakhevratiyim	the social (m.pl.)	
הגנת		haganat	defense of	
הרמות		haramot	the heights / the levels	
הצביעו		hitsbi'u	voted / raised their hand / pointed at / indicated (pl.)	
הצטרפות		hitstarfut	joining	
הספיקו		hispiku	were sufficient / were adequate / met the deadline	
הנמוכות		hanemukhot	the low / the short (f.pl.)	
באיי		be'iyei	on/in the islands of	
צירוף		tseruf	combination / addition	
נבע		nava	stemmed from / derived from / spouted	
ממתכת		mimatekhet	[made] of metal	
ממחצית		mimakhatsit	[of] half	
מיקומו		mikumo	his location	
מתאימה		mat'ima	suitable / appropriate / applicable / identical (f.s.)	
מוצגות		mutsagot	are introduced / are displayed / are presented / are exhibited (f.pl.)	
משמשות		meshamshot	are used for (f.pl.)	
מכריע		makhri'a	decisive / crucial (m.s.)	
מגיעות		megi'ot	arrive (f.pl.)	
מגעים		maga'im	contacts / touch	
מרווח		mirvakh	gap	
מרווח		meruvakh	spaced	
מראשי		meroshi	from my head	
מראשי		merashei	of/from the leaders of	
מנהיגים		manhigim	leaders	
יורשו		yorsho	his heir / his successor	
למוזיקה		lemuzika	to/for music	
למוזיקה		lamuzika	to/for the music	
למערכות		lema'arakhot	to/for systems /  to/for editorial boards / to/for fights / to/for campaigns	
למערכות		lama'arakhot	to/for the systems /  to/for the editorial boards / to/for the fights / to/for the campaigns	
למערכות		lema'arkhot	to/for the systems of /  to/for the editorial boards of / to/for the fights of / to/for the campaigns of	
לתוצאות		letotsa'ot	to/for results	
לתוצאות		latotsa'ot	to/for the results	
לתוצאות		latots'ot	to/for the results of	
לשיקום		leshikum	for rehabilitation / for reconstruction	
לשיקום		lashikum	for the rehabilitation / for the reconstruction	
לשידור		lashidur	to/for the broadcast	
לשידור		leshidur	to/for a broadcast	
לשונו		leshono	his tongue / his language	
לקה		laka	was stricken / was beaten	
לכונן		lekhonen	to establish	
להמשך		lahemshekh	for later	
להפגין		lehafgin	to demonstrate	
להפריד		lehafrid	to separate	
לגרש		legaresh	to expel / to deport	
לרשימת		lirshimat	to the list of	
לרעה		lera'a	adversely / for the worse	
לסירוגין		leserugin	alternately / intermittently	
תיירים		tayarim	tourists	
תרשים		tarshim	sketch / chart / graph	
וייתכן		veyitakhen	and it is possible / and perhaps / and possibly	
ויצר		veyatsar	and created / and made (m.s.)	
ואינה		ve'eina	and is not / and is not here (f.s.)	
וזכתה		vezakhta	and won (f.s.)	
והאמנות		veha'omanut	and the art	
והביאו		vehevi'u	and brought (pl.)	
ובא		uva	and came (m.s.)	
ונאלץ		vene'elats	and was forced / and was compelled	
שלטונם		shiltonam	their rule / their reign	
שתוכנן		shetokhnan	which content (f.pl.)	
שאליה		she'eleha	that to her	
שבתחילה		shebatkhila	that at first / that at the beginning	
פופולרית		popularit	popular (f.s.)	
פעילים		pe'ilim	activists	
פעילויות		pe'iluyot	activities	
עתיקים		atikim	ancient / old (m.pl.)	
ערכי		erkei	values of	
ערכי		erki	ideological / my value	
איזון		izun	balance	
אירעו		er'u	happened / occurred (pl.)	
חבלי		khevlei	throes of / ropes of	
כתובה		ktuva	written (f.s.)	
כתובה		ktuba	Jewish marriage contract	
כונתה		kunta	was named (f.s.)	
כניסתו		knisato	his entrance	
המושבים		hamoshavim	the cooperative settlements / the seats / the sessions	
המשתמשים		hamishtamshim	that/who use (m.pl.) / the users	
המפורסמת		hamefursemet	the famous / the well known (f.s.)	
המעטים		hame'atim	the few	
המאוחר		hame'ukhar	the late / the later	
המבוססים		hamevusasim	the well established / the well based / that are based [on] (m.pl.)	
הלאומיות		hale'umiyot	the national (f.pl.)	
הלאומיות		hale'umiyut	the nationality / the patriotism	
התקופות		hatkufot	the periods	
השמאלי		hasmali	the left (adj.) / the left handed (m.s.)	
הקתדרלה		hakatedrala	the cathedral	
הקשות		hakashot	the difficult / the hard (f.pl.)	
הפלדה		haplada	the steel	
הפופולרי		hapopulari	the popular (m.s.)	
האופי		ha'ofi	the character / the nature	
הכלכליים		hakalkaliyim	the economic (m.pl.)	
הכנסות		hakhnasot	income	
ההרוגים		haharugim	the casualties	
הציבוריים		hatsiburiyim	the public (m.pl.)	
הנמוכים		hanemukhim	the low / the short (m.pl.)	
הנחת		hanakhat	the satisfaction / the complacence	
הנחת		hanakhat	the laying [of] / the Marine Corps member	
גילויים		giluyim	discoveries	
גופתו		gufato	his body / his corpse	
בלוחות		belukhot	on boards / on the boards of	
בלוחות		balukhot	on the boards	
בשנותיה		bishnoteha	in her years	
בעודם		be'odam	while they	
בחיילים		bekhayalim	with/among soldiers	
בחיילים		bakhayalim	with/among the soldiers	
בביקור		bevikur	[in] a visit / visiting	
בבעיות		bebe'ayot	[in] problems	
בבעיות		babe'ayot	[in] the problems	
ראשים		rashim	heads	
רהיטים		rahitim	furniture	
ציודם		tsiyudam	their equipment	
צפייה		tsfiya	watch / observation	
ספג		safag	absorbed / blotted (m.s.)	
ניסח		nisakh	phrased (m.s.)	
לרצח		laretsakh	to the murder	
לרצח		leretsakh	to a murder	
תקנות		takanot	regulations / rules / remedies	
שנרצחו		shenirtsekhu	who were murdered	
ערוצים		arutsim	channels	
חרות		kherut	freedom	
ההכשרה		hahakhshara	the training	
גורדי		gordei	scrapers of	
מיהודי		miyehudi	from a Jew	
מסי		misei	taxes of	
מסי		misai	my taxes	
למשימות		lemesimot	to/for tasks / to/for assignments / to/for missions	
למשימות		lamesimot	to/for the tasks / to/for the assignments / to/for the missions	
לגדוד		legdud	to/for a regiment	
לגדוד		lagdud	to/for the regiment	
פועלו		po'alo	his deeds	
חורבן		khurban	ruin / destruction	
השירותים		hasherutim	the services / the toilets	
הקהילות		hakehilot	the communities	
הגרדום		hagardom	the gallows	
דחפורי		dakhporei	the bulldozers of	
במאורעות		beme'ora'ot	in events	
במאורעות		bame'ora'ot	in the events	
במאורעות		bim'ora'ot	in the events of	
סלעי		sal'i	rocky	
משקעים		mishka'im	precipitate / sediments	
ליישוב		leyishuv	to/for a settlement / to settle	
ליישוב		layishuv	to/for the settlement	
לתעשייה		leta'asiya	for industry	
לתעשייה		lata'asiya	for the industry	
תערוכות		ta'arukhot	shows / exhibitions	
הכלליים		haklaliyim	the general (m.pl.)	
הגבורה		hagvura	the heroism / the bravery	
הבולטות		haboltot	the protruding / that stand out (f.pl.)	
מובא		muva	is brought (m.s.)	
מכוונת		mekhavenet	directs / adjusts / tunes (f.s.)	
מכוונת		mekhuvenet	intentional / adjusted / tuned (f.s.)	
מגדלי		migdelei	towers of	
תחנה		takhana	station	
שבילי		shvilei	paths of	
כתגובה		kitguva	in response	
המשכיות		hemshekhiyut	continuity	
הלשכה		halishka	the chamber / the office	
הריסה		harisa	demolition / destruction	
בבשורה		babsora	in the news	
רבנים		rabanim	rabbis	
מחולקת		mekhuleket	divided / split (f.s.)	
לתאוריה		late'orya	to/for the theory	
לתאוריה		lete'orya	to/for a theory	
לתכנון		letikhnun	for planning / for a design / for a layout / for the planning of / for the design of / for the layout of	
לתכנון		latikhnun	for the planning / for the design / for the layout	
לוותה		lavta	borrowed / took a loan (f.s.)	
תיכון		tikhon	middle (m.s.) / median (m.s.) / high school / Mediterranean (sea)	
תלמוד		talmud	Talmud / learning	
תושביה		toshaveha	its residents	
תוספות		tosafot	additions / supplements	
תצורה		tetsura	configuration / formation	
שמספר		shamesaper	that/who tells	
שמספר		shemispar	that a number / that a few	
שבמהלכו		shebemahalakho	that during it	
שבירה		shvira	breaking / fragile (f.s.)	
שנבנתה		shenivneta	that was built (f.)	
קרוי		karui	is called (m.s.)	
פרויקטים		proyektim	projects	
אטומי		atomi	atomic	
אטומי		atomei	atoms of	
כחבר		kekhaver	as a friend	
המאפיין		hame'afyen	the characteristic / that characterizes	
הכותב		hakotev	the writer / the author	
גירוש		gerush	expulsion / deportation	
גופני		gufani	physical	
בתיאטרון		bete'atron	in/at a theater	
בתיאטרון		bate'atron	in/at the theater	
בתחנת		betakhanat	at the station of	
בעשור		be'asor	by a decade	
בעשור		ba'asor	in the decade	
בדברי		bidvarai	in what I said	
בדברי		bedivrei	in what [X] said	
ספיר		sapir	sapphire	
ספיר		safir	countable	
משלים		mashlim	complementary	
משלים		meshalim	proverbs / allegories	
מבוססות		mevusasot	well established / well based / are based on (f.pl.)	
ייבוש		yibush	drying	
למיתוס		lemitos	to a myth	
למיתוס		lamitos	to the myth	
לירידה		leyerida	to/for going down / to/for coming down / to/for a descent / to/for a decrease	
לירידה		layerida	to/for the going down / to/for the coming down / to/for the  descent / to/for the decrease	
לבדיקה		livdika	for examination	
לבדיקה		labdika	to/for the examination	
תפקודו		tifkudo	his function	
ומקומות		umekomot	and places	
ובתו		uvito	and his daughter	
שלעיל		shela'el	the aforementioned	
שורשי		shorshi	fundamental / deep rooted	
שורשי		shorshei	roots of	
שורשי		shorashai	my roots	
שהפכו		shehafkhu	that inverted / that converted / that turned / that become / that transformed (pl.)	
פסיכולוגים		psikhologim	psychologists	
עומק		omek	depth	
חלוקות		khalukot	divisions	
אטומים		atomim	atoms	
אטומים		atumim	sealed / opaque (m.pl.)	
המשקל		hamishkal	the weight / the scale	
התפקידים		hatafkidim	the roles / the duties / the capacities	
התגורר		hitgorer	lived / dwelt (m.s.)	
השורה		hashura	the line	
הקשורה		hakshura	that is tied / that is linked / that is connected (f.s.)	
הקדמון		hakadmon	the prehistoric / the ancient / the primitive (m.s.)	
העשיר		ha'ashir	the rich (m.s.)	
העשיר		he'eshir	enriched (m.s.)	
החלל		hakhalal	the space	
הבמה		habama	the stage	
הבדיוני		habidyoni	the fiction	
הצמיחה		hatsmikha	the growth	
במלואה		bimlo'a	to its full (f.s.)	
במדליית		bemedalyat	[in] the medal of	
ביניים		beinayim	mid / middle / intermediate	
בתאי		beta'ei	in the cells of	
בתאי		beta'i	in my cell	
בשכונת		bishkhunat	in the neighborhood of	
בחברת		bekhevrat	in the company of / in the society of	
עירייה		iriya	municipality	
חוג		khug	circle / social group / course	
בטון		beton	concrete	
לכהן		lekhahen	to serve [as] / to hold office	
מוסלמית		muslemit	Muslim (adj.) (f.s.)	
קבועים		kvu'im	constant / fixed / regular / permanent (m.pl.)	
הפרטית		hapratit	the private (f.s.)	
תפילת		tfilat	prayer of	
שבעל		sheba'al	that an owner / that a husband	
ממלא		memale	fills (m.s.)	
שעבד		she'avad	that/who worked	
כוללות		kolelot	include (f.pl.)	
כותבי		kotvei	the writers of / the authors of	
השיטות		hashitot	the methods	
הפרסום		hapirsum	the fame / the publication / the advertisement / the advertising	
במישור		bemishor	on a plane / on a level / on the plane of / on the level of	
במישור		bamishor	on the plane / on the level	
תאורה		te'ura	illumination / lightning	
תרומת		trumat	donation of / contribution of	
והוביל		vehovil	and led / and transported (m.s.)	
שודר		shudar	was broadcast (m.s.)	
חיצוני		khitsoni	external	
המופיעה		hamofi'a	that/who appears / that/who performs (f.s.)	
הפופולרית		hapopularit	the popular (f.s.)	
הכתב		haktav	the writing (n.)	
הכתב		hakatav	the reporter	
הבסיסיות		habsisiyot	the basic (f.pl.)	
הנחשב		hanekhshav	that is considered	
בתרופות		batrufot	in/with the medications / in/with the drugs	
בתרופות		bitrufot	in/with medications / in/with drugs	
בפרקים		bifrakim	in chapters / in joints	
בפרקים		baprakim	in the chapters / in the joints	
בנם		bnam	their son	
ספיקת		sfikat	capacity of / flow of / discharge of	
מטופלת		metupelet	patient / is taken care of (f.s.)	
לשוניים		leshoniyim	linguistic (pl.)	
המפיק		hamefik	the producer / that/who produces	
המילולי		hamiluli	the verbal / the literal	
לסרטן		lesartan	to crab / to cancer	
לסרטן		lasartan	to/for the crab / to/for the cancer	
זוגי		zugi	even / dual / for two	
המתקיים		hamitkayem	that exists / that takes place / that is held (m.s.)	
הניב		heniv	produced / yielded	
הניב		haniv	the idiom / the tusk	
טכניקות		tekhnikot	techniques	
שגילה		shegila	that/who discovered	
טעויות		ta'uyot	mistakes	
לענפים		le'anafim	to/for branches / to/for fields	
לענפים		la'anafim	to/for the branches / to/for the fields	
פירמידה		piramida	pyramid	
חלל		khalal	space	
ממדי		memadei	dimensions of	
מסייעת		mesaya'at	assists / helps (f.s.)	
אקולוגית		ekologit	ecologic	
המשמשות		hameshamshot	that are used for (f.pl.)	
המכילות		hamekhilot	that contain (f.pl.)	
מתפרק		mitparek	falls apart / decomposed (m.s.)	
אלת		elat	goddess of	
התפתחותית		hitpatkhutit	developmental	
זקוקים		zkukim	need (m.pl.)	
הגדלים		hagdelim	that grow (m.s.)	
למינים		leminim	to/for kinds  / to/for species / to/for genders	
למינים		laminim	to/for the kinds  / to/for the species / to/for the genders	
שריפות		srefot	fires	
להכנת		lehakhanat	for the preparation of	
אופטית		optit	optical	
המסה		hamasa	dissolving	
חולות		kholot	sands	
בנגיף		benagif	in/with a virus	
בנגיף		banagif	in/with the virus	
שאלתי		sha'alti	I asked / I borrowed	
ממעל		mima'al	from above	
משרות		misrot	jobs / positions	
משרות		mishrot	marinades (n.)	
מעודי		me'odi	I never / ever since	
מזלי		mazali	my luck	
מכם		mikem	from you (m.pl.)	
מטתי		mitati	my bed	
למשול		limshol	to govern	
תיכף		tekhef	immediately / shortly	
תפוש		tafus	occupied (m.s.)	
ויפה		veyafe	and pretty / and good (m.s.)	
ויפה		veyafa	and pretty / and good (f.s.)	
ואֹמר		ve'omer	and says (m.s.) / and a saying (n.)	
ואֹמר		ve'omar	and I will say	
ופתאם		ufit'om	and suddenly	
וחוץ		vekhuts	and out	
ואשים		ve'asim	and I will put	
ואשוב		ve'ashuv	and I will return	
וארוץ		ve'aruts	and I will run	
ואצחק		ve'etskhak	and I will laugh	
ואנחנו		ve'anakhnu	and we / and us	
שלשולים		shilshulim	diarrhea (pl.) / earthworms	
שוה		shave	equals (m.s.)	
פרוטה		pruta	dime / penny	
עוקץ		okets (n.)	sting	
עוקץ		okets (v.)	stings (m.s.)	
עפה		afa	flew (f.s.)	
עברים		avarim	sides	
עברים		ivrim	Hebrew people	
חתיכה		khatikha	piece	
חוטים		khutim	wires	
חשתי		khashti	I felt / I rushed	
אחור		akhor	back / backward / rear	
אגיד		agid	I will say	
חרש		kheresh	quietly	
חרש		kheresh	deaf	
כתבתי		katavti	I wrote	
הלז		halaz	this one	
הענינים		ha'inyanim	the matters	
הזחל		hazakhal	the caterpillar	
הכנימות		haknimot	the aphids	
הגונה		haguna	decent / honest (f.s.)	
הבתה		habata	the waste land	
הניר		hanir	the plowed field	
דומני		domani	I think	
בקפיצה		bikfitsa	[by] jumping	
בעשב		ba'esev	in the grass / in the weed	
בכפי		bekhapi	in my palm / in my spoon	
בנפשך		benafshekha	[with] your soul / at the risk of your life (something very important) (m.s.)	
בנפשך		benafshekh	[with] your soul / at the risk of your life (something very important) (f.s.)	
בנחת		benakhat	calmly / peacefully	
נעזב		ne'ezav	was left (m.s.)	
נאנחה		ne'enkha	moaned (f.s.)	
נגשתי		nigashti	I approached	
מפי		mipi	from the mouth of / from my mouth	
מכף		mikaf	from a palm / from the palm of / from a spoon	
מניות		menayot	stocks	
לבכות		livkot	to cry	
תענוג		ta'anug	pleasure	
והיער		vehaya'ar	and the forest	
שוטר		shoter	policeman	
שקר		sheker	lie	
שעלינו		she'alenu	that is/are on us / that is/are about us (m.s.)	
שעלינו		she'alinu	that we went up / that we climbed	
איומה		ayuma	terrible / horrible (f.s.)	
חתן		khatan	bridegroom / laureate	
אושפז		ushpaz	was hospitalized (m.s.)	
כדרכי		kedarki	as I usually do	
המרתף		hamartef	the cellar / the basement	
הייתם		hayitem	you were (m.p.)	
הילדה		hayalda	the child / the girl	
הלוך		halokh	forth	
האבק		ha'avak	the dust	
הסבירה		hisbira	explained (f.s.)	
הסבירה		hasavira	the reasonable / the likely (f.s.)	
גוי		goi	gentile / nation	
בקן		beken	in a nest	
בקן		baken	in the nest	
צעדי		tsa'adei	steps of	
נפלא		nifla	wonderful	
נהדר		nehedar	wonderful	
מרעב		mera'av	of hunger	
יורשה		yurshe	will be allowed	
לעיני		le'einei	in front of	
לעיני		le'eini	to my eye	
תושב		toshav	resident	
תעשה		ta'ase	you will do / she will do	
ולבקש		ulvakesh	and to ask / and to request	
ורד		vered	rose	
עושות		osot	do (f.pl.)	
אחריהן		akhrehen	after them (f.)	
כואב		ko'ev	painful	
המיון		hamiyun	the classification / the categorization	
היודע		hayode'a	that/who knows	
השמירה		hashmira	the guarding / the protection	
הגולם		hagolem	the dummy / the stupid / the cocoon	
הבתולה		habtula	the virgin	
במנוחה		bimnukha	at rest	
בלילות		beleilot	in nights	
בלילות		baleilot	in the nights / at night	
בקולו		bekolo	in his voice	
רעות		ra'ot	bad (f.pl.)	
רעות		re'ut	friendship	
מוכנות		mukhanot	ready / prepared / willing (f.pl.)	
מהמקום		mehamakom	from the place	
מהעולם		meha'olam	from the world	
ידעה		yad'a	knew (f.s.)	
להותיר		lehotir	to leave	
לצחוק		litskhok	to laugh	
ומטה		vamata	and down	
ומטה		umate	and tilts / and diverts (m.s.) / and a stick	
ומטה		vemita	and a bed	
ולילה		velaila	and night	
וכולם		vekulam	and everybody	
ובגלל		uviglal	and because	
שמח		same'akh	glad / happy (m.s.)	
שמח		samakh	was glad / was happy (m.s.)	
קנים		kinim	nests	
חושבים		khoshvim	think (m.pl.)	
אוחז		okhez	holds (m.s.)	
כרוב		kruv	cabbage / angel	
המת		hamet	the deceased / the dead (m.s.)	
המאמר		ha'ma'amar	the article / the saying	
המאמר		hamakhshir	the instrument / the tool	
היושב		hayoshev	the sitting / that sits	
היכה		hika	beat / hit	
הואיל		ho'il	since / was willing (m.s.)	
הזר		hazar	the foreign / the stranger (m.s.)	
הרימו		herimu	lifted (pl.)	
הציעה		hetsi'a	proposed / suggested / offered (f.s.)	
הניע		heni'a	moved (m.s.)	
בזעם		beza'am	angrily	
סיפרה		sipra	told / cut (hair) (f.s.)	
סיפרה		sifra	her book / digit	
סתם		stam	just / casual / simple	
סתם		satam	blocked / plugged (m.s.)	
סוללות		solelot (n.)	batteries	
סוללות		solelot (v.)	pave (f.pl.)	
נוכל		nokhel	crook	
נוכל		nukhal	we will be able	
נשארה		nish'ara	stayed / remained (f.s.)	
נבון		navon	clever / intelligent	
מינויו		minuyo	his appointment	
מתוכן		mitokhan	out of them / from inside them (f.)	
משק		meshek	economy / farm	
משק		mashak	noise	
מטבעות		matbe'ot	coins	
ישוב		yashuv	will return	
לתוכו		letokho	into him/it	
לתור		letor	[to] a line	
לתור		lator	[to] the line	
לתור		latur	to explore / to tour / to inquire	
לחברי		lekhavrei	to the friends of / to the members of	
להתקרב		lehitkarev	to approach / to get close	
להתאבד		lehit'abed	to commit suicide	
לראותו		lir'oto	to see him/it (m.s.)	
תשובה		tshuva	answer / reply / return / repentance	
ועתה		ve'ata	and now	
ובמהרה		ubimhera	and soon	
וביקשו		uvikeshu	and asked / and requested (pl.)	
ובאותו		uve'oto	in/at the same (m.s.)	
שקורה		shekore	that happens / that occurs	
שקורה		shekora	that a beam	
שחרורו		shikhruro	his release	
שריד		sarid	remnant / survivor (m.s.)	
שררה		srara	rule / power	
שנתי		shnati	annual / my sleep	
פרלמנטרית		parlamentarit	parliamentary (f.s.)	
אשכנזי		ashkenazi	Ashkenazi (Jew from Europe)	
כבעבר		keba'avar	as in the past / as previously	
כנפיו		knafav	his wings	
המכבים		hamakabim	the Maccabees	
המריבה		hameriva	the fight	
התכלת		hatkhelet	the light blue	
התגברה		hitgabra	overcame (f.s.)	
הערמונית		ha'armonit (n.)	the prostate	
הערמונית		ha'armonit (v.)	the dark brown / the auborn	
הגרעינית		hagar'init	the nuclear (f.s.)	
הרשת		hareshet	the net	
דיווחו		divkhu	reported (pl.)	
דרישות		drishot	requirements / demands	
במועצת		bemo'etset	in the council of	
במעט		bim'at	by a little	
בתפקידו		betafkido	in his role / in his duty / in his capacity	
בולטות		boltot	protruding / stand out (f.pl.)	
בשרירים		bashririm	in the muscles	
בשרירים		beshririm	[with] muscles	
בעצמם		be'atsmam	themselves / personally (m.pl.)	
בכף		bekhaf	in the palm of / with a spoon	
בכף		bakaf	in the palm / with the spoon	
בגזע		begeza	in a trunk / in a race	
בגזע		bageza	in the trunk / in the race	
בביצוע		bevitsu'a	in performance / in the performance of	
ברבות		birvot	as it increased / as the number grows	
בצעדים		bits'adim	with steps	
ראיה		re'aya	evidence	
צללים		tslalim	shadows	
נפגשו		nifgeshu	met (pl.)	
נאומו		ne'umo	his speech	
נראים		nir'im	are seen / look (m.pl.)	
מתגלה		mitgale	is discovered (m.s.)	
משיכה		meshikha	pull / attraction / withdrawal / gravity	
משחקני		misakhkanei	from the players of / from the actors of	
משדה		misade	from a field	
משדה		misde	from a field of	
מכירות		mekirot	recognize / familiar with (f.pl.)	
מכירות		mekhirot	sales	
מהמטבח		mehamitbakh	from the kitchen	
מבחר		mivkhar	selection	
מסוכן		mesukan	dangerous	
מסכימים		maskimim	agree (m.pl.)	
מני		mini	from	
ידיו		yadav	his hands	
לממש		lemamesh	to realize	
למשפחתו		lemishpakhto	to/for his family	
למקרה		lemikre	in case	
למקרה		lamikre	for the case	
לשחקנים		lasakhkanim	to/for the players / to/for the actors	
לשחקנים		lesakhkanim	to/for players / to/for actors	
לשנים		lashanim	for the years	
לשנים		leshanim	for years	
לפתיחת		liftikhat	to the opening of	
לעיכול		la'ikul	for digestion	
לאויב		la'oyev	to the enemy	
לאויב		le'oyev	to an enemy	
לחוקה		lekhuka	for a constitution	
לחוקה		lakhuka	for the constitution	
לחדש		lekhadesh	to renew	
להתעמת		lehit'amet	to confront	
להתעלם		lehit'alem	to ignore	
להתבצע		lehitbatse'a	to be performed / to be executed	
להזכיר		lehazkir	to remind	
לדור		ladur	to live / to dwell	
לגזע		legeza	to/for a trunk / to/for a race	
לגזע		lageza	to/for the trunk / to/for the race	
לבשו		lavshu	wore (m.pl.)	
לבאר		le'be'er	to a well	
לבאר		la'be'er	to the well	
לרמת		leramat	to the height of / to the level of	
לצרכים		letsrakhim	for necessities / for needs	
לסגן		lesgan	to/for/as a deputy	
לסגן		lasgan	to/for/as the deputy	
לניהול		lenihul	of management / for the management of	
לנהוג		linhog	to drive / to lead / to do something on a regular basis	
תיק		tik	bag / case / file / portfolio	
ומלב		umilev	and from a heart / and from the heart of	
ומשטר		umishtar	and a regime	
ומנסה		umenase	and tries (m.s.)	
ולמחרת		ulemokhorat	and the next day	
ואי		ve'i	and an island / and non --	
וזכויות		vezkhuyot	and rights / and privileges	
והולכת		veholekhet	and walks / and goes (f.s.)	
והביאה		vehevi'a	and brought (f.s.)	
ובראשן		uvroshan	led by (f.pl.)	
וסוף		vesof	and an end	
שמצא		shematsa	that/who found (m.s.)	
שמספרו		shemisparo	which number is	
שמספרו		shemisifro	that from his book	
שיחים		sikhim	bushes	
שיחות		sikhot	conversations	
שיחה		sikha	conversation	
שלכל		shelekhol	that for/to all	
שלכל		shelakol	that for/to everything / that for/to everyone / that for/to anyone	
שעלול		she'alul	that/who might (m.s.)	
שעם		she'am	that a people	
שעם		she'im	that with	
שהובילה		shehovila	that/who led  / that/who transported (f.s.)	
שבאה		sheba'a	that/who is coming / that/who came (f.s.)	
שנאכלו		shene'ekhlu	that were eaten	
קערות		ke'arot	bowls	
פרישה		prisha	retirement	
פרופסור		profesor	professor	
פרשו		parshu	retired (pl.)	
פרשו		pershu	explained / interpreted (pl.)	
עוזרים		ozrim (n.)	assistants	
עוזרים		ozrim (v.)	help / assist (m.pl.)	
עוברות		ovrot	pass / cross / go through (f.pl.)	
עבירה		avera	felony / offense / crime	
ערוך		arukh	edited / arranged (m.s.)	
ער		er	awake (m.s.)	
זמרת		zameret	singer (f.s.)	
אלמלא		ilmale	if not	
חליל		khalil	flute	
חולדה		khulda	rat	
אח		akh	brother / nurse (m.)	
חסרים		khaserim	missing	
כנסיות		knesiyot	churches	
המשפטים		hamishpatim	the trials / the sentences	
המפנה		hamifne	the turn / the change	
המחוזי		hamekhozi	the regional / the district (adj.)	
המכירה		hamekhira	the sale	
המכללות		hamikhlalot	the colleges	
המגרש		hamigrash	the field / the yard	
הוכיח		hokhi'akh	proved / demonstrated (m.s.)	
הפגיעות		hapgi'ot	the hits / the impacts / the damages / the offenses	
העומס		ha'omes	the load / the burden	
העובדות		ha'uvdot	the facts	
העובדות		ha'ovdot	the workers (f.)	
העשוי		ha'asui	that is made of / that/who might	
הזמרת		hazameret	the singer (f.s.)	
הגאון		haga'on	the genius	
הבהיר		habahir	the bright / the fair	
הבריאה		habri'a	the creation	
הרשויות		harashuyot	the authorities	
הנותרים		hanotarim	the remaining (m.pl.)	
הנהיג		hinhig	led	
גבעה		giv'a	hill	
במכון		bemakhon	in an institute	
במכון		bamakhon	in the institute	
ביעילות		biy'ilut	efficiently	
בשיח		basi'akh	in the conversation / in the bush	
בשיח		besi'akh	in a conversation / in a bush	
בשכונות		bashkhunot	in the neighborhoods	
בשכונות		beshkhunot	in neighborhoods	
בעריכת		be'arikhat	edited by	
באירוע		be'eru'a	in an event	
באירוע		ba'eru'a	in the event	
בהפעלת		behaf'alat	in the operation of / in the activation of	
בדיון		badiyun	in the discussion	
בדיון		bediyun	in discussion	
בגודלו		begodlo	at/in his size	
בגביע		begavi'a	[in] a cup / [in] a grail	
ברירה		brera	choice	
ברי		bari	certain / sure / obvious	
ברשותו		birshuto	in his possession / with his permission	
בצבעים		bitsva'im	in colors	
רכישה		rekhisha	acquisition / purchase	
צדו		tsido	his side	
צדדי		tsdadi	lateral / secondary (m.s.)	
ספור		sipur	story	
ספור		safur	is counted (m.s.)	
סביבות		svivot	surroundings	
סביבם		svivam	around them	
נפגע		nifga	was hit / was damaged / was offended (m.s.)	
נדחתה		nidkhata	was rejected / was postponed (f.s.)	
נטול		netul	lacking / without	
לאומנים		le'omanim	to/ for artists	
לאומנים		la'omanim	to/for the artists	
ובמערב		uvama'arav	and in/to the west	
עתודה		atuda	reserve / backlog	
עקורים		akurim	uprooted / displaced (m.pl.)	
אקוּטִי		akuti	acute	
הישועה		hayeshu'a	the salvation	
העתודה		ha'atuda	the reserve / the backlog	
החצייה		hakhatsiya	the cutting in half / the crossing	
האסורה		ha'asura	the forbidden / the imprisoned (f.s.)	
גשרי		gishrei	bridges of	
מתקפות		mitkafot	attacks	
למורדים		lemordim	to/for rebels	
למורדים		lamordim	to/for the rebels	
לשגריר		lashagrir	to/for the ambassador	
לשגריר		leshagrir	to/for an ambassador	
תגבורות		tigborot	reinforcement / contingent	
וחיילים		vekhayalim	and soldiers	
שתילי		shtilei	plants of	
ארטילרית		artilerit	artillery (adj.)	
כוחותיהם		kokhotehem	their powers / their forces / their strengths	
המדומה		hamedume	the imaginary / the simulated	
התבוסה		hatvusa	the defeat	
השקיה		hashkaya	watering	
האגדות		ha'agadot	the fairy tales / the legends	
הבכירים		habkhirim (n.)	the seniors	
הבכירים		habkhirim (adj.)	the senior (m.pl.)	
סוחרים		sokharim	merchants / dealers / sellers	
משולבת		meshulevet	combined (f.s.)	
מהצבא		mehatsava	from the army	
מצוינת		metsuyenet	excellent / noted	
ילידים		yelidim	natives	
לסכסוך		lesikhsukh	to a conflict	
לסכסוך		lasikhsukh	to the conflict	
קילומטר		kilometer	kilometer	
קורבן		korban	victim	
פשיסטית		fashistit	fascist (f.s.)	
אמורים		amurim	supposed (m.pl.)	
חצו		khatsu	cut in half / crossed (pl.)	
אסלאם		islam	Islam	
המתקדמים		hamitkadmim	the advanced / the progressive / the modern	
הקווים		hakavim	the lines	
החזיקה		hekhezika	held (f.s.)	
ההתקפות		hahatkafot	the attacks	
ההתערבות		hahit'arvut	the intervention / the interference / the bet	
הנהגתו		hanhagato	his leadership	
בירתו		birato	its capital	
בשלבי		bishlabei	at the stages of / in the phases of / on the rungs of	
צנחנים		tsankhanim	parachuters	
סכסוך		sikhsukh	conflict	
נשלחה		nishlekha	was sent (f.s.)	
ממוגנים		memuganim	protected / shielded (m.pl.)	
מורדות		mordot	rebels (f.pl.)	
מורדות		moradot	slopes	
מונף		munaf	lifted / being waved	
משוריינים		meshuryanim	armored (m.pl.)	
מחזות		makhazot	plays / shows	
מהאי		meha'i	from the island	
מסמך		mismakh	document	
יריב		yariv	rival / opponent / enemy (m.s.)	
לעקוף		la'akof	to pass / to bypass	
לחיזוק		lekhizuk	for strengthening	
להיכנע		lehikana	to surrender	
להציל		lehatsil	to rescue / to save	
ואזרחים		ve'ezrakhim	and citizens	
והחיילים		vehakhayalim	and the soldiers	
ובמספר		uvmispar	and at/in a number	
ובמספר		uvamispar	and at/in the number	
ונשק		veneshek	and weapon	
ונשק		venashak	and kissed (m.s.)	
שכיום		shekayom	that nowadays	
שהקימו		shehekimu	that/who established (pl.)	
קילוגרם		kilogram	kilogram	
קדושים		kdoshim	holy (m.pl.)	
אימצו		imtsu	adopted (pl.)	
חידש		khidesh	renewed / innovated (m.s.)	
זעם		za'am (n.)	rage / fury / anger	
זעם		za'am (v.)	was angry / was furious (m.s.)	
אסטרטגיות		estrategyot	strategies	
המתנדבים		hamitnadvim	the volunteers	
המורכבים		hamurkavim	the complex / the assembled (m.pl.)	
המשלחת		hamishlakhat	the delegation	
התקיפו		hitkifu	attacked (pl.)	
השגריר		hashagrir	the ambassador	
החירות		hakherut	the freedom	
הכבושה		hakvusha	the occupied (f.s.)	
הגבולות		hagvulot	the borders / the limits	
הרפתקאות		harpatka'ot	adventures	
הראשיות		harashiyot	the main (f.pl.)	
דלה		dala (adj.)	poor (f.s.)	
דלה		dala (v.)	took out (m.s.)	
בואם		bo'am	their arrival	
בשינוי		bashinui	with/in the change	
בשינוי		beshinui	with/in a change	
בנפש		benefesh	[with/in] a soul	
בנפש		banefesh	[with/in] the soul	
רוחם		rukham	their spirit	
רשתות		reshatot	nets	
ספינת		sfinat	ship of	
מלאכת		melekhet	work of / craft of	
מוט		mot	rod / pole / bar	
משוריין		meshuryan	armored (m.s.)	
מאל		me'el	from a god	
מאורגן		me'urgan	organized	
יליד		yalid	native	
יומין		[atik] yomin	old (object)	
למחות		limkhot	to protest / to wipe	
לתפקד		letafked	to function	
לעבודת		le'avodat	to/for the work of / for the worship of	
להחלטה		lehakhlata	to a decision	
להחלטה		lahakhlata	to the decision	
תיאום		te'um	coordination	
תרגילי		targilei	exercises of / drills of / maneuvers of	
והפיכת		vehafikhat	and the revolution of / and the conversion of / and the turning of / and the inversion of	
והעשירים		veha'ashirim	and the rich (m.pl.)	
שמחוץ		shemikhuts	the is outside of	
שלימים		sheleyamim	that subsequently / that later on	
שפעלה		shepa'ala	that/who acted / that/who operated (f.s.)	
שאורכו		she'orko	which length is	
שהונהגה		shehunhaga	that was led / that was introduced (a system, a procedure etc.)	
שניתנה		shenitna	that was given (f.s.)	
פחתה		pakhata	was reduced (f.s.)	
פרסמו		pirsemu	published / advertised (pl.)	
פנימיות		pnimiyut	immanence	
פנימיות		pnimiyot	internal (f.pl.)	
עליונה		elyona	upper / superior (f.s.)	
ענייני		inyanei	matters of	
ענייני		inyani	my concern	
חפים		khapim	innocent / pure (m.pl.)	
אפשרו		ifsheru	enabled / facilitated (pl.)	
כוונתו		kavanato	his intention / he means	
הממשלות		hamemshalot	the governments	
המפרץ		hamifrats	the bay	
המזוין		hamezuyan	the armed (m.s.)	
המחאות		hamkha'ot	checks (n.)	
המחאות		hamekha'ot	the protests	
היחידי		hayekhidi	the only (m.s.)	
התקוות		hatikvot	the hopes	
הוגשו		hugshu	were served	
השדות		hasadot	the fields	
האיזון		ha'izun	the balance	
החקלאי		hakhaklai	the farmer (m.s.)	
החקלאי		hakhakla'i	the agricultural (m.s.)	
הדרושים		hadrushim	that are required (m.)	
הרחיב		hirkhiv	widened / broadened	
הצעתו		hatsa'ato	his proposal / his suggestion / his offer	
הסמל		hasemel	the symbol	
הסמל		hasamal	the sergeant	
בתורו		betoro	in his turn	
בשרשרת		basharsheret	in the chain / with the necklace	
בשרשרת		besharsheret	in a chain / with/on a necklace	
בזכויות		bizkhuyot	[in] rights / [in] privileges	
בזכויות		bazkhuyot	[in] the rights / [in] the privileges	
בכוחו		bekokho	within his power	
בכנסייה		bikhnesiya	in a church	
בכנסייה		baknesiya	in the church / in church	
בנקודות		binkudot	at points	
בנקודות		banekudot	at the points	
רצופים		retsufim	continuous (m.pl.)	
ציבוריות		tsiburiyot	public (f.pl.)	
ציבוריות		tsiburiyut	public affairs	
נישאו		nis'u	were carried / got married / were married (pl.)	
נצפו		nitspu	were watched  / were observed / were anticipated (m.s.)	
ממלכתית		mamlakhtit	of the state / official	
מוגנים		muganim	defended / protected (m.pl.)	
משטחים		mishtakhim	planes / surfaces / platforms	
מקבלת		mekabelet	receives / accepts (f.s.)	
מחיל		mekheil	from the forces of	
מחיל		mekhail	from success	
מכת		makat	hit of / stroke of / blow of	
מכונית		mekhonit	car	
מכנה		mekhane (v.)	names / calls (m.s.)	
מכנה		mekhane (n.)	denominator	
יורדת		yoredet	goes down / comes down / descends / decreases (f.s.)	
למחלות		lemakhalot	for sicknesses / for illnesses	
למחלות		lamakhalot	for the sicknesses / for the illnesses	
למחתרת		lemakhteret	to/for an underground	
למחתרת		lamakhteret	to/for the underground	
לקלוט		liklot	to intake / to receive / to grasp	
לפקח		lefake'akh	to supervise / to inspect	
לפרש		lefaresh	to explain / to interpret	
לאש		le'esh	to fire	
לאש		la'esh	to the fire	
להימצא		lehimatse	to be [at] / to be found / to be discovered / to be [at]	
להשקיע		lehashki'a	to invest	
להפיץ		lehafits	to distribute	
להצית		lehatsit	to light / to ignite	
לדת		ledat	to/for a religion	
לדת		ladat	to/for the religion	
לטהר		letaher	to purify	
תיקונים		tikunim	corrections / repairs	
וממנו		umimenu	and from him	
וילדים		viyladim	and children	
וחומרי		vekhomrei	and the materials of	
והקרב		vehakrav	and the battle	
והקרב		vehakarev	and the coming / and the approaching	
ודרש		vedarash	and required / and demanded / and preached (m.s.)	
ובמקביל		uvemakbil	and in parallel / the simultaneously	
וניסו		venisu	and tried (pl.)	
שמוצאם		shemotsa'am	that/who originated from (m.pl.)	
שמקורם		shemekoram	that/who originated from (m.pl.)	
שיניים		shinayim	teeth	
שבוצעו		shebuts'u	that were performed	
שטען		sheta'an	that/who claimed / that/who argued (m.s.)	
קיר		kir	wall	
פתחים		ptakhim	openings / apertures	
חירות		kherut	freedom	
אווירה		avira	atmosphere / ambiance	
חובבים		khovevim (n.)	amateurs	
חובבים		khovevim (v.)	like (m.pl.)	
אכזרית		akhzarit	cruel (f.s.)	
חרס		kheres	clay	
המגזין		hamagazin	the magazine	
התמודד		hitmoded	dealt with / confronted (m.s.)	
התמקד		hitmaked	focused (m.s.)	
התפרצות		hitpartsut	outburst / eruption / revolt / outbreak	
התאחדו		hit'akhadu	united (m.pl.)	
התבססו		hitbasesu	became established / settled down / were based on (pl.)	
הוכו		huku	were beaten	
השייך		hashayakh	that/which belongs / that is relevant	
הפשטה		hafshata	simplification / abstraction / undressing	
העמוק		ha'amok	the deep	
העירונית		ha'ironit	the municipal / the urban (f.s.)	
החופשיים		hakhofshiyim	the free (m.pl)	
החפצים		hakhafatsim	the objects	
ההיכל		haheykhal	the palace / the temple	
ההערכה		haha'arakha	the assessment / the estimation / the appreciation / the credit	
הגדרות		hagdarot	definitions	
הגדרות		hagderot	the fences	
הבכורה		habekhora	the firstborn (f.)	
הבנה		havana	understanding	
הטמפרטורות		hatemperaturot	the temperatures	
דגלים		dgalim	flags	
דרגות		dargot	degrees / levels / grades / ranks	
במפקדת		bemifkedet	in the headquarters of	
במגזר		bemigzar	in a sector	
במגזר		bamigzar	in the sector	
ביכולת		biyekholet	within the power of	
ביצירות		biyetsirot	in the formations / in the creations / in the works of art / in the compositions	
ביצירות		bayetsirot	in  works of art / in the compositions	
בקוטר		bekoter	[at] a diameter of	
בקוטר		bakoter	[at] the diameter	
בפוליטיקה		bapolitica	in politics	
באוקיינוס		ba'okyanus	in the ocean	
באוקיינוס		be'okyanus	in an ocean	
בנמצא		banimtsa	around here	
טכניים		tekhniyim	technical	
צפויים		tsfuyim	expected / anticipated (m.pl.)	
צפו		tsafu	watched / observed / anticipated (pl.)	
סגנונות		signonot	styles	
נמשכת		nimshekhet	lasts / is pulled / is attracted / is withdrawn (f.s.)	
נולדו		noldu	were born	
נשדדו		nishdedu	were robbed	
נקבעו		nikbe'u	were determined / were fixed / was set	
נסיגת		nesigat	withdrawal of / retreat of	
מיקוש		mikush	mine laying	
מוזכרת		muzkeret	mentioned (f.s.)	
לשדרות		lasderot	to the boulevards	
לשדרות		lesderot	to boulevards / to the boulevard of	
לשדרה		lasdera	to the boulevard	
לשדרה		lesdera	to a boulevard	
והסוכנות		vehasokhnut	and the agency / and the [Jewish] Agency	
חימר		khemar	clay	
כרוז		karoz	announcer / manifest	
המשלוחים		hamishlokhim	the shipments / the deliveries	
הפיקודיות		hapikudiyut	the command [chain]	
החרות		hakherut	the freedom	
החרדי		hakharedi	the ultra-orthodox (m.s.)	
הכשרת		hakhsharat	the training of / the qualification of	
הבולשת		haboleshet (n.)	the secret police	
הבולשת		haboleshet (v.)	that/who spies (f.s.)	
הבנקאית		habanka'it	the banker (f.)	
הבנקאית		habanka'it (adj.)	the banker / the bank	
במצוק		bematsok	[on] a cliff	
במצוק		bamatsok	[on] the cliff	
בריקדות		barikadot	barricades	
מפקדה		mifkada	headquarters	
יבנה		yivne	will build (m.s.)	
ותפקידים		vetafkidim	and roles / and duties / and capacities	
קרקעות		karka'ot	soils / grounds / lands	
עמנו		amenu	our people	
עמנו		imanu	with us	
העצמאי		ha'atsma'i	the independent (m.s.)	
הברונזה		habronza	the bronze	
שרד		sarad	survived (m.s.)	
המובילות		hamovilot (n.)	the leaders / the transporters (f.)	
המובילות		hamovilot (v.)	that/who lead / that/who transport (f.pl.)	
הניקוז		hanikuz	the drainage	
ביוזמת		beyozmat	initiated by	
בבקעת		bevik'at	in the valley of	
ברובו		berubo	most of it	
מגוונים		meguvanim	various / diverse (m.pl.)	
לקיומו		lekiyumo	to/for his/its existence / to/for its holding / to/for its fulfillment	
לסילוק		lesiluk	for the removal [of] / for the dismissal [of]	
תיעוד		ti'ud	documentation	
תצורת		tetsurat	configuration of / formation of	
ולפעמים		velif'amim	and sometimes	
שמם		shmam	their name	
שבאותה		shebe'ota	that in the same / that at the same (f.s.)	
קדושתו		kdushato	his holiness	
אופני		ofanei	ways of / wheels of / bicycle of	
חריפים		kharifim	hot (taste) / severe (m.pl.)	
כפופה		kfufa	bowed / bent / subordinate (f.s.)	
כהלכה		kahalakha	properly	
המקוריים		hamekoriyim	the original (m.pl.)	
הקומות		hakomot	the floors	
הדתות		hadatot	the religions	
הבודדים		habodedim	the lonely / the single / the few (m.pl.)	
ספורות		sfurot	are counted / few (f.pl.)	
ספורות		sporot	spores	
ניטעו		nit'u	were planted	
משמעותו		mashma'uto	its meaning / means (m.s.)	
מרכזיות		merkaziyut	centrality	
מרכזיות		merkaziyot	central (f.pl.)	
מסודרות		mesudarot	organized / arranged (f.pl.)	
ליחידת		likhidat	to/for the unit of	
לקורא		lakore	to/for the reader	
לחקלאות		lekhakla'ut	to/for agriculture	
לחקלאות		lakhakla'ut	to/for the agriculture	
לכוון		lekhaven	to direct / to adjust / to tune	
ותנאי		utnai	and a condition / and a provision	
ותנאי		vetna'ei	and the conditions of / and the provisions of	
זוכים		zokhim (n.)	winners (m.pl.)	
זוכים		zokhim (v.)	win (m.pl.)	
כד		kad	jug / jar	
המיוחדות		hameyukhadot	the special (f.pl.)	
המשלבים		hameshalvim	that/who combine	
המשקעים		hamishka'im	the precipitate / the sediment	
המדויק		hameduyak	the precise / the accurate	
התרחבות		hitrakhavut	widening / broadening	
הקשיים		hakshayim	the difficulties	
הקרן		hakeren	the beam / the ray / the fund / the horn / the bugle	
הפריחה		haprikha	the flowering / the blossom / the prosperity / the rash	
ההגירה		hahagira	the immigration	
ביחידה		biyekhida	at a unit / in a squad	
ביחידה		bayekhida	at the unit / in the squad	
באמצעי		be'emtsa'ei	by means of	
באמצעי		ba'emtsa'i	in the middlemost	
רקטות		raketot	rockets	
רכשה		rakhsha	acquired / bought (f.s.)	
נוכח		nokhakh	is present / realized (m.s.)	
נוכח		nokhakh	in the presence of / in front of	
נשמרת		nishmeret	is kept / is guarded / is protected (f.s.)	
מתלמידיו		mitalmidav	from his students	
מפעלים		mif'alim	plants / factories	
מגוונות		meguvanot	various / diverse (f.pl.)	
מצויות		metsuyot	that are [at] / the common / the available (f.pl.)	
ייחודיות		yikhudiyot	unique (f.pl.)	
לשיטות		lashitot	to/for the methods	
לשיטות		leshitot	to/for methods	
לשווק		leshavek	to market	
להסתיר		lehastir	to hide	
לבסיס		levasis	to/for a basis	
לבסיס		labasis	to/for the basis	
וספרות		vesifrut	and literature	
וספרות		vesaparut	and hairdressing	
שודרה		shudra	was broadcasted (f.s.)	
שקיימת		shekayemet	that exist (f.s.)	
שפתם		sfatam	their language / their edge / their lip	
שחי		shekhai	that/who lives / that/who lived (m.s.)	
שחי		shekhi	arm pit	
קיומן		kiyuman	their existence / their survival / their holding / their fulfillment (f.pl.)	
חיטה		khita	wheat	
חלוקה		khaluka	division / distribution	
המטבחים		hamitbakhim	the kitchens	
המצביעים		hamatsbi'im	the voters	
הייצור		hayitsur	the production	
השייכת		hashayekhet	that/who belongs to / that is relevant to (f.m.)	
השלמה		hashlama	completion / acceptance	
הקליטה		haklita	the intake / the receptivity / the reception / the grasp	
הקבלה		hakabala	the acceptance / the admission / the reception / the receipt / the Kabalah	
הקבלה		hakbala	parallelism	
הזמין		hizmin	invited / ordered (m.s.)	
הנדרשים		hanidrashim	the required / that/who are required (m.pl.)	
גרסתו		girsato	his version	
במלון		bemalon	at/in a hotel	
במלון		bamalon	at/in the hotel	
במשחקי		bemiskhakei	in the games of	
במשחקי		bemiskhaki	in my game / in mt acting	
בשינויים		bashinuyim	with/in the changes	
בשינויים		beshinuyim	with/in changes	
טיפולים		tipulim	treatments	
רחבת		rakhavat	the square of / the area of	
ספריות		sifriyot	libraries	
סביבתיים		svivatiyim	environmental	
ההון		hahon	the capital / the wealth	
ליבה		liba	core	
אישיותו		ishiyuto	his personality	
תרומות		trumot	donations / contributions	
במאמרו		be'ma'amaro	in his article	
פילוסופית		filosofit	philosophical	
רעם		ra'am	thunder	
רעם		ra'am	roared / thundered	
מקיפה		mekifa	surrounds / encircles / comprehensive (f.s.)	
מאפיין		me'afyen	characteristic	
מסכת		masekhet	chapter / tractate (Thalmud)	
מסכת		masket	stethoscope	
ילדותו		yalduto	his childhood	
להתחרות		lehitkharot	to compete	
תרבותי		tarbuti	civilized / cultural / cultivated	
העלאת		ha'ala'at	raising of / increase of / bringing up the	
הניתנת		hanitenet	that is possible / that is given (f.s.)	
בקביעות		bikvi'ut	regularly / constantly / permanently	
בסיסיים		bsisiyim	basic (m.pl.)	
ממד		memad	dimension	
מתמקדת		mitmakedet	focuses (f.s.)	
מספרו		misparo	his number	
מספרו		mesifro	from his book	
לארמון		le'armon	to/for a palace	
לארמון		la'armon	to/for the palace	
לניתוח		lenitu'akh	to/for surgery / to/for analysis	
לניתוח		lanitu'akh	to/for the surgery / to/for the analysis	
תכונה		tkhuna	character / attribute / commotion	
וזכו		vezakhu	and won (pl.)	
והדרך		vehaderekh	and the way	
קרובה		karova	close / relative (f.s.)	
התומכת		hatomekhet	the supporting / that/who supports (f.s.)	
האלו		ha'elu	these	
הכותבים		hakotvim	the writers / the authors	
הבעיות		habe'ayot	the problems	
בנוף		benof	in a view / in a landscape / in boughs of a tree	
בנוף		banof	in the view / in the landscape / in the boughs of a tree	
רווחת		ravkhat	the welfare of	
רווחת		rovakhat	widespread	
נובעות		nov'ot	stems from / derived from / spout (f.pl.)	
שייטי		shayatei	the rowers of	
קולנועית		kolno'it	cinematic	
פרקי		pirkei	chapters of / joints of	
עיצורים		itsurim	consonants	
אמנותיות		omanutiyot	artistic (f.pl.)	
חיבורים		khiburim	connections / links / linkages / joining / joints / junctions	
אלבומי		albomi	my album	
אלבומי		albomai	my albums	
אלבומי		albomei	the albums of	
אלבומה		alboma	her album	
המתמטיות		hamatematiyot	the mathematical (f.pl.)	
הווה		hove	present	
הקאנו		hekenu	we vomited	
האמנותית		ha'omanutit	the artistic (f.s.)	
החלום		hakhalom	the dream	
האפל		ha'afel	the dark	
הכתיב		haktiv	the spelling	
הכתיב		hikhtiv	dictated (m.s.)	
הצילומים		hatsilumim	the photographs	
הנאמר		hane'emar	the said	
ביים		biyem	directed	
משבט		mishevet	from the tribe of	
ידידו		yedido	his friend	
לימד		limed	taught	
קריאתו		kri'ato	his call	
הצפייה		hatsfiya	the watching / the observation	
סמליות		simliyut	symbolism	
ספרותית		safrutit	literary	
מתפתח		mitpate'akh	developing	
מחיה		mikhya	subsistence / livelihood	
לגישה		legisha	to an attitude / for an access / to an approach	
לגישה		lagisha	to the attitude / for the access / to the approach	
המלחין		hamalkhin	the compositor / the composer	
הפיזיקאי		hafizikai	the physicist	
ההשפעות		hahashpa'ot	the effects	
בעובדה		be'uvda	[in] a fact	
בעובדה		ba'uvda	[in] the fact	
מייצר		meyatser	produces (m.s.)	
ללמד		lelamed	to teach	
לצורת		letsurat	into a shape of / to a shape of	
התחומים		hatkhumim	the fields / the areas / the ranges	
בעלילה		be'alila	in a plot / [in] a deed / [in] a libel / [in] a false charge	
בעלילה		ba'alila	in the plot / [in] the deed / [in] the libel / [in] the false charge	
טוענת		to'enet	claims / argues / charges / loads (f.s.)	
מקיימים		mekaymim	hold / fulfill / carry out / maintain (m.pl.)	
מפיקים		mefikim (n.)	producers	
מפיקים		mefikim (v.)	produce (m.pl.)	
ובמקרים		uvemikrim	and in cases	
התהליכים		hatahalikhim	the processes	
העיתונאים		ha'itona'im	the journalists	
העובר		ha'over	that passes / that transfers (m.s.)	
העובר		ha'ubar	the embryo / the fetus	
מאקליפטוס		me'ekaliptus	from a Eucalyptus	
מהסביבה		mehasviva	from the area / from the enviroonment	
לחמצן		lekhamtsen	to oxidize	
פריה		pirya	its fruit	
חמצון		khimtsun	oxidation	
אגרוף		egrof	fist	
אגרוף		igruf	boxing	
המשימות		hamesimot	the tasks / the assignments / the missions	
המגוון		hamigvan	the variety / the diversity	
המגוון		hameguvan	the varied / the diverse	
המבחנה		hamavkhena	the test tube	
הפטיש		hapatish	the hammer	
הפרישה		haprisha	the secession / the retirement	
הפרישה		haprisa	the spreading / the stretching	
הפרוזאית		haprozait	the prosaic	
הנשר		hanesher<span style='mso-spacerun:yes'>  </span>	the vulture	
בחלבון		bekhelbon	in protein	
בחלבון		bakhelbon	in the protein	
בחומצות		bekhumtsot	in acids	
נוקמת		nokemet	takes revenge (f.s.)	
מקצה		mikatse	from an end	
מקצה		miktse	heat (sport)	
יוטה		yuta	jute	
שולח		shole'akh	sends (m.s.)	
הישגיו		hesegav	his achievements	
גדילים		gdilim	fringes	
סנטימטר		sentimeter	centimeter	
יוצרות		yotsrot	creators / artists / makers (f.)	
שינויי		shinuyei	changes of	
החיסונית		hakhisunit	the immune	
נוזלי		nozli	liquid	
שרירי		shrirei	muscles of	
שרירי		shrirai	my muscles	
באטמוספירה		ba'atmosfera	in the atmosphere	
לאסטרוגן		le'estrogen	to/for estrogen	
אכילת		akhilat	eating of	
האצות		ha'atsot	the seaweed	
הבוהן		habohen	the thumb / the big toe	
באלמוגים		ba'almogim	in the corals	
באלמוגים		be'almogim	in corals	
למטבח		lemitbakh	to/for a kitchen	
למטבח		lamitbakh	to/for the kitchen	
פירמידות		piramidot	pyramids	
מדברת		medaberet	speaks / talks (f.s.)	
למשטרה		lamishtara	to the police	
לאכל		le'ekhol	to eat	
לאכל		le'akel	to corrode	
פת		pat	piece of bread / bread	
אוכלת		okhelet	eating (f.s.)	
האישום		ha'ishum	the indictment / the accusation	
הגעתי		higati	I arrived	
הגעתי		haga'ati	my arrival	
בעצב		be'etsev	sadly / with sorrow / [in] a nerve	
בעצב		ba'etsev	[in] the sadness / [in] the nerve	
בחשכה		bakhashekha	in the dark	
נאים		na'im	handsome / nice (m.pl.)	
נחוץ		nakhuts	is needed / is required	
מבינה		mevina	understands (f.s.)	
לחורף		lekhoref	for a winter	
לחורף		lakhoref	for the winter	
לכאן		lekhan	[to] here	
תמצא		timtsa	you will find (m.s.) / she will find	
תמצא		timatse	will be found (f.s.)	
ופעם		ufa'am	and once / and at one time	
והלכה		vehalkha	and walked / and went (f.s.)	
והלכה		vehalakha	and the Jewish law	
שאון		sha'on	noise	
שאפילו		she'afilu	that even / that although	
שהכל		shehakol	that everything	
עליכם		aleykhem	on you / about you (m.pl.)	
זקוף		zakuf	erect / upright	
אכל		akhal	ate (m.s.)	
החלונות		hakhalonot	the windows	
דשא		deshe	grass	
בהכנעה		behakhna'a	humbly / submissively	
נברא		nivra	created	
מלאו		mal'u	were filled / were completed	
מוסיף		mosif	adds (m.s.)	
מחפשת		mekhapeset	searches (f.s.)	
למרבה		lemarbe	to the great	
לתלות		litlot	to hang / to suspend	
להרים		leharim	to lift	
להסב		lehasev	to modify / to sit at ease / to endorse	
תבוא		tavo	you will come (m.s.) / she will come	
וחזק		vekhazak	and strong / and strongly	
וחזרו		vekhzru	and returned / and repeated (pl.)	
וטוב		vetov	and good	
וסיפר		vesiper	and told (m.s.) / and cut (hair)	
ונשא		venasa	and carried / and married (m.s.)	
שרצו		sheratsu	that/who wanted (pl.) / that they wanted	
פרות		parot	cows	
פסגת		pisgat	top / peak / summit	
עוררו		oreru	woke / have excited (pl.)	
זריחת		zrikhat	the shine of	
חרוץ		kharuts	diligent	
כרגיל		keragil	as usual	
התקרה		hatikra	the ceiling	
הפתעה		hafta'a	surprise	
ההליכה		hahalikha	the walk	
ההקלות		hahakalot	the alleviations	
הרגילה		haregila	the usual (f.s.)	
הסתיו		hastav	the autumn	
גנב		ganav (n.)	thief (m.s.)	
גנב		ganav (v.)	stole (m.s.)	
בבקר		baboker	in the morning	
בבקר		bebakar	in cattle	
רשע		rasha (adj.)	mean / evil	
רשע		resha (n.)	evil	
נמכרים		nimkarim	are sold	
נשמעה		nishme'a	sounded (f.s.)	
נסעו		nas'u	drove / traveled (pl.)	
מהלכים		mahalakhim	moves / steps / distances	
ימשיך		yamshikh	will continue (m.s.)	
יישארו		yisha'aru	will stay / will remain / will be left (pl.)	
למשרד		lemisrad	to/for an office / to/for a bureau / to/for a Ministry	
למשרד		lamisrad	to/for the office / to/for the bureau / to/for the Ministry	
לקול		lekol	to/for a voice / to the sound of	
להימשך		lehimashekh	to continue / to be pulled / to be attracted	
להתחבא		lehitkhabe	to hide	
להשאיר		lehash'ir	to leave	
לסיומו		lesiyumo	to its end	
תישאר		tisha'er	she will stay / you will stay (m.s.)	
ושמן		veshamen	and fat (adj.) (m.s.)	
ושמן		ushman	and their name (f.pl.)	
והלך		vehalakh	and walked / and went (m.s.)	
וביום		uveyom	and on [day]	
ובדרך		uvaderekh	and on the way	
ובדרך		uvederekh	and in a way	
שיבח		shibe'akh	praised (m.s.)	
שלוחות		shlukhot	branches / extensions	
שחורות		skhorot	black (f.pl.)	
שחשבו		shekhashvu	that thought (pl.)	
קברים		kvarim	graves	
עני		ani	answer (f.s. imperative)	
חותם		khotam	seal	
אוכלים		okhlim	eating (m.pl.)	
חגיגיים		khagigiyim	festive (m.pl.)	
כפוף		kafuf	bowed / bent / subordinate (m.s.)	
הוסר		husar	was removed	
הקיצוני		hakitsoni	the extreme / the extremist / the radical (m.s.)	
הקרובות		hakrovot	the close / the relatives (f.pl.)	
העיניים		ha'eynayim	the eyes	
הכרחי		hekhrekhi	necessary	
הגה		hege	steering wheel / sound / word	
הגה		haga	thought / meditated / pronounced (m.s.)	
הצעדים		hatse'adim	the steps	
הסתייגויות		histayguyot	reservations	
דיברה		dibra	spoke / talked (f.s.)	
בחיפוש		bekhipus	in search	
בחיפוש		bakhipus	in the search	
באיזו		be'eizo	in which / in what (f.)	
בכדורסל		bekadursal	in  basketball	
בהנחה		behanakha	under the assumption / on sale	
ברצינות		birtsinut	seriously	
רכה		raka	soft (f.s.)	
צריכות		tsrikhot	need (f.pl.)	
סוחר		sokher	merchant / dealer / seller	
נוגע		noge'a	touches (m.s.)	
נוראה		nora'a	awful / terrible (f.s.)	
מלווים		melavim (n.)	escorts	
מלווים		melavim (v.)	escort (m.pl.)	
מלווים		malvim	creditors	
מודעת		muda'at	aware (f.s.)	
משתמשת		mishtameshet	uses / user (f.s.)	
משתה		mishte	party / feast	
מקומם		mekomam	their place	
מקומם		mekomem	causes to rebel	
מקווה		mekave	hopes (m.s.)	
מקווה		mikve	mikveh	
מפואר		mefo'ar	luxurious	
מעמדם		ma'amadam	their position / their status / their class	
מאותם		me'otam	from the same (m.pl.)	
מאנשים		me'anashim	from people	
מכיכר		mikikar	from a square	
מכדי		mikdei	more than required	
מהמין		mehamin	from the kind / from the species / from the gender / from the sex	
מבקשים		mevakshim	ask / request / want (m.pl.)	
מרפא		marpe	cure	
מרפא		merape	cures (m.s.)	
ימית		yamit (adj.)	marine (f.s.)	
יחסיו		yakhasav	his relations	
ירדה		yarda	went down / came down / descended / decreased (f.s.)	
למשטר		lemishtar	to/for a regime / to/for a reign	
למשטר		lamishtar	to/for the regime / to/for the reign	
למענה		lema'ana	for her	
למטרת		lematrat	for the goal of	
לקשור		likshor	to tie / to bond / to link	
לפיהם		lefihem	according to them	
לפגיעה		lepgi'a	to/for a hit / to/for an impact / to/for a damage / to/for an offense	
לפגיעה		lapgi'a	to/for the hit / to/for the impact / to/for the damage / to/for the offense	
לחקות		lekhakot	to mimic	
לאגור		le'egor	to collect / to accumulate	
לכתבי		lakhitvei	to the works of (books)	
להשוות		lehashvot	to compare	
להפיל		lehapil	to drop / to have an abortion	
להפך		lehefekh	vice versa	
להפליג		lehaflig	to sail	
להפחית		lehafkhit	to reduce	
לבל		leval	lest	
לרשת		lareshet	to the net / to inherit	
לציית		letsayet	to obey	
לסתום		listom	to block / to plug	
לנמל		lenamal	to a harbor	
לנמל		lanamal	to the harbor	
תמיכתו		tmikhato	his support	
תשובות		tshuvot	answers / replies / returns / repentance	
תעלות		te'alot	channels / canals / trenches	
תכשירים		takhshir	preparation	
ויכול		veyakhol	and can (m.s.)	
ולהפוך		velahafokh	and to invert / and to convert / and to turn / and to become / and to transform	
וכעבור		veka'avor	and after [time period]	
ובמקום		uvimkom	and instead / and in place of	
ובמקום		uvamakom	and at /in the place	
שמחו		samkhu	were glad / were happy	
שילם		shilem	paid (m.s.)	
שתו		shatu	drank (pl.)	
שושנת		shoshanat	rose of	
שקרים		shkarim	lies	
שעורר		she'orer	the/who woke / that/who has excited	
שגוי		shagui	erroneous / wrong / incorrect	
שבמשך		shebemeshekh	that for a duration of	
שבמקרה		shebemikre	that in case / that accidentally	
שבתוכו		shebetokho	that is inside him/it	
שרוב		sherov	which most	
שנשאו		shenas'u	that/who carried / who married (pl.)	
קווים		kavim	lines	
פותחה		putkha	was developed	
פוגעים		pog'im	hit / damage / offensive (m.pl.)	
עוינים		oyenim	hostile	
עורכי		orkhei	editors of / arrangers of  (m.pl.)	
ערבה		areva (adj.)	pleasant	
ערבה		areva (n.)	surety (f.s.)	
ערבה		arva	was pleasant	
אמיתיים		amitiyim	real (m.pl.)	
אויבים		oyvim	enemies	
זווית		zavit	angle / corner	
חוש		khush	sense	
חוט		khut	wire	
חשדות		khashadot	suspicions	
זרמו		zarmu	flew (pl.)	
אנטישמיות		antishemiyut	Antisemitism	
כיסוי		kisui	cover	
כשלו		kashlu	failed (pl.)	
כאבי		ke'evei	pains of	
כספי		kaspi	financial / monetary / my money	
המהיר		hamahir	the  fast / the rapid / the quick (m.s.)	
הימין		hayamin	the right	
היוצאים		hayots'im	the departing / the leaving	
הישר		hayashar	the straight (m.s.)	
התלונן		hitlonen	complained (m.s.)	
התכונה		hatkhuna	the character / the attribute / the commotion	
התכונה		hukdash	was dedicated to / was devoted	
הוכרה		hukra	was recognized	
הובלו		huvlu	were led  / were transported (pl.)	
השאלות		hashe'elot	the questions	
השאלות		hash'alot	landings	
העתיקים		ha'atikim	the ancient / the old (m.pl.)	
העקרונות		ha'ekronot	the principles	
החלטתו		hakhlatato	his decision	
החודש		hakhodesh	the month / this month	
האדומה		ha'aduma	the red (f.s.)	
הזרות		hazarot	the foreign / the strangers (f.)	
הזרות		hazarut	the strangeness	
הכיס		hakis	the pocket	
הכללים		haklalim	the rules	
הכלואים		haklu'im	the imprisoned (m.pl.)	
הדגיש		hidgish	stressed / emphasized (m.s.)	
הגשמים		hagshamim	the rains	
הגביר		hagvir	the rich man / the lord	
הגביר		higbir	increased / amplified / strengthened (pl.)	
הגב		hagav	the back	
הבינה		hevina	understood (f.s.)	
הרושם		haroshem (n.)	the impression	
הרושם		haroshem (v.)	that/who writes (m.s.)	
הציון		hatsiyun	the marking / the pointing out / the grade	
דפוס		dfus	print / pattern	
במשק		bemeshek	in an economy / in a farm	
במעמקי		mema'amkei	from the depth of	
במצבו		bematsavo	at his state / in his situation	
בשבתות		beshabatot	on Saturdays	
בשבתות		bashabatot	on Saturdays	
בקומה		bekoma	on the [X] floor / at a height [of]	
בקבלת		bekabalat	on reception of	
בעבור		ba'avur	for	
באיכות		be'eikhut	in a quality	
באיכות		ba'eikhut	in the quality	
בחלקם		bekhelkam	in part / in their part / [in] their share	
בחג		bekhag	during the holiday	
בחרה		bakhra	chose / selected / voted (f.s.)	
בהוראה		behora'a	under an order	
טיפות		tipot	drops	
טבעה		tiv'a	her nature	
טבעה		tav'a	drowned (f.s.)	
רפואי		refu'i	medical (m.s.)	
רבו		ravu	fought (pl.)	
רבו		rabo	his rabbi / his teacher	
צער		tsa'ar	sorrow / grief	
צבעו		tsav'u	painted (pl.)	
צבעו		tsiv'o	his/its color	
צרים		tsarim	narrow / enemies / lay siege to / created / shaped (m.pl.)	
ספקות		sfekot	doubts	
נמכר		nimkar	was sold (m.s.)	
נמרצות		nimratsot	vigorous / energetic / lively (f.pl.)	
נאמן		ne'eman	loyal	
נחשים		nekhashim	snakes	
נכנסת		nikhneset	enters (f.s.)	
נגדה		negda	against her	
נבחרות		hanivkharot	the teams / the elected / the selected (f.pl.)	
משקיפים		mashkifim	observers	
מרידות		meridot	mutinies	
להתקדמות		lehitkadmut	to/for an advance / to/for a progress	
להתקדמות		lahitkadmut	to/for the advance / to/for the progress	
כיתור		kitur	surrounding / besetment	
ההליכים		hahalikhim	the procedures / the proceedings	
הסחה		hasakha	diversion / distraction	
מצבת		matsevet	gravestone of / establishment / strength (of an army unit)	
קברי		kivrei	graves of	
עותק		otek	copy	
התעלם		hit'alem	ignored	
הושמדו		hushmedu	were destroyed / were exterminated (pl.)	
נכבש		nikhbash	was occupied (m.s.)	
מקלע		mikla	machine gun	
מטרתו		matrato	his goal / his target	
יריביו		yerivav	his rivals / his opponents / his enemies	
לטעון		lit'on	to claim / to argue	
ומצא		umatsa	and found (m.s.)	
והמלחמה		vehamilkhama	and the war	
והוחלף		vehukhlaf	and was replaced	
שהוצבו		shehutsvu	that were posted / that were placed	
שנודעו		shenoda	that was known (m.s.)	
קיצונים		kitsonim (adj.)	extreme (m.pl.)	
קיצונים		kitsonim (n.)	extremists / radicals (m.pl.)	
עקבותיו		ikvotav	his traces / his footprints	
אמורות		amurot	supposed (f.pl.)	
אחיינו		akhyano	his nephew	
כישלונו		kishlono	his failure	
המתוכננת		hametukhnenet	the planned (f.s.)	
המשכילים		hamaskilim	the educated / the scholars	
המקוריות		hamekoriyot	the original (f.pl.)	
המכשול		hamikhshol	the obstacle / the hurdle	
המנהיגים		hamanhigim	the leaders	
הישגים		hesegim	achievements	
היבשתי		hayabashti	the continental / the terrestrial	
התוצרת		hatotseret	the produce / the output	
הולם		holem	fits (cloth) / appropriate	
השתלטו		hishtaltu	took control (pl.)	
העונש		ha'onesh	the punishment	
החוקית		hakhukit	the legal (f.s.)	
הכריזו		hikhrizu	proclaimed / announced / declared (pl.)	
הגבירו		higbiru	increased / amplified / strengthened (pl.)	
דרשה		darsha	required / demanded (f.s.)	
בחופזה		bekhofza	hastily	
סופו		sofo	his/its end	
נקטו		naktu	took (action / step) (pl.)	
מלומדים		melumadim	scholars	
מתנגד		mitnaged	resists / objects (m.s.)	
מפורשת		meforeshet	explicit	
מאן		me'en	refused (m.s.)	
מהירים		mehirim	fast / rapid / quick (m.pl.)	
מהספינה		mehasfina	from the ship	
מהנדס		mehandes	engineer	
מרשימים		marshimim	impressive (m.pl.)	
ילידי		yelidei	natives of	
למאסר		le'ma'asar	to incarceration	
למאסר		la'ma'asar	to the incarceration	
לתוקף		letokef	to/for an attacker	
לתוקף		latokef	to/for the attacker	
לתוקף		[nikhnas] letokef	valid from / effective from	
לשאר		lash'ar	to/for the rest	
לאותו		le'oto	to/for the same	
לאספה		le'asefa	to a meeting	
לאספה		la'asefa	to the meeting	
תוצאותיה		tots'oteha	its results / its consequences (f.s.)	
תרמו		tarmu	donated / contributed (pl.)	
ולקבל		ulkabel	and to receive / and to accept	
ולדברי		uldivrei	and according to	
ופעלו		ufa'alu	and operated / and acted	
ואמנות		ve'omanut	and art	
וחוסר		vekhoser	and lack / and deficiency / and shortage / and deficit	
ובצפון		uvatsafon	and in the north	
ובניגוד		uvenigud	and as opposed to / and contrary to	
שייכות		shayakhut	relevance / relation / ownership	
שיותר		sheyoter	that more	
שיקפו		shikfu	reflected	
שקיעה		shki'a	sinking / decline / sunset	
שרפו		sarfu	burned (pl.)	
קורט		koret	very small amount	
חילק		khilek	divided / distributed (m.s.)	
חולק		kholek	shares / disagrees (m.s.)	
אסר		asar	forbade / imprisoned (m.s.)	
המלכותית		hamalkhutit	the royal (f.s.)	
המשרד		hamisrad	the office / the bureau / the Ministry	
המחוז		hamakhoz	the district	
המסעות		hamasa'ot	the journeys	
היצירות		hayetsirot	the formations / the creations / the making / the works of art / the compositions	
התחתן		hitkhaten	got married (m.s.)	
הוצאתם		hotsetem	you spent / you took out / you published (m.pl.)	
השמידו		hishmidu	destroyed / exterinated (pl.)	
השמרנים		hashamranim	the conservatives	
העלתה		he'elta	raised / increased / lifted / brought up (f.s.)	
העתידי		ha'atidi	the prospective / the futuristic (m.s.)	
האסטרטגי		ha'estrategi	the strategic (m.s.)	
ההתארגנות		hahit'argenut	the organization (getting organized)	
הגירת		hagirat	the immigration of	
הבדלי		hevdelei	differences of	
הצפה		hatsafa	flooding / flotation	
במשבר		bemashber	in a crisis	
במשבר		bamashber	in the crisis	
במפורש		bimforash	explicitly	
במצור		bematsor	under siege	
במצור		bamatsor	during the siege	
ביגוד		bigud	clothing	
בפריצה		bifritsa	in a breakthrough / in a burglary / in an irruption	
בפריצה		bapritsa	in the breakthrough / in the burglary / in the irruption	
באלימות		be'alimut	violently	
באכזריות		be'akhzariyut	cruelly / viciously	
בכלכלה		bekalkala	in economy	
בהוצאות		behotsa'ot	[in] expenses / in editions / in publishing houses	
צלב		tslav	cross	
צומת		tsomet	junction	
נמנעת		nimna'at	is prevented / abstains (f.s.)	
נקברו		nikberu	were buried	
נהרות		naharot	rivers	
נגדם		negdam	against them	
ממלכות		mamlakhot	kingdoms	
מותם		motam	their death	
מותרות		motarot	luxury	
מוקדמות		mukdamot	early / preliminary (f.pl.)	
מועצה		mo'etsa	council	
משלימים		mashlimim	complete (m.pl.)	
משקלו		mishkalo	his/its weight	
מעולה		me'ule	excellent	
מחודש		mekhudash	renewed	
מכשול		mikhshol	obstacle / hurdle	
מהמילה		mehamila	from the word	
מהאוכלוסייה		meha'ukhlusiya	from the population	
מרחקים		merkhakim	far away / lengths	
מנהיגות		manhigut	leadership	
יחסיה		yakhaseha	her relations	
למשבר		lamshber	to/for the crisis	
למשבר		lemashber	to/for a crisis	
לשיפור		lashipur	to/for the improvement	
לשיפור		leshipur	to/for an improvement	
לשר		lasar	to/for the minister	
לשר		lesar	to/for a minister	
לפגוש		lifgosh	to meet	
לעצירת		le'atsirat	for stopping of / for the stopping of / for the cease of	
לכנסייה		leknesiya	to church	
לכנסייה		laknesiya	to the church	
לבירת		lebirat	to the capital of	
לסופרים		lesofrim	to/for authors	
לסופרים		lasofrim	to/for the authors	
וירקות		viyrakot	and vegetables	
וולקני		vulkani	volcanic	
ושימוש		veshimush	and use	
ועקב		ve'ekev	and due to / and because of	
ועקב		ve'akav	and followed (m.s.)	
ועקב		ve'akev	and a heel	
ועברו		ve'avru	and passed / and crossed / and went through (pl.)	
ונבנה		venivna	and was built	
ונבנה		venivne	and we will build	
שמאחורי		sheme'akhorei	that is behind	
שמאחורי		sheme'akhorai	that is behind me	
ששכנה		sheshakhna	that/who lived / that/who dwelt (f.s.)	
ששכנה		sheshkhena	that a neighbor (f.s.)	
שקמו		shekamu	that/who stood up / that/who woke up / that were established	
שאירע		she'era	that happened / that occurred (m.s.)	
שסברו		shesavru	that/who thought / that/who assumed (pl.)	
שניסח		shenisakh	who phrased	
פליטים		plitim	refugees / survivors (m.pl.)	
פלא		pele	wonder / miracle	
פלדה		plada	steel	
פומבית		pumbit	public / overt (f.s.)	
פורה		pore	fertile / productive	
פחם		pekham	coal	
ערוץ		aruts	channel	
עצר		atsar	stopped / arrested (m.s.)	
אמונים		emunim	faith / confidence	
אמונים		amunim	trained (m.pl.)	
חירום		kherum	emergency	
אוכלוסין		ukhlusin	population	
חטיבות		khativot	brigades / sections	
כמורה		kmura	clergy	
כמורה		kemore	as a teacher (m.s.)	
כמורה		kemora	as a teacher (f.s.)	
כיפת		kipat	yarmulke / cap / dome	
כדרך		kederekh	the same way as / as the way / as the road	
כרב		kerav	as a rabbi	
המתאימה		hamat'ima	the suitable / the appropriate / the applicable / the identical (f.s.)	
המודרניות		hamoderniyot modernism	the modern (f.pl.)	
המודרניות		hamoderniyut	the modernism	
המשפיע		hamashpi'a	that effects / that influences (m.s.)	
המפגש		hamifgash	the meeting / the encounter / the reunion	
המאמינים		hama'aminim	the believers	
התאוריות		hate'oryot	the theories	
הוכנסו		hukhnesu	were inserted / were entered	
הוטלו		hutlu	were cast / were thrown	
הוצאות		hotsa'ot	expenses / editions / publishing houses	
השירות		hasherut	the service	
השקפה		hashkafa	stance / point of view / looking	
הקפה		hakafa	surrounding / encircling	
הקדומות		hakdumot	the ancient (f.pl.)	
האמצעים		ha'emtsa'im	the means / the middle	
האופייניים		ha'ofyaniyim	The characteristic (m.pl.)	
החזקים		hakhazakim	the strong (m.pl.)	
האגודה		ha'aguda	the association	
האגם		ha'agam	the lake	
הכריע		hikhri'a	decided / subdued (m.s.)	
הדואר		hado'ar	the mail	
הדרגתי		hadragati	gradual (m.s.)	
הגעתו		haga'ato	his arrival	
הגבלות		hagbalat	restriction of / limitation of	
הרפואיות		harefu'iyot	the medical (f.pl.)	
הציוויליזציה		hatsivilizatsya	civilization	
הסתיימו		histaymu	ended (pl.)	
הנדרש		hanidrash	the required (m.s.)	
דיני		dini	my judgment / my sentence / my law	
דיני		dinei	laws of	
גבעות		gva'ot	hills	
במעצר		bema'atsar	under arrest	
במאמץ		bema'amats	with an effort	
במבנים		bemivnim	in buildings / in constructions	
במבנים		bamivnim	in the buildings / in the constructions	
במסגרתו		bemisgarto	in its framework	
ביומנו		beyomano	in his diary	
ביומנו		beyomenu	in our day	
בינם		beynam	between them (m.)	
בשיאו		besi'o	at his/its top / at his/its peak	
בשפות		basafot	in the languages / on the edges	
בשפות		besafot	in languages / on edges	
בשפות		bisfot	in the languages of /  on the edges of	
באיחוד		ba'ikhud	in the union	
באיחוד		be'ikhud	in a union	
באיטיות		be'itiyut	slowly	
בטוחים		betukhim	secure / safe / certain (m.pl.)	
בצפיפות		bitsfifut	dense / crowded	
טיפוסי		tipusi	characteristic	
טיהור		tihur	purification	
טבעיות		tiv'iyot	natural (f.pl.)	
טריים		triyim	fresh	
טרופיים		tropiyim	tropical (m.s.)	
נישואין		nisu'in	marriage	
מוסמכים		musmakhim	authorized	
מנמל		minamal	from a harbor	
תגמול		tagmul	pay back / recompense	
אזכור		ezkor	I will remember	
אזכור		izkur	reference / mention	
המפקדה		hamifkada	the headquarters	
המרבי		hameravi	the maximal	
הלוואה		halva'a	loan	
הזמנית		hzmanit	the temporary	
הציונים		hatsiyonim (n.)	the Zionists (m.pl.)	
הציונים		hatsiyonim (adj.)	the Zionist (m.pl.)	
ברכבת		barakevet	by the train / on the train	
ברכבת		berakevet	by train / on a train	
מח		mo'akh	brain	
יציאתם		yesti'atam	their exit	
פירוט		perut	detailing	
חביב		khaviv	pleasant / nice	
כמקובל		kamekubal	as accepted / as conventional	
הנהגה		hanhaga	leadership	
ממוצעת		memutsa'at	average (f.s.)	
מקבילים		makbilim	parallel (m.pl.)	
מפורטים		meforatim	detailed (m.pl.)	
מדור		mador	department / compartment / branch	
מדריכים		madrikhim	guides / instructors / trainers	
מגוש		megush	from a lump / from a block / from a mass /from a region	
וארגון		ve'irgun	and an organization (n.)	
וארגון		ve'irgun	and the organization of (v.)	
ובזמן		uvizman	and while / and during	
שלפי		shelefi	that according to	
שולטת		sholetet	rules / controls (f.s.)	
שוד		shod	robbery	
פלגות		palgot	groups (mil.) / division (family)	
אומץ		omets	courage	
אגודות		agudot	associations	
כימיים		khimiyim	chemical (adj.) (m.pl.)	
המנון		himnon	anthem	
הוותיקים		havatikim	the veterans / the seniors	
הצליינים		hatsalyanim	the pilgrims	
בנקים		bankim	banks	
בנס		benes	by miracle	
סימטרי		simetri	symmetrical	
מלבני		malbeni	rectangular / oblong	
מתבצע		mitbatse'a	being performed / is carried out (m.s.)	
מאבד		me'abed	loses (m.s.)	
מהמקובל		mehamekubal	than conventional	
לידה		leyada	near her / next to her	
פוצץ		potsets	detonated / exploded (m.s.)	
עמוקים		amukim	deep (m.pl.)	
אינטליגנציה		intiligentsia	intelligence	
אדומים		adumim	red (m.pl.)	
חבורת		khavurat	a group of	
כשלעצמו		kshele'atsmo	by itself / as for himself	
המשמעותי		hamashma'uti	the significant (m.s.)	
המקובלים		hamekubalim	the accepted / the conventional / the popular (m.pl.)	
היכול		hayakhol	that/who can	
היכול		hayakhol [ata]	can you?	
השיפוץ		hashiputs	the renovation	
השריפות		hasrefot	the fires	
העברה		ha'avara	pass / transfer	
האתרים		ha'atarim	the sites	
הביטויים		habituyim	the expressions	
גרניט		granit	granite	
במונחים		bemunakhim	in terms	
במונחים		bamunakhim	in the terms	
טיפל		tipel	treated (m.s.)	
טיעונים		ti'unim	arguments	
רשומים		reshumim	listed / enrolled / written	
צידי		tsayadei	hunters of	
צידי		tsidei	sides of	
מילת		milat	word of	
מתבצעת		mitbatsa'at	being performed / is carried out (f.s.)	
מושפע		mushpa	is effected / is influenced	
מובנת		muvenet	understood	
מובנת		muvnet	built in (f.)	
מקצועית		miktso'it	professional (f.s.)	
מחזק		mekhazek	strengthens (m.s.)	
מדריך		madrikh	guide / instructor / trainer	
מטבחי		mitbakhi	my kitchen	
מטבחי		mitbakhei	the kitchens of	
מסומנת		mesumenet	marked (f.s.)	
מנהגי		minhagei	customs of	
ישיבה		yeshiva	meeting / Yeshiva (rabbinical college)	
ללימודי		lelimudei	for the study of	
לתאי		leta'ei	to/for the cells of	
לתאי		leta'i	to/for my cell	
לפתרון		lepitaron	to a solution	
לפתרון		lapitaron	to the solution	
לפתרון		lefitron	to the solution of	
תלמידיו		talmidav	his pupils / his students	
ומהם		umehem	and from them (m.)	
ומנהרות		uminharot	and tunnels	
ועברה		ve'avra	and passed / and crossed / and went through (f.s.)	
והשפעה		vehashpa'a	and an effect / and an influence	
ובשנים		uvashanim	and in the years	
ובשנים		uveshanim	and in years	
ונס		venes	and a miracle	
שוכנת		shokhenet	lives / dwells (f.s.)	
שהוצגו		shehutsgu	that/who were introduced / that were displayed / that were presented / that were exhibited (pl.)	
שרבים		sherabim	that/which many	
שנבחר		shenivkhar	that/who was elected / that/who was selected (m.s.)	
קרי		kri	literal meaning	
פרשנות		parshanut	interpretation / commentary	
חלשות		khalashot	weak (f.pl.)	
כלליים		klaliyim	general (m.pl.)	
כחולה		kkhula	blue (f.s.)	
המשטח		hamishtakh	the plane / the surface / the platform	
המחייה		hamikhya	the subsistence / the livelihood	
המאורע		hame'ora	the event	
התבסס		hitbases	became established / settled down / was based on (m.s.)	
הולדתו		huladeto	his birth	
הוערך		hu'arakh	was assessed / was estimated / was valued	
השלד		hasheled	the skeleton / the framework	
השוכן		hashokhen	that/who lives [in] (m.s.)	
הקיימות		hakayamot	the existing / that exist (f.pl.)	
העמודים		ha'amudim	the pillars / the pages	
האלוהים		ha'elohim	God	
החופש		hakhofesh	the freedom	
הכנרת		hakineret	the sea of Galilee	
ההשכלה		hahaskala	the education	
הרצאות		hartsa'ot	lectures	
הנובע		hanove'a	that stems from / that is derived from / that spouts	
גורף		goref	sweeps / blows (nose)	
במבוא		be'mavo	in an introduction / at an entrance	
במבוא		ba'mavo	in the introduction / at the entrance	
במרחקים		bemerkhakim	far away	
ביחסי		beyakhasei	in the relations of	
בלבול		bilbul	confusion	
בחומרים		bekhomarim	[in] materials	
בחומרים		bakhomarim	[in] the materials	
בהתפתחות		behitpatkhut	in development	
בהתפתחות		bahitpatkhut	in the development	
טעמו		ta'amo	his taste / its taste	
טעמו		ta'amu	tested (pl.)	
נגישים		negishim	accessible / approachable	
קפלת		kapelat	the chapel of	
להיקרא		lehikare	to be called	
שהקים		shehekim	that/who established (m.s.)	
אהבת		ahavat	love of	
במושג		bemusag	in a concept	
במושג		bamusag	in the concept	
ולרוב		velarov	and mostly	
כדמות		kidmut	in the shape of / in the image of / as the character of	
בעמדת		be'emdat	in a position of / in the position of	
משמעויות		mashma'uyot	meanings	
מהדורה		mahadura	edition	
קודמים		kodmim	former / previous (m.pl)	
אחיד		akhid	unified / homogenous / uniform	
הקבורה		hakvura	the burial	
מושבו		moshavo	his seat	
מעוותת		me'avetet	distorts (f.s.)	
מעוותת		me'uvetet	distorted	
מאמצע		me'emtsa	from the middle of	
מסתיימת		mistayemet	ends (f.s.)	
יריבו		yarivu	they will fight	
יריבו		yerivo	his opponent / his enemy	
לייחס		leyakhes	to ascribe	
להדגיש		lehadgish	to stress / to emphasize	
ומוצרי		umutsrei	and the products of	
ויוצרים		veyotsrim	and create / and make (m.pl.)	
שנחשבו		shenekhshevu	that were considered	
פילוסוף		filosof	philosopher	
אחיזה		akhiza	hold	
המושגים		hamusagim	the terms	
המסוגלים		hamesugalim	that/who are capable	
היווצרות		hivatsrut	formation / creation / production	
הולדת		huledet	birth	
הקלאסי		haklasi	the classical (m.s.)	
הקלאסי		ha'atomi	the atomic	
הביצות		habitsot	the swamps	
דורו		doro	his generation	
בטיחות		betikhut	safety	
הדקדוק		hadikduk	the grammar / the precision	
בסרטים		besratim	in movies / with ribbons/strips	
בסרטים		basratim	in the movies / with the ribbons/strips	
מתמטיות		matematiyot	mathematical (f.pl.)	
הפקה		hafaka	production	
הגיבורים		hagiborim	the heroes	
בתוכניות		betokhniyot	in plans / in programs / in layouts	
בתוכניות		batokhniyot	in the plans / in the programs / in the layouts	
תגלית		taglit	discovery	
עובדת		ovedet	worker (f.s.)	
עובדת		uvdat	the fact of	
המקצועית		hamiktso'it	the professional (f.s.)	
השערות		hash'arot	speculations / assumptions / hypotheses	
השערות		hase'arot	the hair	
זיכתה		zikta	acquitted / credited / granted a right (f.s.)	
החמיץ		hekhmits	missed	
הצליל		hatslil	the sound	
באורח		be'orakh	in a manner / in a way	
מקבוצת		mikvutsat	from the group of	
מדורג		medorag	graded / terraced	
למיני		leminei	to/for kinds of / to/for species of	
לאופן		le'ofen	to/for a way	
לאופן		la'ofen	to/for the way	
אינסופית		einsofit	infinite	
המרכיבים		hamarkivim	the ingredients / that assemble / that constitute (m.pl)	
האויבים		ha'oyvim	the enemies	
דגימות		dgimot	samples	
בסוגי		besugei	in kinds of / in classes of / in types of	
צמיחת		tsmikhat	growth of	
מבחנה		mavkhena	test tube	
לקולטני		lekoltanei	to/for the receptors of	
וריצה		veritsa	and a run / and jogging (n.)	
וריצה		veritsa	and pleased / and served (penalty) (v.) (m.s.)	
פציעות		ptsi'ot	injuries	
זיווג		zivug	pairing / matching	
אחסון		ikhsun	storage	
החיידק		hakhaidak	the bacterium	
בתרבויות		betarbuyot	in civilizations / in cultures / in the civilizations of / in the cultures of	
בתרבויות		batarbuyot	in the civilizations / in the cultures	
באצטדיון		be'itstadyon	in a stadium	
באצטדיון		ba'itstadyon	in the stadium	
בבדיקת		bebdikat	in the examination	
מוגדרת		mugderet	is defined (f.s.)	
מנוצל		menutsal	used / exploited (m.s.)	
לתרופות		latrufot	to/for the medications / to/for the drugs	
לתרופות		letrufot	to/for medications / to/for drugs	
הלחות		halakhut	the humidity	
החידה		hakhida	the riddle	
גנטי		geneti	genetic (m.s.)	
הלכת		halakhta	you walked / you went (m.s.)	
הלכת		halakht	you walked / you went (f.s.)	
סוכרים		sukarim	sugars	
שלבי		shlabei	stages of / phases of / rungs of	
קולטנים		koltanim	receptors	
אייל		ayal	deer	
חלקיקים		khelkikim	particles	
הפריה		hafraya	fertilization	
דג		dag	fish	
מועשר		mu'ashar	enriched	
התענית		hit'aneta	you were tormented (m.s.)	
התענית		hit'anet	you were tormented (f.s.)	
באינדוקציה		be'induktsia	by induction	
נשאים		nasa'im	carriers	
האוזון		ha'ozon	the ozone	
הדוד		hadod	the uncle	
מתחשק		mitkhashek	desire for	
משכתי		mashakhti	I pulled / I attracted / I withdrew	
מקוריהם		makoreihem	their beaks	
מעז		me'ez	dares (m.s.)	
מחשבותי		makhshevotai	my thoughts	
מגוחכים		megukhakhim	ridiculous (m.pl.)	
יכולנו		yakholnu	we could	
לשמע		leshema	upon hearing	
להתהלך		lehithalekh	to walk	
להגות		lehegot	to think / to meditate / to pronounce	
לבך		libkha	your heart (m.s.)	
לבך		libekh	your heart (f.s.)	
לבא		laba	to/for the next / to/for the person who is coming	
לנוח		lanu'akh	to rest	
לנפול		linpol	to fall	
תראי		tir'i	look (f.s. imperative) / you will see (f.s.)	
ולמה		velama	and why	
וקראה		vekar'a	and read / and called (f.s.)	
ואתה		ve'ata	and you (m.s.)	
ואקום		vakum	vacuum	
ואבך		va'evekh	and I cried (biblical)	
ואראה		ve'er'e	and I will see	
והתחכך		vehitkhakekh	and rubbed himself	
שמוע		shimu'a	hearing (in court)	
שישבה		sheyashva	that/who sat (f.s.)	
שאמרתי		she'amarti	that I said	
שאמרה		she'amra	who said (f.s.)	
קידה		kida	bow	
קוקיה		kukiya	cuckoo	
פקחתי		pakakhti	I opened (eyes)	
פחים		pakhim	cans	
אמצא		emtsa	center / middle	
חתיכות		khatikhot	pieces	
אתך		itkha	with you (m.s.)	
אתך		itakh	with you (f.s.)	
זחלים		zkhalim	caterpillars	
אדוני		adoni	Sir	
אדוני		adonai	God	
אגרופי		egrofi	my fist	
חביבי		khavivi	my dear	
אבקש		avakesh	I will ask	
אנסה		anase	I will try	
אנסה		ansa	forced / raped (f.s.)	
כור		kur	reactor / melting pot	
כרי		kari	my pillow	
כרי		karei	meadows of	
כראוי		kara'ui	properly / appropriately / well	
המיסכנים		hamiskenim	the miserable (m.pl.)	
המכתב		hamikhtav	the letter	
המגלה		hamegale	the discoverer / that/who discovers	
התישבה		hityashva	sat / settled (f.s.)	
התפתל		hitpatel	twisted / wound (m.s.)	
הורדים		havradim	the roses	
השיחים		hasikhim	the bushes	
השלשולים		hashilshulim	the diarrhea / the earthworms	
העלטה		ha'alata	the darkness	
הכרתי		hikarti	I knew / I recognized	
הגינה		hagina	the garden	
הביט		hebit	looked (m.s.)	
הרפו		hirpu	let go (m.s.)	
הצרור		hatsror	the bundle / the package	
הסיר		hesir	removed (m.s.)	
הספקתי		hispakti	I made it [on time]	
הנהו		hinehu	here he is	
גולם		golem	cocoon	
בלאט		balat	quietly	
בשבילה		bishvila	for her	
בעליצות		be'alitsut	with joy / playfully	
בעונג		be'oneg	with pleasure	
בדיתי		baditi	I fabricated	
ברוחי		berukhi	in my spirit	
ברקת		bareket	agate	
בצלחתי		betsalakhti	in my plate	
צרור		tsror	bundle / package	
סרתי		sarti	I moved away / I dropped in	
נתתי		natati	I gave	
נטיתי		natiti	I was inclined / I tended to	
מלכה		malka	queen	
מכולם		mikulam	from all	
מגוחך		megukhakh	ridiculous (m.s.)	
מצה		matsa	matzoh	
יישאר		yisha'er	will stay / will remain / will be left (m.s.)	
להתעסק		lehit'asek	to deal / to engage	
להועיל		leho'il	to be useful	
ומבלי		umibli	and without	
שידע		sheyada	that/who knew (m.s.)	
שככה		shekakha	that like this	
שהיית		shehayita	that you were (m.s.)	
שהיית		shehayit	that you were (f.s.)	
שרץ		sherets	creep	
פעמוני		pa'amonei	bells of	
חיש		khish	quickly	
חולץ		khulats	was rescued / taken off	
אצטרך		etstarekh	I will need	
כיון		kivun	direction / adjustment / tuning	
כתפי		ktefi	my shoulder	
כתפי		kitfei	the shoulders of	
כנפיה		knafeha	her/ its wings	
המטוס		hamatos	the airplane	
הפסד		hefsed	loss	
העיקר		ha'ikar	the main point /  the essence	
העבים		ha'avim	the thick / the clouds	
החנות		hakhanut	the shop / the store	
הגאות		hage'ut	the tide	
דמה		dama	resembled (m.s.) / her blood	
בשמיכה		basmikha	in/with the blanket	
בשמיכה		bismikha	in/with a blanket	
בפה		bape	in the mouth	
בכם		bakhem	in you / among you (m.pl.)	
בכנפיו		bikhnafav	with his wings / in his wings	
רוקע		roke'a	stamps (m.s.)	
רעש		ra'ash	noise	
נמרץ		nimrats	vigorous / energetic / lively (m.s.)	
נפשם		nafesham	their soul / their spirit / their life	
מולה		mula	in front of her	
מהרגיל		meharagil	than usual	
מדמה		medame	imagines / simulates (m.s.)	
מדמה		medama	imagines / simulates (f.s.)	
יעבור		ya'avor	will pass / will cross / will go through (pl.)	
לשיח		lasi'akh	to/for the bush / to/for the talk	
לשיח		lesi'akh	to/for a bush / to/for a talk	
לשבש		leshabesh	to disrupt	
לחגוג		lakhgog	to celebrate	
להתגונן		lehitgonen	to defend oneself	
להרשות		leharshot	to allow / to permit	
להרגיש		lehargish	to feel	
לטובה		letova	for the good	
לרגע		lerega	for a moment	
לרגע		larega	for this moment	
תלונה		tluna	complaint	
תלו		talu	hung (pl.)	
תחושות		tkhushot	feelings / sensations	
תנו		tnu	give (pl. imperative)	
ולי		veli	and to/for me	
ותיק		vatik	veteran / senior	
ועף		ve'af	and flew (m.s.)	
ונפלו		venaflu	and fell (pl.)	
שרו		sharu	sang (pl.)	
קליפת		klipat	peel of / shell of	
פנתה		panta	turned (f.s.)	
אפל		afel	dark	
אפו		apo	his nose	
אגוז		egoz	nut	
חטף		khataf	abducted / kidnapped / snatched	
התאוששות		hit'osheshut	recovery	
החפץ		hakhefets	the object	
ההופעה		hahofa'a	the show / the performance	
הגבר		hagever	the man	
הבט		habet	look (m.s. imperative)	
הנכון		hanakhon	the right / the correct	
גס		gas	crude / coarse / rude	
במלוא		bimlo	to its full / fully	
ביתרון		beyitron	[in] an advantage	
ביתרון		bayitaron	[in] the advantage of	
בשיחה		basikha	in the conversation	
בשיחה		besikha	in a conversation	
בקיר		bekir	[in] a wall	
בקיר		bakir	[in] the wall	
בקרן		bekeren	in a beam / in a ray / in a fund / with a horn / [in] a bugle	
טיפש		tipesh	fool / stupid	
ריקם		rekam	emptily	
צופים		tsofim	observers / spectators / scouts	
ניצני		nitsanei	buds of	
נחה		nakha	rests / rested (f.s.)	
נצח		netsakh	eternity	
מתוקנת		metukenet	corrected / repaired (f.s.)	
מתוכה		mitokha	out of her/it / from her/it	
מוציא		motsi	takes out / spends / publishes (m.s.)	
משכנו		mishkano	his residence	
מעיני		me'eynei	from the eyes of	
מעיני		me'eynai	from my eyes	
מחוות		mekhvot	gestures	
מחוות		makhavot	express [an opinion] (f.pl.) / from farms	
מחשבת		makhshevet	craftsmanship / artistry	
מחשבת		mekhashevet	calculates (f.s.)	
מחסום		makhsom	barrier / block	
מביט		mebit	looks (m.s.)	
יעד		ya'ad	purpose / objective / destination	
יצטרך		yitstarekh	[he] will need	
לפעם		lefa'am	to/for a time	
לפעם		lapa'am	to the time	
לעריכת		le'arikhat	for the editing of / for arranging -	
לעצב		le'atsev	to design	
לעצב		le'etsev	to/for sadness / to/for a nerve	
לעצב		la'etsev	to/for the sadness / to/for the nerve	
לחייה		lekhayeha	to/for her life (f.)	
לכולם		lekulam	to/for everybody / to/for everyone	
להשליך		lehashlikh	to throw / to project	
לבם		libam	their heart	
תקוות		tikvot	hopes	
ורצה		veratsa	and wanted (m.s.) / and ran (f.s.)	
שתביא		shetavi	that she will bring (f.s.) / that you will bring (m.s.)	
שכיחה		shkhikha	common / widespread (f.s.)	
שטוחה		shtukha	flat (f.s.)	
קשוח		kashu'akh	tough	
עוז		oz	courage	
חמה		khama	hot / warm (f.s.) / sun	
זמר		zamar	singer (m.s.)	
זמר		zemer	song	
חיפושים		khipusim	searches	
זך		zakh	pure / refined	
אלינו		eleinu	to us	
אשמה		ashma	blame / guilt	
אפר		efer	ash / cinder	
אחורה		akhora	back / backward	
זהירים		zehirim	careful (m.pl.)	
אהוד		ahud	liked / likable	
אדירים		adirim	mighty / great	
אגרופיו		egrofav	his fists	
המותר		hamutar	the allowable / the released	
המחצית		hamakhatsit	the half / the half time	
המה		hama	made noise / growled (m.s.)	
המה		hema	they are (biblical)	
התמונות		hatmunot	the pictures / the photos	
התעוררה		hit'orera	woke up (f.s.)	
השפל		hashefel	the low tide / the recession	
השפל		hashafal	the heinous	
השפל		hashpel	humiliate (m.s. imperative)	
הקצב		haketsev	the rate	
הקצב		hakatsav	the butcher	
החם		hakham	the hot / the warm	
הדיווחים		hadivukhim	the reports	
הגמד		hagamad	the dwarf / the midget	
הגלים		hagalim	the waves	
הגז		hagaz	the gas	
הגז		hagez	the shearing	
הראוי		hara'ui	the worthy of / the suitable / the eligible	
הררי		harari	mountainous	
הצפוי		hatsafui	the expected / the anticipated	
הצאצאים		hatse'etsa'im	the offsprings	
הנחש		hanakhash	the snake	
דירה		dira	apartment	
דלתות		dlatot	doors	
במינו		bemino	in his kind	
במפתיע		bemafti'a	surprisingly	
בלע		bala	swallowed	
בשמחה		besimkha	gladly / with pleasure	
בפירות		bepeirot	in fruits	
בפירות		bapeirot	in the fruits	
בפירות		beparot	in cows	
בפירות		baparot	in the cows	
בזריזות		bizrizut	quickly	
בגבעת		begiv'at	on the hill of	
בביתה		beveita	at/in her home	
ראתה		ra'ata	saw (f.s.)	
ראויה		re'uya	worthy of / suitable / eligible	
רגליהם		raglehem	their legs	
סלים		salim	baskets	
סחור		skhor	around / in a circle	
נחתו		nakhatu	landed (pl.)	
נזקק		nizkak	needy / poor	
ממי		mimi	from whom	
מתמיד		matmid	diligent / persistent	
מתת		matat	gift	
מתרבה		mitrabe	increases / multiplies (m.s.)	
מתרבה		mitraba	increases / multiplies (f.s.)	
מובטח		muvtakh	that is promised / that is secured / guaranteed	
משלב		meshalev	combines / integrates (m.s.)	
מפעם		mipa'am	from/of the past	
מפעם		mefa'em	beats (heart)	
מעוף		ma'of	flight / imagination / vision	
מעוניין		me'unyan	interested (m.s.)	
מערער		me'ar'er	appeals / undermines (m.s.)	
מעניקה		ma'anika	gives (f.s.)	
מחומות		mekhomot	from the walls of	
מחפש		mekhapes	searches (m.s.)	
מארבעה		me'arba'a	from four	
מבוגר		mevugar	adult / elder	
מצאנו		matsanu	we found	
מסרו		masru	delivered / gave (pl.)	
יומי		yomi	daily / my day	
יעשו		ya'asu	will do (pl.)	
ידיהם		yedeihem	their hands	
יביא		yavi	will bring	
יצליח		yatsli'ach	will succeed (m.s.)	
למיון		lemiyun	for classification / for categorization	
למול		lemul	opposite / against	
למול		lamol	to circumcise	
לתהילה		letehila	to/for glory	
לתהילה		latehila	to/for the glory	
לשוטרים		leshotrim	to/for policemen	
לשוטרים		lashotrim	to/for the policemen	
לשבור		lishbor	to break	
לקרשים		lekrashim	to boards	
לקרשים		lakrashim	to the boards	
לאיכרים		le'ikarim	to/for peasants / to/for farmers	
לאיכרים		la'ikarim	to/for the peasants / to/for the farmers	
לחשוש		lakhshosh	to worry / to be afraid of	
לאזן		le'azen	to balance	
לאזורי		le'azorei	to the areas of	
לחדול		lakhdol	to stop	
לחצי		lekhetsi	in half	
לחצי		lakhetsi	to/for the half	
לחסל		lekhasel	to annul / to put an end to / to destroy / to kill	
להתאמן		lehit'amen	to practice	
להעמיד		leha'amid	to cause to stand / to erect / to set up	
להסתמך		lehistamekh	to rely / to base oneself on / to refer	
לגנוב		lignov	to steal	
לבקשת		levakashat	to the request of	
תקין		takin	regular / normal	
תפקידי		tafkidi	my role / my function / my duty / my part	
תפקידי		tafkidai	my roles / my functions / my duties / my parts	
תפקידי		tafkidei	the roles of / the functions of / the duties of / the parts of	
ומשחק		umiskhak	and a game / and a toy / and acting	
ומשחק		umsakhek	and plays / and acts	
ומעלה		vamala	and up	
ומעלה		uma'ale	and lifts / and raises (m.s.)	
ומעלה		uma'ala	and lifts / and raises (f.s.)	
ומחוץ		umikhuts	and outside [of]	
ומהווה		umehave	and constitutes / and comprises (m.s.)	
ומהווה		umehava	and constitutes / and comprises (f.s.)	
וישנן		veyeshnan	and there are (f.pl.)	
ולהפך		ulehefekh	and vice versa	
ושירים		veshirim	and songs / and poems	
ושירה		veshira	and singing / and poetry / and her song	
ושהוא		veshehu	and that he is	
ופעילים		ufe'ilim	and are active / and activists	
וחיות		vekhayot	and live (f.pl.) / and animals	
וחיות		vekhayut	and vitality	
וחיפה		vekhipa	and covered up	
ואפשר		ve'efshar	and it is possible	
והופך		vehofekh	and turns / and becomes (m.s.)	
והפעם		vehapa'am	and this time	
וגדלים		ugdalim	and sizes	
וגדלים		ugdelim	and grow (m.pl.)	
ובמקומות		uvimkomot	and in places / and in areas	
שילמה		shilma	paid (f.s.)	
שתוכננה		shetukhnena	that was planned	
שקוע		shaku'a	immersed / sunk / submerged (m.s.)	
שאחרי		she'akhrei	that after	
שזהו		shezehu	that that is / that that is it	
שח		sakh	said / told / says / tells (m.s.)	
שהמשיכו		shehimshikhu	that continued (pl.)	
שהתחיל		shehitkhil	that/who started (m.s.)	
שהסדרה		shehasidra	that the series	
שבסוף		shebasof	that in the end	
שנשאה		shenas'a	that/who carried / who married (f.s.)	
שנכנס		shenikhnas	that entered (m.s.)	
קיפאון		kipa'on	frost / freezing	
קליעות		kli'ot	shootings / weaving	
קופת		kupat	fund of / treasury of / cash of	
קורות		korot	events / beams / history	
פיצויים		pitsuyim	compensation	
פסיכולוגית		psikhologit	psychologist (f.s.) / psychologically	
עמים		amim	nations	
עמדת		emdat	the position of / the post of / the opinion of	
עתידים		atidim	are about to	
עודד		oded	encouraged (m.s.)	
עגול		agol	round	
עסוקים		asukim	busy	
אומנות		omanut	art	
אופנים		ofanim	ways / methods	
אופנים		ofanayim	bicycle	
אשליה		ashlaya	illusion	
חקירות		khakirot	investigations / inquiries	
חקלאיות		khakla'iyot	agricultural / rural	
אפי		api	my nose	
אחרונים		akhronim	last (m.pl.)	
אדונו		adono	his master	
אבדן		ovdan	loss	
חריגות		kharigot	deviations	
ארי		ari	lion	
ארד		arad	bronze	
ארס		eres	venom / poison	
אסירי		asirei	prisoners of	
כינוס		kinus	conference / convention	
כבני		kivnei	as sons of	
כבני		kivnei [adam]	as human beings	
כבני		kivni	as my son	
כרוזים		krozim	manifests	
המכשולים		hamikhsholim	the obstacles	
המביא		hamevi	that/who brings (m.s.)	
המציא		himtsi	invented (m.s.)	
התערוכה		hata'arukha	the exhibition	
התנהלה		hitnahala	was managed / was conducted / walked (f.s.)	
השש		hashesh	the six	
השכנה		hashkhena	the neighbor (f.s.)	
הקימה		hekima	raised / caused to stand up / established	
הקליפה		haklipa	the peel / the shell / the crust	
הפלג		hapeleg	the section / the stream / the creek	
החיפושית		hakhipushit	the beetle / the bug	
הזהיר		hizhir	warned (m.s.)	
האבנים		ha'avanim	the stones	
הזרע		hazera	the seed / the sperm	
הכינו		hekhinu	prepared (pl.)	
הכבדות		hakvedot	the heavy (f.pl.)	
הכבדות		hakvedut	the heaviness	
ההם		hahem	those	
ההכרעה		hahakhra'a	the decision	
הביקור		habikur	the visit	
הבטן		habeten	the stomach / the belly	
הבטן		hatekhnologia	the technology	
